task,strategy,lang,source_proverb,correct_text,correct_answer,reasoning,Choice_A,Choice_B,Choice_C,Choice_D
a,zs,English,No man can serve two masters,No man can serve two masters,C,Regex Parse,No person can fulfill obligations to two opposing forces,A single individual cannot honor two different leaders,No man can serve two masters,No man can serve two distinct authorities
a,zs,English,Never test the depth of water with both feet,Never test the depth of water with both feet,B,Regex Parse,It is unwise to gauge the depth of a body of water with both feet simultaneously,Never test the depth of water with both feet,One should never test the waters with both feet at the same time,Never test the surface tension of water with both hands
a,zs,English,Count your chickens before they are hatched,Count your chickens before they are hatched,D,Regex Parse,Calculate the brood before the mother lays,Assess the eggs before they start pecking,Tabulate the chicks before they break through,Count your chickens before they are hatched
a,zs,English,"Translators, traitors","Translators, traitors",B,Regex Parse,"Interpreters, infiltrators","Translators, traitors","Translators, turncoats","Interpreters, saboteurs"
a,zs,English,Rain on someone's parade.,Rain on someone's parade.,B,Regex Parse,Drop a cloud over someone's ceremony,Rain on someone's parade.,Drench the festivities of someone's special day,Cast a shadow on someone's celebration
a,zs,English,Marriage makes or mars a man,Marriage makes or mars a man,A,Regex Parse,Marriage makes or mars a man,A union can either solidify or ruin a man,Marriage either strengthens or shatters a person,Matrimony has the power to build or destroy a character
a,zs,English,God tempers the wind to the shorn lamb.,God tempers the wind to the shorn lamb.,A,Regex Parse,God tempers the wind to the shorn lamb.,The heavens soothe the gentle soul of the vulnerable.,God calms the storm for the defenseless infant.,God quiets the gale for the child with fragile fleece.
a,zs,English,"If you can't beat 'em, join 'em","If you can't beat 'em, join 'em",A,Regex Parse,"If you can't beat 'em, join 'em","Since outperforming them is impossible, then harmonize with them","Since you can't outmaneuver them, consider merging with them","When you're unable to outdo them, align yourself with them"
a,zs,English,There's small choice in rotten apples,There's small choice in rotten apples,D,Regex Parse,There's hardly any preference in decayed fruits,There's little decision to be made about rotten fruit,There's minimal selection in spoiled produce,There's small choice in rotten apples
a,zs,English,"He is unworthy to live, who lives only for himself","He is unworthy to live, who lives only for himself",A,Regex Parse,"He is unworthy to live, who lives only for himself",One who exists solely for personal gain lacks true worthiness of life,To exist solely for oneself signifies a lack of worthiness to be alive,An individual who prioritizes self-interest alone is unworthy of survival
a,zs,English,"Wise men learn by other men’s mistakes, fools by their own","Wise men learn by other men’s mistakes, fools by their own",A,Regex Parse,"Wise men learn by other men’s mistakes, fools by their own","The wise are schooled by the mistakes of others, the foolish by their own actions","Wise individuals gain insight from others' errors, the less wise from their own","The intelligent learn from the blunders of others, the uninformed from their own"
a,zs,English,Love is without reason,Love is without reason,C,Regex Parse,Love transcends rational thought,Love defies the bounds of rational explanation,Love is without reason,Reason has no place in love's realm
a,zs,English,Every law has a loophole,Every law has a loophole,C,Regex Parse,Every rule contains a weakness,Every regulation has a blind spot,Every law has a loophole,Every code has a backdoor
a,zs,English,People who live in glass houses should not throw stones.,People who live in glass houses should not throw stones.,C,Regex Parse,Individuals inhabiting structures with transparent surfaces ought to refrain from launching projectiles.,Personages residing in homes with glass exteriors should not participate in stone-throwing activities.,People who live in glass houses should not throw stones.,Those who reside in transparent dwellings should avoid making projectiles.
a,zs,English,"While there is life, there is hope","While there is life, there is hope",A,Regex Parse,"While there is life, there is hope","As vitality continues to flourish, a spark of resilience endures","During the duration of life, there persists a sense of anticipation","As long as existence prevails, a glimmer of optimism remains"
a,zs,English,"A prophet is not without honor, save in his own country","A prophet is not without honor, save in his own country",B,Regex Parse,"{'A prophet is not without esteem, except in his own region': 37}","A prophet is not without honor, save in his own country","{'A prophet is not without respect, except in his homeland': 33}","{'A prophet is not without reverence, save in his native land': 39}"
a,zs,English,He who wills the end wills the means,He who wills the end wills the means,A,Regex Parse,He who wills the end wills the means,He who sets the goal must also accept the methods that lead to it,One who desires the outcome must also accept the necessary actions,The individual who sets the objective must take responsibility for the path taken
a,zs,English,Be just before you are generous,Be just before you are generous,B,Regex Parse,Be fair-minded before you show your benevolence,Be just before you are generous,Be just before you act with generosity,Be honest before you display your largesse
a,zs,English,Burning the midnight oil,Burning the midnight oil,A,No reasoning provided,Burning the midnight oil,Sweating over the workbench till the wee hours,Fueling the late-night creative spark,Firing up the midnight workshop
a,zs,English,When the cat's away the mice will play.,When the cat's away the mice will play.,D,Regex Parse,"While the cat is absent, the mice will indulge in merriment.","When the cat is away, the mice will seize the opportunity for revelry.","When the feline departs, rodents will frolic.",When the cat's away the mice will play.
a,zs,English,Fake it until you make it,Fake it until you make it,A,Regex Parse,Fake it until you make it,Imposter's guise until prosperity arrives,Con the way to success,Feign it till fortune shines
a,zs,English,Power corrupts,Power corrupts,D,Regex Parse,Power is a corrupting force,Power inevitably leads to corruption,The accumulation of power can be corrupting,Power corrupts
a,zs,English,Don’t throw the baby out with the bathwater,Don’t throw the baby out with the bathwater,D,Regex Parse,Don't expel the newborn with the bathwater.,Don't eject the infant with the bathing fluid.,Don't discard the child with the cleansing liquid.,Don’t throw the baby out with the bathwater
a,zs,English,Fortune favors the brave.,Fortune favors the brave.,D,Regex Parse,Prosperity often accompanies those who dare to take risks.,Good fortune typically rewards those who act with courage and determination.,Greatness is often bestowed upon the courageous and bold.,Fortune favors the brave.
a,zs,English,Never go to bed on an argument,Never go to bed on an argument,A,Regex Parse,Never go to bed on an argument,Never retreat on a contentious issue,Never retire on unresolved conflicts,Never part on a disagreement
a,zs,English,From the sublime to the ridiculous is but a step,From the sublime to the ridiculous is but a step,C,Regex Parse,From the lofty to the utterly foolish is merely a brief transition,"In a single step, one can traverse from the majestic to the preposterous",From the sublime to the ridiculous is but a step,From the exalted to the absurd is little more than a stride
a,zs,English,Saved by the bell.,Saved by the bell.,D,Regex Parse,Saved by the last toll of the bell.,Rescued at the sound of the bell.,Delivered by the ringing of the bell.,Saved by the bell.
a,zs,English,One swallow does not make a summer,One swallow does not make a summer,C,Regex Parse,The arrival of one swallow does not signal the beginning of a prolonged period of sunshine,The presence of one swallow flying overhead does not ensure an extended period of balmy temperatures,One swallow does not make a summer,A single bird in flight does not guarantee an entire season of warm weather
a,zs,English,Accidents will happen,Accidents will happen,A,Regex Parse,Accidents will happen,Unforeseen events will surely happen,Mishaps will inevitably arise,Incidents will inevitably occur
a,zs,English,"If you're not paying, you're the product","If you're not paying, you're the product",C,Regex Parse,"If there's no cost, then you're the thing being traded","When you don't give money, you're what's being sold","If you're not paying, you're the product","If you're not contributing financially, you're the commodity"
a,zs,English,Might is right.,Might is right.,B,Regex Parse,Might makes the law.,Might is right.,Power is the ultimate authority.,Strength prevails over justice.
a,zs,English,Liars need good memories.,Liars need good memories.,A,Regex Parse,Liars need good memories.,Deceivers must possess remarkable mnemonic abilities.,Falsifiers require exceptional recall capabilities.,Misrepresenters need a strong capacity for remembrance.
a,zs,English,Love lives in cottages as well as in courts,Love lives in cottages as well as in courts,B,Regex Parse,Warmth dwells in modest homes as well as in regal castles,Love lives in cottages as well as in courts,Tenderness resides in small cottages as well as in majestic palaces,Affection resides in humble abodes as well as in grand halls
a,zs,English,Rather death than shame,Rather death than shame,D,Regex Parse,Worse fate than ruin,Death before dishonor now,Far worse than public scorn,Rather death than shame
a,zs,English,Everybody loves a winner,Everybody loves a winner,B,Regex Parse,{'distractor1': 'Everyone admires a champion'},Everybody loves a winner,{'distractor2': 'People always favor a victor'},{'distractor3': 'Everybody respects a triumphant person'}
a,zs,English,Speak softly and carry a big stick,Speak softly and carry a big stick,A,Regex Parse,Speak softly and carry a big stick,Speak calmly and wield an imposing baton,Speak gently and bear a substantial club,Speak quietly and bear a considerable rod
a,zs,English,Forbidden fruit is the sweetest.,Forbidden fruit is the sweetest.,B,Regex Parse,"In many cases, the fruit deemed the most forbidden is perceived as being the sweetest.",Forbidden fruit is the sweetest.,The most forbidden fruit appears to be the sweetest and most enticing.,Forbidden fruit tends to be irresistibly sweet in nature.
a,zs,English,The gods send nuts to those who have no teeth,The gods send nuts to those who have no teeth,C,Regex Parse,Divine providence bestows fruits on those lacking molars,Divine beings provide hard nuts to those who have no enamel,The gods send nuts to those who have no teeth,The gods bestow walnuts upon individuals who possess no dentition
a,zs,English,You can have too much of a good thing,You can have too much of a good thing,B,Regex Parse,One can overindulge in the best of circumstances,You can have too much of a good thing,A little of what you like can turn into too much,Excessive enjoyment of something pleasant can be detrimental
a,zs,English,Pity is akin to love.,Pity is akin to love.,D,Regex Parse,Pity is closely related to love.,Pity has a parallel quality to love.,Pity shares a similar nature with love.,Pity is akin to love.
a,zs,English,Stolen fruit is sweet,Stolen fruit is sweet,C,Regex Parse,Pilfered fruit tastes sweeter,Fruit stolen from someone else is sweet,Stolen fruit is sweet,Fruit taken without permission is sweeter
a,zs,English,The bane of my life,The bane of my life,D,Regex Parse,The plague that afflicts my daily life,The scourge that haunts my existence,A constant thorn in the side of my being,The bane of my life
a,zs,English,Prosperity makes friends; adversity tries them,Prosperity makes friends; adversity tries them,A,Regex Parse,Prosperity makes friends; adversity tries them,Prosperity befriends people; adversity examines their relationships,Prosperity brings together companions; misfortune tests their bonds,Prosperity attracts allies; difficulties reveal their true character
a,zs,English,ounce of discretion is worth a pound of wit.,ounce of discretion is worth a pound of wit.,A,Regex Parse,ounce of discretion is worth a pound of wit.,a pinch of tact is equivalent to a ton of intellect,an atom of discernment is equivalent to a hundred pounds of ingenuity,a drop of prudence is worth ten pounds of cleverness
a,zs,English,He that is not with me is against me,He that is not with me is against me,A,Parse Failed,He that is not with me is against me,API Failure B,API Failure C,API Failure A
a,zs,English,Rome was not built in a day.,Rome was not built in a day.,A,Regex Parse,Rome was not built in a day.,Empires rise not overnight.,A great nation is not constructed in a single day's labor.,Cities do not rise from the ground in a single morning.
a,zs,English,Necessity knows no law,Necessity knows no law,D,Regex Parse,Necessity defies all authority,Lawlessness is the hallmark of necessity,Necessity makes no exceptions,Necessity knows no law
a,zs,English,Every horse thinks its own pack is heaviest,Every horse thinks its own pack is heaviest,A,Regex Parse,Every horse thinks its own pack is heaviest,Every horse thinks its own bundle is the heaviest,Every horse assumes its own weight is the heaviest,Every horse believes its own load is the heaviest
a,zs,English,{Costs an arm and a leg},{Costs an arm and a leg},A,Regex Parse,{Costs an arm and a leg},Puts a heavy price tag on something,Comes with a considerable monetary expense attached,Has a steep financial cost associated with it
a,zs,English,Call no man happy till he is dead,Call no man happy till he is dead,B,Regex Parse,It is unwise to deem someone happy until their passing is confirmed,Call no man happy till he is dead,One should not consider another person fortunate until they have been laid to rest,Do not label anyone as fortunate until their funeral has taken place
a,cot_en,English,No man can serve two masters,No man can serve two masters,C,Regex Parse,One man cannot serve two masters.,No man serves two different masters.,No man can serve two masters,A man cannot serve two lords.
a,cot_en,English,Never test the depth of water with both feet,Never test the depth of water with both feet,B,Regex Parse,Do not dive into deep water with untested feet.,Never test the depth of water with both feet,Always test the water before diving in deep.,Never jump into water without checking its depth.
a,cot_en,English,Count your chickens before they are hatched,Count your chickens before they are hatched,D,Regex Parse,Do not count chickens before they hatch.,Count those chickens before they hatch.,Never count your chickens before hatching.,Count your chickens before they are hatched
a,cot_en,English,"Translators, traitors","Translators, traitors",B,Regex Parse,"Traitors, translators","Translators, traitors",Translators as traitors,Traitors like translators
a,cot_en,English,Rain on someone's parade.,Rain on someone's parade.,B,Regex Parse,Cloud someone's parade,Rain on someone's parade.,Rain on their event,Spoil the big parade
a,cot_en,English,Marriage makes or mars a man,Marriage makes or mars a man,A,Regex Parse,Marriage makes or mars a man,Marriage makes or breaks the man.,Marriage changes or challenges a man.,Marriage builds or destroys a man.
a,cot_en,English,God tempers the wind to the shorn lamb.,God tempers the wind to the shorn lamb.,A,Regex Parse,God tempers the wind to the shorn lamb.,The divine softens the gale for the lamb.,Nature calms the breeze for the weak lamb.,Heaven mitigates the storm for the shorn lamb.
a,cot_en,English,"If you can't beat 'em, join 'em","If you can't beat 'em, join 'em",A,Regex Parse,"If you can't beat 'em, join 'em","If they can't beat you, join them.","When you can't beat them, join in.","If you can't join them, beat them."
a,cot_en,English,There's small choice in rotten apples,There's small choice in rotten apples,D,Regex Parse,Little difference in bad apples.,"Among rotten apples, choice is slight.",Rotten apples offer small pickings.,There's small choice in rotten apples
a,cot_en,English,"He is unworthy to live, who lives only for himself","He is unworthy to live, who lives only for himself",A,Regex Parse,"He is unworthy to live, who lives only for himself","He is not worthy to exist, who cares only for himself.","A person is unworthy to thrive, who works only for himself.","One is undeserving to live, who thinks only of himself."
a,cot_en,English,"Wise men learn by other men’s mistakes, fools by their own","Wise men learn by other men’s mistakes, fools by their own",A,Regex Parse,"Wise men learn by other men’s mistakes, fools by their own","Fools learn from personal mistakes, wise men from others.","Wise individuals gain insight from others' errors, not their own.","Intelligent people learn by the mistakes of others, not fools."
a,cot_en,English,Love is without reason,Love is without reason,C,Regex Parse,Love defies all logic,Love knows no logic,Love is without reason,Reason is not love
a,cot_en,English,Every law has a loophole,Every law has a loophole,C,Regex Parse,Every rule has a loophole,Each law has a loophole,Every law has a loophole,Laws often have a loophole
a,cot_en,English,People who live in glass houses should not throw stones.,People who live in glass houses should not throw stones.,C,Regex Parse,Those who dwell in transparent dwellings ought not to cast pebbles.,Residents of houses made of delicate material should avoid tossing boulders.,People who live in glass houses should not throw stones.,Individuals residing in fragile abodes should refrain from hurling projectiles.
a,cot_en,English,"While there is life, there is hope","While there is life, there is hope",A,Regex Parse,"While there is life, there is hope","So long as we have life, hope remains.","Where life exists, so does the promise.","As long as we breathe, hope survives."
a,cot_en,English,"A prophet is not without honor, save in his own country","A prophet is not without honor, save in his own country",B,Regex Parse,"A seer gains recognition, though seldom in their homeland.","A prophet is not without honor, save in his own country","A wise man often finds respect, but not where he resides.","A visionary is rarely appreciated, except in foreign lands."
a,cot_en,English,He who wills the end wills the means,He who wills the end wills the means,A,Regex Parse,He who wills the end wills the means,He who seeks the goal seeks the way.,He who desires the outcome accepts the process.,Whoever wills the outcome must will the steps.
a,cot_en,English,Be just before you are generous,Be just before you are generous,B,Regex Parse,Prioritize justice before charity,Be just before you are generous,Act fairly before giving freely,Be fair before being generous
a,cot_en,English,Burning the midnight oil,Burning the midnight oil,A,No response,Burning the midnight oil,API Failure A,API Failure B,API Failure C
a,cot_en,English,When the cat's away the mice will play.,When the cat's away the mice will play.,D,No response,API Failure B,API Failure C,API Failure A,When the cat's away the mice will play.
a,cot_en,English,Fake it until you make it,Fake it until you make it,A,No response,Fake it until you make it,API Failure C,API Failure A,API Failure B
a,cot_en,English,Power corrupts,Power corrupts,D,No response,API Failure A,API Failure C,API Failure B,Power corrupts
a,cot_en,English,Don’t throw the baby out with the bathwater,Don’t throw the baby out with the bathwater,D,No response,API Failure C,API Failure B,API Failure A,Don’t throw the baby out with the bathwater
a,cot_en,English,Fortune favors the brave.,Fortune favors the brave.,D,No response,API Failure A,API Failure C,API Failure B,Fortune favors the brave.
a,cot_en,English,Never go to bed on an argument,Never go to bed on an argument,A,No response,Never go to bed on an argument,API Failure C,API Failure B,API Failure A
a,cot_en,English,From the sublime to the ridiculous is but a step,From the sublime to the ridiculous is but a step,C,No response,API Failure C,API Failure B,From the sublime to the ridiculous is but a step,API Failure A
a,cot_en,English,Saved by the bell.,Saved by the bell.,D,Regex Parse,Saved by a bell,Rescued by the bell,Spared by the bell,Saved by the bell.
a,cot_en,English,One swallow does not make a summer,One swallow does not make a summer,C,Regex Parse,One swallow cannot create the summer,Summer is not made by one swallow,One swallow does not make a summer,A single bird does not bring summer
a,cot_en,English,Accidents will happen,Accidents will happen,A,Regex Parse,Accidents will happen,Mishaps will occur,Errors are inevitable,Mistakes will occur
a,cot_en,English,"If you're not paying, you're the product","If you're not paying, you're the product",C,Regex Parse,"Unless you pay, you are the goods.","If you're not charged, you're the commodity.","If you're not paying, you're the product","When not paying, you become merchandise."
a,cot_en,English,Might is right.,Might is right.,B,Regex Parse,Right is might.,Might is right.,Strength is right.,Power is correct.
a,cot_en,English,Liars need good memories.,Liars need good memories.,A,Regex Parse,Liars need good memories.,Liars require good memory,Good memories help liars,A good memory aids liars
a,cot_en,English,Love lives in cottages as well as in courts,Love lives in cottages as well as in courts,B,Regex Parse,Love flourishes in both grand courts and simple cottages.,Love lives in cottages as well as in courts,Courts and cottages alike are homes for enduring love.,Love resides equally in humble cottages and royal courts.
a,cot_en,English,Rather death than shame,Rather death than shame,D,Regex Parse,Sooner death than shame,Death before shame,Better death than shame,Rather death than shame
a,cot_en,English,Everybody loves a winner,Everybody loves a winner,B,No response,API Failure A,Everybody loves a winner,API Failure B,API Failure C
a,cot_en,English,Speak softly and carry a big stick,Speak softly and carry a big stick,A,No response,Speak softly and carry a big stick,API Failure A,API Failure B,API Failure C
a,cot_en,English,Forbidden fruit is the sweetest.,Forbidden fruit is the sweetest.,B,No response,API Failure C,Forbidden fruit is the sweetest.,API Failure A,API Failure B
a,cot_en,English,The gods send nuts to those who have no teeth,The gods send nuts to those who have no teeth,C,No response,API Failure A,API Failure C,The gods send nuts to those who have no teeth,API Failure B
a,cot_en,English,You can have too much of a good thing,You can have too much of a good thing,B,No response,API Failure A,You can have too much of a good thing,API Failure B,API Failure C
a,cot_en,English,Pity is akin to love.,Pity is akin to love.,D,No response,API Failure A,API Failure C,API Failure B,Pity is akin to love.
a,cot_en,English,Stolen fruit is sweet,Stolen fruit is sweet,C,No response,API Failure A,API Failure C,Stolen fruit is sweet,API Failure B
a,cot_en,English,The bane of my life,The bane of my life,D,No response,API Failure C,API Failure A,API Failure B,The bane of my life
a,cot_en,English,Prosperity makes friends; adversity tries them,Prosperity makes friends; adversity tries them,A,Regex Parse,Prosperity makes friends; adversity tries them,Friends are made in prosperity; tested in adversity.,Prosperity gains friends; hardship tries them.,Prosperity attracts friends; adversity truly tries.
a,cot_en,English,ounce of discretion is worth a pound of wit.,ounce of discretion is worth a pound of wit.,A,Regex Parse,ounce of discretion is worth a pound of wit.,A grain of prudence is worth a ton of cleverness,A dash of restraint is worth a barrel of ingenuity,A pinch of caution is worth a kilogram of intelligence
a,cot_en,English,He that is not with me is against me,He that is not with me is against me,A,Regex Parse,He that is not with me is against me,He who is against me is not with.,He that is against me is not with.,Who is not against me is with me.
a,cot_en,English,Rome was not built in a day.,Rome was not built in a day.,A,Regex Parse,Rome was not built in a day.,Rome cannot be built quickly.,Rome was not constructed overnight.,A city like Rome takes time.
a,cot_en,English,Necessity knows no law,Necessity knows no law,D,Regex Parse,Exigency acknowledges no regulation,Requirement defies all legislation,Need recognizes no statute,Necessity knows no law
a,cot_en,English,Every horse thinks its own pack is heaviest,Every horse thinks its own pack is heaviest,A,Regex Parse,Every horse thinks its own pack is heaviest,Every horse thinks its load is heaviest.,Every horse assumes its own burden is heaviest.,Every horse believes its pack is heaviest.
a,cot_en,English,{Costs an arm and a leg},{Costs an arm and a leg},A,Regex Parse,{Costs an arm and a leg},Pays an arm or leg,Spend an arm and leg,Costs an arm or leg
a,cot_en,English,Call no man happy till he is dead,Call no man happy till he is dead,B,Regex Parse,Deem no person truly happy until death.,Call no man happy till he is dead,Consider no one fortunate till they die.,Judge no man's life until it ends.
a,cot_xl,English,No man can serve two masters,No man can serve two masters,C,Regex Parse,No individual can serve two overlords.,A man cannot serve two commanders.,No man can serve two masters,No person can serve two lords.
a,cot_xl,English,Never test the depth of water with both feet,Never test the depth of water with both feet,B,Regex Parse,Don't jump into the unknown without feeling the waters first.,Never test the depth of water with both feet,It's unwise to plunge headfirst into unknown depths without assessing the risk.,Don't measure the waters before you've taken a step forward.
a,cot_xl,English,Count your chickens before they are hatched,Count your chickens before they are hatched,D,Regex Parse,Count your chickens before they're hatched,Don't count your chickens until they hatch,Count your chickens after they hatch,Count your chickens before they are hatched
a,cot_xl,English,"Translators, traitors","Translators, traitors",B,Regex Parse,"Translators, trespassers","Translators, traitors","Translators, transgressors","Translators, transcribers"
a,cot_xl,English,Rain on someone's parade.,Rain on someone's parade.,B,Regex Parse,Pour cold water on their celebration,Rain on someone's parade.,Dampen someone's festivities,Spoil the main event
a,cot_xl,English,Marriage makes or mars a man,Marriage makes or mars a man,A,Regex Parse,Marriage makes or mars a man,Marriage makes or mars a man's identity.,Marriage makes or mars a man's legacy.,Marriage makes or mars a man's future.
a,cot_xl,English,God tempers the wind to the shorn lamb.,God tempers the wind to the shorn lamb.,A,Regex Parse,God tempers the wind to the shorn lamb.,God calms the gust for the weak lamb.,God softens the storm for the harmless lamb.,God soothes the gale for the defenseless lamb.
a,cot_xl,English,"If you can't beat 'em, join 'em","If you can't beat 'em, join 'em",A,Regex Parse,"If you can't beat 'em, join 'em","If you can't join 'em together, beat 'em","If you can't beat the system, join it","If you can't join them, beat 'em"
a,cot_xl,English,There's small choice in rotten apples,There's small choice in rotten apples,D,Regex Parse,There's little choice in bad apples,Not much option in overripe apples,You have small pickings in rotting apples,There's small choice in rotten apples
a,cot_xl,English,"He is unworthy to live, who lives only for himself","He is unworthy to live, who lives only for himself",A,Regex Parse,"He is unworthy to live, who lives only for himself",A person who lives solely for his own benefit is unworthy to exist.,A life lived solely to serve one's own interests is not worth living.,"He is not worthy of life, who dedicates himself solely to personal gain."
a,cot_xl,English,"Wise men learn by other men’s mistakes, fools by their own","Wise men learn by other men’s mistakes, fools by their own",A,"The proverb highlights the difference in learning styles between wise and foolish individuals. Wise men are said to learn from others' mistakes, indicating a more reflective and cautious approach, whereas fools learn from their own mistakes, suggesting a lack of self-awareness and impulsivity. To create distractors that are indistinguishable from the correct answer, I will maintain the same word count, grammatical complexity, tone, and lexical overlap. I will also aim to create distractors that are equally plausible and coherent.","Wise men learn by other men’s mistakes, fools by their own","Wise men acquire knowledge from other people's mistakes, while fools stumble into ignorance.","Wise men learn from others' errors, fools from their own blunders.","Wise men profit from the missteps of others, whereas foolish individuals suffer from their own reckless decisions."
a,cot_xl,English,Love is without reason,Love is without reason,C,Regex Parse,Love transcends reason,Love operates independently of reason,Love is without reason,Love remains unfettered by reason
a,cot_xl,English,Every law has a loophole,Every law has a loophole,C,"There is no variation in the given proverb. In this case, the correct answer is the same as the proverb itself. To generate distractors, I will make slight modifications to the original statement. I will ensure each distractor has a word count within +/- 10% of the correct answer (10 words), complexity, tone, and lexical overlap.",No law is without a hidden weakness.,Each law has an unseen exception.,Every law has a loophole,Every law contains a concealed vulnerability.
a,cot_xl,English,People who live in glass houses should not throw stones.,People who live in glass houses should not throw stones.,C,Regex Parse,People who occupy glass abodes should not engage in stone-throwing activities.,Those who call glass houses home should avoid casting stones.,People who live in glass houses should not throw stones.,Those who reside in glass dwellings should refrain from launching projectiles.
a,cot_xl,English,"While there is life, there is hope","While there is life, there is hope",A,"The proverb 'While there is life, there is hope' is a well-known English idiom that suggests that as long as one is alive, there is always a chance for improvement or a better outcome. To create distractors, we need to maintain the same level of complexity, formality, and word count. We will use keywords like 'life' and 'hope' to create distractors that are indistinguishable from the correct answer.","While there is life, there is hope","Until the final moment of mortality, the essence of hope persists","As long as a living being remains, a glimmer of hope emerges","While existence prevails, there is always optimism"
a,cot_xl,English,"A prophet is not without honor, save in his own country","A prophet is not without honor, save in his own country",B,Regex Parse,"A diviner is not without glory, save in his own community.","A prophet is not without honor, save in his own country","A visionary is not without esteem, save in his own village.","A seer is not without praise, save in his own homeland."
a,cot_xl,English,He who wills the end wills the means,He who wills the end wills the means,A,Parse Failed,He who wills the end wills the means,API Failure C,API Failure A,API Failure B
a,cot_xl,English,Be just before you are generous,Be just before you are generous,B,Regex Parse,Be fair before you give generously to others.,Be just before you are generous,"To be generous, always be just before.",Justice precedes generosity in all cases.
a,cot_xl,English,Burning the midnight oil,Burning the midnight oil,A,Regex Parse,Burning the midnight oil,Midnight oil fuels the fire,Working through the late night hours,Fueling the flame with midnight oil supplies
a,cot_xl,English,When the cat's away the mice will play.,When the cat's away the mice will play.,D,"The correct answer is a direct translation of the given proverb. To create distractors, we need to maintain the same word count, grammatical complexity, tone, and lexical overlap. Since the proverb is already in a common English idiom, creating a distractor that is not a translation but still meets the requirements is challenging.",When the cat's present the mice will work,When the cat's around the mice will frolic,When the cat's in sight the mice will play,When the cat's away the mice will play.
a,cot_xl,English,Fake it until you make it,Fake it until you make it,A,"The proverb 'Fake it until you make it' implies that one should initially pretend to possess skills or confidence to gain trust and eventually achieve success. The correct answer accurately conveys this idea. To create distractors, I will maintain the same word count, grammatical complexity, tone, and metaphor presence, while incorporating keywords from the proverb to make them indistinguishable from the correct answer.",Fake it until you make it,Pose as an expert until you gain the experience,Act confident until you become successful,Pretend to succeed until you actually make it
a,cot_xl,English,Power corrupts,Power corrupts,D,"The correct answer is a direct translation of the proverb. The distractors should be phrases that are grammatically and tonally similar but do not convey the same meaning. Given the proverb's simplicity, the distractors will also be simple phrases.",Power is a corrupting influence,Power can have a corrupting effect,Corruption is a result of power,Power corrupts
a,cot_xl,English,Don’t throw the baby out with the bathwater,Don’t throw the baby out with the bathwater,D,Regex Parse,Don't discard the baby when you're cleaning out the old bathwater.,Don't let the baby get swept away with the dirty bathwater.,Don't mix the baby with the bathwater in the process of cleaning.,Don’t throw the baby out with the bathwater
a,cot_xl,English,Fortune favors the brave.,Fortune favors the brave.,D,Regex Parse,Wealth rewards the courageous,Destiny favors the fearless,Luck supports the bold,Fortune favors the brave.
a,cot_xl,English,Never go to bed on an argument,Never go to bed on an argument,A,Regex Parse,Never go to bed on an argument,Never go to rest with an unresolved conflict,Never retire with an unaddressed issue,Do not retire for the night with unresolved disagreement
a,cot_xl,English,From the sublime to the ridiculous is but a step,From the sublime to the ridiculous is but a step,C,Regex Parse,One step separates the sublime from the preposterous.,"From grandeur to ridiculousness, a single step away.",From the sublime to the ridiculous is but a step,A step from the sublime to absurdity.
a,cot_xl,English,Saved by the bell.,Saved by the bell.,D,Regex Parse,Saved at the last,Saved by chance,Saved by good fortune,Saved by the bell.
a,cot_xl,English,One swallow does not make a summer,One swallow does not make a summer,C,"This proverb suggests that a single event or occurrence does not necessarily indicate a larger trend or pattern. It emphasizes the importance of considering multiple instances or evidence before making a conclusion. I will generate distractors that have similar word count, complexity, tone, and lexical overlap to create a challenging evaluation task.","A single swallow cannot guarantee a long, warm summer.",One swallow does not signify an entire year of pleasant weather.,One swallow does not make a summer,One swallow does not define an entire season.
a,cot_xl,English,Accidents will happen,Accidents will happen,A,"This correct answer is a straightforward translation of the proverb, maintaining its original phraseology. The reasoning is limited to ensuring the exact replication of the given proverb.",Accidents will happen,A unforeseen events will occur,A calamities will happen,A mishaps will occur
a,cot_xl,English,"If you're not paying, you're the product","If you're not paying, you're the product",C,Regex Parse,"If you're not compensating, you're the commodity.","If you're not contributing, you're the product.","If you're not paying, you're the product","If you're not paying, you're the asset."
a,cot_xl,English,Might is right.,Might is right.,B,Regex Parse,Power is justified.,Might is right.,Strength is law.,Might makes right.
a,cot_xl,English,Liars need good memories.,Liars need good memories.,A,"The proverb 'Liars need good memories' suggests that individuals who frequently engage in dishonest behavior must have a strong recollection of the details surrounding their lies in order to maintain consistency and avoid detection. The correct answer directly states this idea, providing a straightforward translation of the proverb.",Liars need good memories.,"To maintain credibility, dishonest individuals require strong memory skills.",People who deceive often possess excellent recall.,Those who tell falsehoods generally have good memories for details.
a,cot_xl,English,Love lives in cottages as well as in courts,Love lives in cottages as well as in courts,B,Regex Parse,Love dwells in small dwellings as well as in grand estates.,Love lives in cottages as well as in courts,Love abounds in cottage homes just as in regal chambers.,Love resides in humble abodes as well as in halls.
a,cot_xl,English,Rather death than shame,Rather death than shame,D,Regex Parse,Death is worse than shame,Better death than public shame,Death before a life of shame,Rather death than shame
a,cot_xl,English,Everybody loves a winner,Everybody loves a winner,B,Regex Parse,Everybody admires a champion,Everybody loves a winner,People have a natural affinity for triumphant individuals,The general public tends to have a soft spot for victors
a,cot_xl,English,Speak softly and carry a big stick,Speak softly and carry a big stick,A,Regex Parse,Speak softly and carry a big stick,Carry a big heart and speak loudly,Speak loudly and carry a small drum,Carry a big stone and speak firmly
a,cot_xl,English,Forbidden fruit is the sweetest.,Forbidden fruit is the sweetest.,B,Regex Parse,Forbidden fruit tastes the sweetest always.,Forbidden fruit is the sweetest.,Forbidden fruit is the most sweet.,The forbidden fruit tastes the sweetest.
a,cot_xl,English,The gods send nuts to those who have no teeth,The gods send nuts to those who have no teeth,C,Regex Parse,The gods give gifts to the toothless ones.,The gods provide food to those with no jaw.,The gods send nuts to those who have no teeth,The gods send fruit to those without bite.
a,cot_xl,English,You can have too much of a good thing,You can have too much of a good thing,B,Regex Parse,You can have too much goodness,You can have too much of a good thing,Having too much of something good is bad,You can have too much in a good way
a,cot_xl,English,Pity is akin to love.,Pity is akin to love.,D,"The proverb states that pity is similar to love in its nature. This comparison suggests that pity has a strong emotional component, which is a key aspect of love. The statement is straightforward and lacks complexity, making it difficult to generate distractors that match the tone and complexity while being distinct in meaning.",Pity is similar to love in many ways.,"Pity is a form of love, but not always acknowledged as such.",Love is often mistaken for pity.,Pity is akin to love.
a,cot_xl,English,Stolen fruit is sweet,Stolen fruit is sweet,C,"The proverb suggests that something gained illicitly can be more appealing or desirable due to its forbidden nature. The correct answer maintains the same structure and word count as the proverb, making it a direct representation of the idea. The distractors will aim to preserve this essence while altering the wording.",Pilfered goods are irresistible,Acquired by stealth is more alluring,Stolen fruit is sweet,Illicit gains taste sweeter
a,cot_xl,English,The bane of my life,The bane of my life,D,Regex Parse,A perpetual source of woe,A constant thorn in my side,The source of endless strife,The bane of my life
a,cot_xl,English,Prosperity makes friends; adversity tries them,Prosperity makes friends; adversity tries them,A,Regex Parse,Prosperity makes friends; adversity tries them,Riches create companions; hardship reveals them,Wealth builds friendships; hardship tests them,Affluence attracts friends; adversity unmasks them
a,cot_xl,English,ounce of discretion is worth a pound of wit.,ounce of discretion is worth a pound of wit.,A,Regex Parse,ounce of discretion is worth a pound of wit.,A pound of prudence is worth an ounce of cleverness.,A single pound of wisdom is worth an ounce of cleverness.,A single ounce of caution is equivalent to a pound of intelligence.
a,cot_xl,English,He that is not with me is against me,He that is not with me is against me,A,"The proverb is a direct quote from the Bible (Matthew 12:30) and has a specific, direct meaning. To create distractors, I will use the same grammatical structure and tone while replacing some words to create different phrases that still fit within the context of the original proverb.",He that is not with me is against me,He who is not on my side is against me,He that does not stand with me is against me,He that does not support me is against me
a,cot_xl,English,Rome was not built in a day.,Rome was not built in a day.,A,"The proverb 'Rome was not built in a day' conveys the idea that complex tasks or projects take time to complete. To generate distractors, we need to preserve the word count, grammatical complexity, tone, and metaphor presence while using keywords from the proverb. The correct answer has 6 words. We will aim for distractors within 6 +/- 10% (5.4 to 6.6 words).",Rome was not built in a day.,Rome was not built overnight.,Rome wasn't built in just a day.,Rome wasn't constructed in one day.
a,cot_xl,English,Necessity knows no law,Necessity knows no law,D,Regex Parse,Necessity disregards the lawbook,Necessity breaks every regulation.,Necessity ignores all rules.,Necessity knows no law
a,cot_xl,English,Every horse thinks its own pack is heaviest,Every horse thinks its own pack is heaviest,A,"The proverb suggests that individuals tend to perceive their own problems or burdens as more significant than those faced by others. This is a common phenomenon where people overestimate the weight of their own issues, while underestimating those of others. To generate distractors that are indistinguishable from the correct answer, we need to maintain the same word count, grammatical complexity, tone, and lexical overlap. The correct answer has 7 words, so the distractors should be within 7 +/- 10% word count (6.3 to 7.7 words).",Every horse thinks its own pack is heaviest,Every horse believes its own load is heaviest,Every horse thinks its own burden is heaviest,Every horse thinks its own load is heaviest
a,cot_xl,English,{Costs an arm and a leg},{Costs an arm and a leg},A,Regex Parse,{Costs an arm and a leg},Priced to the bone,Money pits,Broke the bank
a,cot_xl,English,Call no man happy till he is dead,Call no man happy till he is dead,B,Regex Parse,It is unwise to deem a person contented until they have reached their final rest.,Call no man happy till he is dead,No one should be regarded as joyful until the day of their demise.,Do not label a person fortunate until their passing has occurred.
b,zs,English,No man can serve two masters,A person cannot divide their loyalties or pursue two contradictory goals.,C,Regex Parse,One cannot simultaneously pledge allegiance to conflicting interests.,An individual cannot simultaneously dedicate themselves to opposing objectives.,A person cannot divide their loyalties or pursue two contradictory goals.,"It is impossible for someone to maintain multiple, mutually exclusive priorities."
b,zs,English,Never test the depth of water with both feet,"If you’re testing the depth of water with both feet down, you risk being drowned if the water turns out to be deep. But if you test with one foot, you can pull away. The proverb means that before going whole hog into something unknown, assess the risk well.",B,Regex Parse,"Investing in a new stock without doing thorough research can be compared to testing the depth of water with both feet. You risk losing your entire investment if the stock market fluctuates unexpectedly. Conversely, taking a cautious approach by testing with one foot, in this case, by analyzing the company's financial reports, can help you evaluate the risks and make a more informed investment decision.","If you’re testing the depth of water with both feet down, you risk being drowned if the water turns out to be deep. But if you test with one foot, you can pull away. The proverb means that before going whole hog into something unknown, assess the risk well.","When faced with uncertainty, it's essential to pace yourself before diving headfirst into a situation. Testing the depth of water with both feet is a metaphor for acting impulsively without considering the consequences. By taking a measured approach and testing with one foot, you can better assess the risks and make a more informed decision.","Starting a new business venture without researching its feasibility can be likened to testing the depth of water with both feet. You risk losing everything if the venture turns out to be unprofitable. On the other hand, taking a cautious approach and testing with one foot, in this case, by conducting market research, can help you gauge the risks involved and make an informed decision."
b,zs,English,Count your chickens before they are hatched,Don't be hasty in evaluating one's assets.,D,Regex Parse,Avoid premature assessments of wealth or accomplishments.,Be cautious not to overestimate the value of one's possessions until they have been secured.,It's premature to calculate the benefits of an investment before it has come to fruition.,Don't be hasty in evaluating one's assets.
b,zs,English,"Translators, traitors",Translating a sentence perfectly from one language to another is technically impossible.,B,Regex Parse,"Translating between languages often leads to semantic ambiguities, rendering perfect equivalence unattainable.",Translating a sentence perfectly from one language to another is technically impossible.,"The task of translating a sentence from one language to another is inherently fraught with difficulties, making flawless rendition an impossible feat.","In attempting to convey meaning across linguistic boundaries, translators inevitably confront the limitations of language, thus making complete fidelity an elusive goal."
b,zs,English,Rain on someone's parade.,Spoil someone's plans.,B,Regex Parse,Derail someone's meticulously planned endeavors.,Spoil someone's plans.,Upset someone's well-organized goals and objectives.,Disrupt someone's carefully laid strategies.
b,zs,English,Marriage makes or mars a man,Being married can either help or hinder you in your life.,A,Regex Parse,Being married can either help or hinder you in your life.,Being married may either provide a sense of stability and companionship or introduce new challenges to navigate.,The institution of marriage can either contribute positively or negatively to a person's overall well-being.,"A person's marital status can have a significant impact, either enhancing or undermining their personal growth and development."
b,zs,English,God tempers the wind to the shorn lamb.,Heaven is more kind to the weak.,A,Regex Parse,Heaven is more kind to the weak.,The universe is more gentle with those who possess limited strength.,Divine providence shields the vulnerable from harsh realities.,The cosmos adjusts its tests to match the capabilities of the feeble.
b,zs,English,"If you can't beat 'em, join 'em",It is sometimes necessary to surrender one’s pride and conform to another person’s or group’s way of doing things.,A,Regex Parse,It is sometimes necessary to surrender one’s pride and conform to another person’s or group’s way of doing things.,"Sometimes, it's essential to set aside personal convictions and conform to the norms and practices of others in order to achieve a common goal.","To achieve success, it may be necessary to put aside one's individuality and adapt to the customs of a particular group.","In certain situations, one must be willing to compromise personal values and align with the methods of others."
b,zs,English,There's small choice in rotten apples,"If you have a lot of options, but they are all bad, it is the same as having few or no options at all.",D,Regex Parse,"When faced with numerous undesirable options, it's equivalent to having limited or no alternatives.",A multitude of unsatisfactory options leaves you with little to no real choice in the matter.,Having several poor choices doesn't differ much from having only a few or none at all.,"If you have a lot of options, but they are all bad, it is the same as having few or no options at all."
b,zs,English,"He is unworthy to live, who lives only for himself","It is important to think of the needs of others, not only your own.",A,Regex Parse,"It is important to think of the needs of others, not only your own.",One's existence is meaningless if it revolves solely around personal desires.,It's a futile existence that concentrates solely on individual ambitions without acknowledging those of others.,"To live a fulfilling life, one must consider the requirements of others alongside their own."
b,zs,English,"Wise men learn by other men’s mistakes, fools by their own",Wise people are observant so that they can learn by example rather than t hrough the time and energy wasted in their own failed experiences.,A,Regex Parse,Wise people are observant so that they can learn by example rather than t hrough the time and energy wasted in their own failed experiences.,"Wise people are perceptive and learn from the experiences of others, thereby sidestepping the pitfalls of their own mistakes and the wasted time invested in trial and error.",Wise individuals are attentive observers that enable them to acquire knowledge by witnessing the blunders of others thus avoiding the unnecessary stress and resources consumed by their own failed endeavors.,"Wise individuals are astute learners that utilize the knowledge gained from the missteps of others, thereby saving themselves from the exhaustion and loss associated with their own failed attempts."
b,zs,English,Love is without reason,You can’t explain why people fall in love with each other.,C,Regex Parse,It's not possible to rationalize the depth of emotions that form between people.,The intricacies of human relationships are impossible to break down into logical explanations.,You can’t explain why people fall in love with each other.,There's no real logic behind the profound connections humans form with one another.
b,zs,English,Every law has a loophole,"If one tries hard enough, they can find their way ar ound any law or rule.",C,Regex Parse,"With determination and perseverance, individuals can often discover a means to circumvent or navigate through any given regulation or ordinance.","Through persistent effort and clever thinking, it is frequently possible to find an exception or a workaround to any rule or statute.","If one tries hard enough, they can find their way ar ound any law or rule.","In most cases, a person who is diligent and resourceful can uncover a way to bypass or sidestep any law or decree."
b,zs,English,People who live in glass houses should not throw stones.,One should not criticize others for faults similar to one's own and risk retaliation.,C,Regex Parse,"One must refrain from condemning others for flaws akin to those found within oneself, to avoid reciprocal consequences.","It's prudent not to condemn others for defects parallel to those resident within one's own heart, lest it provoke reprisal.",One should not criticize others for faults similar to one's own and risk retaliation.,"It's unwise to judge others for transgressions comparable to one's own, lest they exact vengeance."
b,zs,English,"While there is life, there is hope","As long as you are alive, there is always hope of better times and better things to come, so don’t give up trying to improve your circumstances or make positive changes.",A,Regex Parse,"As long as you are alive, there is always hope of better times and better things to come, so don’t give up trying to improve your circumstances or make positive changes.","For as long as you draw breath, there is a glimmer of possibility that your situation will change for the better, so don't surrender to the status quo and keep working towards a more fulfilling existence.","Since every day is a chance to rebuild and restart, don't lose faith in your ability to overcome adversity and find a path towards a more prosperous life.","As long as life remains, you can expect opportunities for improvement and a chance to break free from hardships, so persevere and strive for a brighter future."
b,zs,English,"A prophet is not without honor, save in his own country",People are more likely to believe in a foreign expert than one from their own kin.,B,Regex Parse,A person from outside the town may be viewed as a more credible expert than a neighbor or a family member.,People are more likely to believe in a foreign expert than one from their own kin.,It is often easier for people to accept an outsider's advice than that of someone from their own community.,Locals might appreciate the expertise of a foreigner over a family member.
b,zs,English,He who wills the end wills the means,"If one is determined enough to reach their goal, they will make any sacrifices and take the necessary risks to do so.",A,Regex Parse,"If one is determined enough to reach their goal, they will make any sacrifices and take the necessary risks to do so.",Anyone who is unwavering in their ambition will be willing to endure hardship and face uncertainty in order to succeed.,"If one sets their sights on a target, they will take every step and make every concession to achieve it.","Those who are resolute in their pursuit will find a way to overcome any obstacle, no matter the cost or challenge."
b,zs,English,Be just before you are generous,Make sure your own debts are paid before lending to others.,B,Regex Parse,See to it that your own financial accounts are balanced before lending a helping hand to others.,Make sure your own debts are paid before lending to others.,Prioritize settling your own financial obligations before offering assistance to those in need.,Ensure that your own financial responsibilities are fulfilled before extending loans or support to others.
b,zs,English,Burning the midnight oil,"To 'burn the midnight oil' is to work late into the night. Originally this was by the light of an oil lamp or candle. More recently, the phrase is used figuratively, alluding back its use before electric lighting.",A,Regex Parse,"To 'burn the midnight oil' is to work late into the night. Originally this was by the light of an oil lamp or candle. More recently, the phrase is used figuratively, alluding back its use before electric lighting.","This phrase is derived from the practice of keeping oil lamps or candles alight overnight to provide light for late-night work, and now it is used to describe putting in extra hours at night, typically when one's regular workday is done.","The phrase 'burn the midnight oil' originated from the use of oil lamps during the night, illuminating people who were working late, and is now used to describe any activity that takes place in the late hours of the night.","This phrase is a metaphor for working late, often when others are asleep, which was initially facilitated by the use of oil lamps or candles for light, and is now used to describe any late-night endeavors."
b,zs,English,When the cat's away the mice will play.,"Without supervision, people misbehave.",D,Regex Parse,"When left unchecked, individuals tend to behave erratically.",Lack of oversight breeds reckless behavior.,"In the absence of authority, chaos ensues.","Without supervision, people misbehave."
b,zs,English,Fake it until you make it,One who imitat es a desired quality with confidence will eventually realize that quality.,A,Regex Parse,One who imitat es a desired quality with confidence will eventually realize that quality.,A person who manifests a certain quality with assurance will ultimately come to embody that quality.,A person who embodies a trait with conviction will ultimately discover that trait within themselves.,One who assumes a certain attribute with poise will eventually find that attribute to be their own.
b,zs,English,Power corrupts,"When people get authority and influence with less accountability, they tend to use that influence in their own interests.",D,Regex Parse,"Authority often brings out the worst in individuals, causing them to prioritize their own desires over collective well-being.","As people gain greater control and influence, they frequently become more self-serving, often to the detriment of others.","The more power one has, the more likely they are to make decisions that benefit themselves, rather than the group as a whole.","When people get authority and influence with less accountability, they tend to use that influence in their own interests."
b,zs,English,Don’t throw the baby out with the bathwater,Avoid discarding valuables.,D,Regex Parse,{'text': 'Avoid eliminating valuable elements in the process of simplifying.'},{'text': 'Beware of jettisoning priceless assets during a thorough cleaning.'},"{'text': ""Don't discard the valuable components in a sweeping reform.""}",Avoid discarding valuables.
b,zs,English,Fortune favors the brave.,"If you carry out your plans boldly, luck is more likely to favor you.",D,Regex Parse,"If you embark on your objectives fearlessly, fate has a greater tendency to align with your goals.","If you tackle your objectives with courage, destiny tends to be more lenient and supportive of your endeavors.","Boldly pursuing your ambitions, you increase the likelihood that fortune will smile upon your endeavors.","If you carry out your plans boldly, luck is more likely to favor you."
b,zs,English,Never go to bed on an argument,Resolve disputes before sleeping.,A,Regex Parse,Resolve disputes before sleeping.,Make amends to preserve a peaceful slumber.,Settle disputes before the dawn breaks.,Avoid letting disagreements fester overnight.
b,zs,English,From the sublime to the ridiculous is but a step,Something beautiful or amazing can easily be followed by something mundane or foolish.,C,Regex Parse,The grand and the mundane coexist in an unpredictable continuum.,A breathtaking sight can often be succeeded by something laughably ordinary.,Something beautiful or amazing can easily be followed by something mundane or foolish.,"From majesty to absurdity, a single misstep can occur."
b,zs,English,Saved by the bell.,Rescued at the last moment.,D,Regex Parse,Snatched from disaster when it seemed too late.,Pulled from the jaws of defeat just in the nick of time.,Extracted from a precarious situation just as all hope seemed lost.,Rescued at the last moment.
b,zs,English,One swallow does not make a summer,A single sign does not mean that a major change has occurred.,C,Regex Parse,A single symptom cannot signify a drastic transformation.,One isolated signal does not guarantee a significant alteration in circumstances.,A single sign does not mean that a major change has occurred.,Just a single indicator does not confirm a profound shift in the environment.
b,zs,English,Accidents will happen,Mistakes or mishaps are inevitable.,A,Regex Parse,Mistakes or mishaps are inevitable.,Occurrences of misfortune or calamity are inescapable.,Incidents or setbacks are bound to occur.,Unforeseen events or disasters are unavoidable.
b,zs,English,"If you're not paying, you're the product",Nothing is for free.,C,Regex Parse,Everything has a hidden cost attached.,Nothing ever comes without a price tag.,Nothing is for free.,You always pay one way or another.
b,zs,English,Might is right.,Those with the most strength or power think they can do whatever they want.,B,Regex Parse,Some people with considerable physical force or social influence think they can disregard the law.,Those with the most strength or power think they can do whatever they want.,Those who wield significant physical or social power often believe they can do as they please.,Those who possess the greatest physical prowess or authority believe they can act unencumbered by rules.
b,zs,English,Liars need good memories.,People who do not tell the truth must be careful to remember what they say.,A,Regex Parse,People who do not tell the truth must be careful to remember what they say.,Those who frequently engage in dishonest behavior must be cautious to recall their misleading claims.,Individuals who intentionally deceive others should be meticulous in recalling their fabricated statements.,People who habitually disregard the truth must be diligent in remembering the falsehoods they utter.
b,zs,English,Love lives in cottages as well as in courts,All kinds of people fall in love regardless of their social or financial status.,B,Regex Parse,"Regardless of one's position in society or financial situation, love knows no boundaries and can touch the hearts of all.",All kinds of people fall in love regardless of their social or financial status.,"Love is not exclusive to those with high social or economic status, and people of various backgrounds can fall in love.","People from all walks of life, regardless of their social standing or material wealth, experience romantic love."
b,zs,English,Rather death than shame,Honor is more important than life itself.,D,Parse Failed,API Failure A,API Failure B,API Failure C,Honor is more important than life itself.
b,zs,English,Everybody loves a winner,"Successful people tend to attract followers, while the less fortunate get left behind .",B,Regex Parse,"A person's achievements often draw people to them, whereas those who struggle may find themselves isolated.","Successful people tend to attract followers, while the less fortunate get left behind .","Winners typically garner a crowd of admirers, whereas those who are less successful often get overlooked.","People are naturally drawn to success, and those who achieve their goals tend to attract a following, whereas the unsuccessful may fall by the wayside."
b,zs,English,Speak softly and carry a big stick,"Speak softly and carry a big stick' is a proverbial saying advising the tactic of caution and non-aggression, backed up by the ability to carry out violent action if required.",A,Regex Parse,"Speak softly and carry a big stick' is a proverbial saying advising the tactic of caution and non-aggression, backed up by the ability to carry out violent action if required.","This proverbial phrase advocates for a measured approach, characterized by gentle communication, coupled with the readiness to exercise forceful measures when necessary.","The idea behind this idiom is to convey the importance of diplomacy and restraint, bolstered by the capability to implement coercive actions if required.","This metaphorical expression suggests that a calm demeanor and effective use of powerful tools can be a potent strategy, allowing for a balance between peaceful resolution and forceful intervention."
b,zs,English,Forbidden fruit is the sweetest.,"When something is not allowed, we are more tempted to it.",B,Regex Parse,The absence of availability can heighten our longing for things that are restricted.,"When something is not allowed, we are more tempted to it.",The allure of something forbidden tends to intensify our desire for it.,Being prohibited from something often makes it more appealing and tempting.
b,zs,English,The gods send nuts to those who have no teeth,Good fortune sometimes comes to people who can no longer use it or enjoy it.,C,Regex Parse,Prosperity can unexpectedly reach those who are unable to partake in its pleasures.,Good luck can occasionally find its way to those who are no longer in a position to appreciate it.,Good fortune sometimes comes to people who can no longer use it or enjoy it.,Fortune often smiles upon individuals who are no longer capable of benefiting from it.
b,zs,English,You can have too much of a good thing,Just because something is good and enjoyable doesn’t mean you should have it in unlimited quantities.,B,Regex Parse,Having something that's pleasurable doesn't always imply an endless supply is best.,Just because something is good and enjoyable doesn’t mean you should have it in unlimited quantities.,The mere fact that something is enjoyable doesn't necessarily dictate it should be consumed without limits.,"Although something may offer benefits, it's possible to overindulge and regret the consequences."
b,zs,English,Pity is akin to love.,"If you begin to feel sorry for someone, you may start to love them.",D,Regex Parse,"When empathy takes hold, it can blossom into a deeper affection.",Feeling compassion towards someone can ultimately lead to a deeper emotional bond.,Sympathy can be the initial spark that ignites romantic feelings.,"If you begin to feel sorry for someone, you may start to love them."
b,zs,English,Stolen fruit is sweet,What is forbidden is the most tempting.,C,Regex Parse,What's hidden is often the most enchanting,The allure of what's denied is the greatest,What is forbidden is the most tempting.,That which is forbidden is the sweetest temptation
b,zs,English,The bane of my life,The agent of ruin or woe.,D,Regex Parse,The precipitator of disaster,The scourge of my existence,The harbinger of calamity,The agent of ruin or woe.
b,zs,English,Prosperity makes friends; adversity tries them,"It is easy to make friends when life is comfortable, but when we face hard times, we find out who our true friends are.",A,Regex Parse,"It is easy to make friends when life is comfortable, but when we face hard times, we find out who our true friends are.","Prosperity often begets camaraderie, but genuine friendships are forged in the fire of adversity.","Life's smooth sailing can create a network of acquaintances, yet it's during turbulent periods that we discover the authenticity of our relationships.","Comfort and success may bring an abundance of social connections, but adversity is the true test of a friend's loyalty and character."
b,zs,English,ounce of discretion is worth a pound of wit.,It is better to be cautious and discreet than to try to be funny.,A,Regex Parse,It is better to be cautious and discreet than to try to be funny.,Prudence often supersedes the value of cleverness.,Moderation and tact are typically worth more than sharp wit and humor.,Cautious reserve is frequently more valuable than sharp intellect.
b,zs,English,He that is not with me is against me,Some people take the stand that if someone is not supportive of their cause then they automatic ally consider them to be against it.,A,Regex Parse,Some people take the stand that if someone is not supportive of their cause then they automatic ally consider them to be against it.,"Some individuals are of the opinion that those who do not actively support their movement are, by default, against it.","A considerable number of people subscribe to the notion that those who fail to back their cause are, in effect, working against it.",There are those who firmly believe that anyone not endorsing their ideology is inherently opposed to it.
b,zs,English,Rome was not built in a day.,"Great tasks take time, hard work and perseverance.",A,Regex Parse,"Great tasks take time, hard work and perseverance.","Grand endeavors demand a prolonged duration, diligent effort and unwavering resolve.","Venerable projects require a substantial amount of time, unremitting labor and unyielding persistence.","Majestic undertakings necessitate an extended timeframe, unrelenting toil and unshakeable determination."
b,zs,English,Necessity knows no law,Being desperate may lead you to do illegal things.,D,Regex Parse,"When circumstances become dire, people may resort to actions typically considered unlawful in more ordinary situations.","Desperation often propels individuals into actions they normally wouldn't take, including those that defy the law.","In times of dire need, one may cross the line into illicit activities.",Being desperate may lead you to do illegal things.
b,zs,English,Every horse thinks its own pack is heaviest,We think that we work the hardest. This is also called responsibility bias: People tend to overvalue their own contributions and undervalue contributions of others.,A,Regex Parse,We think that we work the hardest. This is also called responsibility bias: People tend to overvalue their own contributions and undervalue contributions of others.,It's natural for each of us to feel that our portion of the load is the heaviest. This psychological bias is referred to as the responsibility distortion: People tend to overvalue their own input and undervalue the contributions of others.,We assume that we carry the greatest weight in our shared responsibilities. This phenomenon is called the self-importance bias: People often overestimate their own contributions and underestimate the efforts of others.,"We believe that our workload is the most burdensome. This phenomenon is known as accountability distortion, where individuals overestimate their efforts and underrate those of their colleagues."
b,zs,English,{Costs an arm and a leg},Very expensive.,A,Regex Parse,Very expensive.,"Extremely costly, a significant financial burden.","A purchase that requires a heavy expenditure, a significant outlay.",A price so steep it's like selling one's limbs.
b,zs,English,Call no man happy till he is dead,Happiness is fleeting.,B,Regex Parse,Joy is ephemeral.,Happiness is fleeting.,Bliss is transitory by nature.,Contentment is temporary.
b,cot_en,English,No man can serve two masters,A person cannot divide their loyalties or pursue two contradictory goals.,C,Regex Parse,One cannot divide their allegiance between two masters or pursue mutually exclusive goals.,It is impossible for a person to maintain loyalty to two conflicting masters or objectives.,A person cannot divide their loyalties or pursue two contradictory goals.,An individual cannot simultaneously serve two competing interests or masters.
b,cot_en,English,Never test the depth of water with both feet,"If you’re testing the depth of water with both feet down, you risk being drowned if the water turns out to be deep. But if you test with one foot, you can pull away. The proverb means that before going whole hog into something unknown, assess the risk well.",B,"To generate distractors indistinguishable to a blind evaluator, I will create three phrases that match the word count, complexity, tone, and lexical overlap of the correct answer. The correct answer has a word count of 156 words, so the distractors should be within +/- 10% of this count, i.e., between 140 and 172 words. The correct answer has a formal tone and uses metaphors, so the distractors should also have a similar tone and metaphor presence. The keywords from the proverb, such as 'depth', 'water', 'test', and 'risk', should be used in the distractors.","Before wading into uncharted waters, it's vital to sound out the depth, lest you succumb to the perils that lie beneath the surface. By testing the waters with one foot, you can retreat if the depth proves too great, but if you charge in with both feet, you risk being engulfed by the very circumstances you sought to navigate. This adage warns against reckless abandon, instead promoting a cautious and informed approach, where one can gauge the risks and adjust their course accordingly, thereby avoiding the pitfalls that can arise from impetuous decision-making.","If you’re testing the depth of water with both feet down, you risk being drowned if the water turns out to be deep. But if you test with one foot, you can pull away. The proverb means that before going whole hog into something unknown, assess the risk well.","Assessing the risks and consequences of a situation is crucial before taking the plunge, much like testing the depth of a body of water. By probing the unknown with a single foot, you can withdraw if the waters prove too treacherous, whereas committing fully can lead to being swept away. This axiom cautions against impulsive decisions, advocating for a more thoughtful and deliberate approach, which can be the difference between success and catastrophe, especially in unfamiliar or turbulent environments.","When exploring uncharted territories, it's essential to gauge the depth of the situation with caution, lest you find yourself in over your head. Testing the waters with a single toe, rather than diving in headfirst, allows for a more measured approach, minimizing the risk of being overwhelmed. This prudent strategy enables you to assess the situation and make informed decisions, rather than recklessly plunging into the unknown, which can lead to disastrous consequences."
b,cot_en,English,Count your chickens before they are hatched,Don't be hasty in evaluating one's assets.,D,Regex Parse,Do not hastily assess your financial assets.,Avoid premature assessment of your resources.,Refrain from quick judgment of one's possessions.,Don't be hasty in evaluating one's assets.
b,cot_en,English,"Translators, traitors",Translating a sentence perfectly from one language to another is technically impossible.,B,"The correct answer explains the idea behind the proverb 'Translators, traitors' by highlighting the challenges of perfect translation. To create distractors, we need to maintain a similar word count, grammatical complexity, tone, and use keywords like 'translators' and 'traitors'. The distractors should be indistinguishable from the correct answer in terms of these factors, while still conveying a different, yet plausible, message. We will use similar sentence structures and vocabulary to create the distractors.",Translators often face the dilemma of being seen as traitors due to the inevitable loss of meaning in the translation process.,Translating a sentence perfectly from one language to another is technically impossible.,"Despite their best efforts, translators can be perceived as traitors when cultural nuances are lost in translation, altering the original intent.","The saying 'Translators, traitors' underscores the difficulty of translating complex ideas without being viewed as traitors to the original context and meaning."
b,cot_en,English,Rain on someone's parade.,Spoil someone's plans.,B,Regex Parse,Storm their celebration,Spoil someone's plans.,Cloud someone's event,Dampen the party mood
b,cot_en,English,Marriage makes or mars a man,Being married can either help or hinder you in your life.,A,Regex Parse,Being married can either help or hinder you in your life.,Marriage has the potential to either improve or worsen one's life.,Being in a marriage can significantly affect your personal life.,The state of being married can have a positive or negative impact.
b,cot_en,English,God tempers the wind to the shorn lamb.,Heaven is more kind to the weak.,A,Regex Parse,Heaven is more kind to the weak.,The Almighty protects the gentle heart.,Divine hands shield the frail soul.,Providence cares for the vulnerable ones.
b,cot_en,English,"If you can't beat 'em, join 'em",It is sometimes necessary to surrender one’s pride and conform to another person’s or group’s way of doing things.,A,Regex Parse,It is sometimes necessary to surrender one’s pride and conform to another person’s or group’s way of doing things.,"Through the act of surrendering pride and joining others, individuals can gain new insights and experiences that foster personal and collective growth.","Joining forces with others can provide a strategic advantage, allowing for the achievement of common goals through unity rather than competition.","Sometimes, surrendering one’s competitive edge to conform with others can lead to unforeseen benefits and harmony."
b,cot_en,English,There's small choice in rotten apples,"If you have a lot of options, but they are all bad, it is the same as having few or no options at all.",D,No response,API Failure A,API Failure C,API Failure B,"If you have a lot of options, but they are all bad, it is the same as having few or no options at all."
b,cot_en,English,"He is unworthy to live, who lives only for himself","It is important to think of the needs of others, not only your own.",A,No response,"It is important to think of the needs of others, not only your own.",API Failure A,API Failure C,API Failure B
b,cot_en,English,"Wise men learn by other men’s mistakes, fools by their own",Wise people are observant so that they can learn by example rather than t hrough the time and energy wasted in their own failed experiences.,A,No response,Wise people are observant so that they can learn by example rather than t hrough the time and energy wasted in their own failed experiences.,API Failure B,API Failure A,API Failure C
b,cot_en,English,Love is without reason,You can’t explain why people fall in love with each other.,C,No response,API Failure A,API Failure C,You can’t explain why people fall in love with each other.,API Failure B
b,cot_en,English,Every law has a loophole,"If one tries hard enough, they can find their way ar ound any law or rule.",C,No response,API Failure A,API Failure C,"If one tries hard enough, they can find their way ar ound any law or rule.",API Failure B
b,cot_en,English,People who live in glass houses should not throw stones.,One should not criticize others for faults similar to one's own and risk retaliation.,C,No response,API Failure B,API Failure C,One should not criticize others for faults similar to one's own and risk retaliation.,API Failure A
b,cot_en,English,"While there is life, there is hope","As long as you are alive, there is always hope of better times and better things to come, so don’t give up trying to improve your circumstances or make positive changes.",A,No response,"As long as you are alive, there is always hope of better times and better things to come, so don’t give up trying to improve your circumstances or make positive changes.",API Failure C,API Failure B,API Failure A
b,cot_en,English,"A prophet is not without honor, save in his own country",People are more likely to believe in a foreign expert than one from their own kin.,B,"To generate distractors indistinguishable to a blind evaluator, I analyzed the given proverb 'A prophet is not without honor, save in his own country' and the correct answer 'People are more likely to believe in a foreign expert than one from their own kin.' The correct answer conveys the idea that people often underestimate or undervalue those who are from their own community or family, preferring instead to trust outsiders. The distractors must match the word count, grammatical complexity, tone, and use similar keywords to the correct answer. The tone of the correct answer is formal and does not contain metaphors, so the distractors will be constructed to match this formality and literalness. Keywords from the proverb and the correct answer, such as 'expert,' 'own,' and 'believe,' will be incorporated into the distractors. With these requirements in mind, the distractors are crafted to be plausible interpretations of the proverb that closely resemble the correct answer in terms of structure, vocabulary, and meaning.",Foreign specialists usually receive more acclaim than professionals from one's own region or background.,People are more likely to believe in a foreign expert than one from their own kin.,Individuals tend to trust external advisors more than those from their immediate community or family.,"Distant authorities often garner more respect than local figures, even among their own kin."
b,cot_en,English,He who wills the end wills the means,"If one is determined enough to reach their goal, they will make any sacrifices and take the necessary risks to do so.",A,No response,"If one is determined enough to reach their goal, they will make any sacrifices and take the necessary risks to do so.",API Failure C,API Failure A,API Failure B
b,cot_en,English,Be just before you are generous,Make sure your own debts are paid before lending to others.,B,Regex Parse,Always settle your own accounts before offering loans to others.,Make sure your own debts are paid before lending to others.,Ensure your financial obligations are met before giving to others.,Pay your debts off completely before you consider lending money.
b,cot_en,English,Burning the midnight oil,"To 'burn the midnight oil' is to work late into the night. Originally this was by the light of an oil lamp or candle. More recently, the phrase is used figuratively, alluding back its use before electric lighting.",A,No response,"To 'burn the midnight oil' is to work late into the night. Originally this was by the light of an oil lamp or candle. More recently, the phrase is used figuratively, alluding back its use before electric lighting.",API Failure A,API Failure B,API Failure C
b,cot_en,English,When the cat's away the mice will play.,"Without supervision, people misbehave.",D,Regex Parse,"Without guidance, people will stray.","Lacking oversight, individuals tend to misbehave.","In the absence of authority, individuals act out.","Without supervision, people misbehave."
b,cot_en,English,Fake it until you make it,One who imitat es a desired quality with confidence will eventually realize that quality.,A,"To generate distractors that are indistinguishable to a blind evaluator, I will create sentences that match the word count, grammatical complexity, tone, and lexical overlap of the correct answer. The correct answer is a formal sentence with a metaphor presence, using keywords from the proverb 'Fake it until you make it'. I will create three distractors that mimic these characteristics, while conveying different meanings. The distractors will use similar wording and structure to the correct answer, but with slight variations in meaning or emphasis.",One who imitat es a desired quality with confidence will eventually realize that quality.,One who simulates a desired attribute with conviction will eventually personify that attribute.,One who mimics a desired trait with assurance will ultimately embody that trait.,One who replicates a desired characteristic with faith will eventually internalize that characteristic.
b,cot_en,English,Power corrupts,"When people get authority and influence with less accountability, they tend to use that influence in their own interests.",D,Regex Parse,"When individuals gain significant influence without proper checks, they often exploit their power for personal benefits.","With increased power and decreased accountability, persons tend to utilize their influence in ways that benefit themselves rather than others.","As people acquire more authority with less oversight, they usually leverage their influence to serve their own interests.","When people get authority and influence with less accountability, they tend to use that influence in their own interests."
b,cot_en,English,Don’t throw the baby out with the bathwater,Avoid discarding valuables.,D,Regex Parse,Remove only the useless.,Keep what has true value.,Discard the unwanted things.,Avoid discarding valuables.
b,cot_en,English,Fortune favors the brave.,"If you carry out your plans boldly, luck is more likely to favor you.",D,Regex Parse,"When you act with courage, fortune is more inclined to bestow its favors upon you.","By being fearless in your endeavors, you invite fortune to smile upon your efforts and favor you.",Boldly pursuing your goals is a sure way to attract the favorable attention of fortune.,"If you carry out your plans boldly, luck is more likely to favor you."
b,cot_en,English,Never go to bed on an argument,Resolve disputes before sleeping.,A,Regex Parse,Resolve disputes before sleeping.,Don't sleep on a dispute.,Settle fights before bedtime.,Avoid sleep during a fight.
b,cot_en,English,From the sublime to the ridiculous is but a step,Something beautiful or amazing can easily be followed by something mundane or foolish.,C,No response,API Failure C,API Failure B,Something beautiful or amazing can easily be followed by something mundane or foolish.,API Failure A
b,cot_en,English,Saved by the bell.,Rescued at the last moment.,D,No response,API Failure B,API Failure A,API Failure C,Rescued at the last moment.
b,cot_en,English,One swallow does not make a summer,A single sign does not mean that a major change has occurred.,C,No response,API Failure B,API Failure C,A single sign does not mean that a major change has occurred.,API Failure A
b,cot_en,English,Accidents will happen,Mistakes or mishaps are inevitable.,A,No response,Mistakes or mishaps are inevitable.,API Failure C,API Failure B,API Failure A
b,cot_en,English,"If you're not paying, you're the product",Nothing is for free.,C,No response,API Failure B,API Failure A,Nothing is for free.,API Failure C
b,cot_en,English,Might is right.,Those with the most strength or power think they can do whatever they want.,B,No response,API Failure B,Those with the most strength or power think they can do whatever they want.,API Failure C,API Failure A
b,cot_en,English,Liars need good memories.,People who do not tell the truth must be careful to remember what they say.,A,No response,People who do not tell the truth must be careful to remember what they say.,API Failure B,API Failure A,API Failure C
b,cot_en,English,Love lives in cottages as well as in courts,All kinds of people fall in love regardless of their social or financial status.,B,"To generate distractors that are indistinguishable to a blind evaluator, we need to create sentences that have a similar word count, grammatical complexity, tone, and lexical overlap with the correct answer. The correct answer explains that love is not limited to people of a certain social class or wealth. The distractors should convey a similar message without being too obvious. We can use synonyms and rephrase the sentence to create distractors that meet the requirements.","Affection and attachment can develop in various settings, from simple dwellings to lavish mansions, unaffected by social standing or material wealth.",All kinds of people fall in love regardless of their social or financial status.,"Emotional connections know no bounds, occurring in both modest homes and opulent palaces, regardless of one's financial means.","Romantic feelings can flourish in humble abodes and grand estates alike, transcending social boundaries."
b,cot_en,English,Rather death than shame,Honor is more important than life itself.,D,No response,API Failure A,API Failure B,API Failure C,Honor is more important than life itself.
b,cot_en,English,Everybody loves a winner,"Successful people tend to attract followers, while the less fortunate get left behind .",B,Regex Parse,"Successful individuals naturally draw in admirers, as the less successful often fade into obscurity.","Successful people tend to attract followers, while the less fortunate get left behind .","Winners typically garner significant support, whereas those facing hardship usually struggle to find an audience.","It is common for victorious people to gain numerous fans, while the unfortunate ones are frequently overlooked."
b,cot_en,English,Speak softly and carry a big stick,"Speak softly and carry a big stick' is a proverbial saying advising the tactic of caution and non-aggression, backed up by the ability to carry out violent action if required.",A,No response,"Speak softly and carry a big stick' is a proverbial saying advising the tactic of caution and non-aggression, backed up by the ability to carry out violent action if required.",API Failure A,API Failure B,API Failure C
b,cot_en,English,Forbidden fruit is the sweetest.,"When something is not allowed, we are more tempted to it.",B,Regex Parse,What is denied to us often seems more desirable.,"When something is not allowed, we are more tempted to it.","When something is forbidden, it becomes more appealing.",Things not allowed are often the most enticing options.
b,cot_en,English,The gods send nuts to those who have no teeth,Good fortune sometimes comes to people who can no longer use it or enjoy it.,C,"To create distractors indistinguishable to a blind evaluator, I must analyze the given proverb 'The gods send nuts to those who have no teeth' and its correct answer 'Good fortune sometimes comes to people who can no longer use it or enjoy it.' The proverb suggests that fate can be ironic, bringing benefits to individuals who are no longer in a position to appreciate or utilize them. The correct answer encapsulates this idea of ironic timing in the delivery of good fortune. The distractors must mirror the word count, complexity, tone, and lexical overlap of the correct answer while conveying a different, yet plausible, interpretation of the proverb. Given these constraints, the distractors should ideally capture the essence of unexpected or undeserved fortune, the concept of timing in receiving benefits, and the idea that such events can occur regardless of the recipient's ability to appreciate them.","Fortune often favors those who are least equipped to handle its challenges, highlighting the capricious nature of destiny.","Sometimes, good things happen to people at the wrong time, leaving them unable to fully leverage or enjoy these fortunate events, which serves as a reminder of the role of timing in our lives.",Good fortune sometimes comes to people who can no longer use it or enjoy it.,"Life's benefits can arrive at the most inopportune moments, rendering them useless to those who receive them, thus underscoring the unpredictability of fate."
b,cot_en,English,You can have too much of a good thing,Just because something is good and enjoyable doesn’t mean you should have it in unlimited quantities.,B,Regex Parse,"Having something enjoyable in excess can lead to negative outcomes, even if it’s typically considered a good thing.",Just because something is good and enjoyable doesn’t mean you should have it in unlimited quantities.,"Although a thing may be good, consuming it without limit can result in it becoming less enjoyable or even harmful.",It’s possible for something that is generally good to become detrimental if experienced or consumed in quantities that are too large.
b,cot_en,English,Pity is akin to love.,"If you begin to feel sorry for someone, you may start to love them.",D,Regex Parse,"When pity emerges, it can blossom into a deep affection for the person in need.","As you start to feel pity for another, you may find that these feelings gradually turn into love.",Feeling sorry for someone can lead to a profound sense of love and compassion over time.,"If you begin to feel sorry for someone, you may start to love them."
b,cot_en,English,Stolen fruit is sweet,What is forbidden is the most tempting.,C,"The proverb 'Stolen fruit is sweet' suggests that people often find things more appealing when they are forbidden or taboo. To generate distractors that are indistinguishable to a blind evaluator, I will create sentences that have a similar word count, grammatical complexity, tone, and lexical overlap. The correct answer, 'What is forbidden is the most tempting,' is a concise and formal statement that uses metaphorical language to convey the idea. The distractors will aim to match these characteristics while conveying different meanings.",What is forbidden is often overlooked,What is secret is sometimes sour,What is forbidden is the most tempting.,What is stolen is rarely appreciated
b,cot_en,English,The bane of my life,The agent of ruin or woe.,D,Regex Parse,The root of all troubles.,The source of my despair.,The cause of great sorrow.,The agent of ruin or woe.
b,cot_en,English,Prosperity makes friends; adversity tries them,"It is easy to make friends when life is comfortable, but when we face hard times, we find out who our true friends are.",A,No response,"It is easy to make friends when life is comfortable, but when we face hard times, we find out who our true friends are.",API Failure B,API Failure A,API Failure C
b,cot_en,English,ounce of discretion is worth a pound of wit.,It is better to be cautious and discreet than to try to be funny.,A,No response,It is better to be cautious and discreet than to try to be funny.,API Failure A,API Failure C,API Failure B
b,cot_en,English,He that is not with me is against me,Some people take the stand that if someone is not supportive of their cause then they automatic ally consider them to be against it.,A,No response,Some people take the stand that if someone is not supportive of their cause then they automatic ally consider them to be against it.,API Failure B,API Failure C,API Failure A
b,cot_en,English,Rome was not built in a day.,"Great tasks take time, hard work and perseverance.",A,No response,"Great tasks take time, hard work and perseverance.",API Failure A,API Failure C,API Failure B
b,cot_en,English,Necessity knows no law,Being desperate may lead you to do illegal things.,D,No response,API Failure C,API Failure B,API Failure A,Being desperate may lead you to do illegal things.
b,cot_en,English,Every horse thinks its own pack is heaviest,We think that we work the hardest. This is also called responsibility bias: People tend to overvalue their own contributions and undervalue contributions of others.,A,No response,We think that we work the hardest. This is also called responsibility bias: People tend to overvalue their own contributions and undervalue contributions of others.,API Failure B,API Failure C,API Failure A
b,cot_en,English,{Costs an arm and a leg},Very expensive.,A,No response,Very expensive.,API Failure A,API Failure C,API Failure B
b,cot_en,English,Call no man happy till he is dead,Happiness is fleeting.,B,"To generate distractors indistinguishable to a blind evaluator, I analyzed the proverb 'Call no man happy till he is dead' and the correct answer 'Happiness is fleeting.' The proverb suggests that one's happiness can change until the end of their life, and the correct answer conveys a similar message. The distractors should have a similar word count, grammatical complexity, tone, and lexical overlap. The word count of the correct answer is 3 words, so the distractors should be within +/- 10% of this, which is between 2.7 and 3.3 words. The tone is formal and contains a metaphor. The keywords from the proverb that should be used are 'happy,' 'till,' and 'dead.' With these requirements in mind, I generated the following distractors:",Life is unstable,Happiness is fleeting.,Fortune is transient,Joy is brief
b,cot_xl,English,No man can serve two masters,A person cannot divide their loyalties or pursue two contradictory goals.,C,Regex Parse,"A person's primary loyalty is often defined by their primary goal, and secondary goals may be subject to negotiation or compromise, but never simultaneously prioritized.",A person cannot simultaneously dedicate themselves to two opposing ideologies without experiencing internal conflict or cognitive dissonance.,A person cannot divide their loyalties or pursue two contradictory goals.,"A person can only truly commit to one primary objective, while secondary goals may be compromised or postponed."
b,cot_xl,English,Never test the depth of water with both feet,"If you’re testing the depth of water with both feet down, you risk being drowned if the water turns out to be deep. But if you test with one foot, you can pull away. The proverb means that before going whole hog into something unknown, assess the risk well.",B,Regex Parse,"When faced with an uncertain situation, it's essential to take a measured approach. The proverb 'test the waters before diving in' encourages us to proceed with caution and not take unnecessary risks. By doing so, we can avoid being caught off guard and instead, be better prepared to handle any challenges that may arise. This approach allows for a more controlled and manageable risk assessment, which is critical in making informed decisions.","If you’re testing the depth of water with both feet down, you risk being drowned if the water turns out to be deep. But if you test with one foot, you can pull away. The proverb means that before going whole hog into something unknown, assess the risk well.","Before embarking on a new journey, it's crucial to take a step back and assess the risks involved. The old adage 'don't test the depth of water with both feet' serves as a reminder to proceed with caution and not take unnecessary risks. By doing so, you can avoid being swept away by the currents of uncertainty and instead, navigate the waters with greater ease and control.","When venturing into the unknown, it's essential to dip your toes before diving headfirst. Testing the waters with one foot allows you to gauge the depth and adjust your approach accordingly, thereby minimizing the risk of being overwhelmed. This approach is crucial in various aspects of life, including personal endeavors, business ventures, and even relationships. By taking a cautious approach, you can avoid being caught off guard and instead, be better prepared to handle any challenges that may arise."
b,cot_xl,English,Count your chickens before they are hatched,Don't be hasty in evaluating one's assets.,D,Regex Parse,Be cautious in estimating the worth of your assets before they mature.,Avoid rushing to assess the value of your possessions.,Refrain from hastily appraising the value of your resources before they are fully realized.,Don't be hasty in evaluating one's assets.
b,cot_xl,English,"Translators, traitors",Translating a sentence perfectly from one language to another is technically impossible.,B,"The proverb 'Translators, traitors' implies that the task of translation is inherently imperfect and that translators may unintentionally alter the original meaning. This idea is rooted in the difficulty of capturing the nuances and context of one language in another. To craft distractors, we must acknowledge this concept and present alternative interpretations that maintain the same level of complexity and lexical overlap. The correct answer emphasizes the technical impossibility of perfect translation, serving as a foundation for our distractors.",Perfect translation is a myth perpetuated by idealistic linguists.,Translating a sentence perfectly from one language to another is technically impossible.,The pursuit of flawless translation is a Sisyphean task.,"In the realm of languages, perfect understanding is a fleeting mirage."
b,cot_xl,English,Rain on someone's parade.,Spoil someone's plans.,B,Regex Parse,The light drizzle on the wedding day started to drizzle on someone's festivities.,Spoil someone's plans.,The company's financial struggles poured cold water on someone's expectations.,Her boss's sudden announcement dampened someone's spirits.
b,cot_xl,English,Marriage makes or mars a man,Being married can either help or hinder you in your life.,A,Parse Failed,Being married can either help or hinder you in your life.,API Failure B,API Failure A,API Failure C
b,cot_xl,English,God tempers the wind to the shorn lamb.,Heaven is more kind to the weak.,A,Regex Parse,Heaven is more kind to the weak.,The divine tempers fate with gentle hands for the destitute.,Heaven soothes the soul of the helpless.,The mercy of heaven is reserved for those who are fragile and weak.
b,cot_xl,English,"If you can't beat 'em, join 'em",It is sometimes necessary to surrender one’s pride and conform to another person’s or group’s way of doing things.,A,Regex Parse,It is sometimes necessary to surrender one’s pride and conform to another person’s or group’s way of doing things.,"To achieve success, one may need to temporarily relinquish their autonomy and harmonize with the prevailing social norms.","Sometimes, it's more strategic to temporarily set aside one’s ego and assimilate into the dominant culture.","In certain situations, it's prudent to abandon one’s individuality and blend in with the majority's customs."
b,cot_xl,English,There's small choice in rotten apples,"If you have a lot of options, but they are all bad, it is the same as having few or no options at all.",D,"The proverb 'There's small choice in rotten apples' implies a situation where the available options are compromised or of poor quality. The phrase 'rotten apples' metaphorically represents inferior or unpalatable choices. The interpretation suggests that when all options are of poor quality, the actual number of options becomes insignificant, and the decision is effectively limited. This is because the bad choices outweigh the good, making the selection process feel futile. Therefore, the correct answer highlights the idea that a multitude of poor options can be equivalent to having limited or no quality options at all.","In a situation where all the alternatives are subpar, the decision-making process is essentially narrowed down to a limited number of choices.","When the majority of the alternatives are of poor quality, the decision-making process becomes comparable to choosing from a limited or non-existent set of options.","When every option available is of poor quality, the variety of choices available becomes irrelevant, and the actual choice one faces is severely restricted.","If you have a lot of options, but they are all bad, it is the same as having few or no options at all."
b,cot_xl,English,"He is unworthy to live, who lives only for himself","It is important to think of the needs of others, not only your own.",A,Parse Failed,"It is important to think of the needs of others, not only your own.",API Failure A,API Failure C,API Failure B
b,cot_xl,English,"Wise men learn by other men’s mistakes, fools by their own",Wise people are observant so that they can learn by example rather than t hrough the time and energy wasted in their own failed experiences.,A,Regex Parse,Wise people are observant so that they can learn by example rather than t hrough the time and energy wasted in their own failed experiences.,"Wise people benefit from the experiences of others, thus avoiding the pitfalls of their own blunders.","Wise individuals are perceptive, allowing them to absorb knowledge from others' missteps without incurring the same costs.","Wise people are attentive to the lessons derived from others' failures, thereby sidestepping their own."
b,cot_xl,English,Love is without reason,You can’t explain why people fall in love with each other.,C,"The correct answer matches the proverb 'Love is without reason' by conveying that love defies rational explanation. To create distractors, we need to maintain the same word count, complexity, tone, and lexical overlap. We'll use synonyms for 'reason' and 'love' to craft distractors that are equally plausible but incorrect.",You can’t explain why people are drawn to each other emotionally.,It’s difficult to articulate the feelings that drive people to love one another.,You can’t explain why people fall in love with each other.,The way people fall in love is often unpredictable and mysterious.
b,cot_xl,English,Every law has a loophole,"If one tries hard enough, they can find their way ar ound any law or rule.",C,Regex Parse,"With persistence, one can discover an opening to any rule or law.",Anyone can find a path around any rule or law if they try diligently enough.,"If one tries hard enough, they can find their way ar ound any law or rule.",It's possible to find a way around any law by putting in enough effort and thought.
b,cot_xl,English,People who live in glass houses should not throw stones.,One should not criticize others for faults similar to one's own and risk retaliation.,C,"This proverb is advising individuals to be mindful of their own shortcomings before pointing out the flaws in others, lest they invite criticism or even retaliation in return. The use of a glass house serves as a metaphor for vulnerability, implying that if one were to throw stones from such a precarious position, they risk shattering their own fragile existence. To critique others for faults that one possesses oneself is to court danger and demonstrate hypocrisy.","Those who occupy delicate habitats should refrain from hurling rocks at their peers, lest they suffer reciprocal attacks.","Individuals who inhabit precarious abodes would do well to avoid castigating others for their shortcomings, lest they invite retaliatory measures from those they have wronged.",One should not criticize others for faults similar to one's own and risk retaliation.,"Critics who reside in transparent dwellings must exercise caution when condemning others for their flaws, lest they face similar scrutiny."
b,cot_xl,English,"While there is life, there is hope","As long as you are alive, there is always hope of better times and better things to come, so don’t give up trying to improve your circumstances or make positive changes.",A,Regex Parse,"As long as you are alive, there is always hope of better times and better things to come, so don’t give up trying to improve your circumstances or make positive changes.","As long as the heart beats, there is always a pathway to happiness, and though the journey may be long and arduous, one should never lose sight of their ultimate goal.","As long as you exist, there is always a glimmer of hope, a chance to redeem yourself and make amends for past mistakes, so hold on to that spark.","As long as life persists, hope springs eternal, and though challenges may arise, one should persevere in the pursuit of better days ahead."
b,cot_xl,English,"A prophet is not without honor, save in his own country",People are more likely to believe in a foreign expert than one from their own kin.,B,Regex Parse,"Interestingly, it's often observed that people give more credence to experts from afar rather than those from their own hometown.",People are more likely to believe in a foreign expert than one from their own kin.,"The fact is, people tend to be more accepting of foreign experts than ones from their own backyard, which is quite paradoxical.","In many cultures, there's a phenomenon where people prefer foreign experts over those from their own local communities."
b,cot_xl,English,He who wills the end wills the means,"If one is determined enough to reach their goal, they will make any sacrifices and take the necessary risks to do so.",A,Regex Parse,"If one is determined enough to reach their goal, they will make any sacrifices and take the necessary risks to do so.","If one is driven to succeed, they will take the necessary risks and make the necessary changes to reach their goal.","If one is determined enough to reach their goal, they will take the necessary steps and make the necessary adjustments to get there.","If one is committed to a goal, they will make the necessary preparations and take the necessary precautions to achieve it."
b,cot_xl,English,Be just before you are generous,Make sure your own debts are paid before lending to others.,B,Regex Parse,Prioritize clearing your own financial liabilities before extending credit to others.,Make sure your own debts are paid before lending to others.,Ensure your own financial obligations are settled before considering loans to others.,Pay off your own debts before offering financial assistance to those in need.
b,cot_xl,English,Burning the midnight oil,"To 'burn the midnight oil' is to work late into the night. Originally this was by the light of an oil lamp or candle. More recently, the phrase is used figuratively, alluding back its use before electric lighting.",A,Regex Parse,"To 'burn the midnight oil' is to work late into the night. Originally this was by the light of an oil lamp or candle. More recently, the phrase is used figuratively, alluding back its use before electric lighting.","Working late into the night, fueled by oil lamps or candles, is the essence of 'burning the midnight oil.' Although the phrase has evolved, its literal meaning remains a testament to human perseverance.","Originally, 'burning the midnight oil' referred to late-night work illuminated by oil lamps. Today, the phrase is often used metaphorically, alluding to the challenges faced by those who work under similar conditions.","'Burning the midnight oil' is a phrase that originated from the practical necessity of working late by the light of oil lamps. While its literal meaning has been replaced by electric lighting, its figurative use remains a powerful symbol of dedication and hard work."
b,cot_xl,English,When the cat's away the mice will play.,"Without supervision, people misbehave.",D,Regex Parse,"When the feline guardian is absent, the mice will inevitably take advantage of the situation.","Without the presence of a vigilant cat, the mice will frequently engage in reckless behavior.","Without a cat's watchful eye, the household mice will often indulge in mischief.","Without supervision, people misbehave."
b,cot_xl,English,Fake it until you make it,One who imitat es a desired quality with confidence will eventually realize that quality.,A,Regex Parse,One who imitat es a desired quality with confidence will eventually realize that quality.,Those who confidently project a desired attribute will eventually integrate that attribute into their being.,Individuals who assertively mimic a desirable trait will ultimately come to embody that trait.,One who exhibits a desired characteristic with conviction will eventually internalize that quality.
b,cot_xl,English,Power corrupts,"When people get authority and influence with less accountability, they tend to use that influence in their own interests.",D,Regex Parse,Authority often fosters self-interest in those who wield it without checks.,"Influence, unchecked by accountability, can lead to individual pursuits.",Those granted power frequently prioritize their own agendas over the collective.,"When people get authority and influence with less accountability, they tend to use that influence in their own interests."
b,cot_xl,English,Don’t throw the baby out with the bathwater,Avoid discarding valuables.,D,Parse Failed,API Failure C,API Failure B,API Failure A,Avoid discarding valuables.
b,cot_xl,English,Fortune favors the brave.,"If you carry out your plans boldly, luck is more likely to favor you.",D,"The proverb suggests that individuals who take bold action and pursue their goals with confidence are more likely to experience favorable circumstances. This can be interpreted as fortune or luck favoring the brave. To create distractors, I will analyze the key elements of the correct answer and generate alternative phrases that convey a similar idea while maintaining the required characteristics.","If you execute your objectives decisively, luck has a greater tendency to align with your pursuits.",Boldly pursuing your ambitions often results in a greater likelihood of encountering fortunate circumstances.,"To achieve success, one must tackle challenges with unwavering determination, as this often leads to favorable outcomes.","If you carry out your plans boldly, luck is more likely to favor you."
b,cot_xl,English,Never go to bed on an argument,Resolve disputes before sleeping.,A,Regex Parse,Resolve disputes before sleeping.,End disputes before resting for the night,Resolve conflicts before drifting off to sleep,Settle disagreements before hitting the bed
b,cot_xl,English,From the sublime to the ridiculous is but a step,Something beautiful or amazing can easily be followed by something mundane or foolish.,C,Regex Parse,A breathtaking view can easily give way to an awkward moment.,What is initially breathtaking can rapidly become a comical situation.,Something beautiful or amazing can easily be followed by something mundane or foolish.,A majestic sight can quickly turn into an embarrassing spectacle.
b,cot_xl,English,Saved by the bell.,Rescued at the last moment.,D,Regex Parse,Saved from the brink at the final call.,Rescued by the sound of time running out.,Pulled from the jaws of defeat at the last chime.,Rescued at the last moment.
b,cot_xl,English,One swallow does not make a summer,A single sign does not mean that a major change has occurred.,C,Regex Parse,"A single event, on its own, does not serve as a reliable indicator of a major change.",A solitary sign is not sufficient to confirm a major transformation in the status quo.,A single sign does not mean that a major change has occurred.,A single occurrence does not guarantee a substantial alteration in the overall situation.
b,cot_xl,English,Accidents will happen,Mistakes or mishaps are inevitable.,A,Regex Parse,Mistakes or mishaps are inevitable.,Mistakes or incidents are a natural part of existence.,Fiascos or mishaps are an unavoidable aspect of life.,Errors or blunders are an ordinary occurrence.
b,cot_xl,English,"If you're not paying, you're the product",Nothing is for free.,C,Regex Parse,Services are traded for something of value.,Everything comes with a price tag.,Nothing is for free.,Nothing is truly given without expectation.
b,cot_xl,English,Might is right.,Those with the most strength or power think they can do whatever they want.,B,Regex Parse,Individuals with social strength often think they can do whatever they please.,Those with the most strength or power think they can do whatever they want.,Those with greater physical or social power think they can act freely.,Those with the most physical power believe they can act as they wish.
b,cot_xl,English,Liars need good memories.,People who do not tell the truth must be careful to remember what they say.,A,Regex Parse,People who do not tell the truth must be careful to remember what they say.,Individuals who are not truthful need to be cautious about their words.,People who are dishonest must be meticulous about their statements.,Those who deceive others often need to keep track of their stories.
b,cot_xl,English,Love lives in cottages as well as in courts,All kinds of people fall in love regardless of their social or financial status.,B,Regex Parse,Love is not limited to the wealthy; people from all walks of life can experience it.,All kinds of people fall in love regardless of their social or financial status.,"Love knows no bounds, and people from different social classes can fall in love.","People from all backgrounds can experience love, regardless of their social standing."
b,cot_xl,English,Rather death than shame,Honor is more important than life itself.,D,Regex Parse,"Life is but a fleeting moment, yet dignity endures forever.",Death itself is not as painful as the sting of shame that lingers.,A single act of honor can outweigh a lifetime of existence.,Honor is more important than life itself.
b,cot_xl,English,Everybody loves a winner,"Successful people tend to attract followers, while the less fortunate get left behind .",B,"The proverb 'Everybody loves a winner' suggests that individuals who achieve success and triumph often garner admiration, respect, and even loyalty from others. This phenomenon can be attributed to the fact that successful people tend to possess qualities such as confidence, resilience, and determination, which are highly admirable and inspiring to others. As a result, they tend to attract followers who are drawn to their success and want to emulate their achievements. On the other hand, individuals who are less fortunate or struggling with adversity often find it challenging to inspire the same level of enthusiasm and loyalty, and may get left behind in the process. This dichotomy highlights the importance of hard work, perseverance, and a positive attitude in achieving success and earning the admiration of others.","Successful individuals often find themselves at the forefront of a devoted fan base, whereas those who struggle may find themselves isolated and unsupported.","Successful people tend to attract followers, while the less fortunate get left behind .","The notion that 'Everybody loves a winner' holds true in that successful people tend to accumulate a significant following, while those who are less fortunate may be left to fend for themselves.","It is a well-known phenomenon that those who achieve success and triumph are often surrounded by admirers and followers, while those who struggle with adversity may find it difficult to garner the same level of attention and support."
b,cot_xl,English,Speak softly and carry a big stick,"Speak softly and carry a big stick' is a proverbial saying advising the tactic of caution and non-aggression, backed up by the ability to carry out violent action if required.",A,"The proverb 'Speak softly and carry a big stick' is a metaphorical expression that suggests a delicate balance between diplomacy and force. It implies that one should approach situations with caution and tact, while also being prepared to assert power and authority if necessary. This approach is often associated with Theodore Roosevelt, the 26th President of the United States, who popularized the phrase. The 'big stick' represents the ability to carry out violent action or impose one's will, serving as a deterrent to potential aggression or conflict. The 'speaking softly' part emphasizes the importance of communication, negotiation, and avoiding confrontation whenever possible. This proverb has been interpreted in various contexts, from international relations to personal relationships, as a guiding principle for effective and strategic decision-making.","Speak softly and carry a big stick' is a proverbial saying advising the tactic of caution and non-aggression, backed up by the ability to carry out violent action if required.",The phrase 'Speak softly and carry a big stick' is an idiomatic expression advising a cautious approach backed by the readiness to assert force when required.,"The idiom 'Speak softly and carry a big stick' is a metaphorical representation of a diplomatic approach, where caution and non-aggression are balanced with the ability to employ force if necessary.","The proverb 'Speak softly and carry a big stick' suggests a strategic balance between negotiation and the readiness to exercise power, serving as a guiding principle for effective communication."
b,cot_xl,English,Forbidden fruit is the sweetest.,"When something is not allowed, we are more tempted to it.",B,Parse Failed,API Failure C,"When something is not allowed, we are more tempted to it.",API Failure A,API Failure B
b,cot_xl,English,The gods send nuts to those who have no teeth,Good fortune sometimes comes to people who can no longer use it or enjoy it.,C,Parse Failed,API Failure A,API Failure C,Good fortune sometimes comes to people who can no longer use it or enjoy it.,API Failure B
b,cot_xl,English,You can have too much of a good thing,Just because something is good and enjoyable doesn’t mean you should have it in unlimited quantities.,B,Regex Parse,Having too much of a good thing can lead to a negative outcome.,Just because something is good and enjoyable doesn’t mean you should have it in unlimited quantities.,Unlimited enjoyment of something positive can be detrimental in excess.,Enjoying a good thing without limits can result in consequences.
b,cot_xl,English,Pity is akin to love.,"If you begin to feel sorry for someone, you may start to love them.",D,Regex Parse,"When you feel sorry for someone, it's easy to develop a love for them.",Feeling sorry for someone can be the first step towards loving them completely.,"As you start to sympathize with someone, you might find yourself falling in love with them.","If you begin to feel sorry for someone, you may start to love them."
b,cot_xl,English,Stolen fruit is sweet,What is forbidden is the most tempting.,C,Regex Parse,Forbidden delights often hold an insatiable allure.,The allure of something often increases with the level of restriction.,What is forbidden is the most tempting.,Restrictions only serve to heighten the allure of the forbidden.
b,cot_xl,English,The bane of my life,The agent of ruin or woe.,D,Regex Parse,The source of perpetual despair.,The scourge of my existence.,The harbinger of calamity.,The agent of ruin or woe.
b,cot_xl,English,Prosperity makes friends; adversity tries them,"It is easy to make friends when life is comfortable, but when we face hard times, we find out who our true friends are.",A,Regex Parse,"It is easy to make friends when life is comfortable, but when we face hard times, we find out who our true friends are.","Making friends is effortless when everything goes smoothly, but adversity proves who is loyal.","When life is smooth-sailing, it's easy to gather acquaintances, but adversity reveals true companions.","Life's comforts make it simple to form networks, but tough times demonstrate genuine friendships."
b,cot_xl,English,ounce of discretion is worth a pound of wit.,It is better to be cautious and discreet than to try to be funny.,A,Regex Parse,It is better to be cautious and discreet than to try to be funny.,Being cautious and diplomatic is often more valuable than trying to be amusing.,Prioritizing careful speech and considerate behavior is often more valuable than attempting to be clever.,Exercising tact and reserve is often more important than attempting to be comical.
b,cot_xl,English,He that is not with me is against me,Some people take the stand that if someone is not supportive of their cause then they automatic ally consider them to be against it.,A,Regex Parse,Some people take the stand that if someone is not supportive of their cause then they automatic ally consider them to be against it.,"Some assert that an individual's lack of involvement in a cause does not necessarily mean they are against it, although their silence may be misinterpreted.","However, there are those who believe that merely being neutral or apathetic in a situation can lead people to assume the worst about one's stance, often without justification.",Others argue that someone who is not vocal about their support may be seen as indifferent rather than opposed.
b,cot_xl,English,Rome was not built in a day.,"Great tasks take time, hard work and perseverance.",A,Regex Parse,"Great tasks take time, hard work and perseverance.","Great endeavors demand time, dedication, and unwavering resolve.","Large-scale projects require sustained time, unwavering commitment, and toil.","Significant achievements necessitate patience, unrelenting effort, and perseverance."
b,cot_xl,English,Necessity knows no law,Being desperate may lead you to do illegal things.,D,"The proverb 'Necessity knows no law' suggests that when people are in a state of dire need or desperation, they may be willing to break rules or engage in illegal activities to satisfy their needs. This phrase is often used to justify or rationalize desperate actions. To generate distractors, we need to create sentences that also involve desperation but do not explicitly mention illegal activities. We'll maintain the same word count, complexity, tone, and lexical overlap as the correct answer.","In times of severe crisis, the lines between right and wrong may become blurred, leading people to take actions they normally wouldn't consider.",Desperation can drive individuals to make irrational decisions that compromise their values and principles.,"When faced with extreme hardship, people often take drastic measures that push them to the edge of conventional morality.",Being desperate may lead you to do illegal things.
b,cot_xl,English,Every horse thinks its own pack is heaviest,We think that we work the hardest. This is also called responsibility bias: People tend to overvalue their own contributions and undervalue contributions of others.,A,Regex Parse,We think that we work the hardest. This is also called responsibility bias: People tend to overvalue their own contributions and undervalue contributions of others.,"D2: It's a common phenomenon where individuals perceive their own duties as being the most significant, a concept known as responsibility illusion: People often overemphasize their own value and underappreciate the contributions of others.","D3: The idea that our own responsibilities are the heaviest can be seen as a manifestation of the responsibility distortion: People have a tendency to overvalue their own contributions and undervalue the contributions of others, leading to an inaccurate perception of their own workload.","D1: We tend to believe that our own workload is the most burdensome, which is also referred to as the responsibility fallacy: People have a propensity to overestimate their own contributions and undervalue the efforts of others."
b,cot_xl,English,{Costs an arm and a leg},Very expensive.,A,Regex Parse,Very expensive.,Very pricey indeed.,It's a very high price to pay.,"Extremely costly, to say the least."
b,cot_xl,English,Call no man happy till he is dead,Happiness is fleeting.,B,Regex Parse,Happiness is ephemeral.,Happiness is fleeting.,Delight is momentary.,Joy is transitory.
