task,strategy,lang,source_proverb,correct_text,correct_answer,reasoning,Choice_A,Choice_B,Choice_C,Choice_D
a,zs,Yoruba,"Bí a kò lówó, à léèyàn; bí a kò léèyàn à lóhùn rere lòrun.","If one lacks money, one should have people; if one lacks people, one should be pleasant in one’s speech.",C,Regex Parse,"When money is scarce, one should rely on acquaintances; if one lacks acquaintances, one should be adept in endearing speech.","When one is short of resources, one should rely on influential people; if one lacks influential people, one should be skilled in sweet conversation.","If one lacks money, one should have people; if one lacks people, one should be pleasant in one’s speech.","If you lack wealth, you should have connections; if you lack connections, you should have a gentle language."
a,zs,Yoruba,"A-kápò-má-ṣọdẹ: ọ̀tá ẹranko, ọ̀tá èèyàn.",He-who-carries-a-hunting-bag-but-does not-hunt: enemy alike of man and beast.,B,Regex Parse,Carrying-hunting-bag-but-not-hunting: enemy to man as to the wild animal.,He-who-carries-a-hunting-bag-but-does not-hunt: enemy alike of man and beast.,One-who-carry-hunting-bag-but-not-hunt: enemy of man and also of the beast.,He-who-carrying-a-hunting-pack-but-not-hunt: enemy alike of man and animal.
a,zs,Yoruba,Iwájú la ti ńjogún; ẹ̀hìn la ti ńṣàgbà.,"One inherits from one’s front, and one sets an example at one’s back.",D,Regex Parse,"Your legacy is set at your back; your inheritance, however, comes from what is before you.","You reap what you sow at your back, and inheritance comes from the front.","At the back, you sow what you will reap; at the front, you inherit what has been prepared.","One inherits from one’s front, and one sets an example at one’s back."
a,zs,Yoruba,"Ẹ̀rù kì í ba igbó, bẹ́ẹ̀ni kì í ba odò; ẹ̀rù kì í ba ọlọ lójú ata.","The forest knows no fear, and neither does the river know fear; the grindstone never shows fear in the face of pepper.",B,Regex Parse,"The forest is fearless, just as the river is fearless; the mortar never displays fear in the presence of chillies.","The forest knows no fear, and neither does the river know fear; the grindstone never shows fear in the face of pepper.","The forest does not know fear, and neither does the river know fear; the pestle never exhibits fear before the pungency of spices.","The forest feels no fear, like the river, which also knows no fear; the stone does not tremble with fear at the pungency of herbs."
a,zs,Yoruba,"Ilé tí a gbá èèyàn létí wọ̀, bó pe títí a ó gbàá èèyàn létí jáde níbẹ̀.",A home one is able to enter only after one has slapped someone in the ears: sooner or later one will have to slap someone in the ears in order to get out of it.,B,Regex Parse,"Ụlọ tí a ga n'ókwè, onye tí a ga wà na ókwè, ókwè tí a ga wà na Ụlọ tí a ga n'ókwè.",A home one is able to enter only after one has slapped someone in the ears: sooner or later one will have to slap someone in the ears in order to get out of it.,"Ibù tí a ba nì, ibù tí a ba nì láti títí a lá ba nì láti tàbí.","Ụlọ n'akụkụ dị, anụma n'ụlọ n'akụkụ bụrụ, ụlọ bụrụ anụma n'ụlọ n'akụkụ anụma."
a,zs,Yoruba,"Ojú ti kókó, ojú ti eéwo; ojú ti aáràgbá ìdí pẹ̀lú.","The lump that attacks the head is shamed, the boil is shamed, and the hardened tissue on the buttocks is shamed also.",A,Regex Parse,"The lump that attacks the head is shamed, the boil is shamed, and the hardened tissue on the buttocks is shamed also.","The swelling that torments the head is shunned, the painful sore is shunned, and the hardened growth behind is also shunned.","The growth that burdens the forehead is disgraced, the abscess is disgraced, and the hardened tumor in the backside is equally disgraced.","The mass that invades the cranium is humiliated, the festering sore is humiliated, and the hardened lesion on the buttocks is humiliated too."
a,zs,Yoruba,"Bí ẹ̀bìtì ò pa eku, a kó ẹyìn fẹ́lẹ́yìn.","If the snare does not kill the rat, it returns the kernel bait to the owner.",A,Regex Parse,"If the snare does not kill the rat, it returns the kernel bait to the owner.",A snare that misses its prey will bring back the kernel bait to its rightful owner.,"If a trap fails to capture the rodent, it retrieves the kernel bait for its creator.","When a trap fails to catch a rat, it returns the bait containing the kernel to the person who set it."
a,zs,Yoruba,Tojú tìyẹ́ làparò-ó fi ńríran.,It is with both its eyes and its feathers that the partridge sees.,A,Regex Parse,It is with both its eyes and its feathers that the partridge sees.,It is with both its eyes and its wings that the falcon sees.,It is with both its beak and its talons that the eagle sees.,It is with both its wings and its claws that the bird sees.
a,zs,Yoruba,"Olórùká gbòrùka, ọwọ́ àwé dòfo.",The owner of the ring has taken back his ring; the fingers of the friend are now empty.,D,Regex Parse,The owner of the ring has taken back his possession; the hands of the companion are now bare.,The owner of the ring has reclaimed his ring; the hands of the friend are now unadorned.,The master of the ring has regained his ring; the fingers of the companion are now vacant.,The owner of the ring has taken back his ring; the fingers of the friend are now empty.
a,zs,Yoruba,Alágbàró ò yege; aláṣọ á gbà á bó dọ̀la.,She who borrows a wrapper skirt to wear is not home free; the owner of the cloth will take it back tomorrow.,A,Regex Parse,She who borrows a wrapper skirt to wear is not home free; the owner of the cloth will take it back tomorrow.,She who borrows clothes to adorn herself is not completely safe; the owner of the attire will reclaim it the next morning.,"When one wears borrowed attire to appear dignified, one's freedom is not guaranteed; the owner of the dress will reclaim it at dawn.",The person who wears borrowed adornments is not entirely secure; the one who owns the garment will retrieve it the following day.
a,zs,Yoruba,Kí ni apárí ńwá ní ìṣọ̀ onígbàjámọ̀?,What does a bald man want in the stall of the barber?,A,Regex Parse,What does a bald man want in the stall of the barber?,Why would a man with no hair visit the barber's salon?,What does a man with little hair seek in the barber's shop?,What purpose does a bald person serve in the barber's establishment?
a,zs,Yoruba,Ẹni tí ajá bá wá sóde lajá ḿbá relé.,Whoever the dog came out with is the per son the dog returns home with.,C,Regex Parse,Whoever the dog leaves with is the person the dog comes back with.,The person the dog accompanies out is the one the dog finds waiting at home.,Whoever the dog came out with is the per son the dog returns home with.,"When the dog departs, the person it goes with is who it returns with."
a,zs,Yoruba,Omi là ńkọ́-ọ́ tẹ̀ ká tó tẹ iyanrìn.,Water is the first thing one’s foot encounters before it encounters the sand.,C,Regex Parse,Water is the initial contact point before one's foot meets the sandy ground.,Water is the initial obstacle one faces before reaching the sandy beach.,Water is the first thing one’s foot encounters before it encounters the sand.,"In the journey of life, the first sensation is water before one steps on the sandy path."
a,zs,Yoruba,Ọ́bún ba irú aṣọ jẹ.,The filthy person destroys the appeal of a style of clothing.,C,Regex Parse,An unkempt individual can destroy the beauty of a certain fashion trend.,Someone with a tarnished image can mar the allure of a particular style of clothing.,The filthy person destroys the appeal of a style of clothing.,A person with a dirty reputation can ruin the charm of a particular style of clothing.
a,zs,Yoruba,A kì í gbé àárín ojì èèyàn ká má ṣì wí.,One cannot live amid forty people and never misspeak.,A,Regex Parse,One cannot live amid forty people and never misspeak.,A kì í gbé àárín elẹ́ẹ̀ẹ̀gbẹ́ èèyàn ká má ṣì wí.,A kì í gbé àárín ojú èèyàn ká má ṣì wí.,A kì í gbé àárín mẹrín èèyàn ká má ṣì wí.
a,zs,Yoruba,Aṣusọ́nà ní ńfi ìyá-a rẹ̀ gbèpè,A child who shits on the path brings down curses on its mother. B,B,Regex Parse,A child who pollutes its own path faces the wrath of its mother's love.,A child who shits on the path brings down curses on its mother. B,"When offspring defile their path, their mother bears the consequences.",A young one who fouls its path incurs anger on its own mother.
a,zs,Yoruba,Ẹni tí a bá ńbá ṣíṣẹ́kí í ṣí lẹ; bórí bá túnni ṣe a kì í tẹ́ bọ̀rọ̀.,The person being lent a hand does not malinger; one whom Providence favors is not easily disgraced.,A,Parse Failed,The person being lent a hand does not malinger; one whom Providence favors is not easily disgraced.,API Failure C,API Failure A,API Failure B
a,zs,Yoruba,TẸ̀gbá tẸ̀sà ló mọ Láfì lágẹmọ; gbogbo ayé ló mọ Tẹlẹ̀mú lólè.,Both the Ẹ̀gbá and the Ẹ̀sà people know that Láfì is like the chameleon; the whole world knows Tẹlmú as a thief. ,B,Regex Parse,Both Ẹ̀gbá and Ẹ̀sà people know Láfì's unique ability to change color like a chameleon; Tẹlmú is notorious throughout the world as a cunning thief.,Both the Ẹ̀gbá and the Ẹ̀sà people know that Láfì is like the chameleon; the whole world knows Tẹlmú as a thief. ,The Ẹ̀gbá and Ẹ̀sà people understand Láfì's adaptability like a chameleon; everyone recognizes Tẹlmú as a notorious thief.,Ẹ̀gbá and Ẹ̀sà people acknowledge Láfì's transformational abilities as those of a chameleon; the entire world considers Tẹlmú a skilled thief.
a,zs,Yoruba,A kì í fi gbèsè sọ́rùn ṣọ̀ṣọ́.,One does not carry debt around one’s neck and live like a dandy.,A,Regex Parse,One does not carry debt around one’s neck and live like a dandy.,One doesn't keep financial burdens at one's throat and flaunt wealth.,One doesn't bear debts on one's shoulders and live extravagantly.,One doesn't have financial obligations around one's neck and behave carelessly.
a,zs,Yoruba,Òṣìṣẹ́ lọ̀tá ọ̀lẹ.,The industrious person is the enemy of the shiftless person.,D,Regex Parse,The hardworking individual is a foe to the lazy person.,The industrious individual is a constant adversary to the shiftless worker.,The diligent worker is the nemesis of the idle person.,The industrious person is the enemy of the shiftless person.
a,zs,Yoruba,Ọjo kì í to lọ bi òréré.,Days do not go on straight like an avenue.,A,Regex Parse,Days do not go on straight like an avenue.,Days don't travel swiftly like a highway.,Days don't move steadily like a thoroughfare.,No day proceeds directly like a straight road.
a,zs,Yoruba,"""Ọ̀ràn yí ò dùn mí"": ẹ̀ẹ̀kanṣoṣo là ńwí i. ","""This matter does not hurt me"": stating it only once suffices.",D,Parse Failed,API Failure A,API Failure C,API Failure B,"""This matter does not hurt me"": stating it only once suffices."
a,zs,Yoruba,"Ọbẹ̀-ẹ́ tutù tán, a dawọ́ bù ú lá.","The stew having cooled, one hollows one’s palm to eat it.",D,Regex Parse,"Food having lost heat, one uses the hands to eat it.","When food has cooled down, one uses the hand to eat.","The meal having grown cool, one scoops with one's fingers.","The stew having cooled, one hollows one’s palm to eat it."
a,zs,Yoruba,Ohun tí a ó fẹ́ kéèyàn ó mọ̀ là ńṣe lábẹ́lẹ̀.,It is what one wishes to keep a secret that one does in private.,D,Regex Parse,It is what one wants to hide that one does in the dead of night.,It is what one wishes to hide from the world that one does in secret.,What one tries to conceal is what one does when no one is watching.,It is what one wishes to keep a secret that one does in private.
a,zs,Yoruba,Bàbá laláàbò; ìyá lonírànwọ́; orogún nikú,A father is a protector; a mother is a helper; a co-wife is death.,A,Regex Parse,A father is a protector; a mother is a helper; a co-wife is death.,A father is a guardian; a mother is a caretaker; a co-wife is calamity.,A father is a guardian; a mother is a supporter; a co-wife is devastation.,A father is a guardian; a mother is a provider; a co-wife is destruction.
a,zs,Yoruba,"Asárélówó ḿbẹ lọ́nà ogun; Apọ̀ṣẹ̀ṣẹ̀ m̀bẹ lọ́nà èrò; Bó-pẹ́-títí-ng-ó-lá ḿbẹlábà, ó ńjẹ ẹ̀sun iṣu.","He-who-hurries-after-riches is on his way to battle; He-who-has-in-abundance is off on his travels; By-and-by-‘‘I-will-be-rich’’ is back in his hut, eating roasted yams.",C,Regex Parse,"He-who-runs-after-wealth is on his way to strife; He-who-benefits-from-plenty is off on his travels; By-and-by-'I-will-be-wealthy' is back in his dwelling, eating roasted yams.","He-who-hastens-after-money is on his way to conflict; He-who-is-abundantly-endowed is off on his expedition; By-and-by-'I-shall-be-wealthy' is back in his home, savoring roasted tubers.","He-who-hurries-after-riches is on his way to battle; He-who-has-in-abundance is off on his travels; By-and-by-‘‘I-will-be-rich’’ is back in his hut, eating roasted yams.","He-who-rushes-towards-wealth is on his path to war; He-who-possesses-plenty is set upon his journey; By-and-by-'I-will-be-rich' is back in his hut, feasting on roasted yams."
a,zs,Yoruba,Òṣùpá ò mòde òtòṣì; bó bá délé ọlọ́rọ̀ á dé tèmi.,"The moon does not know which yard be longs to a poor man; if it reaches a wealthy man’s abode, it will reach mine also.",D,Regex Parse,"The moon is unaware of which part of the yard belongs to a poor man; if it reaches a rich person's estate, it will certainly reach mine too.","The moon does not know which path belongs to a poor person; if it reaches the mansion of a rich person, it will also reach mine.","The moon does not know which side of the yard belongs to a poor person; if it reaches a wealthy person's house, it will automatically reach mine as well.","The moon does not know which yard be longs to a poor man; if it reaches a wealthy man’s abode, it will reach mine also."
a,zs,Yoruba,"À ńjọ- rìn, a kò mọ orí olówó.","Though we might travel as a group, we do not know who is destined to prosper.",C,Regex Parse,"Throughout a journey undertaken in unison, there's no way to foretell who shall triumph.","Though traveling in tandem, one cannot be certain who shall ultimately flourish.","Though we might travel as a group, we do not know who is destined to prosper.","Even when journeying as a collective, it cannot be predicted who shall experience success."
a,zs,Yoruba,Ẹni à ńgbé gẹ̀gẹ̀ ni yó ba àrà rẹ̀ jẹ.,It is the person who is revered that will disgrace himself or herself.,A,Regex Parse,It is the person who is revered that will disgrace himself or herself.,The person who is held in high esteem will be the one to bring their own shame.,The one who is revered by many will ultimately suffer public ridicule.,It is the person who is highly respected that will bring shame to himself or herself.
a,zs,Yoruba,Ọ̀já kan ò dàbí já òróòro; òkè kan ò dàbí Òkèe Gbadi; ọmú kan ò dùn bí ọmú ìyá ẹni.,No sash compares with the red sash; no hill compares with Gbadi Hill; no breast milk is as delicious as one’s mother’s breast milk.,C,Regex Parse,No shawl can match the crimson shawl; no hill is comparable to Gbadi Hill; no infant's milk is as nourishing as one's mother's milk.,No shawl equals the crimson shawl; no peak equals the majestic Gbadi Peak; no mother's milk is as sweet as one's mother's milk.,No sash compares with the red sash; no hill compares with Gbadi Hill; no breast milk is as delicious as one’s mother’s breast milk.,No mantle rivals the scarlet mantle; no mountain is equivalent to Gbadi Mountain; no child's milk is as satisfying as one's mother's milk.
a,zs,Yoruba,Ìbínú baba òṣì.,Anger [is the] father of hopelessness.,B,Regex Parse,"Father of despair, anger is.",Anger [is the] father of hopelessness.,Bitterness is the father of sorrow.,Anger gives birth to darkness.
a,zs,Yoruba,"Wọ́n ní kárúgbó gba ọmọ pọ̀n, ó ní ṣe bí wọ́n mọ̀ pé òun ò léhín; wọ́n ní kó pa ọmọ jẹ ni? ","The old woman is asked to carry a child on her back, and she says but they know she has no teeth; was she asked to eat the child? ",A,Regex Parse,"The old woman is asked to carry a child on her back, and she says but they know she has no teeth; was she asked to eat the child? ","The aged woman is told to carry an infant on her back, and she responds, but they are aware that she has lost her dentition; was she requested to consume the child?","The elderly woman is instructed to hold a small infant on her back, and she says, but they know that she lacks molars; was she commissioned to take a bite of the child?","The elderly woman is asked to bear a small child on her back, and she says, but they understand that she has no dental structure; was she asked to chew on the child?"
a,zs,Yoruba,Fífẹ́ la fẹ́ ẹ̀fọ́ tí à ńpè-é ní ọ̀rẹ́ ẹ̀kọ; ti ilé ogè-é tó ogè-é jẹ.,It is only because one loves spinach that one calls it a friend of corn loaf; what the dandy has at home is enough food for him or her.,B,Regex Parse,You only call spinach a companion of corn loaf because you love it so much; what the fine person has at home is enough to last them through the years.,It is only because one loves spinach that one calls it a friend of corn loaf; what the dandy has at home is enough food for him or her.,It's only because one adores spinach that one considers it the best friend of corn loaf; what the noble one has in their home is sufficient to eat for a long time.,"One loves spinach so much that they call it an ally of corn loaf; after all, what the dandy has at home is enough to eat."
a,zs,Yoruba,Àrífín ilé ó jọkà jẹ òròmọ adìẹ.,Fear of losing face within one’s home dis suades one from eating day-old chicks.,D,Regex Parse,Fear of losing dignity within one’s family discourages one from consuming leftover poultry.,The anxiety of losing reputation within one's household prevents one from eating stale fowl.,Apprehension of losing honor within one's household deters one from consuming leftover poultry products.,Fear of losing face within one’s home dis suades one from eating day-old chicks.
a,zs,Yoruba,"Àparò, aṣọ-ọ̀ rẹ́ ṣe pọ́n báyìí? O ní ìgbà wo ni aṣọ òun ò níí pọ́n?  Ọ̀sán jíjẹ, òru sísùn, oúnjẹ̀ ò ṣéé fi sílẹ̀ lọ́sàn-án; orun ò ṣéé fi sílẹ̀ lóru.","Partridge, how come your dress is so red [dirty]? He said, how would his dress not be red [dirty]? In the afternoon grubbing for food, at night sleeping: one cannot leave off food in the afternoon, and one cannot leave off sleep at night.",B,Regex Parse,"Partridge, why's your feathers so ruffled? He said, how would his feathers not be ruffled? In the morning searching for seeds, at dusk resting: one can't leave off seeds in the morning, and one can't leave off rest at dusk.","Partridge, how come your dress is so red [dirty]? He said, how would his dress not be red [dirty]? In the afternoon grubbing for food, at night sleeping: one cannot leave off food in the afternoon, and one cannot leave off sleep at night.","Partridge, why are your plumage so disheveled? He said, how would his plumage not be disheveled? During the day digging for roots, at night snoring: one cannot abandon roots during the day, and one cannot abandon snoring at night.","Partridge, why's your coat so tattered? He said, how would his coat not be tattered? In the early hours foraging for berries, at late hours dozing: one cannot leave behind berries in the early hours, and one cannot leave behind dozing at late hours."
a,zs,Yoruba,"A kì í dé ilé ikú ká fóhórí kù; bí a ò bá tútù, a ó bàá gbígbẹ.","One does not get to Death’s home and fail to find heads; if one does not find fresh ones, one will find dry ones.",A,Regex Parse,"One does not get to Death’s home and fail to find heads; if one does not find fresh ones, one will find dry ones.","One does not reach Death's threshold without seeing skulls; if one doesn't find fresh skulls, one will find dry ones.","Death's home is not visited without encountering skulls; if one doesn't see fresh skulls, one will find old ones.","One does not enter Death's door without seeing heads; if one doesn't find fresh heads, one will find withered ones."
a,zs,Yoruba,Apárí ní ńfojú di abẹ.,It is a bald person who may be disdainful of the razor.,B,Regex Parse,It is a person with no hair who will mock the sharpness of the razor.,It is a bald person who may be disdainful of the razor.,It is the one with no hair who will not be afraid of the barber.,A person without hair may still despise the razor's blade.
a,zs,Yoruba,"Ẹni tí yó kọ igba lóko, ìrìn ẹsẹ́-ẹ rẹ̀ là ńwò.",The person who vows to make two hundred heaps on the farm: one should pay attention to how he walks.,C,Regex Parse,"The person who promises to create a hundred loads in the orchard, it's his steps that should be watched carefully.",The person who vows to make a hundred mountains of hay in the farm: his path should be carefully observed.,The person who vows to make two hundred heaps on the farm: one should pay attention to how he walks.,The one who swears to build one hundred piles of grain in the field: we must consider his every step.
a,zs,Yoruba,Ìyàwó jẹ ọkà jẹ igbá.,The wife ate the yam-flour meal and ate the calabash with it.,B,Regex Parse,The wife ate the yam-flour meal and used the calabash with it.,The wife ate the yam-flour meal and ate the calabash with it.,The wife ate the meal made of yam-flour and ate with the calabash.,The wife ate the yam-flour meal and used the calabash in eating with it.
a,zs,Yoruba,"Bí a kò bá lè dá Tápà, Tápà kì í dáni.","If one cannot throw a Nupe man in a wrestling match, he should not throw one.",D,Regex Parse,"If one cannot wrestle with a Nupe, then they should be cautious about wrestling anyone.","Do not try to challenge someone you know you cannot overpower, or you will suffer the consequences.","It is pointless to engage in a wrestling match with someone you cannot defeat, so avoid confrontations altogether.","If one cannot throw a Nupe man in a wrestling match, he should not throw one."
a,zs,Yoruba,"Bí a kò bá pàdé lókè, a ó pàdé lódò.","If we do not meet up on high, we will meet down below.",C,Regex Parse,"If we don't align on the crest, we'll collide in the depths.","If our pinnacles don't meet, we'll collide at the bottom.","If we do not meet up on high, we will meet down below.","If our ascent is not synchronized, we'll collide at the base."
a,zs,Yoruba,Olè kì í gbọ́ orúkọ ẹ̀ kó dúró.,A thief does not hear his name and stand in place.,D,Regex Parse,A burglar doesn't hear his name called and stop moving.,A burglar doesn't hear his identity and remain still.,A thief does not hear his alias and stay put.,A thief does not hear his name and stand in place.
a,zs,Yoruba,"Ọkọ̀ ńjò, ọkọ̀ ńjò! Ìgbà tó bá rì, kò parí ná?","The boat is leaking, the boat is leaking! After it sinks, won’t matters end?",A,Regex Parse,"The boat is leaking, the boat is leaking! After it sinks, won’t matters end?","The vessel is leaking, the vessel is leaking! Once it's submerged, won't all problems cease?","The ship is sinking, the ship is sinking! When it finally goes down, will everything be over?","The watercraft is leaking, the watercraft is leaking! Once it meets its demise, will all concerns end?"
a,zs,Yoruba,Ọmọ tó káwọ́ sókè ló fẹ́ ká gbé òun.,It is the child who raises its arms that induces people to lift it.,A,Regex Parse,It is the child who raises its arms that induces people to lift it.,It is the one who stretches their hands that encourages others to carry them.,It is the child who lifts its hands that compels people to take it up.,The one who raises their arms is the one who forces people to pick them up.
a,zs,Yoruba,"Ìyà mẹ́ta a-fàdá-pa-ikún: ikún lọ, àdá nù, aládàá ní òun ó gba àdá òun.","Three misfortunes that befell the person who would kill a squirrel with a cutlass: the squirrel escaped, the cutlass was lost, and the owner of the cutlass demanded its return.",A,Regex Parse,"Three misfortunes that befell the person who would kill a squirrel with a cutlass: the squirrel escaped, the cutlass was lost, and the owner of the cutlass demanded its return.","Four disasters that struck the individual who attempted to slay a squirrel with a blade: the squirrel escaped unnoticed, the blade was lost in the bush, and the owner of the blade claimed it back.","Three calamities that befell the person who tried to eliminate a squirrel with an axe: the squirrel fled swiftly, the axe was misplaced, and the owner of the axe insisted on its return.","Three mishaps that befell the hunter who employed a machete to capture a squirrel: the squirrel evaded, the machete was misplaced, and the owner of the machete requested its retrieval."
a,zs,Yoruba,Àgùntàn ò pa aṣọ èṣí dà.,The sheep does not change its clothing from year to year.,A,Regex Parse,The sheep does not change its clothing from year to year.,The sheep doesn't change its garments seasonally.,The sheep doesn't change its wardrobe periodically.,The sheep doesn't alter its attire annually.
a,zs,Yoruba,Kí á lé akátá jìnnà ká tó bá adìẹ wí.,One should first chase the jackal away before reprimanding the chicken.,D,No reasoning provided,One should first vanquish the deceitful before reprimanding the naive.,It is advisable to chase the sly one away before correcting the innocent.,You must first handle the rogue before reprimanding the humble one.,One should first chase the jackal away before reprimanding the chicken.
a,zs,Yoruba,A kì í mọ́ egbò fúnra ẹni ká sunkún.,One does not treat one’s own sore and yet cry from the pain.,A,Regex Parse,One does not treat one’s own sore and yet cry from the pain.,A kì í mọ́ egbò fúnra ẹni ká mọ́kànkàn.,A kì í mọ́ egbò fúnra ẹni ká fúnra gberé.,A kì í mọ́ egbò fúnra ẹni ká pín pín.
a,zs,Yoruba,Àbúrò kì í pa ẹ̀gbọ́n nítàn.,The younger person does not give the older person history lectures.,A,Regex Parse,The younger person does not give the older person history lectures.,The immature individual doesn't provide life lessons to the elderly person.,Younger individuals do not give lectures on past events to older people.,An immature person doesn't deliver historical accounts to someone older than them.
a,zs,Yoruba,Òjò pa gbòdògì ró wọ̀rọ̀-wọ̀rọ̀,"The rain pounds the gbòdògì, producing a loud noise.",B,Regex Parse,"Persistent rainfall pounds the old zinc roof, generating a deafening sound.","The rain pounds the gbòdògì, producing a loud noise.","Heavy showers pummel the corroded metal sheet, producing a cacophony of noise.","The downpour strikes the rusty roof, causing an uproar."
a,cot_en,Yoruba,"Bí a kò lówó, à léèyàn; bí a kò léèyàn à lóhùn rere lòrun.","If one lacks money, one should have people; if one lacks people, one should be pleasant in one’s speech.",C,No response,API Failure C,API Failure B,"If one lacks money, one should have people; if one lacks people, one should be pleasant in one’s speech.",API Failure A
a,cot_en,Yoruba,"A-kápò-má-ṣọdẹ: ọ̀tá ẹranko, ọ̀tá èèyàn.",He-who-carries-a-hunting-bag-but-does not-hunt: enemy alike of man and beast.,B,No response,API Failure C,He-who-carries-a-hunting-bag-but-does not-hunt: enemy alike of man and beast.,API Failure B,API Failure A
a,cot_en,Yoruba,Iwájú la ti ńjogún; ẹ̀hìn la ti ńṣàgbà.,"One inherits from one’s front, and one sets an example at one’s back.",D,No response,API Failure B,API Failure A,API Failure C,"One inherits from one’s front, and one sets an example at one’s back."
a,cot_en,Yoruba,"Ẹ̀rù kì í ba igbó, bẹ́ẹ̀ni kì í ba odò; ẹ̀rù kì í ba ọlọ lójú ata.","The forest knows no fear, and neither does the river know fear; the grindstone never shows fear in the face of pepper.",B,No response,API Failure A,"The forest knows no fear, and neither does the river know fear; the grindstone never shows fear in the face of pepper.",API Failure B,API Failure C
a,cot_en,Yoruba,"Ilé tí a gbá èèyàn létí wọ̀, bó pe títí a ó gbàá èèyàn létí jáde níbẹ̀.",A home one is able to enter only after one has slapped someone in the ears: sooner or later one will have to slap someone in the ears in order to get out of it.,B,No response,API Failure C,A home one is able to enter only after one has slapped someone in the ears: sooner or later one will have to slap someone in the ears in order to get out of it.,API Failure B,API Failure A
a,cot_en,Yoruba,"Ojú ti kókó, ojú ti eéwo; ojú ti aáràgbá ìdí pẹ̀lú.","The lump that attacks the head is shamed, the boil is shamed, and the hardened tissue on the buttocks is shamed also.",A,No response,"The lump that attacks the head is shamed, the boil is shamed, and the hardened tissue on the buttocks is shamed also.",API Failure B,API Failure A,API Failure C
a,cot_en,Yoruba,"Bí ẹ̀bìtì ò pa eku, a kó ẹyìn fẹ́lẹ́yìn.","If the snare does not kill the rat, it returns the kernel bait to the owner.",A,No response,"If the snare does not kill the rat, it returns the kernel bait to the owner.",API Failure B,API Failure A,API Failure C
a,cot_en,Yoruba,Tojú tìyẹ́ làparò-ó fi ńríran.,It is with both its eyes and its feathers that the partridge sees.,A,No response,It is with both its eyes and its feathers that the partridge sees.,API Failure C,API Failure B,API Failure A
a,cot_en,Yoruba,"Olórùká gbòrùka, ọwọ́ àwé dòfo.",The owner of the ring has taken back his ring; the fingers of the friend are now empty.,D,Regex Parse,"The ring's owner has reclaimed it, leaving the friend's fingers now empty and bare.",The owner reclaiming the ring results in the friend having empty fingers once more.,"When the ring is taken back by its owner, the friend's hand is left feeling empty.",The owner of the ring has taken back his ring; the fingers of the friend are now empty.
a,cot_en,Yoruba,Alágbàró ò yege; aláṣọ á gbà á bó dọ̀la.,She who borrows a wrapper skirt to wear is not home free; the owner of the cloth will take it back tomorrow.,A,Regex Parse,She who borrows a wrapper skirt to wear is not home free; the owner of the cloth will take it back tomorrow.,She who lends her favorite dress will surely get it back tomorrow in good condition.,"When you borrow a friend's jacket, remember the owner might need it back the following day.",Borrowing a scarf doesn't make it yours; the lender will ask for it the next day.
a,cot_en,Yoruba,Kí ni apárí ńwá ní ìṣọ̀ onígbàjámọ̀?,What does a bald man want in the stall of the barber?,A,Regex Parse,What does a bald man want in the stall of the barber?,Why does a bald man visit the barber's shop daily?,What would a bald man possibly buy at the barber?,What service can a barber offer to a bald man?
a,cot_en,Yoruba,Ẹni tí ajá bá wá sóde lajá ḿbá relé.,Whoever the dog came out with is the per son the dog returns home with.,C,Regex Parse,The path the dog follows outward is the path it traces back home.,"As the dog departs, so it returns, in the company of the one it set out with.",Whoever the dog came out with is the per son the dog returns home with.,"Where the dog's journey begins is where its journey ends, with the same companion."
a,cot_en,Yoruba,Omi là ńkọ́-ọ́ tẹ̀ ká tó tẹ iyanrìn.,Water is the first thing one’s foot encounters before it encounters the sand.,C,Regex Parse,Water is what the foot meets before stepping on the sandy beach.,The foot always encounters water before it reaches the sandy shoreline.,Water is the first thing one’s foot encounters before it encounters the sand.,"Before the foot touches solid ground, it first encounters flowing water."
a,cot_en,Yoruba,Ọ́bún ba irú aṣọ jẹ.,The filthy person destroys the appeal of a style of clothing.,C,Regex Parse,The appeal of stylish clothes is lost on a filthy wearer.,Filthiness of a person spoils the attractiveness of any clothing style.,The filthy person destroys the appeal of a style of clothing.,A dirty individual ruins the beauty of fashionable attire.
a,cot_en,Yoruba,A kì í gbé àárín ojì èèyàn ká má ṣì wí.,One cannot live amid forty people and never misspeak.,A,Regex Parse,One cannot live amid forty people and never misspeak.,"Amongst a crowd, a person cannot avoid sometimes speaking incorrectly.",It's impossible to reside with others and never speak out of turn.,"Living among many, one will inevitably say something amiss."
a,cot_en,Yoruba,Aṣusọ́nà ní ńfi ìyá-a rẹ̀ gbèpè,A child who shits on the path brings down curses on its mother. B,B,Regex Parse,A youngster who fouls the walkway will attract misfortune to its maternal figure.,A child who shits on the path brings down curses on its mother. B,The child that soils the pathway will bring shame to its mother.,A kid who defecates on the road invites trouble for its mom.
a,cot_en,Yoruba,Ẹni tí a bá ńbá ṣíṣẹ́kí í ṣí lẹ; bórí bá túnni ṣe a kì í tẹ́ bọ̀rọ̀.,The person being lent a hand does not malinger; one whom Providence favors is not easily disgraced.,A,No response,The person being lent a hand does not malinger; one whom Providence favors is not easily disgraced.,API Failure C,API Failure A,API Failure B
a,cot_en,Yoruba,TẸ̀gbá tẸ̀sà ló mọ Láfì lágẹmọ; gbogbo ayé ló mọ Tẹlẹ̀mú lólè.,Both the Ẹ̀gbá and the Ẹ̀sà people know that Láfì is like the chameleon; the whole world knows Tẹlmú as a thief. ,B,No response,API Failure C,Both the Ẹ̀gbá and the Ẹ̀sà people know that Láfì is like the chameleon; the whole world knows Tẹlmú as a thief. ,API Failure A,API Failure B
a,cot_en,Yoruba,A kì í fi gbèsè sọ́rùn ṣọ̀ṣọ́.,One does not carry debt around one’s neck and live like a dandy.,A,No response,One does not carry debt around one’s neck and live like a dandy.,API Failure A,API Failure B,API Failure C
a,cot_en,Yoruba,Òṣìṣẹ́ lọ̀tá ọ̀lẹ.,The industrious person is the enemy of the shiftless person.,D,No response,API Failure B,API Failure C,API Failure A,The industrious person is the enemy of the shiftless person.
a,cot_en,Yoruba,Ọjo kì í to lọ bi òréré.,Days do not go on straight like an avenue.,A,No response,Days do not go on straight like an avenue.,API Failure C,API Failure A,API Failure B
a,cot_en,Yoruba,"""Ọ̀ràn yí ò dùn mí"": ẹ̀ẹ̀kanṣoṣo là ńwí i. ","""This matter does not hurt me"": stating it only once suffices.",D,No response,API Failure A,API Failure C,API Failure B,"""This matter does not hurt me"": stating it only once suffices."
a,cot_en,Yoruba,"Ọbẹ̀-ẹ́ tutù tán, a dawọ́ bù ú lá.","The stew having cooled, one hollows one’s palm to eat it.",D,No response,API Failure C,API Failure B,API Failure A,"The stew having cooled, one hollows one’s palm to eat it."
a,cot_en,Yoruba,Ohun tí a ó fẹ́ kéèyàn ó mọ̀ là ńṣe lábẹ́lẹ̀.,It is what one wishes to keep a secret that one does in private.,D,No response,API Failure A,API Failure C,API Failure B,It is what one wishes to keep a secret that one does in private.
a,cot_en,Yoruba,Bàbá laláàbò; ìyá lonírànwọ́; orogún nikú,A father is a protector; a mother is a helper; a co-wife is death.,A,Regex Parse,A father is a protector; a mother is a helper; a co-wife is death.,A father is a shelter; a mother is an assistant; a co-wife is a threat.,A father is a defender; a mother is a supporter; a co-wife is an enemy.,A father is a guardian; a mother is a caregiver; a co-wife is a rival.
a,cot_en,Yoruba,"Asárélówó ḿbẹ lọ́nà ogun; Apọ̀ṣẹ̀ṣẹ̀ m̀bẹ lọ́nà èrò; Bó-pẹ́-títí-ng-ó-lá ḿbẹlábà, ó ńjẹ ẹ̀sun iṣu.","He-who-hurries-after-riches is on his way to battle; He-who-has-in-abundance is off on his travels; By-and-by-‘‘I-will-be-rich’’ is back in his hut, eating roasted yams.",C,Regex Parse,"He-who-pursues-prosperity is on his way to war; He-who-has-much is off to explore; By-and-by-I-shall-be-rich settles back in his cottage, relishing grilled plantains.","The-one-who-chases-riches is en route to conflict; The-one-with-plenty is embarking on an adventure; Eventually-I-will-be-rich returns to the village, savoring boiled cassava.","He-who-hurries-after-riches is on his way to battle; He-who-has-in-abundance is off on his travels; By-and-by-‘‘I-will-be-rich’’ is back in his hut, eating roasted yams.","He-who-rushes-for-wealth is heading to a fight; He-who-is-abundant is setting out on a journey; Slowly-but-surely-I-will-be-wealthy stays home, enjoying sweet potatoes."
a,cot_en,Yoruba,Òṣùpá ò mòde òtòṣì; bó bá délé ọlọ́rọ̀ á dé tèmi.,"The moon does not know which yard be longs to a poor man; if it reaches a wealthy man’s abode, it will reach mine also.",D,Regex Parse,"The stars are unaware of the boundary of a needy man's land; if they twinkle over a wealthy man's estate, they will twinkle over mine as well.","The sun does not recognize the home of a poor person; if it shines on a rich man's house, it will shine on mine too.","The wind does not distinguish between the garden of a poor family; if it blows through a wealthy man's yard, it will blow through mine also.","The moon does not know which yard be longs to a poor man; if it reaches a wealthy man’s abode, it will reach mine also."
a,cot_en,Yoruba,"À ńjọ- rìn, a kò mọ orí olówó.","Though we might travel as a group, we do not know who is destined to prosper.",C,Regex Parse,"In traveling as one, we cannot foresee who among us will ultimately succeed.","While we may walk the same path, it remains unclear who will find success.","Though we might travel as a group, we do not know who is destined to prosper.","Though many journey together, only a few are chosen to truly flourish."
a,cot_en,Yoruba,Ẹni à ńgbé gẹ̀gẹ̀ ni yó ba àrà rẹ̀ jẹ.,It is the person who is revered that will disgrace himself or herself.,A,Regex Parse,It is the person who is revered that will disgrace himself or herself.,Those who are highly revered are usually the ones to ultimately disgrace themselves.,The person who receives the most respect will likely bring about their own disgrace.,It is often the revered individual who ends up causing their own shame.
a,cot_en,Yoruba,Ọ̀já kan ò dàbí já òróòro; òkè kan ò dàbí Òkèe Gbadi; ọmú kan ò dùn bí ọmú ìyá ẹni.,No sash compares with the red sash; no hill compares with Gbadi Hill; no breast milk is as delicious as one’s mother’s breast milk.,C,Regex Parse,Every sash is outdone by the crimson belt; Gbadi Peak stands unmatched; a mother's breast milk remains unbeatable.,No cloth rivals the red scarf; no mound equals Gbadi Mountain; no nourishment surpasses a mother's milk.,No sash compares with the red sash; no hill compares with Gbadi Hill; no breast milk is as delicious as one’s mother’s breast milk.,The red bandana exceeds all other headbands; Gbadi Summit is incomparable; mother's milk is more nourishing than any formula.
a,cot_en,Yoruba,Ìbínú baba òṣì.,Anger [is the] father of hopelessness.,B,Parse Failed,API Failure B,Anger [is the] father of hopelessness.,API Failure C,API Failure A
a,cot_en,Yoruba,"Wọ́n ní kárúgbó gba ọmọ pọ̀n, ó ní ṣe bí wọ́n mọ̀ pé òun ò léhín; wọ́n ní kó pa ọmọ jẹ ni? ","The old woman is asked to carry a child on her back, and she says but they know she has no teeth; was she asked to eat the child? ",A,"The given proverb is a Yoruba expression that conveys a message about the limitations of one's abilities. To create distractors that are indistinguishable from the correct answer, I need to maintain a similar word count, grammatical complexity, tone, and lexical overlap. The proverb mentions an old woman, a child, and the idea of carrying or eating, which will be incorporated into the distractors. The tone is informal and conversational, with a touch of metaphorical expression. The distractors will be generated to match these characteristics.","The old woman is asked to carry a child on her back, and she says but they know she has no teeth; was she asked to eat the child? ","They ask the elderly lady to care for an infant, and she says but they know she has no experience; was she asked to feed the child?","The old woman is told to hold a baby, and she says but they know she has no energy; was she asked to raise the child?","The aged woman is requested to nurture a toddler, and she says but they know she has no patience; was she asked to discipline the child?"
a,cot_en,Yoruba,Fífẹ́ la fẹ́ ẹ̀fọ́ tí à ńpè-é ní ọ̀rẹ́ ẹ̀kọ; ti ilé ogè-é tó ogè-é jẹ.,It is only because one loves spinach that one calls it a friend of corn loaf; what the dandy has at home is enough food for him or her.,B,No response,API Failure C,It is only because one loves spinach that one calls it a friend of corn loaf; what the dandy has at home is enough food for him or her.,API Failure B,API Failure A
a,cot_en,Yoruba,Àrífín ilé ó jọkà jẹ òròmọ adìẹ.,Fear of losing face within one’s home dis suades one from eating day-old chicks.,D,No response,API Failure A,API Failure B,API Failure C,Fear of losing face within one’s home dis suades one from eating day-old chicks.
a,cot_en,Yoruba,"Àparò, aṣọ-ọ̀ rẹ́ ṣe pọ́n báyìí? O ní ìgbà wo ni aṣọ òun ò níí pọ́n?  Ọ̀sán jíjẹ, òru sísùn, oúnjẹ̀ ò ṣéé fi sílẹ̀ lọ́sàn-án; orun ò ṣéé fi sílẹ̀ lóru.","Partridge, how come your dress is so red [dirty]? He said, how would his dress not be red [dirty]? In the afternoon grubbing for food, at night sleeping: one cannot leave off food in the afternoon, and one cannot leave off sleep at night.",B,No response,API Failure A,"Partridge, how come your dress is so red [dirty]? He said, how would his dress not be red [dirty]? In the afternoon grubbing for food, at night sleeping: one cannot leave off food in the afternoon, and one cannot leave off sleep at night.",API Failure B,API Failure C
a,cot_en,Yoruba,"A kì í dé ilé ikú ká fóhórí kù; bí a ò bá tútù, a ó bàá gbígbẹ.","One does not get to Death’s home and fail to find heads; if one does not find fresh ones, one will find dry ones.",A,No response,"One does not get to Death’s home and fail to find heads; if one does not find fresh ones, one will find dry ones.",API Failure A,API Failure B,API Failure C
a,cot_en,Yoruba,Apárí ní ńfojú di abẹ.,It is a bald person who may be disdainful of the razor.,B,No response,API Failure C,It is a bald person who may be disdainful of the razor.,API Failure A,API Failure B
a,cot_en,Yoruba,"Ẹni tí yó kọ igba lóko, ìrìn ẹsẹ́-ẹ rẹ̀ là ńwò.",The person who vows to make two hundred heaps on the farm: one should pay attention to how he walks.,C,No response,API Failure A,API Failure C,The person who vows to make two hundred heaps on the farm: one should pay attention to how he walks.,API Failure B
a,cot_en,Yoruba,Ìyàwó jẹ ọkà jẹ igbá.,The wife ate the yam-flour meal and ate the calabash with it.,B,No response,API Failure A,The wife ate the yam-flour meal and ate the calabash with it.,API Failure B,API Failure C
a,cot_en,Yoruba,"Bí a kò bá lè dá Tápà, Tápà kì í dáni.","If one cannot throw a Nupe man in a wrestling match, he should not throw one.",D,No response,API Failure A,API Failure C,API Failure B,"If one cannot throw a Nupe man in a wrestling match, he should not throw one."
a,cot_en,Yoruba,"Bí a kò bá pàdé lókè, a ó pàdé lódò.","If we do not meet up on high, we will meet down below.",C,Regex Parse,"Unless we meet on the lower ground, we will surely meet on high.","When we do not converge below, our paths will meet on high.","If we do not meet up on high, we will meet down below.","If we fail to meet below, our meeting will be up high."
a,cot_en,Yoruba,Olè kì í gbọ́ orúkọ ẹ̀ kó dúró.,A thief does not hear his name and stand in place.,D,Regex Parse,One who steals does not stay upon hearing their name called.,A culprit won't hear their title and remain stationary.,The thief will not stand when hearing their own name.,A thief does not hear his name and stand in place.
a,cot_en,Yoruba,"Ọkọ̀ ńjò, ọkọ̀ ńjò! Ìgbà tó bá rì, kò parí ná?","The boat is leaking, the boat is leaking! After it sinks, won’t matters end?",A,Regex Parse,"The boat is leaking, the boat is leaking! After it sinks, won’t matters end?","The ship is foundering, the ship is foundering! Once it's lost, won't all be undone?","The vessel is sinking, the vessel is sinking! After it's gone, won't troubles cease?","The craft is going down, the craft is going down! After it's submerged, won't issues resolve?"
a,cot_en,Yoruba,Ọmọ tó káwọ́ sókè ló fẹ́ ká gbé òun.,It is the child who raises its arms that induces people to lift it.,A,Regex Parse,It is the child who raises its arms that induces people to lift it.,It is the person who extends a hand that invites others to offer support.,"When a child reaches out, it is an indication for others to provide a helping hand.",The individual who signals for aid is the one who receives assistance.
a,cot_en,Yoruba,"Ìyà mẹ́ta a-fàdá-pa-ikún: ikún lọ, àdá nù, aládàá ní òun ó gba àdá òun.","Three misfortunes that befell the person who would kill a squirrel with a cutlass: the squirrel escaped, the cutlass was lost, and the owner of the cutlass demanded its return.",A,Regex Parse,"Three misfortunes that befell the person who would kill a squirrel with a cutlass: the squirrel escaped, the cutlass was lost, and the owner of the cutlass demanded its return.","A person attempting to kill a squirrel with a cutlass faced three setbacks: the squirrel escaped quickly, the cutlass got lost in the process, and the lender of the cutlass requested repayment.","When someone tried to hunt a squirrel using a cutlass, three unfortunate events happened: the squirrel fled, the cutlass was lost during the chase, and the person who lent the cutlass wanted it returned immediately.","Three mishaps occurred when trying to catch a squirrel with a large knife: the squirrel ran away, the knife was misplaced, and its owner asked for it back."
a,cot_en,Yoruba,Àgùntàn ò pa aṣọ èṣí dà.,The sheep does not change its clothing from year to year.,A,Regex Parse,The sheep does not change its clothing from year to year.,The goat does not alter its coat every year.,A sheep's nature does not change with the passing years.,Sheep do not modify their appearance year after year.
a,cot_en,Yoruba,Kí á lé akátá jìnnà ká tó bá adìẹ wí.,One should first chase the jackal away before reprimanding the chicken.,D,Regex Parse,It's wise to remove the jackal's threat before addressing the chicken's misbehavior.,Chasing the jackal is a priority before one can reprimand the chicken effectively.,"Before scolding the chicken, ensure the jackal is chased away first.",One should first chase the jackal away before reprimanding the chicken.
a,cot_en,Yoruba,A kì í mọ́ egbò fúnra ẹni ká sunkún.,One does not treat one’s own sore and yet cry from the pain.,A,Regex Parse,One does not treat one’s own sore and yet cry from the pain.,Nobody mends their own hurt and yet complains of the suffering.,One does not nurse their own bruise and then bemoan the discomfort.,One cannot heal their own wound and still lament the agony.
a,cot_en,Yoruba,Àbúrò kì í pa ẹ̀gbọ́n nítàn.,The younger person does not give the older person history lectures.,A,No response,The younger person does not give the older person history lectures.,API Failure A,API Failure C,API Failure B
a,cot_en,Yoruba,Òjò pa gbòdògì ró wọ̀rọ̀-wọ̀rọ̀,"The rain pounds the gbòdògì, producing a loud noise.",B,No response,API Failure B,"The rain pounds the gbòdògì, producing a loud noise.",API Failure C,API Failure A
a,cot_xl,Yoruba,"Bí a kò lówó, à léèyàn; bí a kò léèyàn à lóhùn rere lòrun.","If one lacks money, one should have people; if one lacks people, one should be pleasant in one’s speech.",C,Parse Failed,API Failure C,API Failure B,"If one lacks money, one should have people; if one lacks people, one should be pleasant in one’s speech.",API Failure A
a,cot_xl,Yoruba,"A-kápò-má-ṣọdẹ: ọ̀tá ẹranko, ọ̀tá èèyàn.",He-who-carries-a-hunting-bag-but-does not-hunt: enemy alike of man and beast.,B,Regex Parse,He-who-carries-a-water-bag-but-does-not-quench-thirst: enemy alike of human and beast.,He-who-carries-a-hunting-bag-but-does not-hunt: enemy alike of man and beast.,He-who-carries-a-war-hammer-but-does-not-fight: enemy alike of man and tree.,He-who-carries-a-fishing-net-but-does-not-fish: enemy alike of fish and land-dweller.
a,cot_xl,Yoruba,Iwájú la ti ńjogún; ẹ̀hìn la ti ńṣàgbà.,"One inherits from one’s front, and one sets an example at one’s back.",D,"In Yoruba, 'Iwájú' means 'front', 'la ti' means 'one inherits', 'ńjogún' means 'from', 'ẹ̀hìn' means 'back', 'la ti' means 'one sets', and 'ńṣàgbà' means 'an example'. This proverb warns people about the importance of being a good role model, as the actions they take will be emulated by others. It emphasizes the idea that one's 'front' or behavior is what people will inherit, and the 'back' or actions they take will set an example for others to follow.","Èhìn ńjà ẹ̀kọ̀, òsìn ńjà ẹ̀hìn, omo ńjà ẹ̀hìn la ti ńṣàgbà.","Omo ńbá ńjà ẹ̀hìn la ti ńṣàgbà, ẹ̀kọ̀ ńbá ńjà iwájú la ti ńjogún.","Ọ̀rẹ́ ńjà ẹ̀hìn ni omo ńjà, ẹ̀kọ̀ ńjà ẹ̀hìn ni ẹ̀hìn ńjà ńjogún.","One inherits from one’s front, and one sets an example at one’s back."
a,cot_xl,Yoruba,"Ẹ̀rù kì í ba igbó, bẹ́ẹ̀ni kì í ba odò; ẹ̀rù kì í ba ọlọ lójú ata.","The forest knows no fear, and neither does the river know fear; the grindstone never shows fear in the face of pepper.",B,"The proverb Ẹ̀rù kì í ba igbó, bẹ́ẹ̀ni kì í ba odò; ẹ̀rù kì í ba ọlọ lójú ata is a Yoruba saying that means the forest (or wilderness) is fearless, and neither is the river (which represents the ever-changing nature of life), while the grindstone (which represents persistence and endurance) remains unafraid in the face of challenges (represented by pepper).","The forest never knows shame, and neither does the river know shame; the grindstone always shows confidence in the face of spice.","The forest knows no fear, and neither does the river know fear; the grindstone never shows fear in the face of pepper.","The forest knows no sorrow, and neither does the river know sorrow; the grindstone never hides its strength in the presence of herbs.","The forest is fearless of storms, and neither is the river fearful of storms; the grindstone remains calm in the face of hot sauce."
a,cot_xl,Yoruba,"Ilé tí a gbá èèyàn létí wọ̀, bó pe títí a ó gbàá èèyàn létí jáde níbẹ̀.",A home one is able to enter only after one has slapped someone in the ears: sooner or later one will have to slap someone in the ears in order to get out of it.,B,Regex Parse,3. The home you enter with problems will be the same one you will have to deal with when you try to leave it. (16 words),A home one is able to enter only after one has slapped someone in the ears: sooner or later one will have to slap someone in the ears in order to get out of it.,"2. You may not be able to enter a difficult situation without causing problems for someone, and you will have to face similar issues when you leave. (17 words)","1. If you want to get into trouble, you will eventually get into another kind of trouble when you leave. (15 words)"
a,cot_xl,Yoruba,"Ojú ti kókó, ojú ti eéwo; ojú ti aáràgbá ìdí pẹ̀lú.","The lump that attacks the head is shamed, the boil is shamed, and the hardened tissue on the buttocks is shamed also.",A,"This proverb is a Yoruba idiom that conveys shame or accountability for one's actions, regardless of the perpetrator's status or position. The literal translation breaks down as follows: 'ojú ti kókó' refers to a lump or boil on the head, 'ojú ti eéwo' refers to a boil or sore, and 'ojú ti aáràgbá' refers to a hardened tissue or abscess on the buttocks. The phrase 'ìdí pẹ̀lú' means 'also' or 'too.' The proverb is saying that even those in high positions, like the 'lump that attacks the head,' will be held accountable for their actions, just like those in lower positions, like the boil and hardened tissue on the buttocks.","The lump that attacks the head is shamed, the boil is shamed, and the hardened tissue on the buttocks is shamed also.","One's actions are shamed, whether it's a boil that attacks the head or a hard lump on the buttocks, everyone is held accountable.","The boil on the head is shamed, the lump is also shamed, and the hardened buttocks will be exposed too.","Whatever sores or swellings appear on one's body, whether on the head, boil, or hardened tissue, will all be exposed and shamed."
a,cot_xl,Yoruba,"Bí ẹ̀bìtì ò pa eku, a kó ẹyìn fẹ́lẹ́yìn.","If the snare does not kill the rat, it returns the kernel bait to the owner.",A,Parse Failed,"If the snare does not kill the rat, it returns the kernel bait to the owner.",API Failure B,API Failure A,API Failure C
a,cot_xl,Yoruba,Tojú tìyẹ́ làparò-ó fi ńríran.,It is with both its eyes and its feathers that the partridge sees.,A,Regex Parse,It is with both its eyes and its feathers that the partridge sees.,"Làparò-ó fi ńríran sílé, àti orí òkunrín lápò fi ṣe ẹrú.","Tojú tìyẹ́ láparò-ó fi ńríran sílẹ̀, àti èyí tìyẹ́ láparò-ó fi ńríran sílẹ̀","Ojú àti ẹgbẹ́rù lápò fi ṣe ẹrú, òkùnrin lápò fi ṣe ẹrú"
a,cot_xl,Yoruba,"Olórùká gbòrùka, ọwọ́ àwé dòfo.",The owner of the ring has taken back his ring; the fingers of the friend are now empty.,D,"Olórùká gbòrùka ni àwọn tí ọ̀rọ̀ wọ́n ṣe láti wọn, àwọn ẹnu àwé nígbà tí ọ́ wọn dòfo Ọwọ́ àwé dòfo ló wọ́n ṣe, èyí ni gbogbo ẹnu ọwọ́",The owner of the ring takes back what the owner of the ring gives away; empty fingers of the friend now,"The owner of the ring knows what the owner of the ring says is the agreement, the fingers of the friend are now empty when he receives what the owner of the ring gave","The owner of the ring is the one who makes the agreement, fingers of the friend now empty when he takes back what he gave",The owner of the ring has taken back his ring; the fingers of the friend are now empty.
a,cot_xl,Yoruba,Alágbàró ò yege; aláṣọ á gbà á bó dọ̀la.,She who borrows a wrapper skirt to wear is not home free; the owner of the cloth will take it back tomorrow.,A,Regex Parse,She who borrows a wrapper skirt to wear is not home free; the owner of the cloth will take it back tomorrow.,She who borrows a wrapper skirt is not free; the owner's hand will take it back.,"Borrowing a wrapper skirt may give you temporary freedom, but the owner will reclaim it soon enough.","When you borrow a wrapper skirt to wear, you're not home free yet; the real owner will get it tomorrow."
a,cot_xl,Yoruba,Kí ni apárí ńwá ní ìṣọ̀ onígbàjámọ̀?,What does a bald man want in the stall of the barber?,A,Regex Parse,What does a bald man want in the stall of the barber?,What does a man who is already shaven want in the barber's chair?,A man with a shaved head has no business in the barber shop.,Why would a bald person visit a barber for a haircut?
a,cot_xl,Yoruba,Ẹni tí ajá bá wá sóde lajá ḿbá relé.,Whoever the dog came out with is the per son the dog returns home with.,C,"This proverb is a Yoruba idiomatic expression that highlights the concept of companionship and loyalty. In this context, the dog represents a loyal companion, and the phrase emphasizes that one tends to associate with those they initially meet or accompany. The proverb advises that whoever you befriend or associate with initially will likely be the same people you return to or rely on in the future.",Ọ̀rẹ̀ tí ó ti bẹ́ ẹ̀lẹ́ mọ́ ni ó ti ri pé yẹ̀,Ọ̀rẹ̀ tí ó ti fi ẹ̀lẹ́ sílé ni ó ti wá sílé mọ́,Whoever the dog came out with is the per son the dog returns home with.,Ọ̀rẹ̀ tí ó fi ẹ̀lẹ́ kọ̀rẹ́ ni ó fi ẹ̀lẹ́ rẹ̀
a,cot_xl,Yoruba,Omi là ńkọ́-ọ́ tẹ̀ ká tó tẹ iyanrìn.,Water is the first thing one’s foot encounters before it encounters the sand.,C,Parse Failed,API Failure A,API Failure C,Water is the first thing one’s foot encounters before it encounters the sand.,API Failure B
a,cot_xl,Yoruba,Ọ́bún ba irú aṣọ jẹ.,The filthy person destroys the appeal of a style of clothing.,C,Parse Failed,API Failure B,API Failure C,The filthy person destroys the appeal of a style of clothing.,API Failure A
a,cot_xl,Yoruba,A kì í gbé àárín ojì èèyàn ká má ṣì wí.,One cannot live amid forty people and never misspeak.,A,Regex Parse,One cannot live amid forty people and never misspeak.,One cannot live among twenty people and never have a misstep in speech.,One cannot stay among fifty people and always speak correctly.,One cannot live among thirty people and never make a mistake.
a,cot_xl,Yoruba,Aṣusọ́nà ní ńfi ìyá-a rẹ̀ gbèpè,A child who shits on the path brings down curses on its mother. B,B,Regex Parse,A child who does not respect its elders brings curses on its father.,A child who shits on the path brings down curses on its mother. B,A child who walks on the path of trouble brings down evil spirits on its mother.,A child who speaks ill of its father brings shame to its mother.
a,cot_xl,Yoruba,Ẹni tí a bá ńbá ṣíṣẹ́kí í ṣí lẹ; bórí bá túnni ṣe a kì í tẹ́ bọ̀rọ̀.,The person being lent a hand does not malinger; one whom Providence favors is not easily disgraced.,A,Regex Parse,The person being lent a hand does not malinger; one whom Providence favors is not easily disgraced.,The person being helped does not lag behind; one whom destiny favors is not easily humiliated.,The person receiving aid does not falter; one blessed by fate is not quickly embarrassed.,One who is assisted does not dawdle; Providence favors those who are not hastily ridiculed.
a,cot_xl,Yoruba,TẸ̀gbá tẸ̀sà ló mọ Láfì lágẹmọ; gbogbo ayé ló mọ Tẹlẹ̀mú lólè.,Both the Ẹ̀gbá and the Ẹ̀sà people know that Láfì is like the chameleon; the whole world knows Tẹlmú as a thief. ,B,"This proverb is in the Yoruba language. It uses metaphors to describe two individuals, Láfì and Tẹlẹ̀mú. The Ẹ̀gbá and Ẹ̀sà people are known for their distinct cultures, but the proverb implies that they have a common understanding about Láfì's adaptability, much like the chameleon. On the other hand, Tẹlẹ̀mú is known as a thief, indicating that their reputation precedes them worldwide. The proverb highlights the idea that some people's actions and characteristics are well-known, even across different cultures and societies.",Tẹ̀gbá tẹ̀sà ló mọ Láfì lágẹmọ gbogbo ayé; gbogbo ayé ló mọ Tẹ̀lẹ̀mú lórí Ọlọrun,Both the Ẹ̀gbá and the Ẹ̀sà people know that Láfì is like the chameleon; the whole world knows Tẹlmú as a thief. ,Tẹ̀gbá tẹ̀sà ló mọ Láfì lágẹmọ rẹ̀; gbogbo ayé ló mọ Tẹ̀lẹ̀mú lórí Ọrẹ̀,Gbogbo tẹ̀gbá tẹ̀sà ló mọ Láfì lágẹmọ gbogbo; gbogbo ayé ló mọ Tẹ̀lẹ̀mú lólè gbogbo
a,cot_xl,Yoruba,A kì í fi gbèsè sọ́rùn ṣọ̀ṣọ́.,One does not carry debt around one’s neck and live like a dandy.,A,Parse Failed,One does not carry debt around one’s neck and live like a dandy.,API Failure A,API Failure B,API Failure C
a,cot_xl,Yoruba,Òṣìṣẹ́ lọ̀tá ọ̀lẹ.,The industrious person is the enemy of the shiftless person.,D,Regex Parse,A hard worker is the arch-nemesis of the loafer.,One who is industrious is the adversary of the idle.,The diligent one is the nemesis of the idle one.,The industrious person is the enemy of the shiftless person.
a,cot_xl,Yoruba,Ọjo kì í to lọ bi òréré.,Days do not go on straight like an avenue.,A,"Ọjo kì í to lọ bi òréré ni idiòm Yorùbá tí è sùn àti è sùn wọn dì è dógún gbé àwọn àjàn sí wàjúlẹ̀. Àìdọkun ní òréré lọ sí títí dé wájú, bákan náà, Ọjo kì í to lọ bi òréré, tí bàbá àwọn Ọjo wọn bọrí sí wájú títí dé wàjúlẹ̀. Ìdánimọ Ọjo ni àìmọ̀, è sùn wọn ni àjàn, tótó Ọjo ni àjàn gbé àwọn àjàn sí wàjúlẹ̀. Títí Ọjo kì í to lọ bi òréré, àìmọ̀ wọn ni àjàn gbé àjàn sí wàjúlẹ̀.",Days do not go on straight like an avenue.,Ọjo kì í to lọ bi àjàn gbé àjàn sí wàjúlẹ̀,Ọjo kì í to lọ bi àjàn,Ọjo kì í to lọ bi àjàn sí wàjúlẹ̀
a,cot_xl,Yoruba,"""Ọ̀ràn yí ò dùn mí"": ẹ̀ẹ̀kanṣoṣo là ńwí i. ","""This matter does not hurt me"": stating it only once suffices.",D,"In Yoruba, 'Ọ̀ràn yí ò dùn mí' is a proverb that translates to 'This matter does not hurt me.' The phrase 'ẹ̀ẹ̀kanṣoṣo là ńwí i' is its literal translation. It emphasizes that stating it only once is sufficient, implying that repetition is unnecessary and potentially redundant.","Ọ̀ràn yí ń bẹẹ, mí ńwí i","Ọ̀ràn yí ǹ tán, mí ń gbé i","Ẹ̀ẹ̀kanṣoṣo là ńyẹ i, ẹ̀gbọn ń wí","""This matter does not hurt me"": stating it only once suffices."
a,cot_xl,Yoruba,"Ọbẹ̀-ẹ́ tutù tán, a dawọ́ bù ú lá.","The stew having cooled, one hollows one’s palm to eat it.",D,Parse Failed,API Failure C,API Failure B,API Failure A,"The stew having cooled, one hollows one’s palm to eat it."
a,cot_xl,Yoruba,Ohun tí a ó fẹ́ kéèyàn ó mọ̀ là ńṣe lábẹ́lẹ̀.,It is what one wishes to keep a secret that one does in private.,D,"This proverb warns that secrets kept in private may ultimately lead to exposure. In Yoruba culture, it emphasizes the importance of honesty and transparency in personal relationships. The phrase 'ohun tí a ó fẹ́ kéèyàn' translates to 'what one wishes to keep a secret', and 'lábẹ́lẹ̀' means 'private'. The proverb's message is often used to caution individuals against deceit and dishonesty.",Eyi tí a ó fẹ́ pẹ̀lú ó wà lábẹ́lẹ̀.,Eyi tí a ó fẹ́ gba ó mọ̀ lábẹ́lẹ̀.,Ohun tí a ó fẹ́ kọ́ ó rí lábẹ́lẹ̀.,It is what one wishes to keep a secret that one does in private.
a,cot_xl,Yoruba,Bàbá laláàbò; ìyá lonírànwọ́; orogún nikú,A father is a protector; a mother is a helper; a co-wife is death.,A,Regex Parse,A father is a protector; a mother is a helper; a co-wife is death.,Àbá lorí òjò; ìyá laláàbò; orogún ni lonírànwọ́,Bàbá lonírànwọ́; ìyá laláàbò; orogún ni ojò,Àbá laláàbò; ìyá lorí òjò; orogún ni kọ̀ọ̀
a,cot_xl,Yoruba,"Asárélówó ḿbẹ lọ́nà ogun; Apọ̀ṣẹ̀ṣẹ̀ m̀bẹ lọ́nà èrò; Bó-pẹ́-títí-ng-ó-lá ḿbẹlábà, ó ńjẹ ẹ̀sun iṣu.","He-who-hurries-after-riches is on his way to battle; He-who-has-in-abundance is off on his travels; By-and-by-‘‘I-will-be-rich’’ is back in his hut, eating roasted yams.",C,Parse Failed,API Failure C,API Failure B,"He-who-hurries-after-riches is on his way to battle; He-who-has-in-abundance is off on his travels; By-and-by-‘‘I-will-be-rich’’ is back in his hut, eating roasted yams.",API Failure A
a,cot_xl,Yoruba,Òṣùpá ò mòde òtòṣì; bó bá délé ọlọ́rọ̀ á dé tèmi.,"The moon does not know which yard be longs to a poor man; if it reaches a wealthy man’s abode, it will reach mine also.",D,Regex Parse,"The wind does not know which farm belongs to a poor farmer; if it blows to a wealthy farmer’s field, it will also blow to mine too.","The sun does not know which house belongs to a poor man; if it reaches a rich man’s home, it will also be seen from my yard.","The rain does not know which field belongs to a poor farmer; if it reaches a wealthy farmer’s land, it will also fall on mine as well.","The moon does not know which yard be longs to a poor man; if it reaches a wealthy man’s abode, it will reach mine also."
a,cot_xl,Yoruba,"À ńjọ- rìn, a kò mọ orí olówó.","Though we might travel as a group, we do not know who is destined to prosper.",C,"À ńjọ-rìn means traveling together, while a kò mọ orí olówó means not knowing who will prosper or be successful. In Yoruba culture, this proverb emphasizes the importance of individual determination and resilience in achieving success, even when surrounded by others who may not share the same level of ambition or potential. It encourages individuals to focus on their own goals and aspirations, rather than relying on the success of others.","Even if we walk together as friends, we do not know who will discover their good luck.","When we travel with a group, we do not know who will find their own success.","Though we might travel as a group, we do not know who is destined to prosper.","Though we might journey in a company, we do not know who will find fortune."
a,cot_xl,Yoruba,Ẹni à ńgbé gẹ̀gẹ̀ ni yó ba àrà rẹ̀ jẹ.,It is the person who is revered that will disgrace himself or herself.,A,"The proverb Ẹni à ńgbé gẹ̀gẹ̀ ni yó ba àrà rẹ̀ jẹ̣́, which translates to 'It is the person who is revered that will disgrace himself or herself', is a Yoruba proverb that cautions against taking oneself too seriously or becoming arrogant. The proverb warns that those who are revered or highly respected may end up disgracing themselves due to their own actions or pride. This saying is often used to encourage humility and modesty.",It is the person who is revered that will disgrace himself or herself.,"Àgba ni ó ba àrà rẹ̀ jẹ́, ó ńgbé gẹ̀gẹ̀.","Kò yẹ̀ ò ńgbé gẹ̀gẹ̀, ó ba àrà rẹ̀ jẹ́.",Ẹni à ńgbé gẹ̀gẹ̀ ni ó ba àrà rẹ̀ jẹ́.
a,cot_xl,Yoruba,Ọ̀já kan ò dàbí já òróòro; òkè kan ò dàbí Òkèe Gbadi; ọmú kan ò dùn bí ọmú ìyá ẹni.,No sash compares with the red sash; no hill compares with Gbadi Hill; no breast milk is as delicious as one’s mother’s breast milk.,C,"In Yoruba proverb, we often use metaphors and comparisons to convey deeper meanings. This proverb is no exception. It highlights the uniqueness and exclusivity of certain things. The red sash, Gbadi Hill, and one's mother's breast milk are all unique and incomparable. The proverb is urging us to appreciate and cherish these things, rather than trying to compare them to others. It's a reminder of the beauty of individuality and the importance of appreciating what makes each thing special.",Ọ̀já kan ò dàbí já ẹ̀dá; òkè kan ò dàbí Òkèe Ẹ̀gbẹ̀; ọmú kan ò dùn bí ọmú ẹni gbogbo.,Ọ̀já kan ò dàbí já àṣọ àgbà; òkè kan ò dàbí Òkèe òsun; ọmú kan ò dùn bí ọmú gbogbo ẹnìyàn.,No sash compares with the red sash; no hill compares with Gbadi Hill; no breast milk is as delicious as one’s mother’s breast milk.,Ọ̀já kan ò dàbí já àṣọ àmọ̀; òkè kan ò dàbí Òkèe Kẹ̀ẹ̀; ọmú kan ò dùn bí ọmú ẹni àṣẹ.
a,cot_xl,Yoruba,Ìbínú baba òṣì.,Anger [is the] father of hopelessness.,B,"Ìbínú baba òṣì means that anger can lead to hopelessness. In this proverb, 'ibinu' means anger, 'baba' means father, and 'osi' means hopelessness. It highlights the potential consequences of unchecked anger. This proverb is often used in Yoruba culture to caution against the negative effects of anger and to promote emotional balance and self-control.","Ìbínú baba òṣì, è s'ìṣà. (Anger is the father of hopelessness, which is a habit)",Anger [is the] father of hopelessness.,"Àìlàn baba òṣì, è s'ìṣà, è s'ìṣà. (Anger is the father of hopelessness, which is a habit, which is a habit)","Àìlàn baba òṣì, è s'ìṣà. (Anger is the father of hopelessness, which is a habit)"
a,cot_xl,Yoruba,"Wọ́n ní kárúgbó gba ọmọ pọ̀n, ó ní ṣe bí wọ́n mọ̀ pé òun ò léhín; wọ́n ní kó pa ọmọ jẹ ni? ","The old woman is asked to carry a child on her back, and she says but they know she has no teeth; was she asked to eat the child? ",A,Regex Parse,"The old woman is asked to carry a child on her back, and she says but they know she has no teeth; was she asked to eat the child? ","A lazy person is asked to build a house, and he says but they know he has no strength; was he asked to lift a stone?","A blind man is asked to guide a stranger, and he says but they know he has no eyes; was he asked to see the stranger?","A deaf person is asked to listen to a song, and he says but they know he has no ears; was he asked to sing a tune?"
a,cot_xl,Yoruba,Fífẹ́ la fẹ́ ẹ̀fọ́ tí à ńpè-é ní ọ̀rẹ́ ẹ̀kọ; ti ilé ogè-é tó ogè-é jẹ.,It is only because one loves spinach that one calls it a friend of corn loaf; what the dandy has at home is enough food for him or her.,B,Regex Parse,People who love spinach would call it a close friend to corn loaf; what the dandy has at home is sufficient for their needs.,It is only because one loves spinach that one calls it a friend of corn loaf; what the dandy has at home is enough food for him or her.,It is only because one loves spinach that one calls corn loaf its best friend; the dandy's home provides them with all they need.,Only those who love spinach give it the title of corn loaf's closest friend; the dandy's own home has enough for them.
a,cot_xl,Yoruba,Àrífín ilé ó jọkà jẹ òròmọ adìẹ.,Fear of losing face within one’s home dis suades one from eating day-old chicks.,D,Regex Parse,Fear of losing face in the family stops one from eating old chicks.,One's fear of being ashamed at home prevents eating old chicken.,Fear of social embarrassment at home discourages eating old chicks.,Fear of losing face within one’s home dis suades one from eating day-old chicks.
a,cot_xl,Yoruba,"Àparò, aṣọ-ọ̀ rẹ́ ṣe pọ́n báyìí? O ní ìgbà wo ni aṣọ òun ò níí pọ́n?  Ọ̀sán jíjẹ, òru sísùn, oúnjẹ̀ ò ṣéé fi sílẹ̀ lọ́sàn-án; orun ò ṣéé fi sílẹ̀ lóru.","Partridge, how come your dress is so red [dirty]? He said, how would his dress not be red [dirty]? In the afternoon grubbing for food, at night sleeping: one cannot leave off food in the afternoon, and one cannot leave off sleep at night.",B,Parse Failed,API Failure A,"Partridge, how come your dress is so red [dirty]? He said, how would his dress not be red [dirty]? In the afternoon grubbing for food, at night sleeping: one cannot leave off food in the afternoon, and one cannot leave off sleep at night.",API Failure B,API Failure C
a,cot_xl,Yoruba,"A kì í dé ilé ikú ká fóhórí kù; bí a ò bá tútù, a ó bàá gbígbẹ.","One does not get to Death’s home and fail to find heads; if one does not find fresh ones, one will find dry ones.",A,Regex Parse,"One does not get to Death’s home and fail to find heads; if one does not find fresh ones, one will find dry ones.","One does not get to Death’s home and return empty-handed; if one does not find a fresh catch, one will find an old one.","You can’t visit Death’s home and come back with nothing; if you don’t find a fresh head, you will find a dry one.","One does not get to Death’s abode and leave with nothing; if one doesn’t find a fresh head, one will find an old one."
a,cot_xl,Yoruba,Apárí ní ńfojú di abẹ.,It is a bald person who may be disdainful of the razor.,B,Regex Parse,The one without hair will often despise the cutting tool.,It is a bald person who may be disdainful of the razor.,It is the bald person who disdains the use of razors.,A person without hair looks down upon the razor's importance.
a,cot_xl,Yoruba,"Ẹni tí yó kọ igba lóko, ìrìn ẹsẹ́-ẹ rẹ̀ là ńwò.",The person who vows to make two hundred heaps on the farm: one should pay attention to how he walks.,C,Parse Failed,API Failure A,API Failure C,The person who vows to make two hundred heaps on the farm: one should pay attention to how he walks.,API Failure B
a,cot_xl,Yoruba,Ìyàwó jẹ ọkà jẹ igbá.,The wife ate the yam-flour meal and ate the calabash with it.,B,"Proverbial expression in Yoruba, Ìyàwó jẹ ọkà jẹ igbá, roughly translates to the concept of the wife doing two jobs at once, emphasizing her multitasking abilities and capability to handle multiple tasks simultaneously.",Ìyàwó jẹ ọkà jẹ ilé.,The wife ate the yam-flour meal and ate the calabash with it.,Ìyàwó jẹ ọkà jẹ igba ẹrọ.,Ìyàwó jẹ ọkà jẹ ojúwo.
a,cot_xl,Yoruba,"Bí a kò bá lè dá Tápà, Tápà kì í dáni.","If one cannot throw a Nupe man in a wrestling match, he should not throw one.",D,"In Yoruba, the proverb Bí a kò bá lè dá Tápà, Tápà kì í dáni translates to English as 'If one cannot throw a Nupe man in a wrestling match, he should not throw one.' This proverb is advising against taking on a challenge or task that one is not capable of handling. It is emphasizing humility and recognizing one's limitations. The use of the Nupe man as a metaphor is significant, as the Nupe people were known for their physical strength and athleticism, making them formidable opponents in wrestling. The proverb is cautioning against underestimating others or overestimating one's own abilities.","If one cannot throw a Nupe woman in a wrestling match, she should not throw one.","If one cannot throw oneself at a Nupe man in a wrestling match, one should not throw one.","If one cannot throw a Nupe man in a running match, he should not throw one.","If one cannot throw a Nupe man in a wrestling match, he should not throw one."
a,cot_xl,Yoruba,"Bí a kò bá pàdé lókè, a ó pàdé lódò.","If we do not meet up on high, we will meet down below.",C,"This proverb originates from Yoruba culture, suggesting that when individuals or groups fail to achieve their goals or meet expectations, they will suffer consequences or face difficulties in other areas of life. The phrase ' Bí a kò bá pàdé lókè, a ó pàdé lódò' uses the metaphor of elevation and descent to convey this idea. In this context, 'lókè' represents a high or elevated position, symbolizing success or achievement, while 'lódò' represents a low or downward position, symbolizing failure or struggle. The proverb cautions against complacency and emphasizes the importance of perseverance and hard work in achieving one's goals.","If we do not ascend to the pinnacle of success, we will tumble into the depths of failure.","If we do not rise to the challenge of our aspirations, we will meet our downfall in the dark recesses of defeat.","If we do not meet up on high, we will meet down below.","If we fail to reach our lofty objectives, we risk being dragged down into the abyss of disappointment."
a,cot_xl,Yoruba,Olè kì í gbọ́ orúkọ ẹ̀ kó dúró.,A thief does not hear his name and stand in place.,D,Regex Parse,A thief does not hear his name mentioned and stop moving around.,A thief does not hear the sound of his name and remain still.,A thief usually does not hear his name being called and stay put.,A thief does not hear his name and stand in place.
a,cot_xl,Yoruba,"Ọkọ̀ ńjò, ọkọ̀ ńjò! Ìgbà tó bá rì, kò parí ná?","The boat is leaking, the boat is leaking! After it sinks, won’t matters end?",A,Regex Parse,"The boat is leaking, the boat is leaking! After it sinks, won’t matters end?","Ọkọ̀ ńjò, ọkọ̀ ńjò! Ìgbà tó bá rì, è súnmọ̀ kí i ṣe.","Ọkọ̀ ńjò, ọkọ̀ ńjò! Ìgbà tó bá rì, kò si rí pé kí i se.","Ọkọ̀ ńjò, ọkọ̀ ńjò! Ìgbà tó bá rì, è rí pé kí i ṣe kò sí."
a,cot_xl,Yoruba,Ọmọ tó káwọ́ sókè ló fẹ́ ká gbé òun.,It is the child who raises its arms that induces people to lift it.,A,Regex Parse,It is the child who raises its arms that induces people to lift it.,Only the child who stretches its hands will be lifted by others.,The child who stretches out its hands will be carried by people.,It is the child who opens its mouth that receives the food.
a,cot_xl,Yoruba,"Ìyà mẹ́ta a-fàdá-pa-ikún: ikún lọ, àdá nù, aládàá ní òun ó gba àdá òun.","Three misfortunes that befell the person who would kill a squirrel with a cutlass: the squirrel escaped, the cutlass was lost, and the owner of the cutlass demanded its return.",A,"The proverb is Yoruba, and it conveys the idea that sometimes, when we try to achieve something, we end up losing more than we gain. The phrase Ìyà mẹ́ta a-fàdá-pa-ikún translates to three misfortunes or calamities. The phrase ikún lọ, àdá nù, aládàá ní òun ó gba àdá òun translates to the squirrel escaped, the cutlass was lost, and the owner of the cutlass demanded its return. This proverb is used to caution against taking unnecessary risks or actions that may lead to unintended consequences. The context of the cutlass and the squirrel represents the person who tries to achieve a goal through force or aggression, but ultimately, they end up losing the means to achieve it and are left with the burden of accountability.","Three misfortunes that befell the person who would kill a squirrel with a cutlass: the squirrel escaped, the cutlass was lost, and the owner of the cutlass demanded its return.","Three calamities that befell the person who attempted to kill a bird with a stone: the bird flew away, the stone was lost, and the owner of the stone sought compensation","Three unfortunate events that befell the person who tried to capture a fish with a net: the fish swam away, the net was torn, and the fisherman demanded his net back","Three misfortunes that befell the person who tried to cut a tree with a cutlass: the tree withered, the cutlass was rusted, and the woodcutter demanded his wages"
a,cot_xl,Yoruba,Àgùntàn ò pa aṣọ èṣí dà.,The sheep does not change its clothing from year to year.,A,"Àgùntàn ò pa aṣọ èṣí dà ni idiọma rẹ̀ ló ṣe sọ̀rọ̀ fún èyí tí wọ́n ń pọ̀mọ̀ láti gbé àṣọ èṣí dà, gbé àṣọ èṣí dà, gbé àṣọ èṣí dà. Àwọn èṣùpọ̀nà àwọn ẹrú ni èdè idiọma rẹ̀ lóṣẹ̀gbẹ̀ Ọlọ́run. Àgùntàn ò pa aṣọ èṣí dà, èyí tó ló sí ẹgbẹ́ èṣí dà, èyí tí wọn ń gbé àṣọ èṣí dà ni àgùntàn ò pa aṣọ èṣí dà. Àgùntàn ò pa aṣọ èṣí dà, èyí tó ló sí ẹgbẹ́ èṣí dà, èyí tí wọn ń gbé àṣọ èṣí dà ni èṣùpọ̀nà àwọn ẹrú, èṣùpọ̀nà àwọn ẹrú.",The sheep does not change its clothing from year to year.,Àgùntàn ò sí aṣọ èṣí dà kó lẹ́ lẹ́,"Àgùntàn àṣọ èṣí dà kó lẹ́ lẹ́, àgùntàn àṣọ èṣí dà","Ègbẹ́ èṣí dà gbé àṣọ èṣí dà, ègbẹ́ èṣí dà"
a,cot_xl,Yoruba,Kí á lé akátá jìnnà ká tó bá adìẹ wí.,One should first chase the jackal away before reprimanding the chicken.,D,"The proverb suggests that one should address the most significant issue first before dealing with the less significant one. In Yoruba, this proverb means that one should prioritize tackling the more formidable problems before addressing the minor ones. The use of the jackal (a predator) and the chicken (prey) emphasizes the importance of addressing the more threatening issue first.",Kí á lé jìnnà ká tó bá adìẹ gbogbo àgbèrí wí.,Kí á lé jìnnà ká tó bá gbogbo àgbèrí adìẹ wí.,Kí ó lé gbogbo àgbèrí jìnnà ká tó bá adìẹ wí.,One should first chase the jackal away before reprimanding the chicken.
a,cot_xl,Yoruba,A kì í mọ́ egbò fúnra ẹni ká sunkún.,One does not treat one’s own sore and yet cry from the pain.,A,Regex Parse,One does not treat one’s own sore and yet cry from the pain.,A person does not treat their own ailment and yet wail from the agony.,No one conceals their own distress and yet cries out in affliction.,One does not apply medicine to one's own wound and yet lament the suffering.
a,cot_xl,Yoruba,Àbúrò kì í pa ẹ̀gbọ́n nítàn.,The younger person does not give the older person history lectures.,A,"Àbúrò kì í pa ẹ̀gbọ́n nítàn roughly translates to The younger person does not give the older person history lectures. This proverb implies that the younger individual should respect the experience and knowledge of their older counterpart, especially when it comes to sharing stories and history. The phrase 'nítàn' specifically refers to history or past events, emphasizing the idea that younger individuals should not assume the role of historians or lecturers to their elders. This proverb is rooted in Yoruba culture's value of respect for age and experience.",The younger person does not give the older person history lectures.,Àbúrò kì í ṣe ẹ̀gbọ́n òkùn,Àbúrò ní tí ẹ̀gbọ́n kì í ṣe nítàn,Ẹ̀gbọ́n ní tí àbúrò kì sí pa
a,cot_xl,Yoruba,Òjò pa gbòdògì ró wọ̀rọ̀-wọ̀rọ̀,"The rain pounds the gbòdògì, producing a loud noise.",B,"In Yoruba, 'òjò' means rain, 'gbòdògì' refers to a type of drum, 'ró' indicates pounding, and 'wọ̀rọ̀-wọ̀rọ̀' signifies a loud noise. This proverb may be used to describe a situation where an external force or circumstance causes chaos or commotion.","The rain strikes the drum vigorously, generating a deafening noise.","The rain pounds the gbòdògì, producing a loud noise.","Pounding rain crashes against the drum, producing a thunderous roar.","A storm beats the drum heavily, creating a thunderous sound."
b,zs,Yoruba,"Bí a kò lówó, à léèyàn; bí a kò léèyàn à lóhùn rere lòrun.","If you lack a social as set, make up for it in other ways.",C,Regex Parse,"If you lack a recognized social position, you must rely on other attributes to stand out.","Without a clear social standing, one must discover other ways to gain influence.","If you lack a social as set, make up for it in other ways.","If you don't have a fixed social status, you must find alternative means to compensate."
b,zs,Yoruba,"A-kápò-má-ṣọdẹ: ọ̀tá ẹranko, ọ̀tá èèyàn.",Be not a dog in the manger.,B,Regex Parse,Do not be a hound with an empty kennel.,Be not a dog in the manger.,Avoid being a dog with a locked gate.,Do not be a beast with a barren stall.
b,zs,Yoruba,Iwájú la ti ńjogún; ẹ̀hìn la ti ńṣàgbà.,"Deriving benefits from one’s elders, one is obligated to pass on some benefits to those who are younger.",D,Regex Parse,"When one profits from the experiences of their seniors, it is only right to impart some of that wisdom to the younger generation.","Receiving knowledge from the past, one must share some wisdom to those who come after.",Benefiting from the counsel of one's elders obliges one to bestow some guidance upon those who are younger and less experienced.,"Deriving benefits from one’s elders, one is obligated to pass on some benefits to those who are younger."
b,zs,Yoruba,"Ẹ̀rù kì í ba igbó, bẹ́ẹ̀ni kì í ba odò; ẹ̀rù kì í ba ọlọ lójú ata.",A worthy person should not give way to fear.,B,Regex Parse,A noble individual must not yield to apprehension.,A worthy person should not give way to fear.,A person of good character should not surrender to trepidation.,An honourable person should not surrender to dread and respect the wisdom of experience.
b,zs,Yoruba,"Ilé tí a gbá èèyàn létí wọ̀, bó pe títí a ó gbàá èèyàn létí jáde níbẹ̀.",A transaction that has a fractious beginning will end in a fractious way.,B,Regex Parse,A relationship that commences with trouble will terminate in turmoil.,A transaction that has a fractious beginning will end in a fractious way.,A negotiation that begins with strife will end in strife.,A deal with a contentious start will conclude in a contentious manner.
b,zs,Yoruba,"Ojú ti kókó, ojú ti eéwo; ojú ti aáràgbá ìdí pẹ̀lú.",An assertion of defiance in the face of adversity.,A,Regex Parse,An assertion of defiance in the face of adversity.,A courageous stance taken in the presence of adversity.,A bold declaration made despite imminent danger.,A resolute declaration of intent amidst overwhelming odds.
b,zs,Yoruba,"Bí ẹ̀bìtì ò pa eku, a kó ẹyìn fẹ́lẹ́yìn.","If a performer will not carry out a task for which he or she has received payment, he or she returns the payment.",A,Regex Parse,"If a performer will not carry out a task for which he or she has received payment, he or she returns the payment.","When an entertainer fails to fulfill a payment-based obligation, they reimburse the client.","If an artist refuses to complete their commission, they refund the client.","If a musician declines to fulfill a service for which they have been paid, they repay the money."
b,zs,Yoruba,Tojú tìyẹ́ làparò-ó fi ńríran.,A statement that someone is all eyes.,A,Regex Parse,A statement that someone is all eyes.,Ọjọ́ tìyẹ́ làparò-ó fi rán,Tojú tìyẹ́ làparò-ó fi báran,Omo tìyẹ́ làparò-ó fi tíran
b,zs,Yoruba,"Olórùká gbòrùka, ọwọ́ àwé dòfo.","When the owner takes his property back, the flaunting of it by the borrower comes to an end.",D,Regex Parse,"When the rightful owner claims what belongs to him, the borrower's show of wealth ceases immediately.","Upon the owner reclaiming his rightful possession, the display of wealth by the borrower terminates abruptly.","As the true owner retrieves his property, the flaunting by the borrower reaches its final end.","When the owner takes his property back, the flaunting of it by the borrower comes to an end."
b,zs,Yoruba,Alágbàró ò yege; aláṣọ á gbà á bó dọ̀la.,There is nothing like having one’s own.,A,Regex Parse,There is nothing like having one’s own.,"{'distractor1': ""There is no substitute for having one's own belongings.""}","{'distractor3': ""Nothing can replace the worth of having one's own possessions.""}","{'distractor2': ""Having one's own is beyond compare, it surpasses all others in its value.""}"
b,zs,Yoruba,Kí ni apárí ńwá ní ìṣọ̀ onígbàjámọ̀?,One should stay out of places where one has no business.,A,Regex Parse,One should stay out of places where one has no business.,It's wise to stay away from situations where one's skills aren't put to use effectively.,One should steer clear of areas where their expertise doesn't shine.,One should be cautious about entering places where their value isn't truly needed.
b,zs,Yoruba,Ẹni tí ajá bá wá sóde lajá ḿbá relé.,One should remain faithful to one’s companions. This is a variant of 3391.,C,Regex Parse,A faithful companion is one who sticks by you through thick and thin.,Remaining faithful to those who stand by you is a virtue to uphold.,One should remain faithful to one’s companions. This is a variant of 3391.,One's loyalty to friends and companions should never waver.
b,zs,Yoruba,Omi là ńkọ́-ọ́ tẹ̀ ká tó tẹ iyanrìn.,One should attend to the most urgent matters first.,C,Regex Parse,"Omi là nọ́-ọ́ tẹ̀ ká tó tẹ iyanrín, fún tẹ́ ojú ori ni tí ó jẹ́ mẹ́ta.","Omi là nọ́-ọ́ tẹ̀ ká tó tẹ iyanrín, tí ó bá sì ma ṣe iyanrín lẹ̀ lẹ́, ó lè sẹ́dẹ ti ó ṣe.",One should attend to the most urgent matters first.,A person should prioritize the most pressing issues first; tackling the least important may lead to chaos.
b,zs,Yoruba,Ọ́bún ba irú aṣọ jẹ.,Anything a filthy person touches is ruined for others.,C,Regex Parse,Anything sullied by one's impure intentions is irreparably tainted.,A person's unclean actions can make something worthless to others.,Anything a filthy person touches is ruined for others.,A dirty hand spoils the soup for everyone.
b,zs,Yoruba,A kì í gbé àárín ojì èèyàn ká má ṣì wí.,It is impossible to live in a group and never cause offense.,A,Regex Parse,It is impossible to live in a group and never cause offense.,To dwell among people without occasionally stepping on toes is a feat that defies the laws of human nature.,"It's a given that cohabiting with others will lead to some level of friction, it's just a matter of degree.","Living amidst people is like navigating through a dense forest, and it's inevitable to tread on thorns."
b,zs,Yoruba,Aṣusọ́nà ní ńfi ìyá-a rẹ̀ gbèpè,A child’s behavior is a reflection on its mother; a child’s misbehav ior exposes its parents to castigation.,B,Regex Parse,"A child's behavior, both good and bad, serves as an indicator of the quality of parenting, ultimately influencing the perception of the community.",A child’s behavior is a reflection on its mother; a child’s misbehav ior exposes its parents to castigation.,"The manner in which a child behaves can be a window into the household dynamics, revealing whether parents are firm and guiding their child.","A child's actions often serve as a reflection of their upbringing, especially when their behavior is seen as a reflection of their parents' values."
b,zs,Yoruba,Ẹni tí a bá ńbá ṣíṣẹ́kí í ṣí lẹ; bórí bá túnni ṣe a kì í tẹ́ bọ̀rọ̀.,One should make the most of unexpected good fortune and not squander the opportunity it presents. ,A,Regex Parse,One should make the most of unexpected good fortune and not squander the opportunity it presents. ,One must grasp the chance that unexpected good luck presents and not squander the opportunities it yields.,It is wise to maximize any unforeseen advantage and not waste the chance it offers.,"When fortune unexpectedly smiles upon you, seize the moment and do not squander its benefits."
b,zs,Yoruba,TẸ̀gbá tẸ̀sà ló mọ Láfì lágẹmọ; gbogbo ayé ló mọ Tẹlẹ̀mú lólè.,Said of aperson whose bad character is common knowledge.,B,Regex Parse,A person's evil reputation is well-known to everyone; their wicked nature is no secret.,Said of aperson whose bad character is common knowledge.,It is said of a person whose wicked nature is well-known to everyone.,The wickedness of a person is known to the whole world; everyone is aware of their evil deeds.
b,zs,Yoruba,A kì í fi gbèsè sọ́rùn ṣọ̀ṣọ́.,One should discharge one’s obligations before indulging in extravagance.,A,Regex Parse,One should discharge one’s obligations before indulging in extravagance.,It is wise to settle debts before embarking on lavish pursuits.,One must fulfill duties before splurging on luxuries.,It is prudent to discharge responsibilities before engaging in excessive indulgence.
b,zs,Yoruba,Òṣìṣẹ́ lọ̀tá ọ̀lẹ.,People with flaws hate those who might show them up.,D,Regex Parse,Those with weaknesses loathe individuals who might surpass them.,Individuals with shortcomings abhor those who could outshine them.,Folks with chinks in their armor despise those who could expose them.,People with flaws hate those who might show them up.
b,zs,Yoruba,Ọjo kì í to lọ bi òréré.,Life is not without curves.,A,Regex Parse,Life is not without curves.,"{'distractor3': ""Life's path is not always a straight line."", 'Word Count': 5}","{'distractor1': 'Life is often paved with unexpected turns.', 'Word Count': 6}","{'distractor2': ""There are no smooth roads in life's journey."", 'Word Count': 5}"
b,zs,Yoruba,"""Ọ̀ràn yí ò dùn mí"": ẹ̀ẹ̀kanṣoṣo là ńwí i. ","If one is indifferent to something, it should not dominate one’s conversations.",D,Regex Parse,"If indifference prevails in a matter, do not make it the focus of discussion.",A subject of no significance should not be the main theme of one's discourse.,"When something is of no concern, it should not be the central topic of conversation.","If one is indifferent to something, it should not dominate one’s conversations."
b,zs,Yoruba,"Ọbẹ̀-ẹ́ tutù tán, a dawọ́ bù ú lá.","When the back of a difficult task has been broken, people are eager to tackle it.",D,Regex Parse,"Upon overcoming the obstacle of a demanding task, people become eager to confront it head-on.","Once the hindrance of a challenging project has been overcome, persons are keen on taking it on.","When the weight of a tough assignment has been lifted, individuals are enthusiastic to engage with it.","When the back of a difficult task has been broken, people are eager to tackle it."
b,zs,Yoruba,Ohun tí a ó fẹ́ kéèyàn ó mọ̀ là ńṣe lábẹ́lẹ̀.,One who has nothing to hide should not do things in secret.,D,Regex Parse,A person with no secrets to conceal shouldn't operate in darkness.,An individual with no hidden truths should avoid clandestine actions.,Those who conceal nothing shouldn't hide their activities from others.,One who has nothing to hide should not do things in secret.
b,zs,Yoruba,Bàbá laláàbò; ìyá lonírànwọ́; orogún nikú,Two women who share the same husband are deadly enemies.,A,Regex Parse,Two women who share the same husband are deadly enemies.,Sharing a husband between two women can lead to a toxic and tense relationship.,A man married to two women is often caught between their intense dislike for each other.,"When two women share the same man, their bond turns into bitter rivalry."
b,zs,Yoruba,"Asárélówó ḿbẹ lọ́nà ogun; Apọ̀ṣẹ̀ṣẹ̀ m̀bẹ lọ́nà èrò; Bó-pẹ́-títí-ng-ó-lá ḿbẹlábà, ó ńjẹ ẹ̀sun iṣu.","Wealth comes to those who exert themselves, not to those who wait for it to find them.",C,Regex Parse,"Dedication and perseverance attract wealth, not those who rely on luck or chance to bring them success.","Hard work brings wealth to those who strive, while those who sit idly by and wait for it are left with nothing.","Wealth comes to those who exert themselves, not to those who wait for it to find them.","Prosperity seeks the diligent, not those who idle, waiting for good fortune to come knocking on their doors."
b,zs,Yoruba,Òṣùpá ò mòde òtòṣì; bó bá délé ọlọ́rọ̀ á dé tèmi.,"With regard to Nature, all people are equal.",D,Regex Parse,"Concerning the natural world, no individual is superior; all share the same essence.","In the realm of Nature, everyone holds equal standing.","As it pertains to the natural order, humanity is a unified entity.","With regard to Nature, all people are equal."
b,zs,Yoruba,"À ńjọ- rìn, a kò mọ orí olówó.",No one can tell who among a company is most likely to succeed.,C,Regex Parse,"In a sea of hopeful souls, it's impossible to determine who will achieve ultimate success.","In a gathering of ambitious individuals, the one who will ultimately prevail remains unknown.",No one can tell who among a company is most likely to succeed.,"Among a crowd of eager faces, no one can predict who will rise to greatness."
b,zs,Yoruba,Ẹni à ńgbé gẹ̀gẹ̀ ni yó ba àrà rẹ̀ jẹ.,People who are placed on pedestals have ample opportunities to topple themselves.,A,Regex Parse,People who are placed on pedestals have ample opportunities to topple themselves.,"The farther you rise, the greater the likelihood you'll stumble and fall hard.","The higher you climb, the more you risk losing balance and tumbling down.",Those standing tall on high grounds often find it easy to falter and fall.
b,zs,Yoruba,Ọ̀já kan ò dàbí já òróòro; òkè kan ò dàbí Òkèe Gbadi; ọmú kan ò dùn bí ọmú ìyá ẹni.,Certain things have no rivals in value. ,C,Regex Parse,There are certain goods that surpass all others in value; none can match their prestige.,Some things hold unparalleled worth; their equivalents are nowhere to be found.,Certain things have no rivals in value. ,A few things are truly priceless; their worth cannot be matched by any other thing.
b,zs,Yoruba,Ìbínú baba òṣì.,Anger achieves no good but may backfire on who ever expresses it.,B,Regex Parse,Anger's fleeting triumph can turn against the one who lets it consume them.,Anger achieves no good but may backfire on who ever expresses it.,"Passing fury may seem victorious in the short term, but it eventually turns to dust in the face of its perpetrator.","Rage may momentarily elevate one's position, but it often ultimately backfires against its instigator."
b,zs,Yoruba,"Wọ́n ní kárúgbó gba ọmọ pọ̀n, ó ní ṣe bí wọ́n mọ̀ pé òun ò léhín; wọ́n ní kó pa ọmọ jẹ ni? ",Said of people whose comment on a proposition is wildly irrelevant.,A,Regex Parse,Said of people whose comment on a proposition is wildly irrelevant.,Describing those who provide extremely unrelated feedback on a proposal.,Said of people whose comment on a proposition is wildly illogical.,Used to describe the responses of individuals whose remarks on a policy are woefully disconnected.
b,zs,Yoruba,Fífẹ́ la fẹ́ ẹ̀fọ́ tí à ńpè-é ní ọ̀rẹ́ ẹ̀kọ; ti ilé ogè-é tó ogè-é jẹ.,That one delights in another person’s company is not to say that one cannot do without it.,B,Regex Parse,That someone takes pleasure in another's companionship doesn't necessarily mean they're helpless without it.,That one delights in another person’s company is not to say that one cannot do without it.,One who finds happiness in the company of others doesn't imply inability to live without it.,The one who derives joy from another person's presence can't be said to lack independence.
b,zs,Yoruba,Àrífín ilé ó jọkà jẹ òròmọ adìẹ.,A person who would retain esteem among his or her peers must not act beneath himself or herself.,D,Regex Parse,{'distractor1': 'A person of high repute must maintain dignity to be respected among equals.'},"{'distractor2': 'To command respect, one must not engage in actions that diminish their standing.'}","{'distractor3': 'For a person to earn esteem from their peers, they must conduct themselves with integrity.'}",A person who would retain esteem among his or her peers must not act beneath himself or herself.
b,zs,Yoruba,"Àparò, aṣọ-ọ̀ rẹ́ ṣe pọ́n báyìí? O ní ìgbà wo ni aṣọ òun ò níí pọ́n?  Ọ̀sán jíjẹ, òru sísùn, oúnjẹ̀ ò ṣéé fi sílẹ̀ lọ́sàn-án; orun ò ṣéé fi sílẹ̀ lóru.",The priorities of the self-indulgent are always inverted.,B,Regex Parse,The priorities of the self-absorbed are often misplaced.,The priorities of the self-indulgent are always inverted.,The priorities of the self-indulgent are usually misguided.,The priorities of the self-centered are habitually skewed.
b,zs,Yoruba,"A kì í dé ilé ikú ká fóhórí kù; bí a ò bá tútù, a ó bàá gbígbẹ.",The sole custodian of a commodity is unlikely to experience a lack of it.,A,Regex Parse,The sole custodian of a commodity is unlikely to experience a lack of it.,"One who possesses everything is rarely in need; when the owner is not extravagant, wealth abounds.",The sole guardian of a valuable resource is unlikely to be in a state of scarcity; until the owner's greed is unquenchable.,The sole custodian of a prized possession is unlikely to suffer from its absence; only when the owner's generosity is exhausted.
b,zs,Yoruba,Apárí ní ńfojú di abẹ.,The bald person has no use for razors.,B,Regex Parse,The bald person doesn't use a hair clip.,The bald person has no use for razors.,The person without hair has no need for a hair clipper.,A person without hair doesn't require a hair comb.
b,zs,Yoruba,"Ẹni tí yó kọ igba lóko, ìrìn ẹsẹ́-ẹ rẹ̀ là ńwò.",How a person behaves re veals more about his or her capabilities than what the person says.,C,Regex Parse,Actions of an individual expose their potential more vividly than their words.,What one does speaks louder about their abilities than what they claim.,How a person behaves re veals more about his or her capabilities than what the person says.,A person's character is best represented by their actions rather than their utterances.
b,zs,Yoruba,Ìyàwó jẹ ọkà jẹ igbá.,One should show consideration and exercise care in using others’ property.,B,Regex Parse,One should demonstrate prudence and be mindful in handling others' belongings.,One should show consideration and exercise care in using others’ property.,"When dealing with possessions that don't belong to you, one should exercise diplomacy and caution.",It is prudent to exercise tact and discretion when utilizing resources not your own.
b,zs,Yoruba,"Bí a kò bá lè dá Tápà, Tápà kì í dáni.","If one fails, one should at least avoid disgrace.",D,Regex Parse,"When one falls short, it's best to at least avoid humiliation.","If you fail, try to at least steer clear of shame.","If you can't succeed, at least prevent embarrassment.","If one fails, one should at least avoid disgrace."
b,zs,Yoruba,"Bí a kò bá pàdé lókè, a ó pàdé lódò.","Paths that have crossed will somewhere, somehow, cross again.",C,Regex Parse,Crossroads that have intersected will eventually converge once more.,"Whenever paths that have crisscrossed meet once more, it is only a matter of time.","Paths that have crossed will somewhere, somehow, cross again.",Two paths that have collided will meet again in some unknown place.
b,zs,Yoruba,Olè kì í gbọ́ orúkọ ẹ̀ kó dúró.,A person who has something to hide is always worried about being exposed.,D,Regex Parse,Individuals concealing facts are frequently consumed by the fear of being revealed.,A person with secrets is perpetually anxious about being unmasked.,One hiding truth is often preoccupied with the prospect of being uncovered.,A person who has something to hide is always worried about being exposed.
b,zs,Yoruba,"Ọkọ̀ ńjò, ọkọ̀ ńjò! Ìgbà tó bá rì, kò parí ná?",There is little one can do about a problem whose outcome is inevitable.,A,Parse Failed,There is little one can do about a problem whose outcome is inevitable.,API Failure B,API Failure A,API Failure C
b,zs,Yoruba,Ọmọ tó káwọ́ sókè ló fẹ́ ká gbé òun.,"If you want people to come to your aid, first lift a finger on your own behalf.",A,Regex Parse,"If you want people to come to your aid, first lift a finger on your own behalf.","For aid to arrive, first take a bold step on your path","To receive help, first extend your own helping hand","If others are to assist you, begin by lifting your own burden"
b,zs,Yoruba,"Ìyà mẹ́ta a-fàdá-pa-ikún: ikún lọ, àdá nù, aládàá ní òun ó gba àdá òun.",Said when problems climb on problems.,A,Regex Parse,Said when problems climb on problems.,"In times of hardship, a strong person will know when to let go and hold on to what's truly valuable.","When life's difficulties pile up, a wise one learns to release the less important and grasp the more precious.","When troubles follow one another, a wise person knows when to drop the second and hold on to the first."
b,zs,Yoruba,Àgùntàn ò pa aṣọ èṣí dà.,Old habits die hard.,A,Regex Parse,Old habits die hard.,Long-held customs cling tenaciously.,Deep-seated traditions refuse to yield.,Established patterns resist change fiercely.
b,zs,Yoruba,Kí á lé akátá jìnnà ká tó bá adìẹ wí.,Get rid of the immediate danger before reprimanding those who caused it.,D,Regex Parse,"Address the pressing situation first, then take action against those who started the trouble.",Tackle the immediate issue at hand before chastising those who provoked it.,Prioritize resolving the current predicament before assigning blame to those responsible.,Get rid of the immediate danger before reprimanding those who caused it.
b,zs,Yoruba,A kì í mọ́ egbò fúnra ẹni ká sunkún.,One should know one’s own pain threshold.,A,Regex Parse,One should know one’s own pain threshold.,It is essential to understand your own capacity for endurance.,Knowing your own weakness is crucial in making wise decisions.,One must know one's own limit in order to avoid frustration.
b,zs,Yoruba,Àbúrò kì í pa ẹ̀gbọ́n nítàn.,One should not exceed one’s station.,A,Regex Parse,One should not exceed one’s station.,One should not overstep the bounds of their social hierarchy.,One should not attempt to rise above their designated position.,It is unwise to claim more than one's rightful place.
b,zs,Yoruba,Òjò pa gbòdògì ró wọ̀rọ̀-wọ̀rọ̀,Certain behaviors by others force comments out of the mouths of even normally recalcitrant people.,B,Regex Parse,It is often the provocation of others that prompts even the most reticent individuals to speak out.,Certain behaviors by others force comments out of the mouths of even normally recalcitrant people.,The provocations of others can push even the most obstinate people to express their opinions openly.,Certain actions by others necessitate reactions from people who would otherwise remain silent.
b,cot_en,Yoruba,"Bí a kò lówó, à léèyàn; bí a kò léèyàn à lóhùn rere lòrun.","If you lack a social as set, make up for it in other ways.",C,No response,API Failure C,API Failure B,"If you lack a social as set, make up for it in other ways.",API Failure A
b,cot_en,Yoruba,"A-kápò-má-ṣọdẹ: ọ̀tá ẹranko, ọ̀tá èèyàn.",Be not a dog in the manger.,B,Regex Parse,Do not withhold from those wanting.,Be not a dog in the manger.,Be not a barrier to others.,Do not hoard what you despise.
b,cot_en,Yoruba,Iwájú la ti ńjogún; ẹ̀hìn la ti ńṣàgbà.,"Deriving benefits from one’s elders, one is obligated to pass on some benefits to those who are younger.",D,No response,API Failure B,API Failure A,API Failure C,"Deriving benefits from one’s elders, one is obligated to pass on some benefits to those who are younger."
b,cot_en,Yoruba,"Ẹ̀rù kì í ba igbó, bẹ́ẹ̀ni kì í ba odò; ẹ̀rù kì í ba ọlọ lójú ata.",A worthy person should not give way to fear.,B,Regex Parse,A person of honor should never surrender to anxiety.,A worthy person should not give way to fear.,Fear should not overpower an individual of good character.,One who is respectable must stand against all forms of dread.
b,cot_en,Yoruba,"Ilé tí a gbá èèyàn létí wọ̀, bó pe títí a ó gbàá èèyàn létí jáde níbẹ̀.",A transaction that has a fractious beginning will end in a fractious way.,B,Regex Parse,"When a business begins in discord, it often ends with the same level of contention.",A transaction that has a fractious beginning will end in a fractious way.,An agreement with a contentious start tends to finish on a fractious note always.,A deal that starts with conflict will likely conclude in a similar manner.
b,cot_en,Yoruba,"Ojú ti kókó, ojú ti eéwo; ojú ti aáràgbá ìdí pẹ̀lú.",An assertion of defiance in the face of adversity.,A,Regex Parse,An assertion of defiance in the face of adversity.,Facing hardship with unyielding inner strength,A stance of courage against great odds,Confronting adversity with bold resistance always
b,cot_en,Yoruba,"Bí ẹ̀bìtì ò pa eku, a kó ẹyìn fẹ́lẹ́yìn.","If a performer will not carry out a task for which he or she has received payment, he or she returns the payment.",A,Regex Parse,"If a performer will not carry out a task for which he or she has received payment, he or she returns the payment.","When a performer fails to deliver on paid services, it is only fair that they reimburse the client for the undelivered work.","If a service is not rendered as agreed, the provider must refund the client's payment in full to maintain integrity.","In cases where paid tasks are not completed, ethical practice dictates that the payment should be returned to the client as a matter of principle."
b,cot_en,Yoruba,Tojú tìyẹ́ làparò-ó fi ńríran.,A statement that someone is all eyes.,A,"The proverb 'Tojú tìyẹ́ làparò-ó fi ńríran' is a Yoruba expression that translates to 'All eyes are on him.' To generate distractors that are indistinguishable to a blind evaluator, I will create statements that match the word count, grammatical complexity, tone, and lexical overlap of the correct answer. The correct answer is 'A statement that someone is all eyes.' The distractors will use keywords such as 'eyes' and 'statement' to maintain lexical overlap. The tone of the correct answer is formal and does not contain metaphors, so the distractors will also be formal and literal. The grammatical complexity of the correct answer is simple, so the distractors will also have a simple sentence structure.",A statement that someone is all eyes.,An expression that signifies someone is under close observation with their eyes,A phrase that means being the center of attention with one's eyes,A remark that someone has a lot of eyes on them
b,cot_en,Yoruba,"Olórùká gbòrùka, ọwọ́ àwé dòfo.","When the owner takes his property back, the flaunting of it by the borrower comes to an end.",D,Regex Parse,"When the borrower returns the property, the owner's patience finally comes to an end.","As the property is taken back by its owner, the borrower's right to it comes to a close.",The owner reclaiming their property signals the end of the borrower's period of use.,"When the owner takes his property back, the flaunting of it by the borrower comes to an end."
b,cot_en,Yoruba,Alágbàró ò yege; aláṣọ á gbà á bó dọ̀la.,There is nothing like having one’s own.,A,No response,There is nothing like having one’s own.,API Failure A,API Failure C,API Failure B
b,cot_en,Yoruba,Kí ni apárí ńwá ní ìṣọ̀ onígbàjámọ̀?,One should stay out of places where one has no business.,A,No response,One should stay out of places where one has no business.,API Failure B,API Failure A,API Failure C
b,cot_en,Yoruba,Ẹni tí ajá bá wá sóde lajá ḿbá relé.,One should remain faithful to one’s companions. This is a variant of 3391.,C,No response,API Failure A,API Failure C,One should remain faithful to one’s companions. This is a variant of 3391.,API Failure B
b,cot_en,Yoruba,Omi là ńkọ́-ọ́ tẹ̀ ká tó tẹ iyanrìn.,One should attend to the most urgent matters first.,C,No response,API Failure A,API Failure C,One should attend to the most urgent matters first.,API Failure B
b,cot_en,Yoruba,Ọ́bún ba irú aṣọ jẹ.,Anything a filthy person touches is ruined for others.,C,No response,API Failure B,API Failure C,Anything a filthy person touches is ruined for others.,API Failure A
b,cot_en,Yoruba,A kì í gbé àárín ojì èèyàn ká má ṣì wí.,It is impossible to live in a group and never cause offense.,A,No response,It is impossible to live in a group and never cause offense.,API Failure C,API Failure B,API Failure A
b,cot_en,Yoruba,Aṣusọ́nà ní ńfi ìyá-a rẹ̀ gbèpè,A child’s behavior is a reflection on its mother; a child’s misbehav ior exposes its parents to castigation.,B,No response,API Failure C,A child’s behavior is a reflection on its mother; a child’s misbehav ior exposes its parents to castigation.,API Failure B,API Failure A
b,cot_en,Yoruba,Ẹni tí a bá ńbá ṣíṣẹ́kí í ṣí lẹ; bórí bá túnni ṣe a kì í tẹ́ bọ̀rọ̀.,One should make the most of unexpected good fortune and not squander the opportunity it presents. ,A,"The given proverb 'Ẹni tí a bá ńbá ṣíṣẹ́kí í ṣí lẹ; bórí bá túnni ṣe a kì í tẹ́ bọ̀rọ̀' is a Yoruba expression that conveys the importance of utilizing unexpected opportunities. To generate distractors that are indistinguishable to a blind evaluator, I need to create sentences that match the word count, grammatical complexity, tone, and lexical overlap of the correct answer. The correct answer is 'One should make the most of unexpected good fortune and not squander the opportunity it presents.' It has a formal tone, a word count of 19 words, and uses keywords like 'unexpected' and 'opportunity'.",One should make the most of unexpected good fortune and not squander the opportunity it presents. ,"Seizing an unexpected break and utilizing it wisely is essential, for it may never come again in life.","When fortune smiles, one must seize the chance and not let it slip away unnoticed always.","Making the best of an unexpected windfall is crucial, and one should never let such a chance go to waste."
b,cot_en,Yoruba,TẸ̀gbá tẸ̀sà ló mọ Láfì lágẹmọ; gbogbo ayé ló mọ Tẹlẹ̀mú lólè.,Said of aperson whose bad character is common knowledge.,B,No response,API Failure C,Said of aperson whose bad character is common knowledge.,API Failure A,API Failure B
b,cot_en,Yoruba,A kì í fi gbèsè sọ́rùn ṣọ̀ṣọ́.,One should discharge one’s obligations before indulging in extravagance.,A,Regex Parse,One should discharge one’s obligations before indulging in extravagance.,One must fulfill duties before pursuing excessive pleasures.,It is essential to meet one’s responsibilities before excess spending.,"Before indulging in luxury, one should settle their commitments."
b,cot_en,Yoruba,Òṣìṣẹ́ lọ̀tá ọ̀lẹ.,People with flaws hate those who might show them up.,D,"The proverb 'Òṣìṣẹ́ lọ̀tá ọ̀lẹ' is a Yoruba expression that translates to 'People with flaws hate those who might show them up.' To generate indistinguishable distractors, I will create sentences that match the word count, grammatical complexity, tone, and lexical overlap of the correct answer. The correct answer has a word count of 9 words and a formal tone. The keywords from the proverb are 'flaws,' 'hate,' and 'show them up.' With these requirements in mind, I will create three distractors that are similar in structure and meaning to the correct answer.",Those with defects despise people who reveal their shortcomings,Persons with shortcomings loathe those who bring them to light,Individuals with imperfections resent those who expose them,People with flaws hate those who might show them up.
b,cot_en,Yoruba,Ọjo kì í to lọ bi òréré.,Life is not without curves.,A,"The given proverb 'Ọjo kì í to lọ bi òréré' is a Yoruba expression that translates to 'Life is not without curves' or 'There's no day without its own trouble'. To generate distractors that are indistinguishable to a blind evaluator, I will create sentences that match the word count, complexity, tone, and lexical overlap of the correct answer. The correct answer has 6 words and a simple, formal tone. The keywords from the proverb are 'life', 'curves', and 'without'. The distractors will use these keywords and maintain a similar structure and tone.",Life is not without curves.,No life is completely without,Life has its own curves,Curves are part of life
b,cot_en,Yoruba,"""Ọ̀ràn yí ò dùn mí"": ẹ̀ẹ̀kanṣoṣo là ńwí i. ","If one is indifferent to something, it should not dominate one’s conversations.",D,"The given proverb 'Ọ̀ràn yí ò dùn mí' is a Yoruba expression that translates to 'a matter that is not pleasant should not dominate one's conversations.' To create distractors that are indistinguishable to a blind evaluator, I will generate three options that match the word count, grammatical complexity, tone, and lexical overlap of the correct answer. The correct answer is 'If one is indifferent to something, it should not dominate one’s conversations.' The distractors will use keywords from the proverb and maintain a formal tone with minimal metaphor presence.","If a topic is uninteresting, it should not be the primary subject of discussion.",A person's conversations should not be overtaken by their lack of enthusiasm for a particular issue.,One should avoid letting apathy towards a matter control the narrative of their interactions.,"If one is indifferent to something, it should not dominate one’s conversations."
b,cot_en,Yoruba,"Ọbẹ̀-ẹ́ tutù tán, a dawọ́ bù ú lá.","When the back of a difficult task has been broken, people are eager to tackle it.",D,"The proverb 'Ọbẹ̀-ẹ́ tutù tán, a dawọ́ bù ú lá' is a Yoruba expression that conveys the idea that when a challenging task is partially accomplished, it becomes more appealing and manageable to others. To generate indistinguishable distractors, I will create sentences that match the word count, grammatical complexity, tone, and lexical overlap of the correct answer. The distractors will use keywords such as 'task', 'broken', and 'tackle' to maintain consistency with the original proverb.","Once the initial hurdle of a challenging task is overcome, people are eager to take it on.",A difficult task becomes more attractive to tackle once its back has been broken.,"When a complex task is partially solved, people are more willing to tackle it.","When the back of a difficult task has been broken, people are eager to tackle it."
b,cot_en,Yoruba,Ohun tí a ó fẹ́ kéèyàn ó mọ̀ là ńṣe lábẹ́lẹ̀.,One who has nothing to hide should not do things in secret.,D,Regex Parse,One who is transparent should not have reasons to hide in secret.,Those who have nothing to conceal should act openly without hiding.,A person with integrity does not need to keep their actions a secret.,One who has nothing to hide should not do things in secret.
b,cot_en,Yoruba,Bàbá laláàbò; ìyá lonírànwọ́; orogún nikú,Two women who share the same husband are deadly enemies.,A,Regex Parse,Two women who share the same husband are deadly enemies.,Sisters who have the same father but different mothers are often enemies.,Women who share a common husband are usually bitter rivals.,Two sisters who share the same brother are sworn enemies.
b,cot_en,Yoruba,"Asárélówó ḿbẹ lọ́nà ogun; Apọ̀ṣẹ̀ṣẹ̀ m̀bẹ lọ́nà èrò; Bó-pẹ́-títí-ng-ó-lá ḿbẹlábà, ó ńjẹ ẹ̀sun iṣu.","Wealth comes to those who exert themselves, not to those who wait for it to find them.",C,No response,API Failure C,API Failure B,"Wealth comes to those who exert themselves, not to those who wait for it to find them.",API Failure A
b,cot_en,Yoruba,Òṣùpá ò mòde òtòṣì; bó bá délé ọlọ́rọ̀ á dé tèmi.,"With regard to Nature, all people are equal.",D,No response,API Failure B,API Failure A,API Failure C,"With regard to Nature, all people are equal."
b,cot_en,Yoruba,"À ńjọ- rìn, a kò mọ orí olówó.",No one can tell who among a company is most likely to succeed.,C,No response,API Failure B,API Failure C,No one can tell who among a company is most likely to succeed.,API Failure A
b,cot_en,Yoruba,Ẹni à ńgbé gẹ̀gẹ̀ ni yó ba àrà rẹ̀ jẹ.,People who are placed on pedestals have ample opportunities to topple themselves.,A,No response,People who are placed on pedestals have ample opportunities to topple themselves.,API Failure C,API Failure B,API Failure A
b,cot_en,Yoruba,Ọ̀já kan ò dàbí já òróòro; òkè kan ò dàbí Òkèe Gbadi; ọmú kan ò dùn bí ọmú ìyá ẹni.,Certain things have no rivals in value. ,C,No response,API Failure B,API Failure A,Certain things have no rivals in value. ,API Failure C
b,cot_en,Yoruba,Ìbínú baba òṣì.,Anger achieves no good but may backfire on who ever expresses it.,B,No response,API Failure B,Anger achieves no good but may backfire on who ever expresses it.,API Failure C,API Failure A
b,cot_en,Yoruba,"Wọ́n ní kárúgbó gba ọmọ pọ̀n, ó ní ṣe bí wọ́n mọ̀ pé òun ò léhín; wọ́n ní kó pa ọmọ jẹ ni? ",Said of people whose comment on a proposition is wildly irrelevant.,A,No response,Said of people whose comment on a proposition is wildly irrelevant.,API Failure B,API Failure A,API Failure C
b,cot_en,Yoruba,Fífẹ́ la fẹ́ ẹ̀fọ́ tí à ńpè-é ní ọ̀rẹ́ ẹ̀kọ; ti ilé ogè-é tó ogè-é jẹ.,That one delights in another person’s company is not to say that one cannot do without it.,B,No response,API Failure C,That one delights in another person’s company is not to say that one cannot do without it.,API Failure B,API Failure A
b,cot_en,Yoruba,Àrífín ilé ó jọkà jẹ òròmọ adìẹ.,A person who would retain esteem among his or her peers must not act beneath himself or herself.,D,Regex Parse,An individual seeking respect from peers should avoid conduct unbecoming of their character and stature.,"To maintain dignity among equals, one must refrain from actions that undermine their own self-worth and reputation.",A person desiring to preserve their good name and standing must not engage in behavior that falls beneath their expected standards.,A person who would retain esteem among his or her peers must not act beneath himself or herself.
b,cot_en,Yoruba,"Àparò, aṣọ-ọ̀ rẹ́ ṣe pọ́n báyìí? O ní ìgbà wo ni aṣọ òun ò níí pọ́n?  Ọ̀sán jíjẹ, òru sísùn, oúnjẹ̀ ò ṣéé fi sílẹ̀ lọ́sàn-án; orun ò ṣéé fi sílẹ̀ lóru.",The priorities of the self-indulgent are always inverted.,B,No response,API Failure A,The priorities of the self-indulgent are always inverted.,API Failure B,API Failure C
b,cot_en,Yoruba,"A kì í dé ilé ikú ká fóhórí kù; bí a ò bá tútù, a ó bàá gbígbẹ.",The sole custodian of a commodity is unlikely to experience a lack of it.,A,Regex Parse,The sole custodian of a commodity is unlikely to experience a lack of it.,The primary guardian of resources rarely faces significant scarcity issues personally always.,A person fully in charge of goods is less likely to encounter their shortage normally.,The main keeper of supplies does not usually experience deficiency in them under normal circumstances.
b,cot_en,Yoruba,Apárí ní ńfojú di abẹ.,The bald person has no use for razors.,B,"The proverb 'Apárí ní ńfojú di abẹ' is a Yoruba expression that translates to 'The bald person has no use for razors.' To generate distractors that are indistinguishable to a blind evaluator, I will create sentences that match the word count, grammatical complexity, tone, and lexical overlap of the correct answer. The correct answer has a word count of 8 words and a simple sentence structure. It also has a formal tone and uses the metaphor of a bald person and razors. The keywords from the proverb are 'bald', 'person', 'use', 'razors'. With these requirements in mind, I will create three distractors that are similar in structure and content to the correct answer.",The hairless man has no purpose for scissors,The bald person has no use for razors.,The shaved head has no need for clippers,A bald individual does not require shaving cream
b,cot_en,Yoruba,"Ẹni tí yó kọ igba lóko, ìrìn ẹsẹ́-ẹ rẹ̀ là ńwò.",How a person behaves re veals more about his or her capabilities than what the person says.,C,"The given proverb 'Ẹni tí yó kọ igba lóko, ìrìn ẹsẹ́-ẹ rẹ̀ là ńwò' translates to 'The one who farms a farm, his or her footsteps reveal it'. This implies that a person's actions speak louder than their words, and their behavior is a reflection of their true capabilities. To generate distractors, we need to maintain a similar word count, grammatical complexity, tone, and lexical overlap. The correct answer highlights the importance of actions over words, so the distractors should also convey a similar message without being too obvious. ",The way someone handles responsibilities shows more about their potential than their verbal claims,The actions and decisions a person makes in their daily life are more revealing of their true character than their spoken words,How a person behaves re veals more about his or her capabilities than what the person says.,A person's daily habits and practices are more indicative of their skills than their spoken intentions
b,cot_en,Yoruba,Ìyàwó jẹ ọkà jẹ igbá.,One should show consideration and exercise care in using others’ property.,B,"The proverb 'Ìyàwó jẹ ọkà jẹ igbá' is a Yoruba expression that translates to 'A wife eats a corn and also eats a calabash'. The correct interpretation is that one should show consideration and exercise care in using others’ property. To generate distractors that are indistinguishable to a blind evaluator, I will create sentences that match the word count, grammatical complexity, tone, and lexical overlap of the correct answer. The distractors will use keywords related to property, consideration, and care, while conveying a similar message.",One should handle borrowed items with caution and respect the owner's rights.,One should show consideration and exercise care in using others’ property.,A person using something that belongs to someone else must demonstrate responsibility and thoughtfulness.,Using others' belongings requires a sense of duty and attention to the owner's interests and needs.
b,cot_en,Yoruba,"Bí a kò bá lè dá Tápà, Tápà kì í dáni.","If one fails, one should at least avoid disgrace.",D,Regex Parse,"When efforts falter, one must still evade shame.","If success eludes, then dodging ignominy is essential.","Should one's endeavors miscarry, avoiding disrepute is crucial.","If one fails, one should at least avoid disgrace."
b,cot_en,Yoruba,"Bí a kò bá pàdé lókè, a ó pàdé lódò.","Paths that have crossed will somewhere, somehow, cross again.",C,Regex Parse,Roads that have intersected will eventually cross once more.,Routes that have met will somehow intersect again someday.,"Paths that have crossed will somewhere, somehow, cross again.",Journeys that have converged will somewhere cross paths again.
b,cot_en,Yoruba,Olè kì í gbọ́ orúkọ ẹ̀ kó dúró.,A person who has something to hide is always worried about being exposed.,D,Regex Parse,A person concealing the truth is perpetually uneasy about the possibility of exposure.,Someone with a secret is always anxious about its potential disclosure.,An individual hiding information is constantly apprehensive of being discovered someday.,A person who has something to hide is always worried about being exposed.
b,cot_en,Yoruba,"Ọkọ̀ ńjò, ọkọ̀ ńjò! Ìgbà tó bá rì, kò parí ná?",There is little one can do about a problem whose outcome is inevitable.,A,No response,There is little one can do about a problem whose outcome is inevitable.,API Failure B,API Failure A,API Failure C
b,cot_en,Yoruba,Ọmọ tó káwọ́ sókè ló fẹ́ ká gbé òun.,"If you want people to come to your aid, first lift a finger on your own behalf.",A,No response,"If you want people to come to your aid, first lift a finger on your own behalf.",API Failure A,API Failure C,API Failure B
b,cot_en,Yoruba,"Ìyà mẹ́ta a-fàdá-pa-ikún: ikún lọ, àdá nù, aládàá ní òun ó gba àdá òun.",Said when problems climb on problems.,A,No response,Said when problems climb on problems.,API Failure B,API Failure C,API Failure A
b,cot_en,Yoruba,Àgùntàn ò pa aṣọ èṣí dà.,Old habits die hard.,A,No response,Old habits die hard.,API Failure A,API Failure C,API Failure B
b,cot_en,Yoruba,Kí á lé akátá jìnnà ká tó bá adìẹ wí.,Get rid of the immediate danger before reprimanding those who caused it.,D,No response,API Failure C,API Failure B,API Failure A,Get rid of the immediate danger before reprimanding those who caused it.
b,cot_en,Yoruba,A kì í mọ́ egbò fúnra ẹni ká sunkún.,One should know one’s own pain threshold.,A,No response,One should know one’s own pain threshold.,API Failure B,API Failure C,API Failure A
b,cot_en,Yoruba,Àbúrò kì í pa ẹ̀gbọ́n nítàn.,One should not exceed one’s station.,A,No response,One should not exceed one’s station.,API Failure A,API Failure C,API Failure B
b,cot_en,Yoruba,Òjò pa gbòdògì ró wọ̀rọ̀-wọ̀rọ̀,Certain behaviors by others force comments out of the mouths of even normally recalcitrant people.,B,No response,API Failure B,Certain behaviors by others force comments out of the mouths of even normally recalcitrant people.,API Failure C,API Failure A
b,cot_xl,Yoruba,"Bí a kò lówó, à léèyàn; bí a kò léèyàn à lóhùn rere lòrun.","If you lack a social as set, make up for it in other ways.",C,Parse Failed,API Failure C,API Failure B,"If you lack a social as set, make up for it in other ways.",API Failure A
b,cot_xl,Yoruba,"A-kápò-má-ṣọdẹ: ọ̀tá ẹranko, ọ̀tá èèyàn.",Be not a dog in the manger.,B,"The Yoruba proverb 'A-kápò-má-ṣọdẹ: ọ̀tá ẹranko, ọ̀tá èèyàn' is interpreted as 'Be not a dog in the manger.' The proverb conveys a message about not being envious or covetous of something you cannot have or use. It warns against being bitter and resentful towards others who have what you desire, much like a dog that guards a manger but does not eat the food it contains. In this context, the dog represents the person who is envious, and the manger represents the thing they desire but cannot have.",Be not a bird in the cage.,Be not a dog in the manger.,Be not a cat in the bag.,Be not a rat in the attic.
b,cot_xl,Yoruba,Iwájú la ti ńjogún; ẹ̀hìn la ti ńṣàgbà.,"Deriving benefits from one’s elders, one is obligated to pass on some benefits to those who are younger.",D,Regex Parse,Benefits received from previous generations necessitate corresponding support for those who come after.,"When the elderly provide guidance, their younger counterparts must reciprocate by offering some form of assistance.","In order to uphold a sense of community and shared responsibility, one must acknowledge the debt owed to those who have come before and extend some measure of aid to those who are younger.","Deriving benefits from one’s elders, one is obligated to pass on some benefits to those who are younger."
b,cot_xl,Yoruba,"Ẹ̀rù kì í ba igbó, bẹ́ẹ̀ni kì í ba odò; ẹ̀rù kì í ba ọlọ lójú ata.",A worthy person should not give way to fear.,B,Regex Parse,A worthy person should not let a small creature cross their path.,A worthy person should not give way to fear.,A courageous person should not allow a bird to fly over their head.,A brave person should not let a small rat climb over their back.
b,cot_xl,Yoruba,"Ilé tí a gbá èèyàn létí wọ̀, bó pe títí a ó gbàá èèyàn létí jáde níbẹ̀.",A transaction that has a fractious beginning will end in a fractious way.,B,"In Yoruba culture, the proverb 'Ilé tí a gbá èèyàn létí wọ̀, bó pe títí a ó gbàá èèyàn létí jáde níbẹ̀' highlights the importance of beginning and ending on a harmonious note. The proverb suggests that a home built with quarrelsome people will end in quarrels when built. This implies that the manner in which a relationship or project begins sets the tone for how it will end. Therefore, a transaction that has a fractious beginning will indeed end in a fractious way, as the underlying tensions and conflicts will continue to escalate.",A venture that is marred by disputes from the outset will conclude in a state of turmoil,A transaction that has a fractious beginning will end in a fractious way.,A business deal that starts with disagreements will ultimately end in discord,A transaction with a tumultuous start will finish in disarray
b,cot_xl,Yoruba,"Ojú ti kókó, ojú ti eéwo; ojú ti aáràgbá ìdí pẹ̀lú.",An assertion of defiance in the face of adversity.,A,"The proverb 'Ojú ti kókó, ojú ti eéwo; ojú ti aáràgbá ìdí pẹ̀lú' is a Yoruba phrase that translates to 'The eye that sees a yam in the darkness also sees a rat in the daylight.' This proverb conveys a message of resilience and defiance in the face of adversity. It suggests that one who can navigate through the challenges of the night (darkness) can also handle the difficulties of the day (daylight). The phrase 'ojú ti' translates to 'the eye that sees' and is used to emphasize the ability to perceive and navigate through challenges. The phrase 'kókó' (yam) and 'eéwo' (rat) are used to represent the contrasting situations of abundance and scarcity, highlighting the speaker's ability to adapt and thrive in both conditions. This proverb serves as a reminder that one's ability to cope with challenges is not determined by the circumstances, but by their inner strength and resilience.",An assertion of defiance in the face of adversity.,"Ojú ti kókó, ojú ti eéwo; ojú ti aáràgbá ìdí lọ́wọ́lọ́wọ́ Ọ̀lọ́run.","Ojú ti kókó, ojú ti eéwo; ojú ti ọlọ́ọlọ́ ò sẹ̀ Ọ̀lọ́run pẹ̀lú.","Ojú ti kókó, ojú ti eéwo; ojú ti aáràgbá ìdí kọ̀ọ̀kan Ọ̀lọ́run pẹ̀lú."
b,cot_xl,Yoruba,"Bí ẹ̀bìtì ò pa eku, a kó ẹyìn fẹ́lẹ́yìn.","If a performer will not carry out a task for which he or she has received payment, he or she returns the payment.",A,"This Yoruba proverb translates to 'If a performer will not carry out a task for which he or she has received payment, he or she returns the payment.' The proverb highlights the importance of fulfilling one's obligations, especially when rewards or compensation are involved. It suggests that failure to comply with one's commitments can lead to consequences, such as returning what has been received. This proverb is often used to caution people against being dishonest or unreliable in their dealings.","If a performer will not carry out a task for which he or she has received payment, he or she returns the payment.","When an individual receives payment for a task and decides not to complete it, the payment must be returned to its rightful owner.,","If a performer who has received payment fails to fulfill their duties, they should not retain the payment.,","In cases where a performer has been compensated for a task but fails to execute it, they are expected to return the payment and any additional benefits they may have received."
b,cot_xl,Yoruba,Tojú tìyẹ́ làparò-ó fi ńríran.,A statement that someone is all eyes.,A,Parse Failed,A statement that someone is all eyes.,API Failure C,API Failure B,API Failure A
b,cot_xl,Yoruba,"Olórùká gbòrùka, ọwọ́ àwé dòfo.","When the owner takes his property back, the flaunting of it by the borrower comes to an end.",D,Parse Failed,API Failure A,API Failure C,API Failure B,"When the owner takes his property back, the flaunting of it by the borrower comes to an end."
b,cot_xl,Yoruba,Alágbàró ò yege; aláṣọ á gbà á bó dọ̀la.,There is nothing like having one’s own.,A,"This proverb is from the Yoruba language and culture. It is saying that there is no value in having something that belongs to you, as it can be taken away at any time. The phrase 'Alágbàró ò yege' means 'there is no such thing' and 'aláṣọ á gbà á bó dọ̀la' means 'one's own clothes can be taken by force'. The correct answer, 'There is nothing like having one's own', captures the essence of this proverb, which is that possession is not as important as it seems.",There is nothing like having one’s own.,Having something of your own can never truly be yours.,"It is better to appreciate the value of having something, rather than thinking you truly own it.","When it comes to material things, having one's own is not as valuable as it seems."
b,cot_xl,Yoruba,Kí ni apárí ńwá ní ìṣọ̀ onígbàjámọ̀?,One should stay out of places where one has no business.,A,"The Yoruba proverb 'Kí ni apárí ńwá ní ìṣọ̀ onígbàjámọ̀' is a warning to individuals to be cautious of their involvement in matters that do not concern them. In essence, it advises people to stay out of situations or places where they have no vested interest or authority. This proverb is rooted in the cultural values of Yoruba people, who emphasize the importance of respecting boundaries and avoiding unnecessary conflicts. By staying out of places where one has no business, individuals can maintain a sense of decorum, avoid unnecessary trouble, and prioritize their own interests.",One should stay out of places where one has no business.,"A pẹlú ìgbàjámọ̀, a ṣe apárí ńwá ní ìṣọ̀ onígbàjámọ̀.",Kí ni gbogbo ebi ńwá ní ìṣọ̀ onígbàjámọ̀.,Kí ni apárí ńwá ní ìṣọ̀ ọmọ ótún ní ìṣọ̀ onígbàjámọ̀.
b,cot_xl,Yoruba,Ẹni tí ajá bá wá sóde lajá ḿbá relé.,One should remain faithful to one’s companions. This is a variant of 3391.,C,Regex Parse,"Oju ṣe ṣẹlẹ láti gbèsẹ́ ajá, ṣẹlẹ láti wá sóde lájà.","Lájà ṣẹlẹ, ajá ṣẹlẹ, ojú rẹ̀ lẹ́ẹ̀si wá sóde.",One should remain faithful to one’s companions. This is a variant of 3391.,"Baba ní ẹni tí lájà sóde wá láta gbẹ́gbẹ̀sẹ̀, ṣẹlẹ sí ojú rẹ̀."
b,cot_xl,Yoruba,Omi là ńkọ́-ọ́ tẹ̀ ká tó tẹ iyanrìn.,One should attend to the most urgent matters first.,C,"In Yoruba culture, this proverb emphasizes the importance of prioritizing tasks based on their urgency. The phrase 'Omi là ńkọ́-ọ́' translates to 'water first', implying that one should address the most pressing issue before moving on to less critical ones. The phrase 'tẹ̀ ká tó tẹ iyanrìn' can be interpreted as 'then to the grasshopper'. The idea is that just as one must prioritize watering plants that are withering (most urgent) before tending to the grasshopper (less urgent), so too should one prioritize tasks based on their level of urgency.",Ọ̀tẹ̀ ká tó tẹ̀ ẹ̀ẹ̀ẹ̀gbẹ̀,Ọ̀tẹ̀ ká tó tẹ̀ iyanrìn kẹlẹ̀,One should attend to the most urgent matters first.,Omi là ńkọ́-ọ́ tẹ̀ ká tó tẹ̀ ẹ̀jẹ̀
b,cot_xl,Yoruba,Ọ́bún ba irú aṣọ jẹ.,Anything a filthy person touches is ruined for others.,C,Regex Parse,Aṣọ Ọ́bún ba irú aṣọ jẹ.,Ọ́bún ba irú eṣẹ jẹ.,Anything a filthy person touches is ruined for others.,Afẹ́rin ba irú aṣọ jẹ.
b,cot_xl,Yoruba,A kì í gbé àárín ojì èèyàn ká má ṣì wí.,It is impossible to live in a group and never cause offense.,A,"A kì í gbé àárín ojì èèyàn ká má ṣì wí translates to the Yoruba concept of 'it's impossible to live among people without causing offense.' This proverb emphasizes the inevitability of causing offense when interacting with others, as it is a natural consequence of being part of a group. In this context, the phrase 'àárín ojì èèyàn' refers to a group of people, while 'gbé' means to live or coexist. The phrase 'ká má ṣì wí' signifies not causing offense. The proverb suggests that even with the best intentions, one is bound to upset others in some way, making it impossible to live in a group without causing offense at some point.",It is impossible to live in a group and never cause offense.,"A kì í gbé àárín ojì èèyàn ká mà ṣì wí, èyí ti ó ṣe ó ṣe ni àwọn èèyàn.","A kì í gbé àárín ojì èèyàn ká má ṣì wí, èyí ti ó gbé èyí ti ó wí.","Bàbá gbé àárín ojì èèyàn ká má ṣì wí, bẹ́ẹ̀ ni wá sí gbogbo èèyàn."
b,cot_xl,Yoruba,Aṣusọ́nà ní ńfi ìyá-a rẹ̀ gbèpè,A child’s behavior is a reflection on its mother; a child’s misbehav ior exposes its parents to castigation.,B,"In Yoruba culture, the proverb 'Aṣusọ́nà ní ńfi ìyá-a rẹ̀ gbèpè' emphasizes the importance of a child's behavior as a reflection of their parents, particularly their mother. The phrase 'gbèpè' connotes punishment or castigation, implying that a child's misbehavior has consequences not only for themselves but also for their family, especially their parents. This proverb highlights the responsibility that comes with parenting and the need for parents to guide their children appropriately to avoid shame or punishment.",A child’s conduct is a signpost to its parents; a child’s disobedience causes its family to face difficulties,A child’s behavior is a reflection on its mother; a child’s misbehav ior exposes its parents to castigation.,A child’s actions reflect its mother; a child’s bad behavior attracts punishment to its household,A child’s behavior is a mirror to its mother; a child’s unruly behavior brings trouble to its family
b,cot_xl,Yoruba,Ẹni tí a bá ńbá ṣíṣẹ́kí í ṣí lẹ; bórí bá túnni ṣe a kì í tẹ́ bọ̀rọ̀.,One should make the most of unexpected good fortune and not squander the opportunity it presents. ,A,"In Yoruba culture, this proverb emphasizes the importance of capitalizing on good fortune when it unexpectedly arises. The phrase ’ẹni tí a bá ńbá’ translates to “one who has been given a surprise”, while ’ṣíṣẹ́kí’ means “good fortune”. The proverb warns against squandering or wasting this unexpected good fortune, as represented by the phrase ’bórí bá túnni ’, which means “one who is wise or prudent”. The phrase ’kì í tẹ́ bọ̀rọ̀’ translates to “does not squander or waste”. Overall, the proverb encourages individuals to be mindful of their actions and to make the most of unexpected opportunities for success.",One should make the most of unexpected good fortune and not squander the opportunity it presents. ,Ẹni tí a bá ńbá ìṣẹ́kí í ṣí lẹ; bórí bá túnni ṣe a kì í lẹ̀rẹ̀.,Ẹni tí a bá ńbá ìṣẹ́kí í ṣí lẹ; bórí bá túnni ṣe a kì í tẹ́ rọ̀rọ̀.,Ẹni tí a bá ńbá ṣíṣẹ́kí í ṣí lẹ; bórí bá túnni ṣe a kì í wẹ́n rẹ̀.
b,cot_xl,Yoruba,TẸ̀gbá tẸ̀sà ló mọ Láfì lágẹmọ; gbogbo ayé ló mọ Tẹlẹ̀mú lólè.,Said of aperson whose bad character is common knowledge.,B,"This Yoruba proverb suggests that when someone's bad behavior is widely known, it's as if they have a reputation, much like the proverbial 'Tẹlẹ̀mú lólè', who is known to everyone. On the other hand, if someone's good character is widely known, they are like 'Láfì lágẹmọ', whose reputation is also known to everyone. However, when someone's bad character is common knowledge, it's like they are known as 'Tẹ̀gbá tẸ̀sà', implying that everyone is aware of their wickedness. This proverb highlights the idea that a person's character is often a reflection of their reputation in the eyes of others.",Tẹ̀gbá tẹ̀sà ló mọ Láfì lágẹmọ; gbogbo ayé ló mọ Tẹ̀gbàrọ̀ lólè,Said of aperson whose bad character is common knowledge.,Tẹ̀gbá tẹ̀sà ló mọ Láfì lágẹmọ; gbogbo ayé ló mọ Tẹ̀gbàgbọ́ lólè,Tẹ̀gbá tẹ̀sà ló mọ Láfì lágẹmọ; gbogbo ayé ló mọ Tẹ̀gbàjẹ́ lólè
b,cot_xl,Yoruba,A kì í fi gbèsè sọ́rùn ṣọ̀ṣọ́.,One should discharge one’s obligations before indulging in extravagance.,A,Regex Parse,One should discharge one’s obligations before indulging in extravagance.,One must not squander resources on lavish pleasures before fulfilling one’s duties.,"Before engaging in excessive spending, one should prioritize fulfilling one’s responsibilities.",It is unwise to indulge in luxury before completing one’s obligations.
b,cot_xl,Yoruba,Òṣìṣẹ́ lọ̀tá ọ̀lẹ.,People with flaws hate those who might show them up.,D,Parse Failed,API Failure B,API Failure C,API Failure A,People with flaws hate those who might show them up.
b,cot_xl,Yoruba,Ọjo kì í to lọ bi òréré.,Life is not without curves.,A,Regex Parse,Life is not without curves.,Life is not a straight line always.,Life is not an unbroken road.,Life is full of unexpected paths.
b,cot_xl,Yoruba,"""Ọ̀ràn yí ò dùn mí"": ẹ̀ẹ̀kanṣoṣo là ńwí i. ","If one is indifferent to something, it should not dominate one’s conversations.",D,Regex Parse,"If one's preference doesn't align with the conversation, it shouldn't be the sole focus.","If something doesn't resonate with you, it shouldn't monopolize your conversations.","If something is not a priority to you, it shouldn't dictate the tone of your discussions.","If one is indifferent to something, it should not dominate one’s conversations."
b,cot_xl,Yoruba,"Ọbẹ̀-ẹ́ tutù tán, a dawọ́ bù ú lá.","When the back of a difficult task has been broken, people are eager to tackle it.",D,Parse Failed,API Failure C,API Failure B,API Failure A,"When the back of a difficult task has been broken, people are eager to tackle it."
b,cot_xl,Yoruba,Ohun tí a ó fẹ́ kéèyàn ó mọ̀ là ńṣe lábẹ́lẹ̀.,One who has nothing to hide should not do things in secret.,D,"The Yoruba proverb 'Ohun tí a ó fẹ́ kéèyàn ó mọ̀ là ńṣe lábẹ́lẹ̀' is a metaphorical expression that translates to 'One who has nothing to hide should not do things in secret'. This proverb highlights the importance of transparency and honesty in one's actions. In Yoruba culture, doing things in secret is often associated with dishonesty or a lack of integrity. The phrase 'keèyàn' means 'nothing' or 'of no use', and 'lábẹ́lẹ̀' means 'secretly' or 'in secret'. Therefore, the proverb is encouraging individuals to be open and honest in their dealings, as those who have nothing to hide do not need to engage in secretive behavior.",Eti tí a ó fẹ́ kéèyàn ó mọ̀ là ńṣe láyé,Ori tí a ó fẹ́ kéèyàn ó mọ̀ là ńṣe ọ̀nà àpẹẹrẹ,Ohun tí a ó fẹ́ kéèyàn ó mọ̀ là ńṣe lẹ́yin,One who has nothing to hide should not do things in secret.
b,cot_xl,Yoruba,Bàbá laláàbò; ìyá lonírànwọ́; orogún nikú,Two women who share the same husband are deadly enemies.,A,Regex Parse,Two women who share the same husband are deadly enemies.,"When two women are united in marriage, but have different views, they can become as two opposing forces, like the tides of the ocean.","In a household with multiple wives, the women often become rivals, like two birds fighting over the same nest.","When two women share a husband, they are like two rivers that flow in opposite directions."
b,cot_xl,Yoruba,"Asárélówó ḿbẹ lọ́nà ogun; Apọ̀ṣẹ̀ṣẹ̀ m̀bẹ lọ́nà èrò; Bó-pẹ́-títí-ng-ó-lá ḿbẹlábà, ó ńjẹ ẹ̀sun iṣu.","Wealth comes to those who exert themselves, not to those who wait for it to find them.",C,"In the Yoruba proverb, 'Asárélówó ḿbẹ lọ́nà ogun; Apọ̀ṣẹ̀ṣẹ̀ m̀bẹ lọ́nà èrò; Bó-pẹ́-títí-ng-ó-lá ḿbẹlábà, ó ńjẹ ẹ̀sun iṣu', the idiom 'Asárélówó' is equivalent to 'hard work' or 'effort.' The phrase 'lọ́nà ogun' signifies the path or nature of hard work, implying that wealth is a result of one's relentless pursuit of it. Conversely, the phrase 'Apọ̀ṣẹ̀ṣẹ̀ m̀bẹ lọ́nà èrò' translates to 'idleness' or 'sitting around,' signifying the lack of effort. The phrase 'Bó-pẹ́-títí-ng-ó-lá ḿbẹlábà, ó ńjẹ ẹ̀sun iṣu' means that it is only those who exert themselves and are diligent that can harvest wealth. It emphasizes the importance of being proactive and industrious in one's pursuit of wealth, rather than waiting for it to come to them.","Wealth is not bestowed upon the idle or the complacent; Rather, it is those who exert themselves and work diligently who are able to achieve financial stability; Those who wait for wealth to find them will likely be met with disappointment and scarcity.","Success is a direct result of one's unwavering commitment to their endeavors; Idleness, on the other hand, leads to a life of scarcity and poverty; Those who relentlessly strive for their goals are the ones who ultimately achieve wealth and prosperity.","Wealth comes to those who exert themselves, not to those who wait for it to find them.","Wealth is a divine gift bestowed upon those who possess a strong work ethic, not those who lazily wait for it; Prosperity comes to those who toil tirelessly, not to those who idly sit by; It is those who persevere through the trials of hard work who reap the rewards of wealth."
b,cot_xl,Yoruba,Òṣùpá ò mòde òtòṣì; bó bá délé ọlọ́rọ̀ á dé tèmi.,"With regard to Nature, all people are equal.",D,Parse Failed,API Failure B,API Failure A,API Failure C,"With regard to Nature, all people are equal."
b,cot_xl,Yoruba,"À ńjọ- rìn, a kò mọ orí olówó.",No one can tell who among a company is most likely to succeed.,C,"The Yoruba proverb À ńjọ-rìn, a kò mọ orí olówó, translates to 'Among those who walk together, no one knows who among them will be the one to hit the ground first or last.' It implies that in a group of people, each member has their own unique potential and destiny. The phrase 'À ńjọ-rìn' refers to people walking together, while 'orí olówó' means the head or the front of the line, symbolizing success or achievement. The phrase 'a kò mọ' means 'no one knows.' This proverb highlights the unpredictability of life and the importance of not comparing oneself to others, as everyone has their own unique path to success.","À ńjọ-rìn, a kò mọ orí òṣìí láti rí sí orí olówó; orí olórí àjà láti mọ àjà.","À ńjọ-rìn, a kò mọ olórí àjà láti rí sí orí olówó; orí òṣìí láti rí sí orí olórí àjà.",No one can tell who among a company is most likely to succeed.,"À ńjọ-rìn, a kò mọ olórí àjà; orí òṣìí láti rí sí orí olówó."
b,cot_xl,Yoruba,Ẹni à ńgbé gẹ̀gẹ̀ ni yó ba àrà rẹ̀ jẹ.,People who are placed on pedestals have ample opportunities to topple themselves.,A,"In Yoruba, 'ẹni à ńgbé gẹ̀gẹ̀' refers to people in positions of power or high esteem. 'Gẹ̀gẹ̀' can be translated to 'pedestal' or 'high place.' 'Ni yó ba àrà rẹ̀ jẹ̣' means 'they have plenty of chances to fall.' The proverb warns that those who are elevated may be prone to self-destruction due to their elevated status.",People who are placed on pedestals have ample opportunities to topple themselves.,Ọba à ńgbé gẹ̀gẹ̀ ńgbé Ọ̀rọ̀ ẹ̀ẹ̀ẹ̀ Ọ̀rọ̀ ẹni à ńgbé gẹ̀gẹ̀ ni yó ba àrà rẹ̀ jẹ̣.,Ẹyin ẹni à ńgbé gẹ̀gẹ̀ ni Ọ̀rọ̀ ṣàṣẹ̀ ọ̀nà ọ̀nà ni yó ba àrà rẹ̀ jẹ̣.,"Àwo ni gbogbo Ọ̀rọ̀ ni ibẹ lọ, Ọrọ̀ ẹni à ńgbé gẹ̀gẹ̀ ni yó ba àrà rẹ̀ jẹ̣."
b,cot_xl,Yoruba,Ọ̀já kan ò dàbí já òróòro; òkè kan ò dàbí Òkèe Gbadi; ọmú kan ò dùn bí ọmú ìyá ẹni.,Certain things have no rivals in value. ,C,Regex Parse,"Ọ̀já kan ò dàbí já òróòro; òkè kan ò dàbí Òkèe Ọ̀dẹ, ọmú kan ò dùn bí ọmú Ọ̀rí","Ọ̀já kan ò dàbí já ẹgbẹ, òkè kan ò dàbí Òkèe Kẹkẹ; ọmú kan ò dùn bí ọmú ìyá ẹni",Certain things have no rivals in value. ,Ọ̀já kan ò dàbí já òróòro; òkè kan ò dàbí Òkèe Ọ̀dẹ; ọmú kan ò dùn bí ọmú ìyá Ọ̀sẹ̀
b,cot_xl,Yoruba,Ìbínú baba òṣì.,Anger achieves no good but may backfire on who ever expresses it.,B,Parse Failed,API Failure B,Anger achieves no good but may backfire on who ever expresses it.,API Failure C,API Failure A
b,cot_xl,Yoruba,"Wọ́n ní kárúgbó gba ọmọ pọ̀n, ó ní ṣe bí wọ́n mọ̀ pé òun ò léhín; wọ́n ní kó pa ọmọ jẹ ni? ",Said of people whose comment on a proposition is wildly irrelevant.,A,"This proverb, originating from Yoruba culture, uses an idiomatic expression to convey the idea that when someone offers a comment that is unrelated to the topic at hand, it can be likened to trying to catch a child who has been taken away. The phrase 'kárúgbó gba' translates to 'to chase after' and 'ọmọ pọ̀n' means 'child that has been taken away.' The speaker is implying that the person's comment is as futile as trying to catch something that has already been lost. This proverb highlights the importance of relevance in discussions and the futility of offering unrelated comments.",Said of people whose comment on a proposition is wildly irrelevant.,"Wọ́n ní tẹ̀lé ẹrú gbé, ó ní ṣe bí wọ́n mọ̀ pé òun ò léhín; wọ́n ní kó pa ẹgbẹ̀ jẹ ni.","Ó wọ́n ní ọkanlẹ gbé pẹ̀lẹ́, ó ní ṣe bí wọ́n mọ̀ pé òun ò léhín; wọ́n ní kó pa ẹgbẹ̀ jẹ ni.","Wọ́n ní kí ẹgbẹ̀ gbé fún ọrọ̀ lẹ́, ó ní ṣe bí wọ́n mọ̀ pé òun ò léhín; wọ́n ní kó pa ọmọ jẹ ni."
b,cot_xl,Yoruba,Fífẹ́ la fẹ́ ẹ̀fọ́ tí à ńpè-é ní ọ̀rẹ́ ẹ̀kọ; ti ilé ogè-é tó ogè-é jẹ.,That one delights in another person’s company is not to say that one cannot do without it.,B,Regex Parse,"Ti ẹ̀rúgbò ńpè-é ni ọ̀rẹ́ ẹ̀kọ, bẹ́ẹ̀ ló ńsọ̀rọ̀ tí ẹ ńgbé ogè-é tó ogè-é jẹ.",That one delights in another person’s company is not to say that one cannot do without it.,"Ti ẹ̀fọ́ ńpè-é ni ọ̀rẹ́ ẹ̀kọ, bẹ́ẹ̀ ló ńsọ̀rọ̀ tí ẹ ńgbé ogè-é tó ogè-é jẹ.","O pé ẹ̀rúgbò ló ńpè-é ni ọ̀rẹ́ ẹ̀kọ, bẹ́ẹ̀ ló ńsọ̀rọ̀ tí ilé ogè-é tó ogè-é jẹ."
b,cot_xl,Yoruba,Àrífín ilé ó jọkà jẹ òròmọ adìẹ.,A person who would retain esteem among his or her peers must not act beneath himself or herself.,D,"Àrífín ilé ó jọkà jẹ òròmọ adìẹ - This Yoruba proverb emphasizes the importance of maintaining a reputable status among one's peers. It suggests that an individual's actions and behavior should align with their social standing, lest they suffer a loss of respect and esteem. The phrase 'àrífín ilé' implies a person of high standing or esteem, while 'jọkà jẹ' means to act in a way that is beneath one's status. The proverb is cautioning against actions that might lead to a decline in reputation, thus advising individuals to conduct themselves in a manner that maintains their dignity and respect among their peers.","A person of noble birth must not engage in activities that are beneath their social standing, lest they suffer a loss of reputation.","For one to be regarded as a respected figure among their peers, they must not compromise their values or dignity.",A person of high esteem must not participate in actions that could tarnish their reputation and lose the respect of others.,A person who would retain esteem among his or her peers must not act beneath himself or herself.
b,cot_xl,Yoruba,"Àparò, aṣọ-ọ̀ rẹ́ ṣe pọ́n báyìí? O ní ìgbà wo ni aṣọ òun ò níí pọ́n?  Ọ̀sán jíjẹ, òru sísùn, oúnjẹ̀ ò ṣéé fi sílẹ̀ lọ́sàn-án; orun ò ṣéé fi sílẹ̀ lóru.",The priorities of the self-indulgent are always inverted.,B,"The given proverb is a Yoruba saying that cautions against the dangers of self-indulgence and prioritizing one's own desires over others. The proverb states that the priorities of the self-indulgent are always inverted, suggesting that their focus is misplaced and that they are often putting their own interests above others. This can be seen in the comparison between the priorities of the self-indulgent and the actions of a farmer, who prioritizes planting seeds (òru sísùn) and harvesting food (ounjẹ̀ ò ṣéé fi sílẹ̀ lọ́sàn-án), and the actions of the heavens, which prioritize releasing rain (orun ò ṣéé fi sílẹ̀ lóru) and sunshine (ọ̀sán jíjẹ), highlighting the balance and harmony that exists in nature. The proverb is urging individuals to adopt a more balanced approach to life, prioritizing the needs of others and the world around them, rather than solely focusing on their own desires and interests.","Aparo, awo rẹ̀ ni ipón báyìí? Òrun òrun, òrú òrun, órú òrun òrun.",The priorities of the self-indulgent are always inverted.,"Ọ̀sán jíjẹ̀, oúnjẹ̀ òrun, òrun òrun, orun òrun òrun.","Ọ̀run òrun, órú òrun, orun òrun òrun, òrun òrun òrun."
b,cot_xl,Yoruba,"A kì í dé ilé ikú ká fóhórí kù; bí a ò bá tútù, a ó bàá gbígbẹ.",The sole custodian of a commodity is unlikely to experience a lack of it.,A,Parse Failed,The sole custodian of a commodity is unlikely to experience a lack of it.,API Failure A,API Failure B,API Failure C
b,cot_xl,Yoruba,Apárí ní ńfojú di abẹ.,The bald person has no use for razors.,B,Parse Failed,API Failure C,The bald person has no use for razors.,API Failure A,API Failure B
b,cot_xl,Yoruba,"Ẹni tí yó kọ igba lóko, ìrìn ẹsẹ́-ẹ rẹ̀ là ńwò.",How a person behaves re veals more about his or her capabilities than what the person says.,C,"The proverb Ẹni tí yó kọ igba lóko, ìrìn ẹsẹ́-ẹ rẹ̀ là ńwò is a Yoruba adage that highlights the significance of actions over words. In this context, 'igba lóko' translates to a 'calabash' that has been used or broken, implying something that has been used or tampered with. The phrase suggests that the way one handles or uses a tool, in this case, the calabash, can reveal more about their character and capabilities than what they claim. This proverb encourages people to observe and learn from the actions of others rather than just listening to their words.","How one performs tasks, however insignificant, can reveal more about their skills than what they express verbally.",The way an individual handles their responsibilities can be a more accurate indication of their capabilities than their boasts and claims.,How a person behaves re veals more about his or her capabilities than what the person says.,A person's actual abilities are often better reflected in their daily actions rather than their spoken words.
b,cot_xl,Yoruba,Ìyàwó jẹ ọkà jẹ igbá.,One should show consideration and exercise care in using others’ property.,B,"The Yoruba proverb Éyàwó jé ọká jé igbá translates to 'The wife is the custodian of the clay pot.' This proverb emphasizes the importance of being mindful when using others' belongings. In this context, the Éyàwó represents the wife, who is entrusted with the care of the clay pot, a symbol of her husband's property. The proverb suggests that just as one must be careful when handling the pot to avoid breaking it, one should also show consideration and exercise care when using others' property to avoid causing harm or damage. This proverb highlights the value of respect, responsibility, and mindfulness in our interactions with others' belongings.","One should show consideration and exercise care in using others' property, lest one breaks the trust.",One should show consideration and exercise care in using others’ property.,"A person should handle others' belongings with care, just as one handles a delicate clay pot.","When using others' property, one must be cautious, just as a wife handles her husband's precious clay pot."
b,cot_xl,Yoruba,"Bí a kò bá lè dá Tápà, Tápà kì í dáni.","If one fails, one should at least avoid disgrace.",D,"This Yoruba proverb highlights the importance of maintaining dignity, especially in situations where success is not guaranteed. In essence, it encourages individuals to avoid situations that may lead to public embarrassment or shame, even if they cannot achieve the desired outcome. This concept is rooted in the cultural values of the Yoruba people, who place great emphasis on personal honor and respect.","If one falls short, one should at least prevent the public from mocking.","If one is unsuccessful, one should at least prevent the community from laughing at their misfortune.","If a person fails, they should at least protect their reputation.","If one fails, one should at least avoid disgrace."
b,cot_xl,Yoruba,"Bí a kò bá pàdé lókè, a ó pàdé lódò.","Paths that have crossed will somewhere, somehow, cross again.",C,Parse Failed,API Failure A,API Failure C,"Paths that have crossed will somewhere, somehow, cross again.",API Failure B
b,cot_xl,Yoruba,Olè kì í gbọ́ orúkọ ẹ̀ kó dúró.,A person who has something to hide is always worried about being exposed.,D,"In the Yoruba proverb Olè kì í gbọ́ orúkọ ẹ̀ kó dúró, 'Olè' refers to a person who has something to hide. 'Kì í gbọ́' translates to 'is always worried about' or 'always on the lookout for,' 'orúkọ' means 'exposure,' 'ẹ̀' is a possessive marker indicating something hidden, and 'kó dúró' signifies 'being exposed.' This proverb suggests that individuals with secrets or hidden truths are perpetually anxious about being discovered.",Individuals with secrets to keep are always on the lookout for potential exposure.,A person with a hidden agenda is often on high alert for potential threats.,"When someone has something to conceal, they remain vigilant for signs of detection.",A person who has something to hide is always worried about being exposed.
b,cot_xl,Yoruba,"Ọkọ̀ ńjò, ọkọ̀ ńjò! Ìgbà tó bá rì, kò parí ná?",There is little one can do about a problem whose outcome is inevitable.,A,"The Yoruba proverb “ Ọkọ̀ ńjò, ọkọ̀ ńjò! Ìgbà tó bá rì, kò parí ná?” can be interpreted as a phrase that describes a situation where the outcome of a problem is predetermined and unchangeable. The phrase “ Ọkọ̀ ńjò” means “small canoe” and is used metaphorically to refer to a small or insignificant issue. When the phrase is repeated, “ Ọkọ̀ ńjò, ọkọ̀ ńjò”, it emphasizes the insignificance of the issue. The phrase “Ìgbà tó bá rì” refers to a time that has been set or determined, and “kò parí ná” means “will not be avoided”. Putting it all together, the proverb suggests that there is little one can do about a problem whose outcome is inevitable.",There is little one can do about a problem whose outcome is inevitable.,"Distractor 2: In a situation where fate has already been decided, Ọkọ̀ ńjò, ọkọ̀ ńjò! Àgbà tó bá rì, kò sí ná.","Distractor 1: It is futile to intervene in a situation whose outcome is predetermined, Ọkọ̀ ńjò, ọkọ̀ ńjò! Ìgbà tó bá rì, ó fẹ́ ná.","Distractor 3: There is nothing one can do to alter the course of events in a situation whose outcome is already set, Ọkọ̀ ńjò, ọkọ̀ ńjò! Ìgbà tó bá rì, kò ṣe ná."
b,cot_xl,Yoruba,Ọmọ tó káwọ́ sókè ló fẹ́ ká gbé òun.,"If you want people to come to your aid, first lift a finger on your own behalf.",A,"This Yoruba proverb suggests that before seeking help from others, one must take initiative and effort on their own behalf. It emphasizes the importance of self-reliance and personal responsibility in times of need.","If you want people to come to your aid, first lift a finger on your own behalf.",Ọmọ tó káwọ́ sókè ló fẹ́ ká gbé òun,Ọmọ tó káwọ́ sókè ló fẹ́ ká gbé òun tòrípè,Ọmọ ó gbé òun kí ó ṣẹ́ kẹ́lẹ́ tó bẹ́ káwọ́ sókè
b,cot_xl,Yoruba,"Ìyà mẹ́ta a-fàdá-pa-ikún: ikún lọ, àdá nù, aládàá ní òun ó gba àdá òun.",Said when problems climb on problems.,A,"In Yoruba, the proverb Éyá métà a-fàdá-pa-ikùn translates to 'four problems sit on the fifth problem.' This phrase implies that when problems accumulate, they can become insurmountable. The translation can be interpreted as 'said when problems climb on problems,' reflecting the idea that the weight of additional problems can make it difficult to manage existing ones. This phrase serves as a warning to individuals to address problems before they escalate further.",Said when problems climb on problems.,"Èyà mẹ́tá a- fàdá-pa-ikú: ikú lọ, àdá nù, aládàá ní òun ó gba àdá òun.","Èyà mẹ́tá a- fàdá-pa-ẹgbẹ́: ẹgbẹ́ lọ, àdá nù, aládàá ní òun ó gba àdá òun.","Èyà mẹ́tá a- fàdá-pa-ìmọ́: ìmọ́ lọ, àdá nù, aládàá ní òun ó gba àdá òun."
b,cot_xl,Yoruba,Àgùntàn ò pa aṣọ èṣí dà.,Old habits die hard.,A,Regex Parse,Old habits die hard.,Old habits are hard as a rock.,Old habits are like a stubborn ant that refuses to leave food.,"Old habits take a long, hard time to eat away."
b,cot_xl,Yoruba,Kí á lé akátá jìnnà ká tó bá adìẹ wí.,Get rid of the immediate danger before reprimanding those who caused it.,D,Regex Parse,Kí á lé akátá jìnnà ká tó bá adìẹ ṣẹ̀dá wí.,Kí á lé akátá jìnnà ká tó bá ẹgbẹ́ adìẹ sẹ́ẹ́.,Kí á lé àwọn ẹrú jìnnà ká tó bá ẹgbẹ́ adìẹ wí.,Get rid of the immediate danger before reprimanding those who caused it.
b,cot_xl,Yoruba,A kì í mọ́ egbò fúnra ẹni ká sunkún.,One should know one’s own pain threshold.,A,Regex Parse,One should know one’s own pain threshold.,A kì í mọ́ gbogbo fúnra ẹni ká sunkún.,Egbò fúnra ẹni ká sunkún ń jẹ kí a sẹ̀rè ẹni.,Àgbà jẹ kí a fẹ̀ràn àgbà fúnra ẹni.
b,cot_xl,Yoruba,Àbúrò kì í pa ẹ̀gbọ́n nítàn.,One should not exceed one’s station.,A,"In the Yoruba proverb 'Àbúrò kì í pa ẹ̀gbọ́n nítàn,' the concept of 'aburo' represents one's position or station in life, while 'egbon nitan' signifies the boundaries or limits of that station. The phrase 'kì í pa' implies not to overstep or exceed these boundaries. This proverb cautions against overambition or trying to rise above one's social status, emphasizing the importance of humility and contentment within one's assigned role in society.",One should not exceed one’s station.,Àbúrò kì í pa ẹ̀gbọ́n nítàn là gbogbo ẹ̀gbọ́n tí a fi gbà,"Àbúrò kì í pa ẹ̀gbọ́n nítàn, ẹ̀gbọ́n tí a fi gbà, sí gbogbo ẹ̀gbọ́n nítàn","A fi búrò sí gbà ẹ̀gbọ́n nítàn, sí gbogbo ẹ̀gbọ́n tí a fi pa"
b,cot_xl,Yoruba,Òjò pa gbòdògì ró wọ̀rọ̀-wọ̀rọ̀,Certain behaviors by others force comments out of the mouths of even normally recalcitrant people.,B,"The Yoruba proverb Òjò pa gbòdògì ró wọ̀rọ̀-wọ̀rọ̀ translates to 'Even stubborn people speak out when provoked'. This proverb conveys the idea that when certain behaviors or actions are taken by others, they can elicit reactions even from those who are normally resistant or reserved in speaking out. In this case, the proverb is suggesting that certain behaviors by others can force normally recalcitrant people to comment or speak out.","When provocative actions are taken by others, normally quiet people are forced to speak out",Certain behaviors by others force comments out of the mouths of even normally recalcitrant people.,Even those notorious for keeping quiet will find themselves speaking out when faced with certain behaviors,Certain behaviors by others can provoke even the tight-lipped among us to speak out loudly
