task,strategy,lang,source_proverb,correct_text,correct_answer,reasoning,Choice_A,Choice_B,Choice_C,Choice_D
a,zs,Arabic,اللي ما رضى خببزة يرضى بنصها ,Half a loaf is better than no bread,C,Regex Parse,Any crumbs are better than a completely empty cupboard.,A small portion is better than an empty plate.,Half a loaf is better than no bread,More than nothing is always a little something.
a,zs,Arabic,إنك تضرب في حديد بارد,You are striking cold iron.,B,Regex Parse,You are beating a chilled metal.,You are striking cold iron.,You are pounding on a frozen anvil.,You are hitting an icy hammer.
a,zs,Arabic,إصرف ما في الجيب يأتيك ما في الغيب.,Spend money to make money.,D,Regex Parse,Invest your available funds to generate additional income.,Allocate your current resources to accumulate future wealth.,Spend wisely to attract more financial opportunities.,Spend money to make money.
a,zs,Arabic,الصديق وقت الضيق.,A friend in need is a friend indeed.,B,Regex Parse,A companion during hardship is an authentic companion.,A friend in need is a friend indeed.,"In times of trouble, a true friend is a true friend.",A trusted ally in times of distress is a trusted ally indeed.
a,zs,Arabic,أنا باللقمة لفمو وهو بالمشهاب لعيني.,Biting the hand that feeds him.,B,Regex Parse,Biting the hand that brings him his daily bread.,Biting the hand that feeds him.,Biting the hand that puts food in his mouth.,Biting the hand that supplies his food.
a,zs,Arabic,وِجّو بيقطع الرزق,a jinx on the house,A,Regex Parse,a jinx on the house,a bad omen on the premises,a curse on the household,an ill wind for the dwelling
a,zs,Arabic,إطعم الفم تستحى العين.,A bribe works miracles.,A,Regex Parse,A bribe works miracles.,A gift brings swift success.,A reward opens the gates of favor.,A favor buys a speedy solution.
a,zs,Arabic,إن ضاق بيك الأمر، اشرب زجاجة خمر,Let them drink and forget their poverty and remember their misery no more.,A,Regex Parse,Let them drink and forget their poverty and remember their misery no more.,"Let them drink and drown their hardships, and remember their troubles no more.","Let them drown in wine and be free from remembering their struggles, no more.","Let them drown their sorrows and forget their trials, and recall their hardships no longer."
a,zs,Arabic,جمل يعصر وجمل ياكل العصارة:,Climbing the ladder of success by stepping on others.,D,Regex Parse,Rungs of progress are built upon the shoulders of those beneath.,Promotion through the ranks is fueled by the failures of others' climb.,Success is a staircase that rises from the shadows of the fallen.,Climbing the ladder of success by stepping on others.
a,zs,Arabic,احفظ قرشك الأبيض ليومك الأسود.,"A penny saved is a penny earned.
",A,Regex Parse,"A penny saved is a penny earned.
",A coin conserved is a coin created.,A piece of money kept is a piece of money discovered.,A dollar preserved is a dollar received.
a,zs,Arabic,رمية من غير رامي,A flash in a pan.,A,Regex Parse,A flash in a pan.,A flare in the darkness,A spark in the void,A burst in the silence
a,zs,Arabic,فود عوجان.,He who goes out in search of wool often comes home shorn.,C,Regex Parse,He who ventures forth in pursuit of wealth often returns with naught but embers.,He who ventures out to fetch a fleece often returns with a singed cloak.,He who goes out in search of wool often comes home shorn.,One who sets out to gather threads often finds their own fabric torn.
a,zs,Arabic,اصبوعي في حلوجهم وصبوعهم في عيوني.,Evil in return for god deed.,C,Regex Parse,Malice in exchange for a pious act.,Deceit in recompense for a selfless gesture.,Evil in return for god deed.,Wickedness in response to a righteous deed.
a,zs,Arabic,المَمنُوع مَرْغُوب.,Forbidden fruit is the sweetest.,C,Regex Parse,Forbidden treasures are the most coveted.,Taboo pleasures are the most enticing.,Forbidden fruit is the sweetest.,Interdicted delicacy is the most delectable.
a,zs,Arabic,اللي فات مات (ماتلا عليه التلفات),let bygones be bygones.,A,Regex Parse,let bygones be bygones.,what's past is past and should be left to be forgotten,bygones should be bygones as is tradition,let the past remain in the past
a,zs,Arabic,الإفراط في التّواضع يجلب المذلّة," If you humble yourself too much, you will get trampled on.",B,Regex Parse,An overabundance of humility can result in being crushed.," If you humble yourself too much, you will get trampled on.",Too much modesty often leads to being stepped on.,"When excessive humility is shown, one will be walked all over."
a,zs,Arabic,اللي فات مات.,let bygones be bygones.,A,Regex Parse,let bygones be bygones.,bury the past and live in the present moment.,let past regrets be forgotten forever.,forgive and forget the wrongs of times past.
a,zs,Arabic,سماعك بالْمُعَيَدِيِّ خير من أن تراه سمك في ماء,Like a fish in water.,B,Regex Parse,Feeling at home like a fish gliding through the water.,Like a fish in water.,Like a fish swimming in its natural habitat.,As comfortable as a fish swimming in its element.
a,zs,Arabic,ابن الحرام بيساويها وابن الحلال بيوقع فيها,Sometimes the innocent suffer with the guilty.,A,Regex Parse,Sometimes the innocent suffer with the guilty.,The blameless often fall with the culpable.,Innocent ones are often punished with the guilty ones.,The blameless are sometimes punished with the guilty.
a,zs,Arabic,خاطبوا الناس على قدر عقولهم.,Address people in the language they can understand.,D,Regex Parse,Treat others with the intellectual vocabulary they can handle.,Engage in conversations tailored to the intellectual capacity of those you interact with.,Speak with individuals according to their level of comprehension.,Address people in the language they can understand.
a,zs,Arabic,الدنيا زي الغازية، ترقص لكل واحد شوية,The world is like a belly dancer: it dances for a little while for everyone,A,Regex Parse,The world is like a belly dancer: it dances for a little while for everyone,"The world is like a belly dancer, performing a little dance for every individual.","The world is like a belly dancer, dancing briefly for everybody.",The globe is like a belly dancer: it performs a few steps for each person.
a,zs,Arabic,ايش ياخد الريح من البلاط؟,where there is nothing the king loses his rights,D,Regex Parse,where is the wind in an empty palace,what's left in a vacant throne?,"when there's nothing, the mighty fall",where there is nothing the king loses his rights
a,zs,Arabic,تجيك التهايم وإنت نايم,Look what the cat dragged in.,D,Regex Parse,Notice what the sleepy traveler arrived with.,See what the child found asleep.,Look what the dog brought home.,Look what the cat dragged in.
a,zs,Arabic,بليلة المباشر ولا ضبيحة (طبيخة) المكاشر,"
Better is a dinner of herbs where love is, than a stalled ox and hatred therewith.",D,Regex Parse,"Better is a dinner of flowers where kindness is, than a slaughtered deer and resentment therewith.","Greater is a feast of berries where charity is, than a penned sheep and bitter animosity therewith.","More desirable is a meal of wild berries where compassion is, than a hunted boar and disdain therewith.","
Better is a dinner of herbs where love is, than a stalled ox and hatred therewith."
a,zs,Arabic,بین المطرقة والسندان.,Between the upper and nether millstone.,A,Regex Parse,Between the upper and nether millstone.,Between the heavy mallet and the crushing press.,Between the upper and lower grinding stone.,Between the hammer and the anvil head.
a,zs,Arabic,الوقاية خير من العلاج/ درهم وقاية خير من قنطار علاج ,Prevention is better than cure,C,Regex Parse,Caution is more valuable than costly remedies,Preventing troubles is better than treating them,Prevention is better than cure,Warning is better than treatment
a,zs,Arabic, انكشحت بين امعاه لحشيشَ.,To break the ice.,D,Regex Parse,To crack the frosty surface.,To shatter the frost.,To chip through the icy barrier.,To break the ice.
a,zs,Arabic,اللي ما يعرف الغلط ما يتعلم,He who does not know mistakes does not learn,C,Regex Parse,He who is unaware of the mistakes does not gain wisdom,He who is unfamiliar with the mistakes does not develop insight,He who does not know mistakes does not learn,He who does not understand errors does not acquire knowledge
a,zs,Arabic,اللي يخالط المسعدين يسعد.,Happiness is contagious.,A,Regex Parse,Happiness is contagious.,Pleasure is quickly spread from person to person.,Smiles are a highly communicable disease.,Joy is easily transmitted.
a,zs,Arabic,يجي الخريف.. واللواري بتقيف,Every dog has its day.,C,Regex Parse,Every bird has its morning.,Each cat has its time.,Every dog has its day.,Each horse has its hour.
a,zs,Arabic,كل بخنوس افعين امو اغزال,"Beauty is in the eye of the beholder.
",B,Regex Parse,The perception of beauty is in the hands of the beholder.,"Beauty is in the eye of the beholder.
",Beauty is seen through the eyes of the judge.,Beauty is in the heart of the observer.
a,zs,Arabic,الباب اللى إِيجيك منه الريح، سده واستريح ,If you are always dwelling in trouble change the address.,A,Regex Parse,If you are always dwelling in trouble change the address.,"When the storm hits you repeatedly, move to a safer place and calm down","If you keep knocking on the door of chaos, close it and find peace elsewhere","If the winds of hardship always blow against you, seal the window and rest in a more stable house"
a,zs,Arabic,بتقول للقمر غيبي وأنا مكانش.,A rose among thorns.,B,Regex Parse,A star among the dense foliage.,A rose among thorns.,The gem within a pile of stones.,A flower amidst the forest.
a,zs,Arabic, بِيشتَري سَمَك في بَحَر ,Buy a pig in a poke.,D,Regex Parse,Purchase a fish in the ocean,Buy a sheep in a sack,Purchase a bird in a basket,Buy a pig in a poke.
a,zs,Arabic,أتبدلت غزلانها بقرودها.,A falling master makes a standing servant. / It is a sorry house where the hens' crow and the cock is silent.,B,Regex Parse,A fallen leader makes a loyal subject.,A falling master makes a standing servant. / It is a sorry house where the hens' crow and the cock is silent.,"It's a pitiful home where the hens start crowing, and the rooster is quiet.","A downed king makes a humble vassal, and a house is poor where the females screech and the male is voiceless."
a,zs,Arabic,اللسان مافيه عظم.,Think before you speak.,A,Regex Parse,Think before you speak.,Reflect before you utter.,Consider before you communicate.,Pause before you express.
a,zs,Arabic,شو جاب الزرقا للبلقا.,Apples and oranges.,B,Regex Parse,Grapes and pineapples,Apples and oranges.,Apples and grapes,Pears and lemons
a,zs,Arabic,الفقيه اللي عملناه إقابل الجامع عاد فالحصاير طامع.,Give him an inch and he'll take a mile.,C,Regex Parse,Give him an inch and he'll ask for a yard.,Give him an inch and he'll expect a mile.,Give him an inch and he'll take a mile.,Give him an inch and he'll take a longer path.
a,zs,Arabic,مد رجليك قدر لحافك,Cut your coat according to your cloth.,B,Regex Parse,Adjust your expectations according to your capabilities.,Cut your coat according to your cloth.,Measure your ambitions by the yardstick of your resources.,Tailor your goals to the fabric of your situation.
a,zs,Arabic,إنّ الطيور على أشكالها تقع, Birds of a feather flock together.,D,Regex Parse,Birds of similar habits migrate as one.,Creatures of like nature tend to dwell together.,People of the same tribe tend to gather., Birds of a feather flock together.
a,zs,Arabic,شو بتعمل الماشطه بهالوش العكر.,Putting lipstick on a pig.,C,Regex Parse,Painting feathers on a bird in flight.,Adding glitter to a broken vase.,Putting lipstick on a pig.,Applying crowns to a dying tree.
a,zs,Arabic,لي خاف سلم. ,The one who shows his fears ensures his salvation.,D,Regex Parse,The person who acknowledges his terrors ensures his redemption.,The one who reveals his apprehensions secures his rescue.,One who confesses his anxieties guarantees his deliverance.,The one who shows his fears ensures his salvation.
a,zs,Arabic,البحر فيه لاغش,The worst is yet to come.,A,Regex Parse,The worst is yet to come.,The darkest hour is yet to strike.,The most difficult part is yet to unfold.,The greatest challenge is yet to arise.
a,zs,Arabic,قرصه في ناره وعينه على جاره.,The grass is always greener on the other side,A,Regex Parse,The grass is always greener on the other side,{'en': 'The grass is always fresher on the other side.'},{'en': 'The grass is always more vibrant beyond the fence.'},{'en': 'The grass is always more appealing to the neighbor.'}
a,zs,Arabic,القُفه ام اضنين بشيلوها نفرين.,It takes two to tango.,A,Regex Parse,It takes two to tango.,Two hands make a perfect harmony.,A match made in heaven requires two fires.,It takes two to dance the waltz.
a,zs,Arabic,كلّه عند العرب صابون,"For the Bedouin, it’s all soap",A,Regex Parse,"For the Bedouin, it’s all soap","{'answer': ""For the desert dwellers, it's all a gentle cleansing agent""}","{'answer': ""For the desert travelers, it's all a refreshing cleansing substance""}","{'answer': ""To the nomads, it's all a fragrant cleansing agent""}"
a,zs,Arabic,إنفخ يا شريم قال ماكو برطم ,Born to suffer./ You can not escape bad luck,D,Regex Parse,"Born under a cloud, no shelter from adversity","Fated to endure pain, none can outrun misfortune","Destined for hardship, no respite from calamity",Born to suffer./ You can not escape bad luck
a,zs,Arabic,التسوي كريت تلقى في جلدها.,What goes around comes around.,A,Regex Parse,What goes around comes around.,"What you plant, you'll eventually wear on your face.",All actions come back to haunt you in their own way.,"When you sow, you reap it in your own skin."
a,zs,Arabic,أحضر الناس جوابا من لم يغضب,The best answer will come from the person who is not angry.,A,Regex Parse,The best answer will come from the person who is not angry.,The wisest response will come from one who remains unperturbed.,A composed individual is likely to offer the most astute solution.,It is often the calmest mind that provides the most insightful answer.
a,zs,Arabic,كل من كان عالي وطى كل من كان سارح بالشياه هطى,Pride goes before a fall.,B,Regex Parse,"{'text': ""A person's haughtiness leads to their demise.""}",Pride goes before a fall.,"{'text': ""Excessive pride often precedes one's downfall.""}",{'text': 'Pride precedes its downfall.'}
a,cot_en,Arabic,اللي ما رضى خببزة يرضى بنصها ,Half a loaf is better than no bread,C,No response,API Failure C,API Failure B,Half a loaf is better than no bread,API Failure A
a,cot_en,Arabic,إنك تضرب في حديد بارد,You are striking cold iron.,B,No response,API Failure C,You are striking cold iron.,API Failure B,API Failure A
a,cot_en,Arabic,إصرف ما في الجيب يأتيك ما في الغيب.,Spend money to make money.,D,No response,API Failure B,API Failure A,API Failure C,Spend money to make money.
a,cot_en,Arabic,الصديق وقت الضيق.,A friend in need is a friend indeed.,B,No response,API Failure A,A friend in need is a friend indeed.,API Failure B,API Failure C
a,cot_en,Arabic,أنا باللقمة لفمو وهو بالمشهاب لعيني.,Biting the hand that feeds him.,B,No response,API Failure C,Biting the hand that feeds him.,API Failure B,API Failure A
a,cot_en,Arabic,وِجّو بيقطع الرزق,a jinx on the house,A,No response,a jinx on the house,API Failure B,API Failure A,API Failure C
a,cot_en,Arabic,إطعم الفم تستحى العين.,A bribe works miracles.,A,Regex Parse,A bribe works miracles.,Bribes achieve great things.,A gift works wonders.,Payoffs yield amazing results.
a,cot_en,Arabic,إن ضاق بيك الأمر، اشرب زجاجة خمر,Let them drink and forget their poverty and remember their misery no more.,A,Regex Parse,Let them drink and forget their poverty and remember their misery no more.,"In times of woe, let drink be their escape from misery and sorrow.",Drink to forget the troubles that plague them and remember joy once more.,Let them find solace in drink to escape their hardship and pain.
a,cot_en,Arabic,جمل يعصر وجمل ياكل العصارة:,Climbing the ladder of success by stepping on others.,D,Regex Parse,Achieving greatness by trampling on the less fortunate.,Scaling the heights of power by pushing others down.,Rising to prominence on the backs of those who are exploited.,Climbing the ladder of success by stepping on others.
a,cot_en,Arabic,احفظ قرشك الأبيض ليومك الأسود.,"A penny saved is a penny earned.
",A,Regex Parse,"A penny saved is a penny earned.
",Save a coin for a rainy day.,Keep your pennies for harder times.,Pennies saved today earn tomorrow.
a,cot_en,Arabic,رمية من غير رامي,A flash in a pan.,A,Regex Parse,A flash in a pan.,Lightning in a box,Spark without a flame,Fire without a spark
a,cot_en,Arabic,فود عوجان.,He who goes out in search of wool often comes home shorn.,C,Regex Parse,He who hunts for riches often returns with empty pockets.,The traveler in pursuit of gain can sometimes arrive back impoverished.,He who goes out in search of wool often comes home shorn.,One who ventures forth seeking treasure may find themselves bereft.
a,cot_en,Arabic,اصبوعي في حلوجهم وصبوعهم في عيوني.,Evil in return for god deed.,C,Regex Parse,Harm follows every good act.,Bad returns for good deeds.,Evil in return for god deed.,Evil results from good actions.
a,cot_en,Arabic,المَمنُوع مَرْغُوب.,Forbidden fruit is the sweetest.,C,Regex Parse,The forbidden is most desired.,Sweetest is what's forbidden.,Forbidden fruit is the sweetest.,Forbidden things are sweetest.
a,cot_en,Arabic,اللي فات مات (ماتلا عليه التلفات),let bygones be bygones.,A,No response,let bygones be bygones.,API Failure C,API Failure B,API Failure A
a,cot_en,Arabic,الإفراط في التّواضع يجلب المذلّة," If you humble yourself too much, you will get trampled on.",B,No response,API Failure C," If you humble yourself too much, you will get trampled on.",API Failure B,API Failure A
a,cot_en,Arabic,اللي فات مات.,let bygones be bygones.,A,No response,let bygones be bygones.,API Failure C,API Failure A,API Failure B
a,cot_en,Arabic,سماعك بالْمُعَيَدِيِّ خير من أن تراه سمك في ماء,Like a fish in water.,B,No response,API Failure C,Like a fish in water.,API Failure A,API Failure B
a,cot_en,Arabic,ابن الحرام بيساويها وابن الحلال بيوقع فيها,Sometimes the innocent suffer with the guilty.,A,No response,Sometimes the innocent suffer with the guilty.,API Failure A,API Failure B,API Failure C
a,cot_en,Arabic,خاطبوا الناس على قدر عقولهم.,Address people in the language they can understand.,D,No response,API Failure B,API Failure C,API Failure A,Address people in the language they can understand.
a,cot_en,Arabic,الدنيا زي الغازية، ترقص لكل واحد شوية,The world is like a belly dancer: it dances for a little while for everyone,A,No response,The world is like a belly dancer: it dances for a little while for everyone,API Failure C,API Failure A,API Failure B
a,cot_en,Arabic,ايش ياخد الريح من البلاط؟,where there is nothing the king loses his rights,D,No response,API Failure A,API Failure C,API Failure B,where there is nothing the king loses his rights
a,cot_en,Arabic,تجيك التهايم وإنت نايم,Look what the cat dragged in.,D,Regex Parse,Behold what the cat found,Look at what arrived,See what the dog brought,Look what the cat dragged in.
a,cot_en,Arabic,بليلة المباشر ولا ضبيحة (طبيخة) المكاشر,"
Better is a dinner of herbs where love is, than a stalled ox and hatred therewith.",D,No response,API Failure A,API Failure C,API Failure B,"
Better is a dinner of herbs where love is, than a stalled ox and hatred therewith."
a,cot_en,Arabic,بین المطرقة والسندان.,Between the upper and nether millstone.,A,Regex Parse,Between the upper and nether millstone.,Trapped between the top and bottom stone,Caught under the upper and lower mill,Between the higher and lower grindstone
a,cot_en,Arabic,الوقاية خير من العلاج/ درهم وقاية خير من قنطار علاج ,Prevention is better than cure,C,Regex Parse,Preventing is better than curing.,Curing is less than preventing.,Prevention is better than cure,Prevention is often the cure.
a,cot_en,Arabic, انكشحت بين امعاه لحشيشَ.,To break the ice.,D,Regex Parse,To melt the barrier,To shatter the mold,To crack the surface,To break the ice.
a,cot_en,Arabic,اللي ما يعرف الغلط ما يتعلم,He who does not know mistakes does not learn,C,Regex Parse,Knowing mistakes is how we learn best,Learning comes from knowing our mistakes,He who does not know mistakes does not learn,He who learns from mistakes does not forget
a,cot_en,Arabic,اللي يخالط المسعدين يسعد.,Happiness is contagious.,A,Regex Parse,Happiness is contagious.,Happiness is highly infectious.,Sadness is not contagious.,Joy is very infectious.
a,cot_en,Arabic,يجي الخريف.. واللواري بتقيف,Every dog has its day.,C,Regex Parse,Each canine enjoys its hour.,Every underdog sees its moment.,Every dog has its day.,All hounds have their morning.
a,cot_en,Arabic,كل بخنوس افعين امو اغزال,"Beauty is in the eye of the beholder.
",B,Regex Parse,The eye sees what it finds beautiful.,"Beauty is in the eye of the beholder.
",Beauty is seen by the eye alone.,Beauty lies within the viewer's eye.
a,cot_en,Arabic,الباب اللى إِيجيك منه الريح، سده واستريح ,If you are always dwelling in trouble change the address.,A,No response,If you are always dwelling in trouble change the address.,API Failure B,API Failure A,API Failure C
a,cot_en,Arabic,بتقول للقمر غيبي وأنا مكانش.,A rose among thorns.,B,No response,API Failure C,A rose among thorns.,API Failure B,API Failure A
a,cot_en,Arabic, بِيشتَري سَمَك في بَحَر ,Buy a pig in a poke.,D,No response,API Failure A,API Failure B,API Failure C,Buy a pig in a poke.
a,cot_en,Arabic,أتبدلت غزلانها بقرودها.,A falling master makes a standing servant. / It is a sorry house where the hens' crow and the cock is silent.,B,No response,API Failure A,A falling master makes a standing servant. / It is a sorry house where the hens' crow and the cock is silent.,API Failure B,API Failure C
a,cot_en,Arabic,اللسان مافيه عظم.,Think before you speak.,A,No response,Think before you speak.,API Failure A,API Failure B,API Failure C
a,cot_en,Arabic,شو جاب الزرقا للبلقا.,Apples and oranges.,B,No response,API Failure C,Apples and oranges.,API Failure A,API Failure B
a,cot_en,Arabic,الفقيه اللي عملناه إقابل الجامع عاد فالحصاير طامع.,Give him an inch and he'll take a mile.,C,No response,API Failure A,API Failure C,Give him an inch and he'll take a mile.,API Failure B
a,cot_en,Arabic,مد رجليك قدر لحافك,Cut your coat according to your cloth.,B,No response,API Failure A,Cut your coat according to your cloth.,API Failure B,API Failure C
a,cot_en,Arabic,إنّ الطيور على أشكالها تقع, Birds of a feather flock together.,D,Regex Parse,Similar birds fly in formation.,Winged creatures of a kind congregate.,Feathered friends gather in unison., Birds of a feather flock together.
a,cot_en,Arabic,شو بتعمل الماشطه بهالوش العكر.,Putting lipstick on a pig.,C,No response,API Failure A,API Failure C,Putting lipstick on a pig.,API Failure B
a,cot_en,Arabic,لي خاف سلم. ,The one who shows his fears ensures his salvation.,D,Regex Parse,One who expresses fear gains his deliverance.,He who fears secures his safety.,The person showing fear achieves his rescue.,The one who shows his fears ensures his salvation.
a,cot_en,Arabic,البحر فيه لاغش,The worst is yet to come.,A,Regex Parse,The worst is yet to come.,The sea hides its worst tides,Danger lurks beneath the surface,Deceit lies in deeper waters
a,cot_en,Arabic,قرصه في ناره وعينه على جاره.,The grass is always greener on the other side,A,Regex Parse,The grass is always greener on the other side,The neighbor's garden blooms more beautifully.,A neighbor's success is often the measure of one's own discontent.,Envy blinds the eye to one's own prosperity.
a,cot_en,Arabic,القُفه ام اضنين بشيلوها نفرين.,It takes two to tango.,A,Regex Parse,It takes two to tango.,You need two for dance.,Takes two to waltz.,Two hands are needed.
a,cot_en,Arabic,كلّه عند العرب صابون,"For the Bedouin, it’s all soap",A,Regex Parse,"For the Bedouin, it’s all soap",Everything is soap to the Bedouin.,Soap is the Bedouin’s simple truth.,The Bedouin views life as pure soap.
a,cot_en,Arabic,إنفخ يا شريم قال ماكو برطم ,Born to suffer./ You can not escape bad luck,D,Regex Parse,Luck cannot be changed by will.,Some are born for bad fortune.,Fated to endure hardship always.,Born to suffer./ You can not escape bad luck
a,cot_en,Arabic,التسوي كريت تلقى في جلدها.,What goes around comes around.,A,Regex Parse,What goes around comes around.,"As you sow, so shall you wear",What turns around bites in its hide,What circles back hits in its own skin
a,cot_en,Arabic,أحضر الناس جوابا من لم يغضب,The best answer will come from the person who is not angry.,A,No response,The best answer will come from the person who is not angry.,API Failure A,API Failure C,API Failure B
a,cot_en,Arabic,كل من كان عالي وطى كل من كان سارح بالشياه هطى,Pride goes before a fall.,B,No response,API Failure B,Pride goes before a fall.,API Failure C,API Failure A
a,cot_xl,Arabic,اللي ما رضى خببزة يرضى بنصها ,Half a loaf is better than no bread,C,Regex Parse,A slice of bread is better than a handful of dust,A quarter loaf is better than a broken one,Half a loaf is better than no bread,Half a piece is better than an empty plate
a,cot_xl,Arabic,إنك تضرب في حديد بارد,You are striking cold iron.,B,Regex Parse,تخيل أنك تضرب في حديد مريض,You are striking cold iron.,لا تستطيع أن تضرب في حديد ساخن,كنت تسطر في حجر صلب
a,cot_xl,Arabic,إصرف ما في الجيب يأتيك ما في الغيب.,Spend money to make money.,D,"The proverb ""إصرف ما في الجيب"" translates to 'spend money' and ""يأتيك ما في الغيب"" translates to 'what is in the unknown will come to you'. The phrase is suggesting that investing money will lead to more wealth. The correct answer is a literal translation of the proverb's meaning, which is 'spend money to make money'.",منح المال لتحقيق الرزايا,إنفاق المال لتحقيق المال,استثمار المال لتحقيق الأماني,Spend money to make money.
a,cot_xl,Arabic,الصديق وقت الضيق.,A friend in need is a friend indeed.,B,Regex Parse,A friend in times of hardship is true.,A friend in need is a friend indeed.,"When in trouble, a friend is truly found.",A companion in difficult circumstances is genuine.
a,cot_xl,Arabic,أنا باللقمة لفمو وهو بالمشهاب لعيني.,Biting the hand that feeds him.,B,"The proverb 'أنا باللقمة لفمو وهو بالمشهاب لعيني' is a literal translation of 'Biting the hand that feeds him' from Arabic. The phrase is saying that someone is hurting or offending the person who provides for them. The correct translation is done by breaking down the phrase into its components: 'اللقمة' means 'hand' or 'the food that one eats with one's hands', 'لفمو' is a grammatical structure meaning 'that feeds me', 'المشهاب' is a metaphor for a person who provides for you, and 'لعيني' means 'my eyes' but is used in a figurative sense to mean 'for me'. This structure allows for a literal translation of the proverb while maintaining its original meaning.",Offending the hand that feeds me bread.,Biting the hand that feeds him.,Insulting the hand that gives me food.,Dishonoring the face of one's helper.
a,cot_xl,Arabic,وِجّو بيقطع الرزق,a jinx on the house,A,Parse Failed,a jinx on the house,API Failure B,API Failure A,API Failure C
a,cot_xl,Arabic,إطعم الفم تستحى العين.,A bribe works miracles.,A,"The proverb إطعم الفم تستحى العين is an Arabic idiom that translates to 'A bribe works miracles.' The phrase is a common expression used to convey the idea that offering a bribe can be an effective means of achieving one's goals. In this case, the phrase is used in the context of describing the power of bribery. The Arabic words 'إطعم الفم' mean 'to feed the mouth,' and 'تستحى العين' means 'the eye becomes calm,' which is a metaphor for something working miraculously.",A bribe works miracles.,A bribe works wonders.,A bribe brings satisfaction.,A bribe brings calm to the situation.
a,cot_xl,Arabic,إن ضاق بيك الأمر، اشرب زجاجة خمر,Let them drink and forget their poverty and remember their misery no more.,A,"The proverb 'إن ضاق بيك الأمر' translates to 'if the situation is difficult for you'. To create distractors that resemble the correct answer, I will paraphrase and expand on the original phrase while maintaining a similar tone and word count. The correct answer 'Let them drink and forget their poverty and remember their misery no more' is a direct translation of 'اشرب زجاجة خمر ونسى فقرهم و لا يتذكروا عذاياهم أبدا'.",Let them drink and forget their poverty and remember their misery no more.,Fill your cup with wine and let the hardships of life be but a distant memory,"Let the wine wash away your troubles, and may your sorrows be forgotten","Drink to forget your worries, and let the memory of your struggles fade"
a,cot_xl,Arabic,جمل يعصر وجمل ياكل العصارة:,Climbing the ladder of success by stepping on others.,D,"This proverb is a common Arabic idiom that suggests achieving success often comes at the expense of others. It is often used to convey the idea that those who rise to power or achieve success may do so by stepping on or exploiting others. The phrase 'جمل يعصر' translates to 'a person presses olives,' implying that they are squishing or crushing others to get to the good parts. Similarly, 'وجمل ياكل العصارة' translates to 'and another person eats the juice,' suggesting that they get to enjoy the benefits while others do the hard work. This proverb is often used to caution people against exploiting or stepping on others in their pursuit of success.",رجل يعصر الزيت ويعطي العصارة لرجل آخر,رجل يعصر الزيت ويعطي العصارة للرجل الذي يعطيه الزيت,رجل يعصر الزيت ويعطي العصارة إلى نفسه,Climbing the ladder of success by stepping on others.
a,cot_xl,Arabic,احفظ قرشك الأبيض ليومك الأسود.,"A penny saved is a penny earned.
",A,Regex Parse,"A penny saved is a penny earned.
",Save your small change for a rainy day,Keep your coins safe for a dark future,A little money saved is a little money gained
a,cot_xl,Arabic,رمية من غير رامي,A flash in a pan.,A,"The proverb ""رمية من غير رامي"" is an Arabic idiom that translates to ""A shot from an unseen archer,"" which roughly corresponds to the English proverb 'A flash in a pan.' Both convey the idea of something producing a momentary and fleeting effect without any real impact or lasting consequence. To generate distractors that are indistinguishable from a blind evaluator, we need to maintain the same word count, grammatical complexity, tone, and lexical overlap.",A flash in a pan.,A glimmer in the darkness,A spark in a void,A burst in the emptiness
a,cot_xl,Arabic,فود عوجان.,He who goes out in search of wool often comes home shorn.,C,"The proverb 'فود عوجان' is an Arabic idiom that translates to a common English proverb. In the original phrase, 'فود' (fud) means wool, and 'عوجان' (uujan) implies going out in search of something. This phrase is metaphorically saying that one who searches for something, especially something valuable, may end up losing something even more valuable in the process. The correct translation, 'He who goes out in search of wool often comes home shorn,' is a literal translation that conveys the idea that one who seeks something may end up losing something else in the process. The tone and complexity of this translation match the original phrase, and the lexical overlap is maintained by using the keyword 'wool' from the proverb.","When going out to find wool, one may end up losing their own coat.",He who searches for wool may return home with less than he had before.,He who goes out in search of wool often comes home shorn.,It is a common experience that those who seek wool often find themselves stripped of something more valuable.
a,cot_xl,Arabic,اصبوعي في حلوجهم وصبوعهم في عيوني.,Evil in return for god deed.,C,"The proverb 'اصبوعي في حلوجهم وصبوعهم في عيوني' is an Arabic idiom that translates to 'My week is in their sweetness and their week is in my eyes.' However, a more accurate literal translation while maintaining the metaphorical essence would be 'Their kindness is in my favor, but I see their wickedness.' This translates to 'Evil in return for good deed.'",إن عيوني في حلوقهم وصبوعهم في عذولهم,عذولهم في حلوقي وصبوعي في عيونهم يأتي بذمهم,Evil in return for god deed.,عذولهم في حلوقي وصبوعي في عيونهم
a,cot_xl,Arabic,المَمنُوع مَرْغُوب.,Forbidden fruit is the sweetest.,C,"The proverb 'المَمنُوع مَرْغُوب' is a literal translation of the concept that forbidden things are often more desirable. In this case, the phrase translates to 'the forbidden is desired.' To create distractors, we must ensure they match the grammatical complexity, tone, and lexical overlap while being within +/- 10% of the word count. The original phrase has approximately 4 words. This gives us a target of 3.6 to 4.4 words for each distractor.",الأَمور المَمْنوعة مُحِبَة,الَّذي يُحَرَّم يُشَوِّقُ,Forbidden fruit is the sweetest.,المَنظر يُري مَرى
a,cot_xl,Arabic,اللي فات مات (ماتلا عليه التلفات),let bygones be bygones.,A,Regex Parse,let bygones be bygones.,Leave the dead to their eternal slumber.,Allow bygones to rest in peace.,Let the past go to its grave (and may its secrets remain buried).
a,cot_xl,Arabic,الإفراط في التّواضع يجلب المذلّة," If you humble yourself too much, you will get trampled on.",B,"The proverb الإفراط في التّواضع يجلب المذلّة is an Arabic proverb that warns against excessive humility, suggesting that extreme humility can lead to disrespect or being taken advantage of. The proverb uses the concept of 'mudhlah' or being trampled on, to convey the idea of being treated with disregard. The correct translation is 'If you humble yourself too much, you will get trampled on.'",عندما تكون تواضعك أكثر من اللازم، تصبح أضعف من غيرك," If you humble yourself too much, you will get trampled on.",يؤدي الإفراط في التواضع إلى الخضوع للآخرين,إذا تواضعت إلى المبالغة ستصبح كالرمل
a,cot_xl,Arabic,اللي فات مات.,let bygones be bygones.,A,Regex Parse,let bygones be bygones.,Close the door on the past.,Let sleeping dogs lie.,Don't cry over spilled milk.
a,cot_xl,Arabic,سماعك بالْمُعَيَدِيِّ خير من أن تراه سمك في ماء,Like a fish in water.,B,"Translation of the proverb in Arabic is 'سماعك بالْمُعَيَدِيِّ خير من أن تراه سمك في ماء', which means 'your comfort is better than seeing a fish in its natural habitat'. The correct English proverb 'Like a fish in water' conveys the same idea of being perfectly at ease. To generate distractors, we need to maintain the word count, complexity, tone, and lexical overlap. We will create three distractors that are closely related to the concept of 'comfort' and 'natural habitat' but do not convey the exact meaning of the correct answer.",It's more soothing to be in your element than to see a fish in its aquatic environment.,Like a fish in water.,Being in your element is more comforting than observing a fish in its natural state.,You feel more at ease when you're in your natural surroundings than watching a fish swim in its home.
a,cot_xl,Arabic,ابن الحرام بيساويها وابن الحلال بيوقع فيها,Sometimes the innocent suffer with the guilty.,A,Regex Parse,Sometimes the innocent suffer with the guilty.,The guilty often bring down the innocent with them.,Sometimes the lawful is punished for the forbidden.,The righteous are often caught in the same net as the wicked.
a,cot_xl,Arabic,خاطبوا الناس على قدر عقولهم.,Address people in the language they can understand.,D,Regex Parse,اطلب من الناس أن يفهموا ما تقوله.,تحدث إلى الناس بطريقة فهمها هي الفهم.,لغة كل شخص يجب أن تكون مقياسًا لها فهمه.,Address people in the language they can understand.
a,cot_xl,Arabic,الدنيا زي الغازية، ترقص لكل واحد شوية,The world is like a belly dancer: it dances for a little while for everyone,A,"The proverb compares the world to a belly dancer, suggesting that the world's attention and pleasures are fleeting and can be enjoyed by different people in turn. The metaphor of a belly dancer is used to convey the idea that the world is a temporary and captivating experience that can be appreciated by various individuals. To create distractors, I will maintain the word count, grammatical complexity, tone, and lexical overlap while altering the meaning or expression.",The world is like a belly dancer: it dances for a little while for everyone,"The world is similar to a belly dancer, entertaining everyone for a short period.","The world is like a belly dancer, it dances for everyone a little bit at a time.",The world is a belly dancer that performs a few steps for each person.
a,cot_xl,Arabic,ايش ياخد الريح من البلاط؟,where there is nothing the king loses his rights,D,Regex Parse,في مكان فارغ، يخسر الملك صوابه.,عندما يفتقد الملك مأوى، يفقد ملكيته.,حيث لا يوجد شيء، يُغادِر السلطان مكانَه.,where there is nothing the king loses his rights
a,cot_xl,Arabic,تجيك التهايم وإنت نايم,Look what the cat dragged in.,D,Regex Parse,He looks like he just rolled out of bed and into the party.,"She's a mess, like something the cat threw up.",Look what the dog pulled out of the trash.,Look what the cat dragged in.
a,cot_xl,Arabic,بليلة المباشر ولا ضبيحة (طبيخة) المكاشر,"
Better is a dinner of herbs where love is, than a stalled ox and hatred therewith.",D,Regex Parse,d1,d3,d2,"
Better is a dinner of herbs where love is, than a stalled ox and hatred therewith."
a,cot_xl,Arabic,بین المطرقة والسندان.,Between the upper and nether millstone.,A,Regex Parse,Between the upper and nether millstone.,Squeezed between the upper and lower hammerhead.,Caught between the upper and lower anvil.,Between the upper and lower plowshare.
a,cot_xl,Arabic,الوقاية خير من العلاج/ درهم وقاية خير من قنطار علاج ,Prevention is better than cure,C,"The proverb translates to a well-known idiom in English, emphasizing the value of taking preventive measures over treating a problem after it arises. The phrase 'درهم وقاية' translates to 'a dirham of prevention' and 'قنطار علاج' translates to 'a qintar of cure', where the dirham and qintar are ancient Middle Eastern units of currency. The reasoning behind this proverb is that preventing a problem in the first place is often more effective and less costly than trying to cure it once it has developed.",An ounce of prevention is worth a pound of cure,A grain of prevention is worth a ton of cure,Prevention is better than cure,Prevention is the best medicine
a,cot_xl,Arabic, انكشحت بين امعاه لحشيشَ.,To break the ice.,D,Regex Parse,To shatter the chill.,To break the frost.,To crack the glaze.,To break the ice.
a,cot_xl,Arabic,اللي ما يعرف الغلط ما يتعلم,He who does not know mistakes does not learn,C,Regex Parse,He who knows no mistakes won't learn from them,He who doesn't recognize his mistakes will not learn from them,He who does not know mistakes does not learn,He who doesn't know his errors won't learn
a,cot_xl,Arabic,اللي يخالط المسعدين يسعد.,Happiness is contagious.,A,Parse Failed,Happiness is contagious.,API Failure C,API Failure B,API Failure A
a,cot_xl,Arabic,يجي الخريف.. واللواري بتقيف,Every dog has its day.,C,"The proverb 'يجي الخريف.. واللواري بتقيف' is a translation of 'Every dog has its day'. The original proverb is an idiomatic expression that suggests that every person, regardless of their current circumstances, will eventually have a period of success or recognition. The phrase 'يجي الخريف' translates to 'the autumn comes', implying that every situation will come to an end, and 'اللواري بتقيف' translates to 'the dog will sit', representing the idea that every dog, no matter how small or insignificant, will have its moment of triumph. The correct translation, 'Every dog has its day', conveys the same meaning in a more concise and universal way.",كل كلب يجد مكاناً,كل كلب يعرف المكان,Every dog has its day.,كل كلب يجد يوماً
a,cot_xl,Arabic,كل بخنوس افعين امو اغزال,"Beauty is in the eye of the beholder.
",B,"The Arabic proverb ""كل بخنوس افعين امو اغزال"" translates to 'Beauty is in the eye of the beholder' in English. The phrase ""كل بخنوس"" refers to the concept of beauty being subjective, while ""افعين امو اغزال"" is a poetic way of saying 'in the eye of the beholder.'",Beauty lies at the discretion of the beholder's vision.,"Beauty is in the eye of the beholder.
",Beauty is reflected in the lens of the observer's gaze.,Beauty is lost in the depths of one's perception.
a,cot_xl,Arabic,الباب اللى إِيجيك منه الريح، سده واستريح ,If you are always dwelling in trouble change the address.,A,Regex Parse,If you are always dwelling in trouble change the address.,When you are always immersed in difficulties alter your residence.,If you are always surrounded by calamity change the location.,"If you are perpetually entangled in misfortune, relocate your home."
a,cot_xl,Arabic,بتقول للقمر غيبي وأنا مكانش.,A rose among thorns.,B,Regex Parse,A pearl in the ocean,A rose among thorns.,A needle in the haystack,A gem in the desert
a,cot_xl,Arabic, بِيشتَري سَمَك في بَحَر ,Buy a pig in a poke.,D,Regex Parse,Buy a fox in a sack.,Purchase a cat in a bag.,Acquire a dog in a crate.,Buy a pig in a poke.
a,cot_xl,Arabic,أتبدلت غزلانها بقرودها.,A falling master makes a standing servant. / It is a sorry house where the hens' crow and the cock is silent.,B,Regex Parse,إذا هَوى السيد فَسيد الحاج، فَمن هَوى الحاج فَسيد السيد.,A falling master makes a standing servant. / It is a sorry house where the hens' crow and the cock is silent.,إِن كانَ الحاج مِن عالِمين فَكَفى الحاج مُستعدين.,إِن كانَ السيد مِن كِرام الماءِ فَكانَ الحاج مِن جُدد الماءِ.
a,cot_xl,Arabic,اللسان مافيه عظم.,Think before you speak.,A,Regex Parse,Think before you speak.,Be mindful of your words.,The tongue is a sensitive instrument.,"Speak wisely, for words have power."
a,cot_xl,Arabic,شو جاب الزرقا للبلقا.,Apples and oranges.,B,"The proverb ""شو جاب الزرقا للبلقا"" is an Arabic idiom that translates to ""What did the blue jay bring to the crow,"" but more literally it means ""What did the blue bring to the black."" This proverb is used to describe a situation where two things are fundamentally incompatible or unrelated, much like apples and oranges. The blue and black refer to the sky and the crow's color, which are contrasting colors, symbolizing the incompatibility of the two things being compared.",What did the sun bring to the moon,Apples and oranges.,What did the night bring to the day,What did the red bring to the green
a,cot_xl,Arabic,الفقيه اللي عملناه إقابل الجامع عاد فالحصاير طامع.,Give him an inch and he'll take a mile.,C,Regex Parse,Give him a hand and he'll take the wheel.,Give him a voice and he'll make some noise.,Give him an inch and he'll take a mile.,Give him a chance and he'll take the prize.
a,cot_xl,Arabic,مد رجليك قدر لحافك,Cut your coat according to your cloth.,B,"The proverb 'مد رجليك قدر لحافك' in Arabic means to adjust your expectations according to your resources. The correct translation in English is 'Cut your coat according to your cloth,' which implies that one should not overextend themselves financially or otherwise. To match the complexity and tone of the proverb, the distractors must be crafted carefully.",Make your bed according to your sheets.,Cut your coat according to your cloth.,Tailor your shoes to fit your foot.,Measure your room according to your furniture.
a,cot_xl,Arabic,إنّ الطيور على أشكالها تقع, Birds of a feather flock together.,D,Regex Parse,Birds of the same plumage gather in flocks.,Individuals of identical hues flock together.,All creatures of similar nature congregate., Birds of a feather flock together.
a,cot_xl,Arabic,شو بتعمل الماشطه بهالوش العكر.,Putting lipstick on a pig.,C,Regex Parse,To give a mask to an elephant.,Dressing up a rat.,Putting lipstick on a pig.,Painting a cat black.
a,cot_xl,Arabic,لي خاف سلم. ,The one who shows his fears ensures his salvation.,D,Regex Parse,The one who hides his fears ensures his freedom.,The one who conceals his fears ensures his downfall.,The one who openly shares his fears ensures his rescue.,The one who shows his fears ensures his salvation.
a,cot_xl,Arabic,البحر فيه لاغش,The worst is yet to come.,A,Regex Parse,The worst is yet to come.,"There is still a long way to the shore, and the sea is getting rougher.","The storm has not arrived yet, but its waves are rising high.","The darkness is approaching, and the stars are losing their light."
a,cot_xl,Arabic,قرصه في ناره وعينه على جاره.,The grass is always greener on the other side,A,Regex Parse,The grass is always greener on the other side,The eye is on the neighbor always.,The fire is burning in his mouth.,His mouth is full of fire.
a,cot_xl,Arabic,القُفه ام اضنين بشيلوها نفرين.,It takes two to tango.,A,"The proverb 'القُفه ام اضنين بشيلوها نفرين' is a colloquial Arabic proverb that translates to 'The quilt or we both get cold.' It implies that in a situation where two people are involved, they must both participate or work together to achieve a common goal or avoid a negative outcome. This translates to the English proverb 'It takes two to tango,' which suggests that both parties are necessary for a situation or activity to unfold or for a conflict to escalate.",It takes two to tango.,The quilt or we both lose.,The quilt or we both get caught.,The quilt or we both freeze.
a,cot_xl,Arabic,كلّه عند العرب صابون,"For the Bedouin, it’s all soap",A,Regex Parse,"For the Bedouin, it’s all soap","For the Bedouin, soap is everything.","For the Bedouin, soap is the answer to every problem.","To the Bedouin, it's all about cleaning up."
a,cot_xl,Arabic,إنفخ يا شريم قال ماكو برطم ,Born to suffer./ You can not escape bad luck,D,"The proverb ""إنفخ يا شريم قال ماكو برطم"" is based on a metaphorical expression. The literal translation of ""إنفخ"" means 'to blow', ""شريم"" means 'a horn', ""قال"" means 'said', ""ماكو"" means 'no one', and ""برطم"" means 'a stubborn person'. The proverb is suggesting that just as a horn is blown to signal something, a stubborn person will always find a way to suffer or be unlucky, implying that bad luck is inevitable. The correct answer 'Born to suffer./ You can not escape bad luck' captures this essence.",إنفخ يا شريم قال يجد كل شئ برطم، يهرب من مصائب بلا طعم,إنفخ يا شريم قال يظل برطم، لا ينجو من مصائب,إنفخ يا شريم قال يجد كل شئ برطم، لا يهرب من مصائب,Born to suffer./ You can not escape bad luck
a,cot_xl,Arabic,التسوي كريت تلقى في جلدها.,What goes around comes around.,A,Regex Parse,What goes around comes around.,Actions taken will be reflected in the community.,The consequences of one's actions will be felt by others.,What is done to others will be done to their kin.
a,cot_xl,Arabic,أحضر الناس جوابا من لم يغضب,The best answer will come from the person who is not angry.,A,"The proverb ""أحضر الناس جوابا من لم يغضب"" is an Arabic idiom that suggests the best solution or answer often comes from someone who remains calm and composed, unaffected by emotions such as anger. This phrase is often used to encourage people to remain calm and objective when faced with a problem, as anger can cloud judgment and lead to impulsive decisions.",The best answer will come from the person who is not angry.,Someone from a distant town can offer the best response if they are not overcome with rage.,The wisest answer often comes from someone who is not consumed by wrath and remains collected.,The best solution is usually provided by those who maintain their composure and do not succumb to fury.
a,cot_xl,Arabic,كل من كان عالي وطى كل من كان سارح بالشياه هطى,Pride goes before a fall.,B,Regex Parse,العلو يسبق للنقص,Pride goes before a fall.,الذئب يسبق للذئب,الغرور يسبق للخزي
b,zs,Arabic,اللي ما رضى خببزة يرضى بنصها ,It is an example of a person who is not satisfied with what God has destinied for him and is forced to accept less in the end.,C,Regex Parse,"It represents a scenario where a person, unable to accept their predetermined path, reluctantly agrees to a significantly reduced amount of what they initially sought.",This phrase illustrates a situation in which an individual is not content with the circumstances they were meant to have and ultimately accepts a lesser portion.,It is an example of a person who is not satisfied with what God has destinied for him and is forced to accept less in the end.,It symbolizes a person who cannot accept their predestined fate and settles for a fraction of what they initially desired.
b,zs,Arabic,إنك تضرب في حديد بارد,You’re trying to change something that you can’t.,B,Regex Parse,"You're striving to alter something that's as immovable as a cold, unyielding metal.",You’re trying to change something that you can’t.,You're trying to hammer out a change in a situation that's already set in stone.,"You're attempting to mold something rigid, unyielding to your will."
b,zs,Arabic,إصرف ما في الجيب يأتيك ما في الغيب.,"A proverb encourages spending money, and Allah will grant you from where you do not expect. Pocket: a bag sewn into clothing to carry money and so on.",D,Regex Parse,إصرف ما في حزمة يؤدي إلى استلام ما غير متوقع.,إن إصدار ما في حقيبة يؤدي إلى استقبال ما في غيرها.,إن إفراغ ما في الحقيبة يؤدي إلى استجابة ما في الغيب.,"A proverb encourages spending money, and Allah will grant you from where you do not expect. Pocket: a bag sewn into clothing to carry money and so on."
b,zs,Arabic,الصديق وقت الضيق.,The proverb means that a true friend is the one who supports you when you face difficulties and problems in life.,B,Regex Parse,The proverb signifies that someone who consistently assists you during adverse circumstances is undoubtedly an authentic companion.,The proverb means that a true friend is the one who supports you when you face difficulties and problems in life.,A genuine companion is someone who stands by your side during periods of hardship and strife.,A loyal companion is the one who extends a helping hand when you encounter turmoil and adversity in life.
b,zs,Arabic,أنا باللقمة لفمو وهو بالمشهاب لعيني.,This proverb is used to describe a person who is ungrateful and betrays others.,B,Regex Parse,"This proverb is employed to characterize an individual who shows ingratitude and engages in deceitful behavior, betraying others' trust while maintaining a facade of loyalty.",This proverb is used to describe a person who is ungrateful and betrays others.,"This idiom signifies a person who displays ingratitude and acts treacherously towards others, all while attempting to conceal their intentions behind a mask of friendship.","This expression is utilized to depict a person who commits acts of disloyalty toward others while concealing their true feelings, all the while pretending to be on good terms."
b,zs,Arabic,وِجّو بيقطع الرزق,This phrase is said to refer to the unlucky people.,A,Regex Parse,This phrase is said to refer to the unlucky people.,People who are unfortunate and encounter continuous challenges are often referred to with this phrase.,This expression describes individuals who face hardships and misfortunes.,This term is used to describe individuals who experience recurring difficulties and unfortunate circumstances.
b,zs,Arabic,إطعم الفم تستحى العين.,"If you want someone to be by your side or to benefit from fhim, you have to be generous with them financially.",A,Regex Parse,"If you want someone to be by your side or to benefit from fhim, you have to be generous with them financially.","If you wish to have someone's companionship or benefit from their actions, you must provide for their financial well-being.","To ensure loyalty or a favorable outcome from someone, it is necessary to show them financial support.","To gain the loyalty or assistance of another person, it is crucial to be generous with them financially and provide for their material needs."
b,zs,Arabic,إن ضاق بيك الأمر، اشرب زجاجة خمر,"This proverb is widely used by the Ja'aliyin, Kawahla, Khawalda, and Arkaiyin in the Wad Madani region (according to the author), and the proverb is religiously, medically, scientifically, and logically rejected as well.",A,Regex Parse,"This proverb is widely used by the Ja'aliyin, Kawahla, Khawalda, and Arkaiyin in the Wad Madani region (according to the author), and the proverb is religiously, medically, scientifically, and logically rejected as well.","This proverb is a popular saying among the Ja'aliyin, Kawahla, Khawalda, and Arkaiyin tribes residing in the Wad Madani region, but its credibility is frequently disputed by experts across various fields including theology, medicine, science, and rational thought.","The usage of this proverb is predominantly found in the Wad Madani region among various tribes including the Ja'aliyin, Kawahla, Khawalda, and Arkaiyin, despite its rejection in multiple sectors such as religion, medicine, science, and logic.","This proverb is commonly employed by the nomadic tribes of the Wad Madani region, which includes the Ja'aliyin, Kawahla, Khawalda, and Arkaiyin, yet its validity is often disputed from a religious, medical, scientific, and logical standpoint."
b,zs,Arabic,جمل يعصر وجمل ياكل العصارة:,The proverb refers to people who succeed through the efforts of others.,D,Regex Parse,The proverb alludes to individuals who reap benefits without investing their own labor.,"This proverb highlights those who gain advantages by relying on the endeavors of others, rather than their own accomplishments.","It describes people who profit from the hard work of others, rather than making their own contributions.",The proverb refers to people who succeed through the efforts of others.
b,zs,Arabic,احفظ قرشك الأبيض ليومك الأسود.,It is a popular proverb used to emphasize the need to save and avoid extravagance.,A,Regex Parse,It is a popular proverb used to emphasize the need to save and avoid extravagance.,This phrase serves as a reminder to conserve one's resources for uncertain times.,"It cautions against excessive spending, advocating for the preservation of one's wealth.","The proverb encourages prudence in financial matters, advising restraint in spending."
b,zs,Arabic,رمية من غير رامي,It is a proverb when an unqualified person says something or makes a good statement and it is credited to him.,A,Regex Parse,It is a proverb when an unqualified person says something or makes a good statement and it is credited to him.,"An unschooled person's insightful remark is often attributed to them, without scrutiny.","When an unskilled individual utters words of wisdom, they are attributed to him.",A statement of merit spoken by an untrained individual is often mistakenly attributed to them.
b,zs,Arabic,فود عوجان.,"This proverb is used to describe a person who returns to their family after a long absence in search of benefit, but instead of bringing something positive, they bring something harmful or detrimental. ",C,Regex Parse,"This phrase portrays a person who leaves their family and after an extended absence, seeks to return and reap benefits, but ends up introducing malevolent elements.","This idiom refers to a person who departs their family, later returning after an extended separation, seeking to derive advantages, but unfortunately, they introduce pernicious influences.","This proverb is used to describe a person who returns to their family after a long absence in search of benefit, but instead of bringing something positive, they bring something harmful or detrimental. ","This expression characterizes an individual who departs their family, only to return after a prolonged absence, expecting to gain something positive, yet instead brings about damaging consequences."
b,zs,Arabic,اصبوعي في حلوجهم وصبوعهم في عيوني.,One of the popular proverbs that expresses the rejection of ingratitude. It means that there are those who do a lot of good and in return they only receive ingratitude.,C,Regex Parse,"An expression highlighting the tendency of some individuals to take things for granted, which often results in their actions being met with ingratitude.","A popular idiom that conveys the idea that some people consistently display ingratitude, even towards those who have done them significant favors.",One of the popular proverbs that expresses the rejection of ingratitude. It means that there are those who do a lot of good and in return they only receive ingratitude.,"A common saying that illustrates the phenomenon of ingratitude, where people fail to reciprocate kindness with anything more than resentment."
b,zs,Arabic,المَمنُوع مَرْغُوب.,Prohibition may increase people's desire to obtain or experience the forbidden thing.,C,Regex Parse,The imposition of a ban may inadvertently fuel the urge to acquire or explore the forbidden.,"Forbidding certain things can sometimes heighten the allure of those things, making them more desirable.",Prohibition may increase people's desire to obtain or experience the forbidden thing.,Restrictive measures can often intensify people's longing to indulge in what is normally off-limits.
b,zs,Arabic,اللي فات مات (ماتلا عليه التلفات),The proverb urges not to look back and regret what has passed.,A,Regex Parse,The proverb urges not to look back and regret what has passed.,"It's essential to move forward, not getting bogged down by what's been lost.","Don't let memories of the past overwhelm you, for it's gone forever.",The saying reminds one to avoid dwelling on past mistakes.
b,zs,Arabic,الإفراط في التّواضع يجلب المذلّة,It means that appearing too humble can demean a person and make him vulnerable to humiliation.,B,Regex Parse,It means that being overly humble can strip a person of their self-worth and leave them susceptible to being demeaned and humiliated.,It means that appearing too humble can demean a person and make him vulnerable to humiliation.,Excessive modesty can lead to a loss of dignity and make an individual more vulnerable to being belittled.,It means that excessive humility can undermine a person's self-respect and render him susceptible to public ridicule.
b,zs,Arabic,اللي فات مات.,"This proverb is effective psychological advice for those whose thinking is mortgaged to the past, which is a serious psychological illness because it harms sound thinking and paralyzes a person’s movement towards the future. Thinking makes a person become a prisoner of the past and its bitter memories, and makes him cry over the ruins of those who have passed away, but the tear that falls will not return, and this proverb spreads a spirit of optimism and a new start.",A,Regex Parse,"This proverb is effective psychological advice for those whose thinking is mortgaged to the past, which is a serious psychological illness because it harms sound thinking and paralyzes a person’s movement towards the future. Thinking makes a person become a prisoner of the past and its bitter memories, and makes him cry over the ruins of those who have passed away, but the tear that falls will not return, and this proverb spreads a spirit of optimism and a new start.","This proverb is essential for individuals whose perceptions are captive to the memories of the past, which can be a debilitating psychological affliction due to its detrimental effects on clear thinking and obstructing movement towards a better future. Being consumed by the past can render one a prisoner of its sorrowful recollections, prompting them to lament the demise of those who have departed, but the shed tear will not return, allowing this saying to foster a sense of optimism and a new start.","This proverb is helpful for those whose minds are enslaved to past experiences, which can be detrimental to mental health due to its negative impact on rational thinking and hindering movement towards a brighter tomorrow. Dwelling on the past can lead to becoming trapped in its memories, causing one to mourn the loss of those who have vanished, yet the fallen tear will not resurface, allowing this saying to instill a sense of hope and renewal.","For those whose thoughts are dominated by the remnants of the past, this proverb serves as a poignant reminder of the risks associated with being mired in nostalgia, which can impair sound judgment and stifle an individual's capacity for growth and progress. Getting caught up in the past can result in being imprisoned by its painful recollections, causing one to weep over the irreparable losses, but the fallen tear remains lost forever, making this proverb a beacon of positivity and a fresh beginning."
b,zs,Arabic,سماعك بالْمُعَيَدِيِّ خير من أن تراه سمك في ماء,Someone is a natural.,B,Regex Parse,Someone is more appreciated when they're a born talent.,Someone is a natural.,A person is more valued when they excel in their own field.,It's better to find someone who is naturally gifted than someone who's forced to perform.
b,zs,Arabic,ابن الحرام بيساويها وابن الحلال بيوقع فيها,The proverb means that the innocent person always bears the mistakes and consequences of what the guilty person does.,A,Regex Parse,The proverb means that the innocent person always bears the mistakes and consequences of what the guilty person does.,The proverb suggests that the offspring of the lawful is often caught in the consequences of the unlawful.,It means that the child of the righteous will suffer for their parent's wrongdoings.,The saying implies that the innocent progeny of the law-abiding will be entangled in the web of the lawless.
b,zs,Arabic,خاطبوا الناس على قدر عقولهم.,It means that communication with people should be done according to their level of understanding and intellect.,D,Regex Parse,Communication should be adjusted according to the cognitive abilities of those being spoken to.,People's responses should be gauged and addressed in proportion to their intellectual capabilities.,One should tailor their dialogue to fit the mental capacity of their audience.,It means that communication with people should be done according to their level of understanding and intellect.
b,zs,Arabic,الدنيا زي الغازية، ترقص لكل واحد شوية,Every dog has its day.,A,Regex Parse,Every dog has its day.,Every animal has its afternoon.,Each cat has its clock.,Every beast has its break.
b,zs,Arabic,ايش ياخد الريح من البلاط؟,"It is said about a person who no one covets because he does not own anything or has no value. This proverb is used in response to someone who says, “Beware, there are those who covet him.”",D,Regex Parse,This phrase is used when describing an individual who possesses nothing noteworthy and therefore does not spark envy in others.,"This expression is often used to describe a person who holds little to no value, prompting those around him to feel indifferent towards him, as he is not worth their envy.","It is a saying that refers to someone with no valuable possessions or standing, making him an unappealing target for those who would covet him.","It is said about a person who no one covets because he does not own anything or has no value. This proverb is used in response to someone who says, “Beware, there are those who covet him.”"
b,zs,Arabic,تجيك التهايم وإنت نايم,This proverb is used to describe an innocent person who is accused of committing something wrong.,D,Regex Parse,"{'distractor3': 'This phrase is utilized to depict a scenario where an innocent bystander is mistakenly accused of a transgression.', 'wordCount': 17}","{'distractor2': 'It is often used to describe a circumstance where someone is mistakenly held accountable for a misdeed.', 'wordCount': 16}","{'distractor1': 'This expression is employed to convey a situation where an uninvolved individual is mistakenly implicated in a wrongdoing.', 'wordCount': 16}",This proverb is used to describe an innocent person who is accused of committing something wrong.
b,zs,Arabic,بليلة المباشر ولا ضبيحة (طبيخة) المكاشر,"Someone who gives you a little with love and a smile is better than someone who gives you a lot but without kindness. It is like the Egyptian proverb ""Meet me, but don't feed me.""",D,Regex Parse,Someone who gives you a small favor with a warm heart is more valuable than one who gives you a lot but lacks genuine affection.,The person who gives you a small gift with a genuine smile is more appreciated than the one who gives you a lot but without any kindness.,A person who offers you a little with sincerity is preferable to someone who gives you much but lacks emotional support.,"Someone who gives you a little with love and a smile is better than someone who gives you a lot but without kindness. It is like the Egyptian proverb ""Meet me, but don't feed me."""
b,zs,Arabic,بین المطرقة والسندان.,"It means that a person or situation is in difficult circumstances and is confused about two difficult choices, where there is no easy way out. It refers to having to deal with pressure or challenges from two different or opposing sides.",A,Regex Parse,"It means that a person or situation is in difficult circumstances and is confused about two difficult choices, where there is no easy way out. It refers to having to deal with pressure or challenges from two different or opposing sides.","It refers to a person or situation that's stuck between a rock and a hard place, with no easy way out, and being constantly pressured or challenged from two opposing sides.","It describes a situation where a person is caught in a dilemma, forced to choose between two difficult paths, both of which pose significant challenges and pressures.","This phrase conveys that someone is faced with an extremely tough situation where they're being squeezed from two opposite directions, leaving them with no clear escape route."
b,zs,Arabic,الوقاية خير من العلاج/ درهم وقاية خير من قنطار علاج ,Taking preventive measures and procedures to avoid problems or diseases is much better than waiting until the problem occurs and then trying to treat it.,C,Regex Parse,Taking proactive measures and adopting preventative strategies to avoid difficulties or health issues is more preferable than waiting for them to arise and then attempting to treat them.,Preventing problems or ailments from happening in the first place through careful planning and execution is more advantageous than dealing with the consequences after they have materialized.,Taking preventive measures and procedures to avoid problems or diseases is much better than waiting until the problem occurs and then trying to treat it.,"It's more beneficial to take proactive steps and implement precautions to prevent issues or illnesses from arising, rather than waiting for them to occur and then attempting to rectify the situation."
b,zs,Arabic, انكشحت بين امعاه لحشيشَ.,It is used to describe the disappearance of reservations and the absence of barriers between people.,D,Regex Parse,It is utilized to describe the dissolution of boundaries and impediments that prevent people from freely connecting with one another.,This phrase is employed to convey the eradication of obstacles and social constraints that hinder interactions among individuals.,This proverb is often used to signify the elimination of barriers and hindrances that inhibit relationships and communication among people.,It is used to describe the disappearance of reservations and the absence of barriers between people.
b,zs,Arabic,اللي ما يعرف الغلط ما يتعلم,Mistakes are the best teachers — learn from errors.,C,Regex Parse,Mistakes are the keys to knowledge — learn from what went wrong.,The path to wisdom is paved with errors — learn from your blunders.,Mistakes are the best teachers — learn from errors.,Errors are the wisest mentors — learn from your mistakes.
b,zs,Arabic,اللي يخالط المسعدين يسعد.,"The proverb means that happiness is contagious. If you live with a happy person, you will be happy. A happy person may not give you any of his money, but he may show you the path to happiness.",A,Regex Parse,"The proverb means that happiness is contagious. If you live with a happy person, you will be happy. A happy person may not give you any of his money, but he may show you the path to happiness.","{'text': 'The saying implies that happiness is a highly contagious phenomenon. Surrounding oneself with people who are genuinely happy can lead to a similar state of being. Their presence may not bring tangible rewards, but it can provide invaluable guidance and insight.', 'word_count': 51}","{'text': ""This ancient wisdom implies that happiness has a way of spreading. Being in the company of someone who is at peace can have a profound impact on one's own well-being. Though they may not bestow material gifts, they can offer valuable life lessons."", 'word_count': 48}","{'text': 'The proverb suggests that joy is a communicable emotion. Living alongside a contented individual can lead to a similar state of contentment. Their guidance may not provide material wealth, but it can illuminate the path to inner fulfillment.', 'word_count': 49}"
b,zs,Arabic,يجي الخريف.. واللواري بتقيف,"A proverb used when a person needs something and this thing is with someone else he knows, so the other person refuses to give it to him. Therefore, the person in need reminds the other person that one day he will need something as well.",C,Regex Parse,لواري بتقيف.. ولواري بتقيف، بقي هحطلك على قيد الحياة وحدك؟,يا بني انا ما بحاجة لشيء.. بس اللومي بيفتقد، ولواري بتقيف.. ولواري بتقيف بس حلو انا هقعد اجيب ليك,"A proverb used when a person needs something and this thing is with someone else he knows, so the other person refuses to give it to him. Therefore, the person in need reminds the other person that one day he will need something as well.",لواري بتقيف.. لواري بيقول ليك انه ما عنده حاجة.. بس لواري بتقيف، هقول له انه لازم يبقي بقي حلو معي
b,zs,Arabic,كل بخنوس افعين امو اغزال,"It is said to express a mother's love for her children, who sees no fault in them, even if people see the opposite.",B,Regex Parse,"This saying represents a mother's perspective, where she views her children as perfect, even when others see their shortcomings.","It is said to express a mother's love for her children, who sees no fault in them, even if people see the opposite.","The proverb highlights a mother's unwavering love and acceptance of her children, overlooking their imperfections, even when others criticize.","It symbolizes a mother's unconditional love towards her kids, ignoring their flaws, despite others' disagreements."
b,zs,Arabic,الباب اللى إِيجيك منه الريح، سده واستريح ,"This proverb is used to urge people not to get into problems, quarrels, and matters that lead to disagreements and division, and to prevent the causes that raise conflicts and quarrels between people.",A,Regex Parse,"This proverb is used to urge people not to get into problems, quarrels, and matters that lead to disagreements and division, and to prevent the causes that raise conflicts and quarrels between people.","The saying advises people to close the door to problems and disputes, and to seek peace and tranquility by preventing causes that lead to disagreements and divisions among people.","This proverb serves as a reminder to avoid engaging in issues that may lead to disputes and disagreements, and to seal off the causes that fuel conflicts and troubles between individuals.","This proverb is often used to caution against getting involved in matters that result in quarrels and disagreements, and to block the paths that lead to conflicts and troubles between individuals and communities."
b,zs,Arabic,بتقول للقمر غيبي وأنا مكانش.,It is a popular proverb describes a woman who is as beautiful as the moonlight.,B,Regex Parse,"This timeless proverb paints a picture of a woman as luminous as the moon's serene beauty, leaving an indelible mark on those fortunate enough to behold her.",It is a popular proverb describes a woman who is as beautiful as the moonlight.,"This traditional saying portrays a woman as radiant as the moon's soft glow, effortlessly captivating all who lay eyes on her.",It is an ancient proverb describing a woman whose loveliness is comparable to the gentle luminescence of the night sky.
b,zs,Arabic, بِيشتَري سَمَك في بَحَر ,"This proverb is said when someone sells to another a product that he has not seen, or the seller does not want to show it to him, or he may promise to show it to him later, and asks him to set a specific price for it. Just as you cannot sell or buy fish while it is in the sea, you cannot buy something without seeing it and evaluating it. This proverb is used when you are wanted to express your opinion on something that you have not tried or seen.",D,Regex Parse,"This proverb is uttered when a vendor attempts to persuade a customer to purchase an item unseen, often concealing its true nature or promising a viewing at a later time, yet demanding a predetermined price. Similar to buying fish from the ocean, one cannot effectively purchase something without first laying eyes on it. This expression is frequently used to convey skepticism or uncertainty when faced with an unfamiliar product or service.","When a merchant tries to force a buyer to pay for an item unseen, this phrase is invoked. The vendor may refuse to display the product or promise a viewing at a later time, while insisting on a fixed price. Much like purchasing seafood while still in the water, it's impossible to make an informed purchase without inspecting the goods first. This idiom is employed to express hesitation or doubt when considering an untested or unseen product.","This expression is used to convey that one cannot make an informed decision about a product or service without first inspecting it. A vendor who attempts to sell an item unseen, often by concealing its true nature or promising a viewing at a later time, is said to be engaging in this practice. Just as buying fish from the ocean is an impossible task, making a purchase without seeing the item is equally futile. This proverb is invoked to express skepticism or uncertainty when faced with an unfamiliar product or service.","This proverb is said when someone sells to another a product that he has not seen, or the seller does not want to show it to him, or he may promise to show it to him later, and asks him to set a specific price for it. Just as you cannot sell or buy fish while it is in the sea, you cannot buy something without seeing it and evaluating it. This proverb is used when you are wanted to express your opinion on something that you have not tried or seen."
b,zs,Arabic,أتبدلت غزلانها بقرودها.,The proverb refers to the change of conditions and bad replaces good.,B,Regex Parse,The proverb signifies the transition of favorable circumstances to unfavorable ones.,The proverb refers to the change of conditions and bad replaces good.,"It signifies a shift in conditions, where something better is replaced by something worse.","The proverb implies a transformation in fortune, where good is exchanged for bad."
b,zs,Arabic,اللسان مافيه عظم.,This proverb urges being caution and think wisely before talking.,A,Regex Parse,This proverb urges being caution and think wisely before talking.,This idiom advises exercising prudence and deliberating thoughtfully before expressing oneself.,This saying warns against rashness and encourages careful consideration before articulating one's thoughts.,This proverb cautions against impulsive speech and encourages individuals to weigh their words carefully before speaking.
b,zs,Arabic,شو جاب الزرقا للبلقا.,It is used to compare two different places or two opposite things (Zarqa and Balqa are Jordanian cities),B,Regex Parse,It is applied to denote the comparison between two distinct locations or antithetical entities within a geographical framework (illustrating Zarqa and Balqa).,It is used to compare two different places or two opposite things (Zarqa and Balqa are Jordanian cities),It is employed to contrast two disparate regions or two contrasting elements within a geographical context.,This expression is utilized to distinguish between two distinct areas or opposing aspects (referencing Zarqa and Balqa as examples).
b,zs,Arabic,الفقيه اللي عملناه إقابل الجامع عاد فالحصاير طامع.,"This proverb is said about a person you thought well of, but he deserves you to think badly of him.",C,Regex Parse,"This proverb is used to describe a person who initially seemed good to you, but later turned out to be unworthy of your trust.","This proverb is used to express that a person who was initially thought to be of good character has revealed their true, disappointing nature.","This proverb is said about a person you thought well of, but he deserves you to think badly of him.",This phrase is utilized to convey that an individual who was initially perceived as respectable has ultimately proven to be undeserving of admiration.
b,zs,Arabic,مد رجليك قدر لحافك,"Always keep your ambitions within the limits of your financial and social status, and so on. For example, if a poor man wants to propose to a beautiful and wealthy girl, he is told, “Stretch your legs to the length of your blanket.”",B,Regex Parse,"Never overstep your means and social standing, lest you fall into a precarious situation. For instance, if a low-income individual aspires to wed a stunning and affluent woman, he is advised, 'Reach no further than your bed's cover.'","Always keep your ambitions within the limits of your financial and social status, and so on. For example, if a poor man wants to propose to a beautiful and wealthy girl, he is told, “Stretch your legs to the length of your blanket.”","To avoid stumbling, maintain a balance between your aspirations and your financial and social capabilities. For example, if a man with limited resources wishes to ask a lovely and well-off woman to marry him, he is cautioned, 'Don't overextend your footsteps beyond the edges of your bedding.'","Keep your goals in harmony with your socioeconomic circumstances, lest you encounter difficulties. For instance, if a poor man wishes to propose to a beautiful and wealthy woman, he is reminded, 'Don't stretch your reach beyond the confines of your bed's covering.'"
b,zs,Arabic,إنّ الطيور على أشكالها تقع,"It is a popular and common proverb, used to express the extent to which two people are similar or close in their actions or way of thinking and their compatibility with each other. The phrase has been used in some form since the mid-16th century, and a version of this phrase appeared in 1545 in a satire by the writer William Turner, who used a sentence from this proverb in his satirical comedy, On the Gentle Catholic, and the Rescue of the Romish Fox, in which he said: ""Birds of one kind and colour always fly in one flock"", the phrase was slightly different than it is today, but the main meaning is the same.",D,Regex Parse,"This ancient and widespread proverb, often used to convey the level of similarity or harmony between two individuals, has been documented since the 16th century. A variation of this phrase was first recorded in 1545 by the English writer William Turner in his satirical work, On the Gentle Catholic, and the Rescue of the Romish Fox. Turner's version, 'Birds of one kind and colour always fly in one flock', although differing slightly, retains the same underlying meaning.","This well-known proverb, used to describe the degree of compatibility or similarity between two people's actions and mentalities, has its roots in the 16th century. A related phrase was present in a 1545 satirical work by William Turner, On the Gentle Catholic, and the Rescue of the Romish Fox, where he spoke of 'Birds of one kind and colour always fly in one flock', conveying a notion similar to the contemporary expression, although with slight variations.","This proverb, reflecting on the extent to which two individuals share similarities in their actions and thought processes, has been a part of linguistic heritage since the mid-16th century. A precursor to this phrase was found in a 1545 satire by William Turner, titled On the Gentle Catholic, and the Rescue of the Romish Fox, where he used a phrase that echoes the modern expression, 'Birds of one kind and colour always fly in one flock'.","It is a popular and common proverb, used to express the extent to which two people are similar or close in their actions or way of thinking and their compatibility with each other. The phrase has been used in some form since the mid-16th century, and a version of this phrase appeared in 1545 in a satire by the writer William Turner, who used a sentence from this proverb in his satirical comedy, On the Gentle Catholic, and the Rescue of the Romish Fox, in which he said: ""Birds of one kind and colour always fly in one flock"", the phrase was slightly different than it is today, but the main meaning is the same."
b,zs,Arabic,شو بتعمل الماشطه بهالوش العكر.,This proverb is used to describe an ugly woman who is not helped by beautification.,C,Regex Parse,"{'distractor': 'This adage is employed to illustrate a woman who is unattractive, yet her appearance remains unchanged despite external enhancements.'}","{'distractor': 'This expression is used to convey the notion of a woman who, despite receiving aesthetic enhancements, retains an unattractive appearance.'}",This proverb is used to describe an ugly woman who is not helped by beautification.,{'distractor': 'The phrase is utilized to portray an unappealing female figure whose physical appearance remains unaffected by cosmetic improvements.'}
b,zs,Arabic,لي خاف سلم. ,That means don't involved in dangerous situations to stay safe.,D,Regex Parse,Maintaining a safe perimeter helps to avoid unforeseen hazards.,"To avoid potential risks, it is best to maintain a safe distance.",Remaining cautious is essential to prevent harm from unfolding.,That means don't involved in dangerous situations to stay safe.
b,zs,Arabic,البحر فيه لاغش,(لاغش: an unusual movement of the wave). It indicates the existence of an action that will lead to a devastating disaster.,A,Regex Parse,(لاغش: an unusual movement of the wave). It indicates the existence of an action that will lead to a devastating disaster.,"The ocean appears serene, concealing the turmoil beneath, an omen of an impending cataclysm.","The sea is calm, and yet its depths signify a tidal wave brewing beneath the surface.","A tranquil sea can belie a powerful undertow, foreshadowing a calamitous event that will soon follow."
b,zs,Arabic,قرصه في ناره وعينه على جاره.,"This proverb refers to the greed that may affect a person, which makes him greed to have what others have, without being content with his own livelihood.",A,Regex Parse,"This proverb refers to the greed that may affect a person, which makes him greed to have what others have, without being content with his own livelihood.","This proverb refers to the insatiable desire that consumes a person, causing him to covet the possessions of others and neglect his own blessings.","This proverbial expression highlights the destructive power of envy, which can drive a person to pursue wealth that isn't theirs, rather than appreciating what they already have.","This idiom speaks to the all-consuming nature of greed, where a person's eyes are fixed on the wealth of others, even as they themselves struggle to make ends meet."
b,zs,Arabic,القُفه ام اضنين بشيلوها نفرين.,"It indicates cooperation, solidarity and compassion among people. There is a similar proverb: “One hand can’t clap”, which conveys the same meaning, although it is in the context of urging cooperation.",A,Regex Parse,"It indicates cooperation, solidarity and compassion among people. There is a similar proverb: “One hand can’t clap”, which conveys the same meaning, although it is in the context of urging cooperation.","This proverb signifies the bonds of friendship, shared struggles, and collective aid. A related idiom is 'One foot cannot move ahead independently', which emphasizes the importance of cooperation.","It highlights the ties of camaraderie, shared burdens, and collective assistance. A similar saying is 'Two eyes cannot see separately', which also advocates for unity and mutual support.","It signifies unity, mutual support, and empathy among individuals. A comparable expression is 'Two wheels cannot revolve separately', aiming to promote collaboration."
b,zs,Arabic,كلّه عند العرب صابون,People without taste can’t discern the quality of different things.,A,Regex Parse,People without taste can’t discern the quality of different things.,Individuals without refinement find it challenging to differentiate between various items.,People lacking sophistication often have difficulty distinguishing the merits of different products.,Those unacquainted with finer things often struggle to evaluate diverse objects.
b,zs,Arabic,إنفخ يا شريم قال ماكو برطم ,"This proverb is used to describe someone who does not understand what you are saying or explaining to them. It means that no matter how much you try to clarify or explain, this person is unable to grasp your meaning. ",D,Regex Parse,"It suggests that there are people who, regardless of how much time and effort is invested in explaining a concept, will still fail to understand its essence.","The phrase is used to describe someone who, despite repeated attempts to clarify, remains incapable of grasping the intended meaning of a conversation.","This proverb implies that some individuals struggle to comprehend even the clearest of explanations, no matter how hard one tries to convey their message.","This proverb is used to describe someone who does not understand what you are saying or explaining to them. It means that no matter how much you try to clarify or explain, this person is unable to grasp your meaning. "
b,zs,Arabic,التسوي كريت تلقى في جلدها.,"This is a Sudanese proverb that is often used to describe someone who does something and it backfires on them, even after a while. There was a man who owned a goat. He had a (Qard) tree, which is a jujube tree that grows naturally and is widely spread in different regions of Sudan. This Qard tree was planted in the courtyard of the house. The goat ate a large amount of the saffron from the Qard tree and got tired from eating so much saffron, and its belly swelled until it was close to death. Before it died, its owner slaughtered it, skinned it, and tanned its hide with Qard so that it would become (fur). The proverb means that the goat brought evil upon itself. Therefore, it became a custom and people began to use this proverb and use it on different occasions to describe people who bring trouble upon themselves.",A,Regex Parse,"This is a Sudanese proverb that is often used to describe someone who does something and it backfires on them, even after a while. There was a man who owned a goat. He had a (Qard) tree, which is a jujube tree that grows naturally and is widely spread in different regions of Sudan. This Qard tree was planted in the courtyard of the house. The goat ate a large amount of the saffron from the Qard tree and got tired from eating so much saffron, and its belly swelled until it was close to death. Before it died, its owner slaughtered it, skinned it, and tanned its hide with Qard so that it would become (fur). The proverb means that the goat brought evil upon itself. Therefore, it became a custom and people began to use this proverb and use it on different occasions to describe people who bring trouble upon themselves.","In Sudanese culture, the phrase 'telswi kriet talqa fajlah' is used to convey the idea that an individual's actions can have unintended and far-reaching consequences. The story behind this proverb is rooted in a man's decision to keep a goat that consumed excessive amounts of saffron from a nearby Qard tree, which ultimately led to its demise. Before the goat's death, its owner decided to tan its hide with Qard, symbolizing the goat's self-inflicted harm. This proverb serves as a reminder that our actions can sometimes have devastating effects, and we should be cautious of our decisions.","This Sudanese proverb, 'telswi kriet talqa fajlah,' metaphorically describes the concept of an individual bringing about their own downfall through their actions. A man's goat consumed an excessive amount of saffron from a nearby Qard tree, which caused its stomach to swell and nearly led to its death. In a twist of fate, the goat's owner decided to tan its hide with Qard, further emphasizing the goat's self-inflicted harm. The proverb serves as a cautionary tale, reminding people that our actions can often lead to unforeseen and undesirable consequences, and we should be mindful of our decisions to avoid such outcomes.","This Arabic proverb translates to 'the action of the goat brings about its own demise.' It is a metaphorical expression that describes a situation where an individual's actions ultimately result in their own downfall. A common interpretation is that a man owned a goat that consumed excessive amounts of saffron from a nearby Qard tree, which caused its stomach to swell and nearly led to its death. In a twist of fate, the goat's owner decided to tan its hide with Qard, further emphasizing the goat's self-inflicted harm. Consequently, the proverb serves as a cautionary tale, reminding people that their actions can often lead to unforeseen and undesirable consequences."
b,zs,Arabic,أحضر الناس جوابا من لم يغضب,The best answer will come from the person who is not angry.,A,Parse Failed,The best answer will come from the person who is not angry.,API Failure A,API Failure C,API Failure B
b,zs,Arabic,كل من كان عالي وطى كل من كان سارح بالشياه هطى,"Everyone who was arrogant became mean, and everyone who was carefree migrated to the city.",B,Regex Parse,"Every proud person became humble, and every joyful soul migrated to a crowded place.","Everyone who was arrogant became mean, and everyone who was carefree migrated to the city.","Those who were once haughty fell, and those who were free-spirited left the countryside for the city's noise.","Everyone who was full of pride sank low, and everyone who was simple-minded moved to the city."
b,cot_en,Arabic,اللي ما رضى خببزة يرضى بنصها ,It is an example of a person who is not satisfied with what God has destinied for him and is forced to accept less in the end.,C,Regex Parse,"Inevitably, those who refuse to accept God's will are left with no choice but to embrace a lesser outcome, teaching a lesson in satisfaction.","When one is not content with their divine destiny, they inevitably settle for less, highlighting the importance of initial acceptance.",It is an example of a person who is not satisfied with what God has destinied for him and is forced to accept less in the end.,"A person dissatisfied with God's plan must learn to accept a lesser fate, reflecting the idea that discontent leads to compromise."
b,cot_en,Arabic,إنك تضرب في حديد بارد,You’re trying to change something that you can’t.,B,No response,API Failure C,You’re trying to change something that you can’t.,API Failure B,API Failure A
b,cot_en,Arabic,إصرف ما في الجيب يأتيك ما في الغيب.,"A proverb encourages spending money, and Allah will grant you from where you do not expect. Pocket: a bag sewn into clothing to carry money and so on.",D,Regex Parse,"The act of giving from what you have in your possession is believed to prompt Allah to provide for you from unexpected avenues, as hinted in the proverb about pockets and the unseen.","Spending generously from your pocket, as the proverb suggests, may lead Allah to bestow upon you blessings from the unseen, replenishing your means.","By expending the resources in your pocket, you invite Allah's provision from the hidden, underscoring the spiritual principle that generosity precedes unexpected gain, as the proverb implies.","A proverb encourages spending money, and Allah will grant you from where you do not expect. Pocket: a bag sewn into clothing to carry money and so on."
b,cot_en,Arabic,الصديق وقت الضيق.,The proverb means that a true friend is the one who supports you when you face difficulties and problems in life.,B,Regex Parse,"The phrase signifies that real companionship is about being there for one another, especially in times of hardship and strife, embodying the notion that friends are indeed the family we choose, and their presence during our darkest hours is what truly defines them as friends.",The proverb means that a true friend is the one who supports you when you face difficulties and problems in life.,"It implies that the authenticity of a friendship is tested by the willingness of the friend to stand by your side during periods of distress and hardship, acting as a beacon of hope and support, which is a fundamental aspect of what it means to be a friend.","This saying highlights the value of having someone who can provide solace and assistance when we are going through tough times, underscoring the idea that a friend's role is not just to share in our joys but also to help alleviate our sorrows, thus making them an indispensable part of our lives."
b,cot_en,Arabic,أنا باللقمة لفمو وهو بالمشهاب لعيني.,This proverb is used to describe a person who is ungrateful and betrays others.,B,Regex Parse,This expression is about individuals who show ingratitude and betray the trust of others.,This proverb is used to describe a person who is ungrateful and betrays others.,A person who betrays others despite their kindness is what this proverb portrays.,The proverb describes someone who is ungrateful and harms others in return.
b,cot_en,Arabic,وِجّو بيقطع الرزق,This phrase is said to refer to the unlucky people.,A,"The given proverb 'ويجو بيقطع الرزق' is an Arabic phrase that translates to 'a person who brings bad luck or cuts off livelihood'. To generate distractors that are indistinguishable to a blind evaluator, I will create phrases that match the word count, grammatical complexity, tone, and lexical overlap of the correct answer. The correct answer states that the phrase refers to unlucky people. The distractors will be generated based on this understanding, using similar keywords and phrasing to create plausible but incorrect interpretations.",This phrase is said to refer to the unlucky people.,a individual who faces financial difficulties,a person who suffers from bad fortune,a person who is believed to attract misfortune
b,cot_en,Arabic,إطعم الفم تستحى العين.,"If you want someone to be by your side or to benefit from fhim, you have to be generous with them financially.",A,Regex Parse,"If you want someone to be by your side or to benefit from fhim, you have to be generous with them financially.","To maintain a strong relationship, it's essential to show generosity, especially in financial terms.",Being generous financially helps ensure someone's loyalty and support over time.,Financial generosity is a key factor in securing someone's ongoing cooperation and presence in your life.
b,cot_en,Arabic,إن ضاق بيك الأمر، اشرب زجاجة خمر,"This proverb is widely used by the Ja'aliyin, Kawahla, Khawalda, and Arkaiyin in the Wad Madani region (according to the author), and the proverb is religiously, medically, scientifically, and logically rejected as well.",A,Regex Parse,"This proverb is widely used by the Ja'aliyin, Kawahla, Khawalda, and Arkaiyin in the Wad Madani region (according to the author), and the proverb is religiously, medically, scientifically, and logically rejected as well.","The usage of the proverb ""إن ضاق بيك الأمر، اشرب زجاجة خمر"" among the populations of the Wad Madani region, including the Ja'aliyin, Kawahla, Khawalda, and Arkaiyin, highlights a complex interplay of cultural tradition and critical rejection. While the proverb is religiously, medically, scientifically, and logically rejected due to its advocacy for alcohol as a problem-solving strategy, its prevalence indicates a gap in addressing stress and hardship through more constructive means. Efforts to understand and address the underlying reasons for the proverb's endurance could provide insights into developing more effective, culturally sensitive interventions.","In the Wad Madani region, specifically among the Khawalda and Arkaiyin groups, the proverb ""إن ضاق بيك الأمر، اشرب زجاجة خمر"" is frequently invoked. However, this proverb is rejected on multiple fronts: religiously, due to alcohol's prohibition; medically, because of alcohol's harmful effects; scientifically, as it does not address the root causes of problems; and logically, since it offers a temporary escape rather than a lasting solution. The persistence of this proverb in local culture underscores the need for educational programs that promote healthier coping mechanisms and critical thinking.","The proverb ""إن ضاق بيك الأمر، اشرب زجاجة خمر"" is commonly cited among the Ja'aliyin and Kawahla communities of the Wad Madani area. Despite its regional usage, the proverb faces widespread criticism on religious, medical, and scientific grounds, largely due to its promotion of alcohol consumption as a solution to problems. This stance is logically flawed, given the well-documented negative impacts of alcohol. The communities' adherence to this proverb reflects broader societal issues that require a more nuanced approach to problem-solving."
b,cot_en,Arabic,جمل يعصر وجمل ياكل العصارة:,The proverb refers to people who succeed through the efforts of others.,D,"The given proverb 'جمل يعصر وجمل ياكل العصارة' translates to 'a camel squeezes and another camel drinks the juice'. To create distractors that are indistinguishable to a blind evaluator, we need to maintain a similar word count, grammatical complexity, tone, and lexical overlap. The correct answer suggests that the proverb is about people benefiting from others' hard work. The distractors should convey a similar message without being too obvious. ",a situation where one person toils and another reaps the benefits,people who leverage the efforts of others to achieve their own success,individuals who profit from the labor of others without contributing themselves,The proverb refers to people who succeed through the efforts of others.
b,cot_en,Arabic,احفظ قرشك الأبيض ليومك الأسود.,It is a popular proverb used to emphasize the need to save and avoid extravagance.,A,No response,It is a popular proverb used to emphasize the need to save and avoid extravagance.,API Failure A,API Failure C,API Failure B
b,cot_en,Arabic,رمية من غير رامي,It is a proverb when an unqualified person says something or makes a good statement and it is credited to him.,A,No response,It is a proverb when an unqualified person says something or makes a good statement and it is credited to him.,API Failure B,API Failure A,API Failure C
b,cot_en,Arabic,فود عوجان.,"This proverb is used to describe a person who returns to their family after a long absence in search of benefit, but instead of bringing something positive, they bring something harmful or detrimental. ",C,No response,API Failure A,API Failure C,"This proverb is used to describe a person who returns to their family after a long absence in search of benefit, but instead of bringing something positive, they bring something harmful or detrimental. ",API Failure B
b,cot_en,Arabic,اصبوعي في حلوجهم وصبوعهم في عيوني.,One of the popular proverbs that expresses the rejection of ingratitude. It means that there are those who do a lot of good and in return they only receive ingratitude.,C,No response,API Failure A,API Failure C,One of the popular proverbs that expresses the rejection of ingratitude. It means that there are those who do a lot of good and in return they only receive ingratitude.,API Failure B
b,cot_en,Arabic,المَمنُوع مَرْغُوب.,Prohibition may increase people's desire to obtain or experience the forbidden thing.,C,No response,API Failure B,API Failure C,Prohibition may increase people's desire to obtain or experience the forbidden thing.,API Failure A
b,cot_en,Arabic,اللي فات مات (ماتلا عليه التلفات),The proverb urges not to look back and regret what has passed.,A,No response,The proverb urges not to look back and regret what has passed.,API Failure C,API Failure B,API Failure A
b,cot_en,Arabic,الإفراط في التّواضع يجلب المذلّة,It means that appearing too humble can demean a person and make him vulnerable to humiliation.,B,No response,API Failure C,It means that appearing too humble can demean a person and make him vulnerable to humiliation.,API Failure B,API Failure A
b,cot_en,Arabic,اللي فات مات.,"This proverb is effective psychological advice for those whose thinking is mortgaged to the past, which is a serious psychological illness because it harms sound thinking and paralyzes a person’s movement towards the future. Thinking makes a person become a prisoner of the past and its bitter memories, and makes him cry over the ruins of those who have passed away, but the tear that falls will not return, and this proverb spreads a spirit of optimism and a new start.",A,No response,"This proverb is effective psychological advice for those whose thinking is mortgaged to the past, which is a serious psychological illness because it harms sound thinking and paralyzes a person’s movement towards the future. Thinking makes a person become a prisoner of the past and its bitter memories, and makes him cry over the ruins of those who have passed away, but the tear that falls will not return, and this proverb spreads a spirit of optimism and a new start.",API Failure C,API Failure A,API Failure B
b,cot_en,Arabic,سماعك بالْمُعَيَدِيِّ خير من أن تراه سمك في ماء,Someone is a natural.,B,Regex Parse,He is highly gifted.,Someone is a natural.,They seem very adept.,One is quite skilled.
b,cot_en,Arabic,ابن الحرام بيساويها وابن الحلال بيوقع فيها,The proverb means that the innocent person always bears the mistakes and consequences of what the guilty person does.,A,No response,The proverb means that the innocent person always bears the mistakes and consequences of what the guilty person does.,API Failure A,API Failure B,API Failure C
b,cot_en,Arabic,خاطبوا الناس على قدر عقولهم.,It means that communication with people should be done according to their level of understanding and intellect.,D,Regex Parse,People should be addressed according to their mental capacity for better understanding and communication.,Effective communication involves speaking to people at their intellectual and comprehension level always.,Communicate with individuals based on their intellectual capacity and understanding levels always.,It means that communication with people should be done according to their level of understanding and intellect.
b,cot_en,Arabic,الدنيا زي الغازية، ترقص لكل واحد شوية,Every dog has its day.,A,Regex Parse,Every dog has its day.,All minds have their hour.,Every soul sees its dawn.,Each heart finds its moment.
b,cot_en,Arabic,ايش ياخد الريح من البلاط؟,"It is said about a person who no one covets because he does not own anything or has no value. This proverb is used in response to someone who says, “Beware, there are those who covet him.”",D,Regex Parse,"It signifies a situation where one has nothing to lose, much like the wind cannot carry away mud, implying a person's worth is not in material possessions.","The expression refers to a person without substantial assets, akin to the wind's inability to take from the mud, underscoring the idea that their lack of possessions makes them unattractive to others.","This phrase is used to describe someone who owns nothing of value, similar to how the wind cannot take anything from mud, highlighting the lack of covetousness towards them.","It is said about a person who no one covets because he does not own anything or has no value. This proverb is used in response to someone who says, “Beware, there are those who covet him.”"
b,cot_en,Arabic,تجيك التهايم وإنت نايم,This proverb is used to describe an innocent person who is accused of committing something wrong.,D,"The given proverb 'تجيك التهايم وإنت نايم' translates to 'calamity befalls you while you are asleep' in English. This phrase is often used to convey the idea that trouble or misfortune can occur unexpectedly, even when one is unaware or innocent. To generate distractors that are indistinguishable to a blind evaluator, I will create phrases that match the word count, grammatical complexity, tone, and lexical overlap of the correct answer. The correct answer describes an innocent person being accused of something wrong, so the distractors should also relate to the idea of unexpected or unwarranted events. ","This expression conveys the idea that a person can be affected by circumstances beyond their control, leading to undeserved consequences or reputational damage.","The phrase is used to illustrate the concept of being blamed for a mistake that was not one's fault, emphasizing the importance of fairness and justice.","This proverb describes a situation where a person is held responsible for something they did not do, highlighting the theme of unjust accusations.",This proverb is used to describe an innocent person who is accused of committing something wrong.
b,cot_en,Arabic,بليلة المباشر ولا ضبيحة (طبيخة) المكاشر,"Someone who gives you a little with love and a smile is better than someone who gives you a lot but without kindness. It is like the Egyptian proverb ""Meet me, but don't feed me.""",D,"To generate distractors for the given proverb, I need to understand its meaning and essence. The proverb emphasizes the importance of kindness and love over material gifts. It suggests that even a small act of generosity, when given with love and a smile, is more valuable than a large gift given without kindness. With this understanding, I will create three distractors that match the word count, grammatical complexity, tone, and lexical overlap of the correct answer. The distractors should convey a similar message but with a slightly different twist or focus.","A small gift from someone who cares about you deeply is more precious than a grand gesture from someone who doesn't know your worth, just like the warmth of a gentle breeze on a cold day.","The value of a humble present given with love and consideration far exceeds that of an extravagant one bestowed without thought or compassion, similar to the comforting feeling of a cozy home versus a grand mansion without a heart.","Receiving a modest offering with genuine affection is more significant than accepting a lavish donation devoid of empathy, much like the difference between a nourishing meal and a feast without flavor.","Someone who gives you a little with love and a smile is better than someone who gives you a lot but without kindness. It is like the Egyptian proverb ""Meet me, but don't feed me."""
b,cot_en,Arabic,بین المطرقة والسندان.,"It means that a person or situation is in difficult circumstances and is confused about two difficult choices, where there is no easy way out. It refers to having to deal with pressure or challenges from two different or opposing sides.",A,"The proverb 'بین المطرقة والسندان' is an Arabic idiom that translates to 'between the hammer and the anvil.' To create distractors that are indistinguishable to a blind evaluator, I will use keywords from the proverb and maintain a similar word count, complexity, tone, and lexical overlap. The correct answer explains that the proverb refers to a situation where a person is under pressure from two opposing sides, with no easy escape. The distractors will be crafted to convey a similar sense of being trapped or pressured, while using the keywords 'hammer,' 'anvil,' and 'between' to create a sense of authenticity.","It means that a person or situation is in difficult circumstances and is confused about two difficult choices, where there is no easy way out. It refers to having to deal with pressure or challenges from two different or opposing sides.","It signifies a condition where one is trapped between two formidable entities, akin to being between the hammer and the anvil, with both sides posing significant threats, leaving the person with no easy choice and a daunting task to navigate between the two.","It refers to a state of being where an individual is sandwiched between two challenging options, much like being between the hammer and the anvil, with each side exerting its own unique pressure, making it hard to find a way out.","It means that a person or situation is caught between two opposing forces, like a hammer and an anvil, where the pressure is relentless and there is no clear way to escape the difficulties that lie between them."
b,cot_en,Arabic,الوقاية خير من العلاج/ درهم وقاية خير من قنطار علاج ,Taking preventive measures and procedures to avoid problems or diseases is much better than waiting until the problem occurs and then trying to treat it.,C,Regex Parse,"Adopting a proactive approach to health and issues, by preventing them, is preferable to reacting to them once they have developed into diseases or complications.",Preventing issues from arising is generally more advantageous than addressing them after they have become significant problems requiring treatment.,Taking preventive measures and procedures to avoid problems or diseases is much better than waiting until the problem occurs and then trying to treat it.,Implementing early preventive strategies is more beneficial than dealing with the consequences of neglect and then attempting a cure.
b,cot_en,Arabic, انكشحت بين امعاه لحشيشَ.,It is used to describe the disappearance of reservations and the absence of barriers between people.,D,No response,API Failure B,API Failure A,API Failure C,It is used to describe the disappearance of reservations and the absence of barriers between people.
b,cot_en,Arabic,اللي ما يعرف الغلط ما يتعلم,Mistakes are the best teachers — learn from errors.,C,No response,API Failure B,API Failure C,Mistakes are the best teachers — learn from errors.,API Failure A
b,cot_en,Arabic,اللي يخالط المسعدين يسعد.,"The proverb means that happiness is contagious. If you live with a happy person, you will be happy. A happy person may not give you any of his money, but he may show you the path to happiness.",A,No response,"The proverb means that happiness is contagious. If you live with a happy person, you will be happy. A happy person may not give you any of his money, but he may show you the path to happiness.",API Failure C,API Failure B,API Failure A
b,cot_en,Arabic,يجي الخريف.. واللواري بتقيف,"A proverb used when a person needs something and this thing is with someone else he knows, so the other person refuses to give it to him. Therefore, the person in need reminds the other person that one day he will need something as well.",C,No response,API Failure B,API Failure A,"A proverb used when a person needs something and this thing is with someone else he knows, so the other person refuses to give it to him. Therefore, the person in need reminds the other person that one day he will need something as well.",API Failure C
b,cot_en,Arabic,كل بخنوس افعين امو اغزال,"It is said to express a mother's love for her children, who sees no fault in them, even if people see the opposite.",B,No response,API Failure B,"It is said to express a mother's love for her children, who sees no fault in them, even if people see the opposite.",API Failure C,API Failure A
b,cot_en,Arabic,الباب اللى إِيجيك منه الريح، سده واستريح ,"This proverb is used to urge people not to get into problems, quarrels, and matters that lead to disagreements and division, and to prevent the causes that raise conflicts and quarrels between people.",A,No response,"This proverb is used to urge people not to get into problems, quarrels, and matters that lead to disagreements and division, and to prevent the causes that raise conflicts and quarrels between people.",API Failure B,API Failure A,API Failure C
b,cot_en,Arabic,بتقول للقمر غيبي وأنا مكانش.,It is a popular proverb describes a woman who is as beautiful as the moonlight.,B,No response,API Failure C,It is a popular proverb describes a woman who is as beautiful as the moonlight.,API Failure B,API Failure A
b,cot_en,Arabic, بِيشتَري سَمَك في بَحَر ,"This proverb is said when someone sells to another a product that he has not seen, or the seller does not want to show it to him, or he may promise to show it to him later, and asks him to set a specific price for it. Just as you cannot sell or buy fish while it is in the sea, you cannot buy something without seeing it and evaluating it. This proverb is used when you are wanted to express your opinion on something that you have not tried or seen.",D,No response,API Failure A,API Failure B,API Failure C,"This proverb is said when someone sells to another a product that he has not seen, or the seller does not want to show it to him, or he may promise to show it to him later, and asks him to set a specific price for it. Just as you cannot sell or buy fish while it is in the sea, you cannot buy something without seeing it and evaluating it. This proverb is used when you are wanted to express your opinion on something that you have not tried or seen."
b,cot_en,Arabic,أتبدلت غزلانها بقرودها.,The proverb refers to the change of conditions and bad replaces good.,B,Regex Parse,The expression signifies a shift in circumstances where worse elements supersede better ones.,The proverb refers to the change of conditions and bad replaces good.,This phrase indicates a transformation of states where undesirable aspects replace desirable ones.,The saying illustrates a transition in situations where inferior qualities come to dominate superior ones.
b,cot_en,Arabic,اللسان مافيه عظم.,This proverb urges being caution and think wisely before talking.,A,No response,This proverb urges being caution and think wisely before talking.,API Failure A,API Failure B,API Failure C
b,cot_en,Arabic,شو جاب الزرقا للبلقا.,It is used to compare two different places or two opposite things (Zarqa and Balqa are Jordanian cities),B,"The proverb شو جاب الزرقا للبلقا is a Jordanian expression that metaphorically compares two distinct entities, Zarqa and Balqa, which are cities in Jordan. To create distractors that are indistinguishable to a blind evaluator, we must ensure they have a similar word count, grammatical complexity, tone, and lexical overlap. The correct answer provides a comparison between two different places or opposite things, so the distractors should also relate to comparisons or contrasts while incorporating the keywords 'Zarqa' and 'Balqa'.","It symbolizes the journey or path that connects Zarqa to Balqa, highlighting the importance of the relationship between these two Jordanian cities.",It is used to compare two different places or two opposite things (Zarqa and Balqa are Jordanian cities),"It is used to describe how Zarqa and Balqa, despite their differences, share a common historical background that binds them together.","It refers to the process of Zarqa and Balqa exchanging cultural practices, leading to a unique blend of traditions in both cities."
b,cot_en,Arabic,الفقيه اللي عملناه إقابل الجامع عاد فالحصاير طامع.,"This proverb is said about a person you thought well of, but he deserves you to think badly of him.",C,Regex Parse,"This saying is about someone you previously held in high esteem, but now they warrant a negative opinion.","It refers to an individual you had a positive impression of, but their actions have shown they merit a unfavorable view.","This proverb is said about a person you thought well of, but he deserves you to think badly of him.","The phrase describes a person whom you once respected, but they have proven to deserve your disdain."
b,cot_en,Arabic,مد رجليك قدر لحافك,"Always keep your ambitions within the limits of your financial and social status, and so on. For example, if a poor man wants to propose to a beautiful and wealthy girl, he is told, “Stretch your legs to the length of your blanket.”",B,"To generate distractors indistinguishable to a blind evaluator, I must create sentences that match the word count, grammatical complexity, tone, and lexical overlap of the correct answer. The proverb 'مد رجليك قدر لحافك' translates to 'Stretch your legs to the length of your blanket,' which means being content with what you have and not overreaching. The correct answer explains this concept in a formal tone, using metaphors to convey the idea of limiting one's ambitions according to their means. I will create distractors that use similar keywords and maintain the same level of formality and metaphorical language.","Always keep your desires in check with the resources available to you, just like a traveler adjusts their journey according to the provisions they carry, for one cannot afford to stray beyond the boundaries of their means.","Always keep your ambitions within the limits of your financial and social status, and so on. For example, if a poor man wants to propose to a beautiful and wealthy girl, he is told, “Stretch your legs to the length of your blanket.”","Be mindful of your limitations, for just as a tree cannot stretch its branches beyond the reach of its roots, a person should not strive for things that exceed their capacity, lest they fall like a house built on shaky ground.","Live within your bounds, for a river that overflows its banks will surely flood and destroy the surrounding landscape, much like an individual who overextends themselves will suffer the consequences of their unbridled ambitions."
b,cot_en,Arabic,إنّ الطيور على أشكالها تقع,"It is a popular and common proverb, used to express the extent to which two people are similar or close in their actions or way of thinking and their compatibility with each other. The phrase has been used in some form since the mid-16th century, and a version of this phrase appeared in 1545 in a satire by the writer William Turner, who used a sentence from this proverb in his satirical comedy, On the Gentle Catholic, and the Rescue of the Romish Fox, in which he said: ""Birds of one kind and colour always fly in one flock"", the phrase was slightly different than it is today, but the main meaning is the same.",D,"To generate distractors for the given proverb, we need to create sentences that are similar in word count, grammatical complexity, tone, and lexical overlap. The correct answer explains the meaning and origin of the proverb, so the distractors should also appear to provide a plausible explanation or interpretation of the phrase. The distractors should be indistinguishable from the correct answer in terms of formality and metaphor presence.","It is an ancient and enduring proverb, used to describe the tendency of individuals to associate with others who share similar characteristics or behaviors, and the phrase has been used in various forms since the early 17th century, with a similar expression appearing in 1630 in a treatise by the philosopher Thomas Hobbes, who wrote: 'Birds of a feather flock together in their natural habitats', which conveys a similar idea to the modern phrase.","The expression is a time-honored and universal proverb, used to express the notion that individuals with similar traits or inclinations tend to congregate and interact with one another, and the phrase has its roots in a 1520s manuscript by the writer John Skelton, who used a sentence from this proverb in his poem, The Boke of Phyllyp Sparowe, where he wrote: 'Birds of one wing fly not alone', which has a comparable meaning to the modern phrase.","The phrase is a wise and insightful saying, used to convey the idea that people tend to gravitate towards others who have similar interests, values, or personalities, and a version of this phrase was first used in the 1550s by the writer John Heywood, who included it in his book of proverbs, where he said: 'Birds of one feather make their nest together', which has a similar meaning to the current phrase.","It is a popular and common proverb, used to express the extent to which two people are similar or close in their actions or way of thinking and their compatibility with each other. The phrase has been used in some form since the mid-16th century, and a version of this phrase appeared in 1545 in a satire by the writer William Turner, who used a sentence from this proverb in his satirical comedy, On the Gentle Catholic, and the Rescue of the Romish Fox, in which he said: ""Birds of one kind and colour always fly in one flock"", the phrase was slightly different than it is today, but the main meaning is the same."
b,cot_en,Arabic,شو بتعمل الماشطه بهالوش العكر.,This proverb is used to describe an ugly woman who is not helped by beautification.,C,"The proverb شو بتعمل الماشطه بهالوش العكر can be translated to 'What can a comb do with a dirty head?' This phrase is used to convey that some things are beyond improvement or that an inherent flaw cannot be overcome by superficial means. To generate distractors that are indistinguishable to a blind evaluator, we need to maintain a similar word count, grammatical complexity, tone, and lexical overlap. The correct answer describes the proverb as relating to an ugly woman who cannot be helped by beautification, implying an inherent flaw that cannot be overcome by superficial means. The distractors should similarly convey the idea of an inherent flaw or limitation that cannot be improved upon by external or superficial efforts.",This proverb is used to describe a poorly made product that cannot be improved by additional features.,This saying is used to illustrate that a fundamentally flawed idea cannot be saved by clever presentation or marketing.,This proverb is used to describe an ugly woman who is not helped by beautification.,This phrase is used to convey that some people's nature cannot be changed by their surroundings or upbringing.
b,cot_en,Arabic,لي خاف سلم. ,That means don't involved in dangerous situations to stay safe.,D,Regex Parse,Safety comes from knowing when to fear and avoid a situation.,Avoiding danger is key to staying safe always.,"To stay safe, one must fear and then avoid danger.",That means don't involved in dangerous situations to stay safe.
b,cot_en,Arabic,البحر فيه لاغش,(لاغش: an unusual movement of the wave). It indicates the existence of an action that will lead to a devastating disaster.,A,Regex Parse,(لاغش: an unusual movement of the wave). It indicates the existence of an action that will lead to a devastating disaster.,"The sea's لاغش is a warning sign of an underwater earthquake, causing widespread destruction.","The ocean has a لاغش, signaling an impending tsunami that will destroy everything.","The لاغش in the sea is a metaphor for the unpredictable nature of life, where a small wave can become a massive storm."
b,cot_en,Arabic,قرصه في ناره وعينه على جاره.,"This proverb refers to the greed that may affect a person, which makes him greed to have what others have, without being content with his own livelihood.",A,No response,"This proverb refers to the greed that may affect a person, which makes him greed to have what others have, without being content with his own livelihood.",API Failure A,API Failure C,API Failure B
b,cot_en,Arabic,القُفه ام اضنين بشيلوها نفرين.,"It indicates cooperation, solidarity and compassion among people. There is a similar proverb: “One hand can’t clap”, which conveys the same meaning, although it is in the context of urging cooperation.",A,No response,"It indicates cooperation, solidarity and compassion among people. There is a similar proverb: “One hand can’t clap”, which conveys the same meaning, although it is in the context of urging cooperation.",API Failure B,API Failure C,API Failure A
b,cot_en,Arabic,كلّه عند العرب صابون,People without taste can’t discern the quality of different things.,A,No response,People without taste can’t discern the quality of different things.,API Failure A,API Failure C,API Failure B
b,cot_en,Arabic,إنفخ يا شريم قال ماكو برطم ,"This proverb is used to describe someone who does not understand what you are saying or explaining to them. It means that no matter how much you try to clarify or explain, this person is unable to grasp your meaning. ",D,No response,API Failure C,API Failure B,API Failure A,"This proverb is used to describe someone who does not understand what you are saying or explaining to them. It means that no matter how much you try to clarify or explain, this person is unable to grasp your meaning. "
b,cot_en,Arabic,التسوي كريت تلقى في جلدها.,"This is a Sudanese proverb that is often used to describe someone who does something and it backfires on them, even after a while. There was a man who owned a goat. He had a (Qard) tree, which is a jujube tree that grows naturally and is widely spread in different regions of Sudan. This Qard tree was planted in the courtyard of the house. The goat ate a large amount of the saffron from the Qard tree and got tired from eating so much saffron, and its belly swelled until it was close to death. Before it died, its owner slaughtered it, skinned it, and tanned its hide with Qard so that it would become (fur). The proverb means that the goat brought evil upon itself. Therefore, it became a custom and people began to use this proverb and use it on different occasions to describe people who bring trouble upon themselves.",A,No response,"This is a Sudanese proverb that is often used to describe someone who does something and it backfires on them, even after a while. There was a man who owned a goat. He had a (Qard) tree, which is a jujube tree that grows naturally and is widely spread in different regions of Sudan. This Qard tree was planted in the courtyard of the house. The goat ate a large amount of the saffron from the Qard tree and got tired from eating so much saffron, and its belly swelled until it was close to death. Before it died, its owner slaughtered it, skinned it, and tanned its hide with Qard so that it would become (fur). The proverb means that the goat brought evil upon itself. Therefore, it became a custom and people began to use this proverb and use it on different occasions to describe people who bring trouble upon themselves.",API Failure B,API Failure C,API Failure A
b,cot_en,Arabic,أحضر الناس جوابا من لم يغضب,The best answer will come from the person who is not angry.,A,No response,The best answer will come from the person who is not angry.,API Failure A,API Failure C,API Failure B
b,cot_en,Arabic,كل من كان عالي وطى كل من كان سارح بالشياه هطى,"Everyone who was arrogant became mean, and everyone who was carefree migrated to the city.",B,No response,API Failure B,"Everyone who was arrogant became mean, and everyone who was carefree migrated to the city.",API Failure C,API Failure A
b,cot_xl,Arabic,اللي ما رضى خببزة يرضى بنصها ,It is an example of a person who is not satisfied with what God has destinied for him and is forced to accept less in the end.,C,"This proverb is an Arabic idiom that translates to 'He who is not satisfied with the whole loaf will be satisfied with a half loaf.' It conveys the idea that a person who is not content with their current circumstances will eventually settle for less. In the context of one's life or destiny, it suggests that dissatisfaction can lead to compromise and acceptance of less than ideal situations. The proverb serves as a warning against the dangers of discontentment and the importance of appreciating what one has.",A person who is not content with the entirety of what they have will accept a smaller portion of it.,He who is dissatisfied with the full amount will come to accept a fraction of it.,It is an example of a person who is not satisfied with what God has destinied for him and is forced to accept less in the end.,The person who is not pleased with the entire portion will eventually settle for half.
b,cot_xl,Arabic,إنك تضرب في حديد بارد,You’re trying to change something that you can’t.,B,Regex Parse,"You're trying to hammer away at an idea that's as rigid as cold steel, only to find that it remains unyielding and unchanged.",You’re trying to change something that you can’t.,"You're attempting to alter a framework that's been rigorously tested and proven unyielding, much like trying to shape cold iron with a blunt tool.",Trying to mold something that has already set is like trying to hammer hot metal; you'll only end up with a mangled mess.
b,cot_xl,Arabic,إصرف ما في الجيب يأتيك ما في الغيب.,"A proverb encourages spending money, and Allah will grant you from where you do not expect. Pocket: a bag sewn into clothing to carry money and so on.",D,"The proverb 'إصرف ما في الجيب' encourages spending, which may seem counterintuitive, but it implies that Allah will grant the individual more than they expect from unknown sources. The 'جيب' (pocket) symbolizes carrying wealth and resources, while 'الغيب' (the unknown) represents the divine intervention. By spending from one's pocket, the individual is demonstrating trust and faith in Allah's ability to provide from unexpected places.",لا تصرف ما في حزمة النقود دون أن تُفكر في ما في غيب الله,إنفق ما في قميصك ليرزقك الله من حيث لا تقدر,إن كانت في يديك بعض النقود فاستخدمها لترى ما يرسل الله من حيث لا تظن,"A proverb encourages spending money, and Allah will grant you from where you do not expect. Pocket: a bag sewn into clothing to carry money and so on."
b,cot_xl,Arabic,الصديق وقت الضيق.,The proverb means that a true friend is the one who supports you when you face difficulties and problems in life.,B,Parse Failed,API Failure A,The proverb means that a true friend is the one who supports you when you face difficulties and problems in life.,API Failure B,API Failure C
b,cot_xl,Arabic,أنا باللقمة لفمو وهو بالمشهاب لعيني.,This proverb is used to describe a person who is ungrateful and betrays others.,B,"The proverb is derived from Arabic, comparing the ungrateful person (أنا باللقمة لفمو) to a person eating with the same hand that is about to strike their eye (وهو بالمشهاب لعيني). This metaphor highlights the hypocrisy and ingratitude of the person, who is willing to betray others while enjoying their company. The phrase is often used to describe someone who is untrustworthy and takes advantage of others' kindness.","This proverb is a comparison of the person to a snake that bites its own tail, symbolizing self-destruction and ingratitude.",This proverb is used to describe a person who is ungrateful and betrays others.,"The proverb describes the person as a wolf in sheep's clothing, who betrays others' trust for personal gain.","This proverb compares the person to a scorpion that stings, describing them as ungrateful and treacherous."
b,cot_xl,Arabic,وِجّو بيقطع الرزق,This phrase is said to refer to the unlucky people.,A,Parse Failed,This phrase is said to refer to the unlucky people.,API Failure B,API Failure A,API Failure C
b,cot_xl,Arabic,إطعم الفم تستحى العين.,"If you want someone to be by your side or to benefit from fhim, you have to be generous with them financially.",A,"The proverb 'إطعم الفم تستحى العين' is an Arabic idiom that translates to 'Feed the mouth, and the eye will be satisfied.' This proverb suggests that if you want someone to be loyal or benefit from you, you need to provide them with financial support or generosity. The 'mouth' represents hunger or financial needs, and the 'eye' represents satisfaction or loyalty. If you satisfy the person's financial needs, they will be more likely to be loyal and benefit from you. This proverb is commonly used in Arabic cultures to emphasize the importance of financial generosity in building relationships and gaining loyalty.","If you want someone to be by your side or to benefit from fhim, you have to be generous with them financially.",إطعام الفم لصاحبه يؤدي إلى تلبية أعماقه في الحب والولاء,إطعام الفم لصاحبه يؤدي إلى تلبية أعماقه,إطعام الفم لصاحبه يؤدي إلى تلبية أعماقه في الحب والولاء والثقة
b,cot_xl,Arabic,إن ضاق بيك الأمر، اشرب زجاجة خمر,"This proverb is widely used by the Ja'aliyin, Kawahla, Khawalda, and Arkaiyin in the Wad Madani region (according to the author), and the proverb is religiously, medically, scientifically, and logically rejected as well.",A,Regex Parse,"This proverb is widely used by the Ja'aliyin, Kawahla, Khawalda, and Arkaiyin in the Wad Madani region (according to the author), and the proverb is religiously, medically, scientifically, and logically rejected as well.","This popular proverb is widely used among the Ja'aliyin and Kawahla people in the Wad Madani region, and its significance lies in its reflection of the region's history and traditions.","The phrase 'إن ضاق بيك الأمر، اشرب زجاجة خمر' is a well-known expression among the Arkaiyin people in the Wad Madani region, and it has been used in various contexts.","This proverb is commonly used among the Ja'aliyin, Kawahla, and Khawalda tribes in the Wad Madani region, and its meaning is rooted in the region's cultural heritage."
b,cot_xl,Arabic,جمل يعصر وجمل ياكل العصارة:,The proverb refers to people who succeed through the efforts of others.,D,"The proverb جمل يعصر وجمل ياكل العصارة translates to 'a reed that squeezes and a reed that eats the juice' in English. It is a metaphorical expression used in Arabic culture to describe individuals who reap the benefits of others' hard work and efforts without putting in any significant effort themselves. The reed that squeezes refers to those who put in the effort to achieve success, while the reed that eats the juice refers to those who benefit from others' success without contributing to it. This proverb highlights the importance of recognizing and respecting the efforts of others in achieving success.","Like two reeds floating on the same river, one reed that bears the weight of the other's cargo and the other reed that enjoys the calm waters.","A reed that bends to the wind and a reed that stands tall, both reeds have their place in the desert ecosystem but one reed's strength is often due to the efforts of the other reed.","A reed that provides shade and a reed that sits under it, both reeds are necessary but one reeds role is often overlooked.",The proverb refers to people who succeed through the efforts of others.
b,cot_xl,Arabic,احفظ قرشك الأبيض ليومك الأسود.,It is a popular proverb used to emphasize the need to save and avoid extravagance.,A,Regex Parse,It is a popular proverb used to emphasize the need to save and avoid extravagance.,It's a widely used idiom that suggests conserving one's financial resources for a time of financial crisis.,"This Arabic proverb, which translates to 'store your white dirham for a period of economic turmoil,' highlights the need for prudence and thriftiness in managing one's finances.",The Arabic proverb 'preserve your white dirham' serves as a reminder to be mindful of one's spending habits and avoid unnecessary expenditures.
b,cot_xl,Arabic,رمية من غير رامي,It is a proverb when an unqualified person says something or makes a good statement and it is credited to him.,A,Regex Parse,It is a proverb when an unqualified person says something or makes a good statement and it is credited to him.,An unseen رامي throws a stone and others take the credit.,"When غير رامي throws a stone, the credit goes to him.","When an رامي hides behind the scene, his contribution is often overlooked."
b,cot_xl,Arabic,فود عوجان.,"This proverb is used to describe a person who returns to their family after a long absence in search of benefit, but instead of bringing something positive, they bring something harmful or detrimental. ",C,"The proverb 'فود عوجان' is an Arabic idiom that translates to 'bread that twists or bends.' This phrase is used to describe individuals who return to their family after an extended period, expecting to benefit from their presence. However, in reality, they often bring negative consequences or harm, much like how bread can twist or become deformed when it's not properly handled. This idiom is a commentary on the idea that some people's presence can have a corrupting influence, causing damage to relationships or the community at large. It's a warning to be aware of those who may seem benevolent at first but ultimately bring chaos or destruction.","The proverb 'فود عوجان' is an Arabic phrase that translates to 'bread that warps.' This expression is used to describe individuals who return to their family after a long absence, expecting to gain from their renewed presence. However, in reality, they often bring negative effects or harm, much like how bread can warp when exposed to certain conditions.","The Arabic phrase 'فود عوجان' translates to 'bread that becomes crooked.' This expression is used to describe individuals who return to their family after a long absence, seeking to benefit from their renewed presence. However, in reality, they often bring about negative effects or harm, similar to how bread can become crooked or damaged when it's not properly handled or stored.","This proverb is used to describe a person who returns to their family after a long absence in search of benefit, but instead of bringing something positive, they bring something harmful or detrimental. ","The idiom 'فود عوجان' is an Arabic saying that translates to 'bread that twists.' This phrase is used to describe people who return to their family after an extended period, expecting to benefit from their presence. However, instead of bringing positive change, they often bring about negative consequences or harm, similar to how bread can twist or become distorted when it's not handled properly."
b,cot_xl,Arabic,اصبوعي في حلوجهم وصبوعهم في عيوني.,One of the popular proverbs that expresses the rejection of ingratitude. It means that there are those who do a lot of good and in return they only receive ingratitude.,C,Parse Failed,API Failure A,API Failure C,One of the popular proverbs that expresses the rejection of ingratitude. It means that there are those who do a lot of good and in return they only receive ingratitude.,API Failure B
b,cot_xl,Arabic,المَمنُوع مَرْغُوب.,Prohibition may increase people's desire to obtain or experience the forbidden thing.,C,"In Arabic, the proverb 'المَمنُوع مَرْغُوب' is a clever expression that highlights the psychological phenomenon where prohibition can fuel people's desire for something. The word 'مَمنُوع' means 'prohibited' and 'مَرْغُوب' means 'desired'. This phrase is a commentary on human nature, suggesting that when something is forbidden, it becomes more appealing and alluring. This concept is often seen in various aspects of life, from food to relationships and even societal norms. By analyzing the proverb, we can understand that humans have an innate curiosity and a tendency to chase what's restricted, which can sometimes lead to unintended consequences.",المَنع غالبًا ما يُزيد من إلحاح الرغبة في الشيء الممنوع.,إن الُمَنع لا يُغني عمّا يمنع، بل يزيد رغبته في ذلك.,Prohibition may increase people's desire to obtain or experience the forbidden thing.,عندما يُمنَع شيء منا، يزداد شأنه، ويصير محبوبًا.
b,cot_xl,Arabic,اللي فات مات (ماتلا عليه التلفات),The proverb urges not to look back and regret what has passed.,A,Regex Parse,The proverb urges not to look back and regret what has passed.,ما كان في الماضي هو ماضي، ولو فاتك ما أردت فلا تقلق، بل كن حريصا على المستقبل وتخطط له بكل دقة.,لا تكن مثل من فاتوا، فما كانوا يحلمون فما استطاعوا تحقيقه، فلا تنتظر ما سيحدث في المستقبل وكن قائد على ما في يديك.,لا يوجد معنى في النظر فيما فات، فما كان يهم في الماضي هو ما استطاعنا فعل به ولو فاتهنا لا فائدة منه، فلا تقلق من ما مضى وكن قائد على مستقبلك.
b,cot_xl,Arabic,الإفراط في التّواضع يجلب المذلّة,It means that appearing too humble can demean a person and make him vulnerable to humiliation.,B,Regex Parse,Appearing too selfless can sometimes bring about a negative perception of oneself.,It means that appearing too humble can demean a person and make him vulnerable to humiliation.,Excessive humility can result in a person's downfall and loss of reputation.,It implies that being overly modest can lead to a loss of respect.
b,cot_xl,Arabic,اللي فات مات.,"This proverb is effective psychological advice for those whose thinking is mortgaged to the past, which is a serious psychological illness because it harms sound thinking and paralyzes a person’s movement towards the future. Thinking makes a person become a prisoner of the past and its bitter memories, and makes him cry over the ruins of those who have passed away, but the tear that falls will not return, and this proverb spreads a spirit of optimism and a new start.",A,"The proverb اللي فات مات is a reflection of the importance of letting go of the past and moving forward. It suggests that dwelling on past events and memories can be detrimental to one's mental health and ability to think clearly. This proverb is similar to other wisdom sayings that emphasize the need to live in the present and look towards the future. The use of the phrase ""مات"" (died) to describe the past emphasizes the idea that it is irreversible and cannot be changed.","This proverb is effective psychological advice for those whose thinking is mortgaged to the past, which is a serious psychological illness because it harms sound thinking and paralyzes a person’s movement towards the future. Thinking makes a person become a prisoner of the past and its bitter memories, and makes him cry over the ruins of those who have passed away, but the tear that falls will not return, and this proverb spreads a spirit of optimism and a new start.","This proverb warns against the dangers of nostalgia and the negative impact it can have on an individual's mental health. It suggests that dwelling on the past can lead to a sense of stagnation and prevent individuals from moving forward. The phrase ""مات"" (died) used in the proverb emphasizes the idea that the past is gone and cannot be changed, and that it is essential to focus on the present and future.","This proverb suggests that what has happened in the past has a significant impact on an individual's mental state, and can hinder their ability to think clearly and move forward. It is a reminder that holding onto the past can be detrimental to one's well-being, and that it is essential to let go and move on. The phrase ""مات"" (died) used in the proverb emphasizes the finality of the past and the need to focus on the present and future.","This saying highlights the consequences of being trapped in the past, where an individual's thoughts and emotions are consumed by memories and experiences that cannot be changed. It emphasizes the importance of living in the present and looking towards the future, rather than becoming stuck in the past. The use of the word ""مات"" (died) in the proverb serves as a reminder that the past is irreversible and that it is essential to move forward."
b,cot_xl,Arabic,سماعك بالْمُعَيَدِيِّ خير من أن تراه سمك في ماء,Someone is a natural.,B,"The proverb 'سماعك بالْمُعَيَدِيِّ خير من أن تراه سمك في ماء' is an Arabic idiom that translates to 'Your perception of someone is better than seeing them in person.' This means that one's impression or perception of someone is more valuable than actually meeting them. The correct answer, 'Someone is a natural,' conveys a similar idea, suggesting that someone has a talent or ability that is innate and evident, even without direct observation. The key idea is that one's natural ability or talent is more impressive than any external display or demonstration.",His skills are a natural extension of his personality.,Someone is a natural.,Someone is a talented person.,He's a natural fit for the role.
b,cot_xl,Arabic,ابن الحرام بيساويها وابن الحلال بيوقع فيها,The proverb means that the innocent person always bears the mistakes and consequences of what the guilty person does.,A,"The proverb 'ابن الحرام بيساويها وابن الحلال بيوقع فيها' is an Arabic idiom that translates to 'The son of the forbidden (or unlawful) one is equivalent to it, and the son of the lawful one bears the consequences.' It suggests that the innocent party is often held accountable for the actions of the guilty party. This is often seen in cases where a person's actions are influenced or controlled by someone else, such as a family member or a leader, and they are held responsible for the consequences of those actions.",The proverb means that the innocent person always bears the mistakes and consequences of what the guilty person does.,"Distractor 1: The proverb implies that the child of someone who breaks the law is also responsible for their crimes, while the child of a law-abiding person bears the consequences of their parent's actions.","Distractor 2: This Arabic proverb means that the offspring of someone who engages in illicit activities will be held accountable for their wrongdoing, while the offspring of someone who follows the law will bear the weight of their parent's consequences.","Distractor 3: The proverb suggests that the child of someone who commits a transgression is seen as equally guilty, while the child of someone who acts with integrity is often held accountable for their parent's mistakes."
b,cot_xl,Arabic,خاطبوا الناس على قدر عقولهم.,It means that communication with people should be done according to their level of understanding and intellect.,D,This proverb is advising to communicate with people in a way that is suitable for their level of intelligence and understanding. It emphasizes the importance of adapting one's language and approach to match the recipient's cognitive abilities. This allows for effective communication and prevents confusion or misinterpretation. The idea is to 'speak to people according to their level of understanding' rather than trying to elevate or lower their intellectual level.,It means that the way of speaking should be adjusted to match the listener's level of intelligence and understanding.,The proverb advises that communication should be tailored to the person's level of cognitive abilities for successful interaction.,It is essential to communicate with people according to their level of knowledge to maintain clarity and avoid confusion.,It means that communication with people should be done according to their level of understanding and intellect.
b,cot_xl,Arabic,الدنيا زي الغازية، ترقص لكل واحد شوية,Every dog has its day.,A,"The proverb 'الدُنيا زي الغازية، تَرقص لكل واحد شوية' is an Arabic idiom that translates to 'The world is like a dog, it dances for everyone a little.' This phrase suggests that every person will have their moment of triumph or opportunity, no matter how small. It is equivalent to the English proverb 'Every dog has its day.'",Every dog has its day.,كل كلب يجد يوماً يرقص فيه,كل كلب له يوم يرقص,الدُنيا هي كلب، يرقص كل كلب يوماً
b,cot_xl,Arabic,ايش ياخد الريح من البلاط؟,"It is said about a person who no one covets because he does not own anything or has no value. This proverb is used in response to someone who says, “Beware, there are those who covet him.”",D,Regex Parse,لا يوجد شخص يريد أن يأخذ ريحاً من البلاط الذي لا يملك سوى الشوائب.,لا أحد يريد أن يأخذ ريحاً من الأرض التي لا يوجد فيها شيء يستحق أن يأخذ.,من يملك القليل لا يملك شيءاً يستحق أن يتخذه أحد.,"It is said about a person who no one covets because he does not own anything or has no value. This proverb is used in response to someone who says, “Beware, there are those who covet him.”"
b,cot_xl,Arabic,تجيك التهايم وإنت نايم,This proverb is used to describe an innocent person who is accused of committing something wrong.,D,"The proverb 'تجيك التهايم وإنت نايم' is a common expression in Arabic that translates to 'You are accused of something wrong while you're asleep.' It is often used to describe an innocent person who is accused of committing something wrong. The phrase 'تجيك التهايم' means 'you are accused of something wrong,' and 'إنت نايم' means 'while you're asleep.' This proverb is often used to convey a sense of injustice and to highlight the unfair treatment of an innocent person. It is a powerful tool for emphasizing the importance of fairness and justice in society.",هذا التعبير يستخدم لوصف شخص غير مسئول عن فعل ما و يعتقد أنه غير صحيح,هذا العبارة تستخدم لوصف الشخص الذي يعاقب على شيء لم يفعل,هذا القول يستخدم لوصف شخص غير مسؤول عن فعل ما,This proverb is used to describe an innocent person who is accused of committing something wrong.
b,cot_xl,Arabic,بليلة المباشر ولا ضبيحة (طبيخة) المكاشر,"Someone who gives you a little with love and a smile is better than someone who gives you a lot but without kindness. It is like the Egyptian proverb ""Meet me, but don't feed me.""",D,"The proverb is a comparison of two types of generosity: one that comes with kindness and love, and one that is solely based on material value. The correct answer is a translation of this proverb, highlighting the importance of emotional connection in giving. The distractors will be generated to have a similar word count, complexity, tone, and lexical overlap with the correct answer.",Someone who feeds you a lot but without love is like a camel that gives you a little milk with a lot of trouble.,A gift without love is like a grain of sand on a desert beach; it's worthless without the warmth that comes with it.,A person who gives you a lot without kindness is like a merchant who weighs you down with excess goods but leaves you without change.,"Someone who gives you a little with love and a smile is better than someone who gives you a lot but without kindness. It is like the Egyptian proverb ""Meet me, but don't feed me."""
b,cot_xl,Arabic,بین المطرقة والسندان.,"It means that a person or situation is in difficult circumstances and is confused about two difficult choices, where there is no easy way out. It refers to having to deal with pressure or challenges from two different or opposing sides.",A,"The proverb 'بین المطرقة والسندان' is an Arabic idiom that conveys a sense of being caught between two difficult options or pressures, much like being trapped between a hammer (mattraka) and an anvil (sandan). This metaphorical expression suggests that the individual is faced with a dilemma where neither choice is appealing, and both paths lead to challenges or difficulties. The phrase is often used to describe situations where a person is torn between two opposing forces or perspectives, feeling overwhelmed by the weight of their responsibilities or the pressure to make a decision.","It means that a person or situation is in difficult circumstances and is confused about two difficult choices, where there is no easy way out. It refers to having to deal with pressure or challenges from two different or opposing sides.","The phrase ' بین المطرقة والسندان' highlights the difficulty of navigating between two opposing forces, where every path leads to uncertainty and complexity.",Between the hammer of expectations and the anvil of criticism lies a delicate balance that many struggle to maintain.,"It refers to being stuck between two difficult situations, where one is trying to balance between two different pressures or challenges that cannot be resolved easily."
b,cot_xl,Arabic,الوقاية خير من العلاج/ درهم وقاية خير من قنطار علاج ,Taking preventive measures and procedures to avoid problems or diseases is much better than waiting until the problem occurs and then trying to treat it.,C,Regex Parse,3,2,Taking preventive measures and procedures to avoid problems or diseases is much better than waiting until the problem occurs and then trying to treat it.,1
b,cot_xl,Arabic, انكشحت بين امعاه لحشيشَ.,It is used to describe the disappearance of reservations and the absence of barriers between people.,D,"The proverb 'انكشحت بين امعاه لحشيشَ' is a colloquial Arabic expression that translates to 'it has disappeared between its leaves for grass.' On a metaphorical level, it suggests that something has become so insignificant or has faded away that it's lost in the midst of more prominent aspects. In this case, the proverb is used to describe the disappearance of social barriers and reservations between people, indicating a sense of unity and closeness. The use of 'leaves' and 'grass' creates a vivid image of something being overshadowed, much like how leaves may be hidden by grass in a garden.",انكشحت بين أوراقها للحشائش، كأنه لم يعد له وجود.,كانت بينهما مشاعر قد تختفي تحت أوراق الحشائش.,يمكن أن تتلاشى المشاعر بين أفراد المجتمع مثل انكشاح بين أوراق الحشائش.,It is used to describe the disappearance of reservations and the absence of barriers between people.
b,cot_xl,Arabic,اللي ما يعرف الغلط ما يتعلم,Mistakes are the best teachers — learn from errors.,C,Regex Parse,The path to knowledge is paved with errors — learn from your mistakes.,Learning from mistakes is the key to success — don't be afraid to make errors.,Mistakes are the best teachers — learn from errors.,Mistakes are the stepping stones to wisdom — learn from your blunders.
b,cot_xl,Arabic,اللي يخالط المسعدين يسعد.,"The proverb means that happiness is contagious. If you live with a happy person, you will be happy. A happy person may not give you any of his money, but he may show you the path to happiness.",A,Regex Parse,"The proverb means that happiness is contagious. If you live with a happy person, you will be happy. A happy person may not give you any of his money, but he may show you the path to happiness.",الناس الأعزاء لا يحتاجون إلى مال، بل إلى إشراكهم في الأنشطة الإيجابية.,حياة المسعدين تحمل قوة إيجابية، وتساعد على تبادل الخير والمودة.,كلام السعداء ينتشر في الأوساط الاجتماعية، ويحفز الأشخاص على أن يكونوا أكثر سعادة.
b,cot_xl,Arabic,يجي الخريف.. واللواري بتقيف,"A proverb used when a person needs something and this thing is with someone else he knows, so the other person refuses to give it to him. Therefore, the person in need reminds the other person that one day he will need something as well.",C,"The proverb 'يجي الخريف.. واللواري بتقيف' is used in Arabic culture when someone asks for something that belongs to a friend or acquaintance, but the owner refuses to give it to them. The speaker then reminds the owner that one day they will be in a similar situation and may need something from the speaker. This proverb is a way of saying 'you don't know what the future holds, and one day you may need me as well.'",يجي الخريف.. واللواري بيحس بالشح,يجي الخريف واللواري بتقيف، فلا يدرى مين سيرجع اليه,"A proverb used when a person needs something and this thing is with someone else he knows, so the other person refuses to give it to him. Therefore, the person in need reminds the other person that one day he will need something as well.",يجي الخريف.. واللواري بيقول 'لي شئي بيبقى بيا'
b,cot_xl,Arabic,كل بخنوس افعين امو اغزال,"It is said to express a mother's love for her children, who sees no fault in them, even if people see the opposite.",B,"The proverb 'كل بخنوس افعين امو اغزال' is an Arabic idiom that conveys the idea of an all-encompassing motherly love. ' كل' translates to 'all' or 'every', 'بخنوس' means 'fault', 'افعين' is the past tense of 'فعين', which means 'to see' or 'to notice', 'امو' is a colloquial Arabic term for 'mother', and 'اغزال' means 'kids' or 'children'. The correct interpretation is that a mother loves her children unconditionally, seeing no fault in them, even if others may perceive flaws. This proverb highlights the selfless and unconditional nature of maternal love.",كل بخنوس افعين امو اغزال هي عبارة عن حب امه لابنائها دون ان تروح منهم,"It is said to express a mother's love for her children, who sees no fault in them, even if people see the opposite.",كل بخنوس افعين امو اغزال تعبر عن حب امه لابنائها بلا حدود و دون ان تروح منهم,كل بخنوس افعين امو اغزال يعني ان امه لا تروح من ابنيها حتى لو كانوا سيئين
b,cot_xl,Arabic,الباب اللى إِيجيك منه الريح، سده واستريح ,"This proverb is used to urge people not to get into problems, quarrels, and matters that lead to disagreements and division, and to prevent the causes that raise conflicts and quarrels between people.",A,"The proverb 'الباب اللى إِيجيك منه الريح، سده واستريح' is a classic example of Arabic wisdom that highlights the importance of avoiding unnecessary conflicts and problems. The phrase can be literally translated to 'Close the door from which the wind blows, and rest.' In this context, the 'door' represents the source of conflict or disagreement, and the 'wind' symbolizes the trouble or problems that arise from it. The proverb advises us to close or avoid the source of the problem, thereby preventing the escalation of conflicts and restoring peace and tranquility. This proverb is often used to caution people against engaging in disputes or arguing over trivial matters that can lead to more significant issues and divisions among individuals or groups.","This proverb is used to urge people not to get into problems, quarrels, and matters that lead to disagreements and division, and to prevent the causes that raise conflicts and quarrels between people.",The phrase 'الباب اللى إِيجيك منه الريح، سده واستريح' is a reminder to people to avoid quarrels and disagreements that lead to conflicts.,This proverb warns people to stay away from matters that cause them stress and anxiety.,"This saying advises people against engaging in activities that create problems and divisions among others, and to instead focus on maintaining peace and harmony."
b,cot_xl,Arabic,بتقول للقمر غيبي وأنا مكانش.,It is a popular proverb describes a woman who is as beautiful as the moonlight.,B,Regex Parse,It is a famous proverb that describes a woman who is as dazzling as the moon in its full glory.,It is a popular proverb describes a woman who is as beautiful as the moonlight.,This Arabic proverb describes a woman who is as luminous as a full moon.,It is a popular proverb describes a woman who is as radiant as the night sky.
b,cot_xl,Arabic, بِيشتَري سَمَك في بَحَر ,"This proverb is said when someone sells to another a product that he has not seen, or the seller does not want to show it to him, or he may promise to show it to him later, and asks him to set a specific price for it. Just as you cannot sell or buy fish while it is in the sea, you cannot buy something without seeing it and evaluating it. This proverb is used when you are wanted to express your opinion on something that you have not tried or seen.",D,"This proverb is rooted in the idea that buying or selling an item while it's still in its original state, or in this case, underwater, makes it difficult to evaluate its quality or characteristics. The phrase is used to convey a sense of mistrust or uncertainty when someone is asked to make a decision without having all the necessary information. It's a cautionary tale about the importance of seeing and evaluating an item before committing to a purchase or agreement.","This proverb is often used to describe a situation where a person is asked to buy something they have not seen, similar to how you can't buy a fish from the sea without taking it out first.","The phrase 'buying fish in the sea' is a metaphorical expression used to convey the idea that one cannot accurately price or purchase an item without first inspecting it, much like a fish cannot be bought from the ocean without being taken out of the water.","When someone asks you to set a price on something you haven't seen, it's like asking you to buy a fish in the sea – you can't make an informed decision without having a clear understanding of what you're getting.","This proverb is said when someone sells to another a product that he has not seen, or the seller does not want to show it to him, or he may promise to show it to him later, and asks him to set a specific price for it. Just as you cannot sell or buy fish while it is in the sea, you cannot buy something without seeing it and evaluating it. This proverb is used when you are wanted to express your opinion on something that you have not tried or seen."
b,cot_xl,Arabic,أتبدلت غزلانها بقرودها.,The proverb refers to the change of conditions and bad replaces good.,B,Regex Parse,أصبحت غزلانها مثل قرودها,The proverb refers to the change of conditions and bad replaces good.,ألغت الغزلان مكان القرود,أصبح غزلانها أقل من قرودها
b,cot_xl,Arabic,اللسان مافيه عظم.,This proverb urges being caution and think wisely before talking.,A,Parse Failed,This proverb urges being caution and think wisely before talking.,API Failure A,API Failure B,API Failure C
b,cot_xl,Arabic,شو جاب الزرقا للبلقا.,It is used to compare two different places or two opposite things (Zarqa and Balqa are Jordanian cities),B,"This proverb is used to compare two different places or two opposite things in a way that emphasizes their contrasting nature. The cities of Zarqa and Balqa, being opposite in some aspects, serve as a metaphor to illustrate the differences between two entities. This type of comparison highlights the unique characteristics of each entity, making it a useful rhetorical device for describing contrasts.",هذا المقارن يستخدم لوصف مقابلة بين أماكن أو أشياء مُختلفة، مثل بلقاء وزرقاء، حيث يُقارن بينهما من حيث الجوانب والخصائص المُختلفة.,It is used to compare two different places or two opposite things (Zarqa and Balqa are Jordanian cities),كلامه مثل بلقاء بزقا، حيث انه يُستخدم لوصف مُقابلين من حيث المكان أو الجوانب العديدة.,يُستخدم هذا النوع من المقارنات لوصف أماكن أو أشياء عديدة، مثل بلقاء وزرقاء، حيث تختلف هذه الأماكن في جوانب عديدة.
b,cot_xl,Arabic,الفقيه اللي عملناه إقابل الجامع عاد فالحصاير طامع.,"This proverb is said about a person you thought well of, but he deserves you to think badly of him.",C,"The proverb is an Arabic idiom that implies a reversal of expectations. In this context, عaqī al-فaqīh is a person of high esteem, often a scholar or someone of great knowledge. However, the phrase اقبل الجامع عاد فةال حصاة طابيط means 'he returned to the mosque with his hands dirty', implying that this person has betrayed expectations and deserves a negative perception. This proverb is often used to express disappointment or disillusionment with someone who has let us down.",إن الفقيه اللي عملنا إقابلنا الجامع عاد فحسناً لنا أن ننظر إليه سلباً.,إن الفقيه اللي عملنا إقابلنا الجامع عاد فالحصائر تجادل على قيمته.,"This proverb is said about a person you thought well of, but he deserves you to think badly of him.",إن الفقيه اللي عملنا إقابلنا الجامع عاد فالحصائر تقلق على قيمته.
b,cot_xl,Arabic,مد رجليك قدر لحافك,"Always keep your ambitions within the limits of your financial and social status, and so on. For example, if a poor man wants to propose to a beautiful and wealthy girl, he is told, “Stretch your legs to the length of your blanket.”",B,This proverb is urging individuals to set realistic goals based on their current situation and capabilities. The metaphor of stretching one's legs to the length of their blanket emphasizes the importance of not overreaching or striving for unattainable objectives. The phrase is often used to caution people against pursuing relationships or endeavors that are beyond their means or social standing.,"Never overstep your current circumstances, lest you invite trouble and regret.","Always keep your ambitions within the limits of your financial and social status, and so on. For example, if a poor man wants to propose to a beautiful and wealthy girl, he is told, “Stretch your legs to the length of your blanket.”",Be mindful of your social standing and financial limitations when considering any new venture or relationship.,"Stretch your horizons to match the width of your experience, and you will find success within your reach."
b,cot_xl,Arabic,إنّ الطيور على أشكالها تقع,"It is a popular and common proverb, used to express the extent to which two people are similar or close in their actions or way of thinking and their compatibility with each other. The phrase has been used in some form since the mid-16th century, and a version of this phrase appeared in 1545 in a satire by the writer William Turner, who used a sentence from this proverb in his satirical comedy, On the Gentle Catholic, and the Rescue of the Romish Fox, in which he said: ""Birds of one kind and colour always fly in one flock"", the phrase was slightly different than it is today, but the main meaning is the same.",D,"The proverb 'إنّ الطيور على أشكالها تقع' translates to 'Birds of a feather flock together.' It is often used to convey the idea that people with similar characteristics, values, or behaviors tend to associate with one another, and that those who share a common trait or interest often find each other. The phrase suggests a natural affinity or attraction between individuals who possess similar qualities, and it is commonly employed to describe the compatibility or similarity between two people. The historical roots of the phrase can be traced back to the mid-16th century, with variations of it appearing in literary works such as William Turner's satire 'On the Gentle Catholic, and the Rescue of the Romish Fox,' which used the phrase to describe birds of the same kind and color flying together in a flock. The phrase has been used in various contexts to illustrate the concept of birds of a feather flocking together, emphasizing the idea that those with similar characteristics tend to congregate and form relationships based on shared traits or interests.","The proverb 'إنّ الطيور على أشكالها تقع' has been used to express the notion that individuals with similar personalities tend to gravitate towards one another, and that such associations often lead to lasting connections.","The concept of 'birds of a feather flocking together' has been used to describe the natural inclination of people to associate with others who share similar characteristics, interests, or backgrounds, and the phrase is often employed to illustrate this phenomenon in various social contexts.","In some cultures, the phrase 'إنّ الطيور على أشكالها تقع' has been interpreted as a metaphor for the idea that people with similar values and beliefs are drawn to one another, often leading to the formation of strong social bonds.","It is a popular and common proverb, used to express the extent to which two people are similar or close in their actions or way of thinking and their compatibility with each other. The phrase has been used in some form since the mid-16th century, and a version of this phrase appeared in 1545 in a satire by the writer William Turner, who used a sentence from this proverb in his satirical comedy, On the Gentle Catholic, and the Rescue of the Romish Fox, in which he said: ""Birds of one kind and colour always fly in one flock"", the phrase was slightly different than it is today, but the main meaning is the same."
b,cot_xl,Arabic,شو بتعمل الماشطه بهالوش العكر.,This proverb is used to describe an ugly woman who is not helped by beautification.,C,"This proverb, ""شو بتعمل الماشطة بهالوش العكر,"" is a colloquial Arabic expression used to convey the idea that some people, despite taking steps to improve their appearance, still remain unattractive. The word ""الماشطة"" translates to ""a woman,"" while ""شو بتعمل"" means ""what she does,"" and ""بهالوش العكر"" is an idiomatic expression that can be translated to ""with all the beauty,"" but in this context, it suggests that even with all the beauty she possesses, she still remains unattractive. This proverb is often used to describe a woman who, despite her best efforts to improve her appearance, is still not considered beautiful by societal standards.",شوف المال اللي بيعملوها بهالوش العكر,شو بتعمل الماشطة بهالوش العكر واللي بلاش بتعملوش العيب,This proverb is used to describe an ugly woman who is not helped by beautification.,شو بتعمل الماشطة بهالوش العكر واللي بيعملوها بلاش
b,cot_xl,Arabic,لي خاف سلم. ,That means don't involved in dangerous situations to stay safe.,D,Regex Parse,It implies that being cautious and avoiding potential threats will allow you to maintain your safety.,That suggests one should adopt a defensive strategy to prevent being harmed.,"By steering clear of hazardous circumstances, you can preserve your well-being.",That means don't involved in dangerous situations to stay safe.
b,cot_xl,Arabic,البحر فيه لاغش,(لاغش: an unusual movement of the wave). It indicates the existence of an action that will lead to a devastating disaster.,A,Regex Parse,(لاغش: an unusual movement of the wave). It indicates the existence of an action that will lead to a devastating disaster.,البحر فيه ريح,الجو فيه غيم,الكلام فيه عدو
b,cot_xl,Arabic,قرصه في ناره وعينه على جاره.,"This proverb refers to the greed that may affect a person, which makes him greed to have what others have, without being content with his own livelihood.",A,"This proverb is derived from Arabic language, where 'قرصه في ناره' refers to a person who is constantly and quietly burning with desire or greed, while 'وعينه على جاره' means his eye is on his neighbor, indicating his focus on what others have. The proverb is suggesting that the person's greed is so strong that it overpowers him, causing him to constantly look at what others possess, and ultimately leading to dissatisfaction with his own life.","This proverb refers to the greed that may affect a person, which makes him greed to have what others have, without being content with his own livelihood.","Distractor 1: This proverb refers to the excessive focus on the possessions of others, which may lead a person to become greedy and discontent with their own life.","Distractor 3: This proverb is a commentary on the human tendency to covet what others have, often leading to feelings of dissatisfaction and discontent with one's own life and circumstances.","Distractor 2: The phrase 'قرصه في ناره' is often used to describe a person who is secretly burning with jealousy, causing them to constantly look at what their neighbors possess."
b,cot_xl,Arabic,القُفه ام اضنين بشيلوها نفرين.,"It indicates cooperation, solidarity and compassion among people. There is a similar proverb: “One hand can’t clap”, which conveys the same meaning, although it is in the context of urging cooperation.",A,"The proverb ""القُفه ام اضنين بشيلوها نفرين"" is a traditional Arabic expression that emphasizes the importance of unity and cooperation among individuals. The phrase suggests that when people come together and support one another, they can achieve great things and overcome challenges. The use of the word ""قُفه"" (qufeh), which means 'hand', implies a sense of unity and collective action. The proverb is often used to convey a message of mutual aid and solidarity, encouraging people to work together and help one another in times of need. This idea is also reflected in the similar proverb ""One hand can't clap"", which conveys the same message of cooperation and unity, albeit in a different cultural context.","It indicates cooperation, solidarity and compassion among people. There is a similar proverb: “One hand can’t clap”, which conveys the same meaning, although it is in the context of urging cooperation.","The fact that many hands make light work emphasizes the importance of cooperation and teamwork in achieving success. This idea is reflected in the Arabic proverb ""القُفه ام اضنين بشيلوها نفرين"", which suggests that unity and collective action can help overcome obstacles.","When people work together and support one another, they can achieve great things and overcome challenges. This idea is conveyed through the Arabic proverb ""القُفه ام اضنين بشيلوها نفرين"", which encourages individuals to put aside their differences and work towards a common goal.","""It is a sign of strength when people join hands and work together."" This phrase highlights the benefits of collaboration and mutual support, encouraging individuals to put aside their differences and work towards a common goal."
b,cot_xl,Arabic,كلّه عند العرب صابون,People without taste can’t discern the quality of different things.,A,Regex Parse,People without taste can’t discern the quality of different things.,"In every culture, there exists a certain individual who views everything with an unrefined palate.",Those who lack a developed sense of taste frequently find it challenging to distinguish between high-quality and low-quality items.,People without a discerning taste often struggle to differentiate between excellent and mediocre qualities.
b,cot_xl,Arabic,إنفخ يا شريم قال ماكو برطم ,"This proverb is used to describe someone who does not understand what you are saying or explaining to them. It means that no matter how much you try to clarify or explain, this person is unable to grasp your meaning. ",D,"This proverb is a common Arabic idiom used to describe a situation where the listener is unable to comprehend the speaker's message. The phrase 'إنفخ يا شريم' roughly translates to 'blow, oh Shrim' or 'try to explain, oh Shrim', where 'Shrim' is likely a metaphor for someone who is dense or hard to understand. The response 'قال ماكو برطم' means 'he says there's no pressure' or 'he says there's no force', implying that no matter how hard you try to explain something, this person remains uncomprehending. This idiom highlights the futility of trying to explain complex ideas to someone who is not receptive or unable to understand.","Distractor 3: This proverb highlights the futility of trying to explain complex ideas to someone who is resistant to understanding. The idiom suggests that the process of explaining is like trying to blow air into a brick wall, where the air (or explanation) has no effect on the wall's solidity. The phrase 'قال ماكو برطم' is a wry observation, commenting on the listener's inability to grasp even the simplest concepts, despite one's best efforts to clarify.","Distractor 2: This proverb is a commentary on the limitations of communication, where some people are unable to comprehend the nuances of language, despite one's best efforts to explain. The phrase 'إنفخ يا شريم' is a call to action, urging the listener to pay attention and understand, but the response 'قال ماكو برطم' reveals the listener's lack of comprehension, implying that no matter how hard one tries to explain, the listener remains obtuse.","Distractor 1: This proverb is a metaphorical expression used to convey the idea that some individuals, despite one's best efforts to clarify or explain complex concepts, are unable to grasp the underlying meaning. It suggests that the process of explaining is akin to blowing air into a dense object, where the air (or explanation) has no effect on the object's density.","This proverb is used to describe someone who does not understand what you are saying or explaining to them. It means that no matter how much you try to clarify or explain, this person is unable to grasp your meaning. "
b,cot_xl,Arabic,التسوي كريت تلقى في جلدها.,"This is a Sudanese proverb that is often used to describe someone who does something and it backfires on them, even after a while. There was a man who owned a goat. He had a (Qard) tree, which is a jujube tree that grows naturally and is widely spread in different regions of Sudan. This Qard tree was planted in the courtyard of the house. The goat ate a large amount of the saffron from the Qard tree and got tired from eating so much saffron, and its belly swelled until it was close to death. Before it died, its owner slaughtered it, skinned it, and tanned its hide with Qard so that it would become (fur). The proverb means that the goat brought evil upon itself. Therefore, it became a custom and people began to use this proverb and use it on different occasions to describe people who bring trouble upon themselves.",A,Regex Parse,"This is a Sudanese proverb that is often used to describe someone who does something and it backfires on them, even after a while. There was a man who owned a goat. He had a (Qard) tree, which is a jujube tree that grows naturally and is widely spread in different regions of Sudan. This Qard tree was planted in the courtyard of the house. The goat ate a large amount of the saffron from the Qard tree and got tired from eating so much saffron, and its belly swelled until it was close to death. Before it died, its owner slaughtered it, skinned it, and tanned its hide with Qard so that it would become (fur). The proverb means that the goat brought evil upon itself. Therefore, it became a custom and people began to use this proverb and use it on different occasions to describe people who bring trouble upon themselves.","The tale of the goat and the Qard tree serves as a metaphor for the consequences of one's actions. In Sudanese culture, the Qard tree is a symbol of potential harm or danger. The goat, by consuming the saffron, unknowingly seals its own fate. This serves as a reminder to individuals to be mindful of the potential outcomes of their decisions. The phrase 'bring evil upon yourself' is often used to describe people who, like the goat, unknowingly cause their own demise through their actions.","In Sudanese culture, it is said that a goat who eats too much saffron from a Qard tree will ultimately meet its demise. This proverb serves as a cautionary tale, reminding people to be aware of the potential consequences of their actions. The story of the goat and the Qard tree is often used to describe individuals who bring trouble upon themselves through their own actions, much like the goat that consumed excessive amounts of saffron and ultimately met its demise.","This Sudanese proverb is used to describe an individual who unknowingly causes their own demise. A goat, which had the misfortune of consuming excessive amounts of saffron from a nearby Qard tree, ultimately met its demise. Its owner, rather than showing sympathy for the creature, decided to slaughter it and use its hide for (fur). This serves as a cautionary tale, reminding people that their actions can have unintended consequences, much like the goat that brought evil upon itself through its excessive consumption of saffron."
b,cot_xl,Arabic,أحضر الناس جوابا من لم يغضب,The best answer will come from the person who is not angry.,A,"In Arabic, the proverb ""أحضر الناس جوابا من لم يغضب"" suggests that the most effective solution often comes from a calm and composed mind. It implies that anger and frustration can cloud one's judgment, leading to impulsive decisions. The phrase ""أحضر الناس"" means ""to bring people"" or ""to gather people,"" but in this context, it's used metaphorically to mean ""to assemble ideas"" or ""to collect thoughts."" The phrase ""جوا"" means ""answer"" or ""response,"" and ""لم يغضب"" means ""who has not become angry."" Therefore, the proverb is suggesting that the person who remains calm and composed will often provide the best answer or solution.",The best answer will come from the person who is not angry.,The best ideas come from those who remain unruffled by criticism.,A person who remains calm under pressure will usually have the most insightful response.,The most effective solutions are often found in the mind of someone who has not been provoked.
b,cot_xl,Arabic,كل من كان عالي وطى كل من كان سارح بالشياه هطى,"Everyone who was arrogant became mean, and everyone who was carefree migrated to the city.",B,"The proverb is an Arabic idiom that conveys the idea that people who were once proud or arrogant may eventually become mean or bitter, while those who were once carefree or detached from worldly concerns may be drawn to the city for its opportunities and attractions.

The correct answer is a direct translation of the proverb, maintaining the original meaning and structure. To generate distractors, I will aim to preserve the same word count, grammatical complexity, tone, and lexical overlap as the correct answer.

Distractors are generated through a combination of semantic manipulation, linguistic variation, and creative rephrasing, ensuring they are indistinguishable from the correct answer to a blind evaluator.",كل من كان عالياً أصبح غنماً، وكل من كان ساكناً هجر القرى.,"Everyone who was arrogant became mean, and everyone who was carefree migrated to the city.",كل من كان كبيراً أصبح صغيراً، وكل من كان متفرجاً هجر المدينة.,كل من كان فخوراً أصبح منحرفاً، وكل من كان سكراناً هجر الأرياف.
