Sample_ID,Proverb,Correct_Meaning
0,A bird in the hand is worth two in the bush,The proverb 'A bird in the hand is worth two in the bush' means that it's better to hold onto something you have rather than take the risk of getting something better which may come to nothing.
3,A journey of a thousand miles begins with a single step,"The proverb 'a journey of a thousand miles begins with a single step' puts forward the notion that, however difficult a task is, you can only complete it if you first start it."
4,A leopard cannot change its spots,The proverbial saying 'A leopard cannot change its spots' expresses the notion that things cannot change their innate nature. It is normally used to suggest that people who have done bad things will always be bad people.
5,A little knowledge is a dangerous thing,"The proverb 'A little knowledge is a dangerous thing' expresses the idea that a small amount of knowledge can mislead people into thinking that they are more expert than they really are, which can lead to mistakes being made."
6,A rolling stone gathers no moss,Someone who does not settle in one place rarely prospers.
7,A stitch in time saves nine,A 'stitch in time' is a timely effort that will prevent more work later.
8,A watched pot never boils,The proverbial expression 'a watched pot never boils' refers to the feeling time seems to go slower when you are anxiously waiting for something to happen.
9,A wolf in sheep's clothing,A wolf in sheep's clothing' is someone who hides malicious intent under the guise of kindliness.
10,Absolute power corrupts absolutely,"The proverbial saying 'power corrupts; absolute power corrupts absolutely' conveys the opinion that, as a person's power increases, their moral sense diminishes."
11,Actions speak louder than words,This proverb express the idea that a person's actions are a better indication of their character than what he or she says.
12,All that glitters is not gold / All that glisters is not gold,The proverbial saying 'All that glitters is not gold' means that not everything that is shiny and superficially attractive is valuable.
13,All things come to those who wait,"A literal meaning, advocating patience."
14,All work and no play makes Jack a dull boy,The proverbial saying 'All work and no play makes Jack a dull boy' expresses the idea that working constantly and making no time for enjoyment makes one bored and boring.
15,An apple a day keeps the doctor away,"The proverb 'An apple a day keeps the doctor away' has a straightforward literal, and very probably correct, meaning - that the eating of fruit maintains good health."
16,"An eye for an eye, a tooth for a tooth","The proverb 'an eye for an eye, a tooth for a tooth' expresses the notion that for every wrong done there should be a compensating measure of justice."
17,Barking up the wrong tree,Making a mistake or a false assumption in something you are trying to achieve.
18,Beauty is in the eye of the beholder,Beauty in the eye of the beholder' has a literal meaning - that the perception of beauty is subjective - what one person finds beautiful another may not.
19,Beggars can't be choosers,If you request something to be given you should not question what you are given.
20,Beware of Greeks bearing gifts,Don't trust your enemies.
21,Big fleas have little fleas upon their back to bite 'em,"Everyone is preyed upon by someone, who in turn has someone preying on them."
23,Birds of a feather flock together,Those of similar taste congregate in groups.
24,Blood is thicker than water,By saying 'blood is thicker than water' we mean that family bonds are closer than those of outsiders.
25,Bolt from the blue,"A complete surprise, like a bolt of lightning from a clear blue sky."
26,Born with a silver spoon in one's mouth,To be born with a silver spoon in one's mouth is to be born into a wealthy and privileged family.
27,Boys will be boys,"The proverbial saying 'boys will be boys' is used to express resignation at, or even encouragement of, the bad behaviour of boys, imagining it to be an inevitable consequence of their gender."
28,Bread always falls buttered side down,The 'buttered side down' view of life is one that is pessimistic and fatalistic.
29,Buck stops here - The,The slogan 'The buck stops here' is a promise that responsibility will not be passed on to anyone else.
30,Build a better mousetrap and the world will beat a path to your door,To 'build a better mousetrap' is to make an improvement to an existing product or service. It especially refers to simple and straightforward changes that are obvious advances on earlier devices.
31,Burn the candle at both ends,To live at a hectic pace.
32,Burning the midnight oil,"To 'burn the midnight oil' is to work late into the night. Originally this was by the light of an oil lamp or candle. More recently, the phrase is used figuratively, alluding back its use before electric lighting."
33,Bury the hatchet,To bury the hatchett is to settle your differences with an adversary.
34,Bury your head in the sand,Refuse to confront or acknowledge a problem.
36,Butter no parsnips - Fine words,The proverb 'Fine words butter no parsnips' means that nothing concrete is achieved by empty words or flattery.
37,By hook or by crook,To do something 'by hook or by crook' is to do it by whatever means are necessary - be they fair or foul.
38,By the skin of your teeth,Narrowly; barely. Usually used in regard to a narrow escape from a disaster.
39,Bygones be bygones - Let,To 'let bygones be bygones' is to allow the unpleasant things that have happened in the past be forgotten.
40,Call a spade a spade,To call a spade a spade is to speak plainly - to describe something as it really is.
41,Can't hold a candle to,The expression 'can't hold a candle to' refers to someone who compares badly to an known authority - to be unfit even to hold a subordinate position.
42,Carry coals to Newcastle,To do something pointless and superfluous.
43,Cart before the horse - Put the,Reverse the accepted or logical order of things.
44,Cast the first stone,"Be the first to attack a sinner. The implication in Jesus' teaching was that the members of the congregation were only in a position to condemn a sinner if they were without sin themselves - in other words, 'judge not lest you be judged'."
45,Cat may look at a king - A,An inferior isn't completely restricted in what they may do in the presence of a superior.
46,Cat out of the bag - Let the,"To let the cat out of the bag is to disclose a secret, either deliberately or inadvertently."
47,Chain is only as strong as its weakest link - A,"The proverb 'A chain is only as strong as its weakest link' has a literal meaning, although the 'weakest link' referred to is figurative and usually applies to a person or technical feature rather than the link of an actual chain."
48,Charity begins at home,"The proverb 'charity begins at home' expresses the overriding demand to take care of one's family, before caring for others."
49,Chickens come home to roost,Bad deeds or words return to discomfort their perpetrator.
50,Cleanliness is next to godliness,The proverb 'cleanliness is next to godliness' expresses the idea that those who are pure and wholesome are close to God.
51,"Close, but no cigar",The expression 'close but no cigar' is used to indicate that someone has fallen just short of a successful outcome and failed to secure any reward.
52,Clutch at straws,"Try any route to get out of a desperate situation, no matter how unlikely it is to succeed."
54,Cock and bull story,A fanciful and unbelievable tale.
55,Cold feet,"To 'get cold feet' is to become disheartened or timid, losing one's previous enthusiasm or courage."
56,Come clean,To make a full disclosure; to confess.
57,Come up trumps,"To complete something well or successfully, especially in circumstances in which it isn't expected."
58,Come what come may,Let whatever events crop up come to pass.
60,Cool as a cucumber,As cool as a cucumber' means calm and unruffled.
61,Cost an arm and a leg,"A large, possibly exorbitant, amount of money."
62,Count your chickens before they are hatched,Don't be hasty in evaluating one's assets.
63,Crocodile tears,To weep crocodile tears is to put on an insincere show of sorrow.
64,Curate's egg,Something bad that is called good out of politeness or timidity.
65,Curiosity killed the cat,Inquisitiveness can lead one into dangerous situations.
66,Customer is always right - The,"The customer is always right' is a trading slogan that states a company's keenness to be seen to put the customer first. The implied suggestion is that the company is so customer focussed that they will say the customer is right, even if they aren't."
67,Cut off your nose to spite your face,To 'cut off your nose to spite your face' is to disadvantage yourself in order to do harm to an adversary.
68,Daniel come to judgement,Someone who makes a wise judgement about something that has previously proven difficult to resolve.
69,Dark horse,"A dark horse is someone, who was previously little known, emerges to prominence in a competition."
70,Darkest hour - The,The darkest hour is the time when bad events are at their worst and most dispiriting.
71,Darkest hour is just before the dawn - The,"There is hope, even in the worst of circumstances."
72,Dead as a dodo,Unambiguously and unequivocally dead.
73,Dead as a doornail,"To be 'as dead as a doornail' is to be utterly dead, devoid of life (when applied to people, plants or animals) or finished with, unusable (when applied to inanimate objects)."
74,Dead in the water,A dead in the water ship is one that is motionless and without power. The figurative expression 'dead in the water' means 'unable to function; without hope of future success; doomed'.
75,Devil and the deep blue sea,"In difficulty, faced with two dangerous alternatives."
76,Devil take the hindmost - The,A proverbial phrase indicating that those who lag behind will receive no aid.
77,Diamond in the rough,Someone who is basically good hearted but lacking social graces and respect for the law.
78,Die has been cast - The,The die has been cast' means that an irrevocable choice has been made.
79,Different kettle of fish,A different kettle of fish' is an alternative to what has been previously considered; a different thing altogether.
80,Dish fit for the gods - A,An offering of high quality.
82,Dog in the manger,Spiteful and mean-spirited.
83,Dog is a man's best friend,"An animal that performs valuable service to humans, often with reference to dogs."
84,Dollars to doughnuts,An outcome that is almost assured; a certainty.
85,Donkey's years,A very long time.
86,Don't cast your pearls before swine,Items of quality offered to those who aren't cultured enough to appreciate them.
87,Don't change horses in midstream,Don't change your leader or your basic position when part-way through a campaign or a project .
88,Don't keep a dog and bark yourself,The proverbial saying 'don't keep a dog and bark yourself' is advice that you should not pay someone to do a task and then do it yourself.
89,Don't look a gift horse in the mouth,The proverbial saying 'don't look a gift horse in the mouth' means don't be ungrateful when you receive a gift.
90,Don't shut the stable door after the horse has bolted,Don't waste time taking precautions when the damage has already been done.
91,Don't throw good money after bad,"You 'throw good money after bad' when, following the loss of some money, you to incur a further loss in trying to make good."
92,Don't throw the baby out with the bathwater,Don't discard something valuable along with something undesirable.
93,Don't try to teach your Grandma to suck eggs,Don't offer advice to someone who has more experience than oneself.
94,Drop in the bucket - A,A drop in the bucket is a very small and insignificant proportion of the whole.
95,Early bird catches the worm - The,Success comes to those who prepare well and put in effort.
97,"East, west, home's best","This proverbial saying express the idea that, wherever you travel in the world, your home is the best place to be."
98,Eat humble pie,"Act submissively and apologetically, especially in admitting an error."
99,Elephant in the room,"An important and obvious topic, which everyone present is aware of, but which isn't discussed, as such discussion is considered to be uncomfortable."
100,Emperor's new clothes,The label given to any fictional item that viewers have been induced into believing as real..
101,Enough is as good as a feast,To get Enough is enough is to come off worst in a bargain or contest.
102,Englishman's home is his castle,The English dictum that a man's home is his refuge.
103,Every cloud has a silver lining,"The proverbial saying 'every cloud has a silver lining' is used to convey the notion that, no matter how bad a situation might seem, there is always has some good aspect to it."
104,Exception that proves the rule - The,"Normally with these meanings and origins the meaning is well-understood or self-evident and the interesting aspect is how, where and when the phrase originated. This one is a little different - it's the meaning that is generally not understood."
105,Face the music,Accept the unpleasant consequences of one's actions.
107,Fair exchange is no robbery,An exchange of two things of equal value is a reasonable and honest trade.
108,Faith will move mountains,Faith is immensely powerful.
109,Fall on your sword,"To 'fall on your sword' is, literally, to commit suicide or, figuratively, to offer your resignation."
110,Feather in one's cap - A,A symbol of honour and achievement.
111,Fiddling while Rome burns,To occupy oneself with unimportant matters and neglect priorities during a crisis.
112,Fight fire with fire,Respond to an attack by using a similar method as one's attacker.
114,Fish rot from the head down,"When an organization or state fails, it is the leadership that is the root cause."
115,Fish or cut bait,"There is some uncertainty about the precise meaning of this phrase. Some use it to mean 'make a choice about what you intend to do'; others have it that it means 'either get to work in a productive manner or do something else and let someone else work'. The second meaning, which I favour, and which is more common, is similar in meaning to 'put up or shut up', or the 20th century US vulgarism 'shit or get off the pot'."
116,Fish out of water - A,Someone who is in a situation they are unsuited to.
117,Flash in the pan,"Something which disappoints by failing to deliver anything of value, despite a showy beginning."
118,Flogging a dead horse,To flog a dead horse is to attempt to revive an interest which has died out; to engage in fruitless effort.
119,Fly by the seat of one's pants,"To 'fly by the seat of your pants' is to decide a course of action as you go along, using your own initiative and perceptions rather than a predetermined plan or mechanical aids."
120,Fly in the ointment,A fly in the ointment is a small but irritating flaw that spoils the whole. In the 20th century the expression has also come to be used to describe a small flaw that comes to light to spoil an otherwise faultless plan.
122,Fools rush in where angels fear to tread,The rash or inexperienced will attempt things that wiser people are more cautious of.
123,Fool's errand,A pointless undertaking.
124,Fool's paradise - A,A state of happiness based on false hope.
125,Foot in the door - A,"An introduction or way in to something, made in order that progress may be made later."
126,For all intents and purposes,In effect; for all practical purposes.
127,For every thing there is a season,There is an appropriate time for everything.
128,Foregone conclusion,A decision made before the evidence for it is known. An inevitable conclusion.
129,Forewarned is forearmed,Advance warning provides an advantage.
131,From strength to strength,Progress from one success to another higher level of success.
132,Genius is one percent inspiration and 99 percent perspiration,"Genius is largely the result of hard work, rather than an inspired flash of insight."
133,Get down to brass tacks,Engage with the basic facts or realities.
134,Gild the lily,To apply unnecessary ornament - to over embellish.
135,Give a man a fish and you will feed him for a day,This proverbial saying suggests that the ability to work is of greater benefit than a one-off handout.
136,Go by the book,Correctly; according to the rules.
137,Go off half-cocked,Speak or act prematurely.
138,Go out on a limb,Put oneself in an isolated position in one's support of someone or something.
139,Go the whole hog,To perform some act or adopt some opinion fully and thoroughly.
140,Golden key can open any door - A,"A golden key opens any door' is the opinion that sufficient money, or the promise of it, will allow the possessor of it to do anything they wish."
143,grain of salt,To take a statement with 'a grain of salt' (or 'a pinch of salt') means to accept it while maintaining a degree of scepticism about its truth.
144,Grasp the nettle,To tackle a difficult problem boldly.
145,Great minds think alike,"The proverb 'great minds think alike' has a straightforward literal meaning. However, the usage is often ironic, that is, it is used when two unexceptional minds have the same thought."
146,Grist to the mill,All things are a potential source of profit or advantage.
147,Half a loaf is better than no bread,"Something, even if it isn't what you ideally would prefer, is better than nothing."
148,Handle with kid gloves,"Handle a situation, or a person or an object, delicately and gingerly."
149,Hard and fast,Rigidly adhered to - without doubt or debate.
150,Hard cases make bad law,"Hard', that is, exceptional, legal cases aren't suitable as the source of generalised laws."
151,Haste makes waste,Rushing into a decision may cause mistakes that waste more time than would have been taken by proceeding more carefully.
152,Have an axe to grind,"To have an axe to grind is to have a dispute to take up with someone or, to have an ulterior motive; to have private ends to serve."
153,He who laughs last laughs longest,See also: the List of Proverbs.
154,He who sups with the devil should have a long spoon,"This proverbial saying suggests that, if you have dealings with wicked people you should be cautious and distance yourself from them, or else you may be corrupted into their evil ways."
155,Hedge your bets,To avoid committing oneself; to leave a means of retreat open.
156,Hell has no fury like a woman scorned,"Hell has no fury like a woman scorned' conveys the idea that a scorned woman (that is, one who has been betrayed) is more furious than anything that hell can devise."
157,Here lies one whose name is writ in water,"Fame, and indeed life, is fleeting."
158,Home is where the heart is,"The proverb 'home is where the heart is' means that, wherever you are and whoever you are with, your home and family provide the greatest emotional bond."
159,Honesty is the best policy,"The proverb 'Honesty is the best policy' has a straightforward literal meaning, which encourages the populace to tell the turth and avoid crime."
160,Honey catches more flies than vinegar,This proverbial saying expresses the idea that it is more effective to be polite and ingratiating than to be hostile or demanding.
161,Horse-sense,A robust form of common sense believed to be found in poorly educated but shrewd people.
162,"If the mountain will not come to Muhammad, then Muhammad must go to the mountain","The proverbial phrase 'If the mountain will not come to Muhammad...' means that , if one's will does not prevail, one must submit to an alternative."
164,"If you can't stand the heat, get out of the kitchen","Don't persist with a task if the pressure of it is too much for you. The implication being that, if you can't cope, you should leave the work to someone who can."
165,"If you think that, you have another think coming","To have 'another think coming' is to be greatly mistaken. The phrase is usually spoken by an antagonist as 'you have another think coming'; the implication being that one will shortly be obliged to adopt a different viewpoint, either by the presentation of indisputable evidence, or by force."
167,It's better to give than to receive,The proverb 'It's better to give than to receive' has a straightforward literal meaning which needs no further explanation.
168,It's better to have loved and lost than never to have loved at all,The proverbial saying 'It's better to have loved and lost than never to have loved at all' has a straightforward literal meaning.
170,Necessity is the mother of invention,Difficult situations inspire ingenious solutions.
171,Nothing is certain but death and taxes,A rather fatalistic and sardonic proverb. It draws on the actual inevitability of death to highlight the difficulty in avoiding the burden of taxes.
172,Nothing succeeds like success,"A proverb, expressing the idea that success breeds further success."
173,"Nothing ventured, nothing gained","In order to achieve, you need to act and take risks."
174,"Once bitten, twice shy","The proverb 'once bitten, twice shy' suggests that, when someone is hurt doing something, they are wary of doing it again for fear of being hurt a second time."
175,One-hit wonder,"A performer or act, usually a singer or band, who has just one popular success."
176,One good turn deserves another,"One good turn deserves another' is a proverbial expression that means, when someone does you a good turn, a good turn done in return is appropriate."
177,One hand washes the other,The proverb 'one hand washes the other' expresses the idea that mutual cooperation can help both parties.
178,One swallow doesn't make a summer,A single instance of something is just that; it doesn't indicate a trend.
179,One's heart's content,To one's (or your) heart's content means to one's complete inner satisfaction - until one's heart is content.
180,Paddle your own canoe,Act independently and decide your own fate.
181,Penny saved is a penny earned - A,The notion expressed in the proverbial saying 'A penny saved is a penny earned' is that it is as useful to save money that you already have as it is to earn more.
183,Place for everything and everything in its place - A,The proverbial notion that there should be 'a place for everything and everything in its place' is the idea that everything should have somewhere to be stored and that it should be tidily returned there when not in use.
184,Plague on both your houses - A,A frustrated curse on both sides of an argument.
185,Pound of flesh,Something which is owed that is ruthlessly required to be paid back.
186,Pour oil on troubled waters,Attempt to calm a problematic situation.
188,Pride comes before a fall,The proverbial saying 'pride comes before a fall' is a warning that haughtiness and hubris leads to failure and loss.
189,Procrastination is the thief of time,"Putting off an action leads to time wasting. If something is necessary, it is best to act quickly to accomplish it."
190,Proof of the pudding is in the eating - The,To fully judge how effective something is you need to use it for its intended purpose.
192,Rose by any other name would smell as sweet - A,"The saying 'A rose by any other name would smell as sweet' means that what matters is what something is, not what it is called."
193,Rose is a rose is a rose,"The meaning most often attributed to 'a rose is a rose is a rose' is the notion that, when all is said and done, a thing is what it is. This is in similar vein to Shakespeare's 'a rose by any other name would smell as sweet'. However, that's not the interpretation given by the author of the phrase - see below."
195,Rule of thumb,"A rule of thumb is a means of estimation made according to a rough and ready practical rule, not based on science or exact measurement."
196,"See a pin and pick it up, all the day you'll have good luck; see a pin and let it lie, bad luck you'll have all day",A proverb extolling the virtue of thrift.
197,Seek and you shall find,"The proverbial saying 'Seek and you shall find' means, in the Biblical sense, 'come to God and your prayers will be answered. In a wider literal sense it just means 'effort will be rewarded'."
198,Seen better days,To have been more wealthy or in better condition in former times.
199,Separate the sheep from the goats,Separate the good from the bad.
200,Shebang - The whole,All of it; the whole thing.
201,Share and share alike,To 'share and share alike' is to give equal shares to all.
202,Shiver my timbers,"An oath, expressing annoyance or surprise."
204,Silence is golden,"A proverbial saying, often used in circumstances where it is thought that saying nothing is preferable to speaking."
205,sky's the limit,There is no apparent limit.
206,Snug as a bug in a rug,To be 'as snug as a bug in a rug' is to be very comfortable and cosy.
207,Sour grapes,Acting meanly after a disappointment.
208,Spare the rod and spoil the child,"Spare the rod and spoil the child' is the notion that children will become weak and vulnerable if not chastised, physically or otherwise, for any wrongdoing."
209,Speak of the Devil,A reference to someone who appears unexpectedly while being talked about.
210,Speak softly and carry a big stick,"Speak softly and carry a big stick' is a proverbial saying advising the tactic of caution and non-aggression, backed up by the ability to carry out violent action if required."
211,Standing on the shoulders of giants,Using the understanding gained by major thinkers who have gone before in order to make intellectual progress.
212,Sticks and stones may break my bones,"Sticks and stones may break my bones' is a response to an insult, implying that ""You might be hurt able to hurt me by physical force but not by insults""."
213,Stiff upper lip,"Remain resolute and unemotional in the face of adversity, or even tragedy."
215,Storm in a teacup,"A tempest in a teapot is a small or insignificant event that is over-reacted to, as if it were of considerably more consequence."
216,Strike while the iron is hot,To strike while the iron is hot is to act decisively and take an opportunity when it arises.
217,Such is life,"An acceptance of the unpredictable fortunes of existence, often spoken with an air of weary resignation."
218,Survival of the fittest,The idea that species adapt and change by natural selection with the best suited mutations becoming dominant.
219,Take a back seat,To 'take a back seat' is take a subordinate or reclusive position.
221,Take down a peg or two,"To 'take (or pull, or bring) down a peg (or two)' is to lower someone's high opinion of themselves."
222,Take the bit between your teeth,Take control of a situation.
223,Take the cake,"Carry off the honours. Sometimes used to express incredulity; for example, ""That's three goals he's missed in one game. If that don't take the cake...""."
224,Take the gilt off the gingerbread,Remove an item's most attractive qualities.
225,Take the Mickey,Tease or make fun of.
226,Take the upper hand,Take a dominant position.
227,Take umbrage,To be displeased or offended by the actions of others.
229,Taken aback,To be taken aback is to be surprised or startled by a sudden turn of events.
230,Taken for a ride,"To be 'taken for a ride' is to be deliberately misled or cheated. Alternatively, and primarily in the USA, it means to be abducted in a vehicle and murdered."
232,Talk the talk,Back up one's talk with action.
233,Tall story,An untrue and unbelievable story.
234,Tanstaafl -,"The economic theory, and also the lay opinion, that whatever goods and services are provided, they must be paid for by someone - that is, you don't get something for nothing. The phrase is also known by the acronym of 'there ain't no such thing as a free lunch' - tanstaafl."
235,The apple never falls far from the tree,"The proverbial saying 'the apple never falls far from the tree', or 'the apple doesn't fall far from the tree' expresses the idea that a person inevitably shares traits with or resembles his or her parents or family.."
236,The apple of my eye,"The apple of one's eye originally referred to the central aperture of the eye. Figuratively it is something, or more usually someone, cherished above others."
237,The bane of my life,The agent of ruin or woe.
238,The best defense is a good offence,The proverbial phrase 'attack is the best form of defence' expresses the opinion that a pre-emptive strike is the best way to defend yourself.
239,The best laid schemes of mice and men,The most carefully prepared plans may go wrong.
240,The bitter end,To the limit of one's efforts - to the last extremity.
242,The child is father to the man,The proverb 'The child is father to the man' expresses the idea that the character that we form as children stays with us into our adult life.
244,The Devil is in the details,"The details of a plan, while seeming insignificant, may contain hidden problems that threaten its overall feasibility."
245,The Devil makes work for idle hands to do,The devil makes work for idle hands' is one of the numerous variants of phrase that express the idea that trouble or evil arises from not keeping busy.
247,The Devil to pay,The devil to pay' means serious trouble because of a particular circumstance or obligation.
251,The ends of the earth,The furthest reaches of the land.
254,The jury is still out,Judgement has not yet been finalised on a particular subject; especially due to information being incomplete.
255,The last straw,The final additional small burden that makes the entirety of one's difficulties unbearable.
256,The law is an ass,Said of the application of the law that is contrary to common sense.
257,The monstrous regiment of women,"A disparaging description, often used to describe feminist or rowdy women by their detractors."
258,The more the merrier,"The more people who are present, the better an occasion or situation (especially a party) will be."
259,The mutt's nuts,Excellent - the highest quality.
260,The nth degree,To the utmost degree; without limit.
261,The opera ain't over till the fat lady sings,Nothing is irreversible until the final act is played out.
262,The pip - Get/got/have,Become irritated or annoyed.
264,The real McCoy,The real thing - not a substitute.
265,The road less travelled,"The road less travelled is the unconventional or uninvestigated option. More metaphorically, it is also used to refer to 'the life you never had' - what might have been had you made different choices. The notion is near to what is nowadays called 'alternative'."
266,The road to hell is paved with good intentions,The intention to engage in good acts often fails. It points up the principle that there is no merit in good intentions unless they are acted on.
267,The salt of the earth,People who are described as 'the salt of the earth' are those who are considered to be of great worth and reliability.
268,The shoemaker always wears the worst shoes,Artisans work for the wealthy but cannot afford their own produce.
269,The short end of the stick,To get the short end of the stick is to come off worst in a bargain or contest.
271,The writing is on the wall,The expression 'the writing is on the wall' is used whenever an inevitable result or imminent danger has become apparent.
272,There is more than one way to kill a cat,The proverbial saying 'There is more than one way to skin a cat' means there is more than one way of achieving an aim.
274,There's one law for the rich and another law for the poor,"This proverbial saying express the opinion that the poor are treated harshly by the law whereas the rich, with their access to clever lawyers and bribes, usually escape punishment."
275,Thick and thin,Through all forms of obstacle that are put in one's way.
276,thick as thieves,Close friends with; sharing confidences.
277,Thinking cap,Take time for consideration of some question.
278,Third time lucky,The belief that the third time something is attempted is more likely to succeed than the previous two attempts. It is also used as a good luck charm - spoken just before trying something for the third time.
279,Thorn in the flesh,A persistent difficulty or annoyance.
280,"Though this be madness, yet there is method in it",Reason behind apparent folly or disorder.
281,Three score and ten,Three score and ten' is the nominal span of a human life. In the days that this expression was coined that span was considered to be seventy years.
283,Throw in the towel,"To throw in the towel (or, to throw the towel in) is to give up, to avoid further punishment when facing certain defeat."
285,Throw your hat into the ring,"Make or take up a challenge, or demonstrate one's willingness to join an enterprise."
287,Till the cows come home,For a long but indefinite time.
288,Time and tide wait for no man,No one is so powerful that they can stop the march of time.
289,Tilting at windmills,To 'tilt at windmills' is to attack imaginary enemies.
290,Tissue of lies,A story invented in order to deceive.
291,To a T,If something is said to fit 'to a T' it fits exactly; properly; precisely.
293,To err is human; to forgive divine,A proverb expressing the idea that forgiveness is a worthy response to human failings.
296,To travel hopefully is a better thing than to arrive,Hope and anticipation are often better than reality.
297,Toast of the town,A person who is widely admired.
298,Toe the line,To conform to an established standard or political programme.
299,Toffee-nosed,To be 'toffee-nosed' is to be snobbish; supercilious; stuck-up.
300,Too big for your breeches,Conceited; having a too high opinion of oneself.
301,Too much of a good thing,Excess may do you harm.
302,Tooth and nail,"A fight, undertaken with all one's efforts and with the intensity of a wild animal."
303,Top dog,One who is dominant or victorious.
305,Touch and go,"A risky, precarious or delicate case or state of things - such that the slightest change could prove disastrous."
306,Touch wood,"This phrase is used by people who rap their knuckles on a piece of wood hoping to stave off bad luck. In the UK, the phrase 'touch wood' is used - often jokingly by tapping one's head. The phrases are sometimes spoken when a person is already experiencing some good fortune and hope that it will continue - for example ""I've been winning on every race - touch wood""."
307,Tower of strength,Someone who can be relied on to provide support and comfort.
308,True blue,Loyal and unwavering in one's opinions or support for a cause.
309,Truth will out,The truth will become known eventually.
310,Turkeys voting for Christmas,Turkeys voting for Christmas' is used to describe people acting in a way that is harmful to their own interests.
311,Turn a blind eye,To turn a blind eye is to knowingly refuse to acknowledge something which you know to be real.
312,Turn the tables,Reverse the positions of adversaries. The phrases is often used when the weaker position subsequently becomes dominant.
313,Turn up trumps,To turn out well or successfully.
314,Uneasy lies the head that wears a crown,"The expression 'uneasy lies the head that wears a crown' means that a person with great power, such as a king, is constantly apprehensive."
315,Up a blind alley,Following a course of action that leads to no good outcome.
316,Up a gum tree,With most phrases it is the origin rather than the meaning that is in doubt. 'Up a gum tree' has several meanings. The most commonly used is 'in great difficulties'. Other meanings are 'in a state of contentment' or 'with great speed'.
317,Up in arms,Roused; incensed.
318,Up the creek without a paddle,In an awkward situation or unpleasant predicament.
319,Up the duff,"Up the duff' is a euphemism for pregnant. It is used most commonly, although not exclusively, to describe unplanned pregnancy."
320,Up the wooden hill to Bedfordshire,Go up the hill to Bedfordshire was phrase uttered to children in the UK when it was time to go upstairs to prepare for bed. The expression is now rather archaic and little-used.
321,Up to snuff,"Initially, the phrase meant 'sharp and in the know'; more recently, 'up to the required standard'."
322,Upper crust,Aristocratic; society superior.
323,Up the ante,"To raise the stakes, either in betting or in any form of conflict or competition."
324,Using a sledgehammer to crack a nut,To use 'a sledgehammer to crack a nut' means to use disproportionate force or expense to overcome a minor problem.
325,Vicious circle,A self-perpetuating process which returns to its starting point with no improvement from when it was begun.
326,Warts and all,Warts and all' means the whole thing; not concealing the less attractive parts.
328,Wax lyrical,Speak niin an increasingly enthusiastic and poetic manner.
20,Don’t put off until tomorrow what you can do today,"If you can do something today, do it. Don’t wait until tomorrow; don’t procrastinate."
40,The enemy of my enemy is my friend,"If someone whom I don’t like doesn’t like someone else whom I don’t like, we can act like friends and unite against the other person (common in war)"
42,The pen is mightier than the sword,"If you’re trying to convince someone of something, words and ideas are stronger than using physical force (common in politics)"
45,There is no time like the present,Don’t wait to do something. Do it now.
46,The squeaky wheel gets the grease,The person who complains in a situation is more likely to get something.
57,A fool and his money are soon parted.,Fools lose money because of their foolish conduct.
58,"After victory, tighten your helmet chord.","There is no room for complacency. Get down to work after a victory. Jeff Bezos, the founder of Amazon, calls it Day 0 mentality."
59,A good listener is a silent flatterer.,"Human beings have an innate desire to be listened, but only few are good listeners. So, if you listen to someone attentively, you’ll flatter them."
60,A goose quill is more dangerous than a lion’s claw.,"Foul, inconsiderate words can cause more pain than a physical attack."
61,One law for the rich and another for the poor.,"The law is same for both, but the rich, through their abundant resources, can get favourable decisions by influencing decision makers, hiring the best lawyers, and delaying the case if it suits them, among several measures at their command."
62,Give a man a fish and you feed him for a day; teach a man to fish and you feed him for a lifetime.,"Teaching fishing, a skill, is far more important than merely handing doles (fish, here) to people. It serves an important reminder to our educational institutions, especially higher education, where majority of graduates are churned out without marketable skills. Most animals, in contrast, teach only the most essential skills – finding food and escaping predators – to their young ones. Nothing superfluous there."
75,Hope for the best and prepare for the worst.,"One should be positive, but at the same time be ready to face hardships."
76,History repeats itself.,What has happened once is likely to happen again.
77,A hedge between keeps friendship green.,Giving enough space to each other help maintain a good relationship.
78,Health is better than wealth.,Physical well-being is more important than financial prosperity.
79,He laughs best who laughs last.,People who laugh first may have others laugh at them in the end.
80,Haste makes waste.,Too much of a hurry leads to mistakes and loss of productivity.
81,The hand that rocks the cradle rules the world.,Mothers who care for their children are creating the next generation of men.
82,Half a loaf is better than no bread.,"One should be thankful for whatever one gets, considering one may otherwise get nothing."
83,Great oaks from little acorns grow.,Much may come from a small beginning.
84,Grapes are sour.,"When people cannot get what they desire, they save face by pretending they never wanted it."
85,A good name is sooner lost than won.,"A reputation takes long to build, but can be quickly destroyed."
86,A good husband makes a good wife.,One who treats others well will be treated well in return.
87,God tempers the wind to the shorn lamb.,Heaven is more kind to the weak.
88,A friend in need is a friend indeed.,True friends are those who help in difficult times.
89,Don't put all your eggs in one basket.,Spread your risks widely and wisely.
90,Don't put the cart before the horse.,Always do things in the right order.
91,Don't ride the high horse.,One should not be arrogant.
92,Don't wash your dirty linen in public.,It is best to confine shameful family matters to the home.
93,"East or west, home is best.","Wherever one may travel, the happiest place is one's abode."
94,"Easy come, easy go.",What is acquired without effort especially money is likely to be lost.
95,Empty vessels make the most sound.,People who are stupid are very talkative.
96,Every cloud has a silver lining.,There is hope even in difficult situations.
97,Every cock crows on his own dunghill.,"Anyone can show off his courage in a familiar, safe environment."
98,Every dog has his day.,All of us have a favorable period.
99,Familiarity breeds contempt.,Intimacy can cause us to lose our regard.
100,Fine feathers make fine birds.,A person can look impressive in smart clothes.
101,Forbidden fruit is the sweetest.,"When something is not allowed, we are more tempted to it."
102,Forgive and forget.,We must not hold against someone a thing of the past.
103,Fortune favors the bold.,Success comes to those who have the courage to try.
104,Never say die.,"Always be hopeful in life, and do not give up."
106,No gain without pain.,One is unlikely to achieve anything without trouble.
107,No news is good news.,If there is no information then one can assume all is fine.
108,Nothing succeeds like success.,"Once prosperity is achieved, then it helps achieve more."
109,"Once bitten, twice shy.",An unpleasant experience is not forgotten and teaches caution.
110,One good turn deserves another.,"If someone has been kind to you, then you should return the kindness."
111,One is never too old to learn.,"Whatever our age and however much we know, we can still increase our knowledge."
112,One man's meat is another man's poison.,What works positively for one person may be harmful to another.
113,One must draw the line somewhere.,There is a definite limit beyond which one decides not to go.
114,One swallow does not make a summer.,A single piece of evidence is not enough to prove anything.
115,Out of sight out of mind.,Anybody or anything no longer seen is soon forgotten.
116,Paddle your own canoe.,Mind your own business and be self-reliant.
117,The pen is mightier than the sword.,The written word has more power to cause change than physical force.
118,Poverty is no sin.,It is not a crime to be poor.
119,Practise what you preach.,One must behave in the same way as one advises others to behave.
120,Prevention is better than cure.,It is preferable to take precautions against a bad occurrence than to repair the damage after it has happened.
121,The proof of the pudding is in the eating.,A thing can be assessed only after practically experiencing it.
122,Respect is greater from a distance.,A person will be held in more esteem if he keeps aloof from others.
123,Rome was not built in a day.,"Great tasks take time, hard work and perseverance."
124,A rose with any other name would smell as sweet.,What a thing is called is unimportant compared to what it really is.
125,One rotten apple spoils the rest.,Just a single bad person can have a negative influence on all others.
126,Set a thief to catch a thief.,A person who knows the tricks of the trade is best equipped to do the job.
127,"Speech is silver, silence is golden.","At times, there is more value to holding one's tongue than using it."
128,Still waters run deep.,"A quiet person can have much knowledge or ability, and should not be underestimated."
129,A stitch in time saves nine.,Early corrective action may prevent more trouble later.
130,The strength of the chain is in the weakest link.,The most fragile point determines the quality of a structure.
131,Strike while the iron is hot.,Choose the most opportune time to act.
132,The tailor makes the man.,A person can appear attractive in good clothes.
133,Take care of the pennies and the pounds will take care of themselves.,Savings in small amounts will eventually lead to a large total.
134,There are as good fish in the sea as ever came out of it.,"If an opportunity is missed, there will be plenty more."
135,Talk of the devil and the devil appears.,This is said in jest when a person we have been talking about meets us.
136,There's many a slip between the cup and the lip.,We cannot assume anything is ours until we actually get it.
137,There is no rose without a thorn.,"Unalloyed happiness is impossible, because joy and sorrow go together."
138,There is no smoke without fire.,Rumours are not baseless but have some truth in them.
139,A thing of beauty is a joy forever.,The memory of something pleasant provides everlasting pleasure.
141,Time and tide wait for no man.,One must not miss opportunities by delaying action.
142,Time is a great healer.,Pain or grief diminish or disappear with the passage of time.
143,To err is human.,It is natural for all of us to make mistakes.
144,Touch pitch and be defiled.,"If you keep contact with bad people, you get spoiled."
145,Uneasy lies the head that wears the crown.,With greatness and power comes a lot of responsibility.
146,"United we stand, divided we fall.",There is strength and safety in numbers compared individuals acting alone.
147,Variety is the spice of life.,Experiencing different things makes living interesting and prevents boredom.
148,Wake not a sleeping lion.,It is wise not to disturb things at times lest you invite trouble.
149,Walls have ears.,Take care when you speak lest others hear what they should not.
150,"Waste not, want not.","If one is careful with things especially money, one will not lack them when needed."
151,"Water is a boon in the desert, but the drowning man curses it.",There is too little of what we want and too much of what we don't want.
152,Well begun is half done.,A good start to a task leads to its easy and successful completion.
153,What's done cannot be undone.,It is too late to change one's mind after performing an action.
154,What is sauce for the goose is sauce for the gander.,What is appropriate for one is appropriate for another.
155,When in Rome do as the Romans do.,One must adapt to one's surroundings.
156,When one door shuts another opens.,"Failure should not discourage us, for some other opportunity always exists."
157,When the cat is away the mice will play.,People take advantage when the person in charge is absent.
158,Where ignorance is bliss it is folly to be wise.,It is better to be unaware of something that will bring unhappiness.
159,Where there's a will there's a way.,"If one is determined, one will find a path to success."
160,The wish is father to the thought.,It is a desire that gives birth to a belief.
161,You cannot have your cake and eat it.,You cannot have everything because a choice has to be made between alternatives.
162,"You can take a horse to the water, but you cannot make him drink.",You cannot help an unwilling person beyond a certain point.
163,You scratch my back and I'll scratch yours.,You do me a favor and I will reciprocate.
164,Beauty is but skin deep.,Do not judge solely by looks because appearances are deceptive.
165,Every ass likes to hear himself bray.,Foolish people talk a lot.
166,"Nothing venture, nothing gain.","Without risks, there are no rewards."
192,"You can lead a horse to the water, but you can’t make him drink it","You can advise someone or show them how to do something, but you can’t force them to accept or mak them do it."
193,A bird in hand is worth two in the bush,Certainty of having something in hand is better than mere probability of having even more things.
198,A drowning man will clutch a straw,"When someone is in a difficult situation, s/he will take any available opportunity to come out of it."
199,A happy heart is better than a full purse,What’s the use of money if you’re unhappy despite loads of it? Happiness is better than plenty.
203,All is fair in love and war,One can break the rules of fair play under extenuating circumstances.
204,All is well that ends well,"As long as the outcome is good, problems on the way don’t matter."
205,All lay loads on a willing horse,"A person who says ‘yes’, even if hesitatingly, to any work given to him will soon find himself overloaded with work."
206,"Among the blind, one-eyed man is king",An incapable person can gain powerful position if others in the fray are even more incapable.
207,An army of sheep led by a lion would defeat an army of lions led by a sheep,This proverb exemplifies importance of leadership. A strong army (lions) led by a weak leader (sheep) can lose to a weak army (sheep) led by a strong leader (lion).
208,An empty vessel makes much noise,Fools and persons with shallow knowledge often talk a lot.
209,An hour in the morning is worth two in the evening,"People are generally more productive in the morning: first, they’re fresh after night’s sleep; second, there are fewer distractions in the morning."
215,A tree is known by its fruit,"Like a tree is known by the fruit it bears, people are known by their character and actions (and not by their appearance)"
219,Begin to weave and God will give the thread,"When taking up a task that has no playbook to follow, we plan a lot and think a lot but don’t act. In such pursuits, you can’t foresee everything in advance and lot of assumptions will come to naught."
221,Best things in life are free,Most valuable things are often free.
224,Cowards die many times before their death,Cowards suffer the feared effects of death many times in their lives.
230,Do as you would be done by,Treat others like the way you would like to be treated.
231,Doctors make the worst patients,It’s difficult to advice a person on a matter in which he is an expert.
232,Don’t carry coals to Newcastle,"In the past, Newcastle was known for its coal mines. Coal was mined here and taken to other parts of England. So, if you carry coal to Newcastle, you’re doing unnecessary work."
234,Don’t cross the bridge till you come to it,Deal with a situation when it happens and not unnecessarily worry about it in advance.
236,Don’t kill the goose that lays golden eggs,"If you kill a goose that lays golden eggs, you destroy something that makes lot of money for you."
238,Don’t think there are no crocodiles because the water is calm,Everything calm and peaceful doesn’t mean there are no dangers around.
239,Don’t throw the baby with the bathwater,Don’t discard something valuable while getting rid of something worthless.
241,Empty bags can’t stand upright,A poor or hungry person cannot discharge his duties well.
242,Every horse thinks its own pack is heaviest,We think that we work the hardest. This is also called responsibility bias: People tend to overvalue their own contributions and undervalue contributions of others.
243,Every tub must stand on its own bottom,We can’t hide incompetency behind teamwork. Everyone has to justify their expense.
244,Fall seven times; stand up eight.,Be resilient and try despite failures. That’s how you succeed.
245,Faults are thick where love is thin,"If the love is shallow, people will find faults in each other."
246,"Flattery, like perfume, should be smelled but not swallowed","Enjoy the flattery you receive, but don’t believe it because people often flatter to meet their own selfish interests."
249,"For want of a nail the shoe is lost, for want of a shoe the horse is lost, for want of a horse the rider is lost","in insignificant nail resulted in the loss of the rider. Small things can have huge implications. So, don’t ignore nuances and minute details. They’re the ones that stand people out."
260,"If you buy cheaply, you pay dearly",Something cheap will be of suspect quality and will trouble you later in the form of higher maintenance and/or poor performance.
261,"If you can’t beat them, join them","If you can’t beat your opponent, then work alongside them for mutual benefit."
262,"If you want peace, prepare for war","If you utilize the peace time to get better at war, your adversaries will hesitate in waging a war on you, and hence the time of peace will stretch."
264,Imitation is the sincerest form of flattery,Words of flattery may not be sincere. But action (imitation) is sincere. Who wouldn’t be flattered if someone imitates them in some way?
267,"It is easy to find a thousand soldiers, but hard to find a good general",Leaders are not easy to find. Retain them at whatever price it takes if you’ve them.
271,It takes two to make a quarrel,"Without involvement of at least two persons, a quarrel won’t happen. So, if one of the two persons decide, a quarrel won’t happen."
272,Justice delayed is justice denied,"In many countries, wheels of justice move so slow that sometimes it takes decades to pronounce a judgment. This causes suffering in terms of time and money wasted and the long wait for justice."
273,Kind words will unlock an iron door,"If you talk politely, people are more amenable to your suggestions and ask."
274,Kings have long arms,Governments have far-reaching powers.
276,"Least said, soonest mended","When you fall out with someone, restrain yourself from using foul, upsetting language. Words can leave a lasting impression and make it difficult to reconcile."
277,Lend your money and lose your friend.,"Lending money to a friend can lead to souring of friendship. If you ask to repay, he may feel offended, and if he fails to repay, you’ll be offended."
279,Lightning never strikes twice in the same place,Misfortune does not occur twice in the same way to the same person.
280,"Like people, like priest","Quality of people is a good indicator of the quality of their leader. We expect our bureaucracy, politicians, and other leaders to be impeccable. But they don’t descend from heavens. They come from the very people they represent, and hence their quality will be reflective of the quality of people."
281,"Long absent, soon forgotten","If you haven’t met or spoken to a friend or relative in long time, he’ll be forgotten. Such friendships eventually wither away or may just remain a distant acquaintance."
282,Look before you leap,"Consider all consequences before taking an action, especially when you can’t retract."
283,"Love me, love my dog","If you love someone, then you should love them as they come with their qualities, shortcomings, friends, family, and so on."
285,Make yourself all honey and the flies will devour you,"If you’re a yes-man and often talk sweet language to please others, people won’t respect you."
286,Money doesn’t grow on trees,Spend money carefully because it’s limited. You can’t grow it on trees and replenish.
288,More die of food than famine,More people die because of excess indulgence in food and eating unhealthy than because of shortage of food.
292,Never test the depth of water with both feet,"If you’re testing the depth of water with both feet down, you risk being drowned if the water turns out to be deep. But if you test with one foot, you can pull away. The proverb means that before going whole hog into something unknown, assess the risk well."
295,Once bitten twice shy,A person won’t do something a second time because he/she had bad experience the first time.
296,One man’s junk is another man’s treasure,What may seem to be junk to one person maybe valuable to another.
297,Pen is mightier than sword,Thinking and writing have more influence on people and events than use of force.
298,People who live in glass houses shouldn’t throw stones at others.,People who have some shortcomings shouldn’t criticize others for having the same shortcomings.
299,Persuasion is better than force,You can achieve better results through persuasion than through coercion.
300,Politeness costs little but yields much.,"Speaking politely costs no more than speaking rudely, but it can yield much more by making friends."
302,Rich man’s joke is always funny,People agree with and flatter rich people to be in good books with them.
303,Shrouds have no pockets,"We arrived in this world without anything, and we’ll leave without anything."
304,Silence is half consent,"If you don’t object to what someone says or does, you may be assumed to agree to some extent."
305,Slow and steady wins the race,Slow and consistent work leads to better chance of success than quick work in spurts.
306,Smooth seas do not make skillful sailors.,"If you work only on regular projects, you won’t be challenged and hence not become better at what you do. So, volunteer into few challenging projects as well."
307,Still water runs deep,"If a person doesn’t speak much, it doesn’t mean they lack depth or are uninteresting."
309,The family that prays together stays together.,The family that gets together regularly to pray or eat is more close-knit than the family that doesn’t.
310,The grass is greener on the other side of fence,People are never satisfied with their own situation; they always think others have it better.
311,"The harder you work, the luckier you get","The harder you work, the more ideas and chances you may make for yourself."
313,The highest branch is not the safest roost,"Those in the highest positions can be vulnerable as many aspire to replace them. Second, if the person is replaced, it’s not easy to find a similar position because of paucity of roles at the top."
314,The longest way around is the shortest way home,"If you want to achieve the desired quality, work diligently and carefully and not cut corners."
315,The nail that sticks out gets hammered down,"If you deviate from the norm, you’ll face resistance, even hostile reaction in extreme case."
316,The only free cheese is in the mousetrap,"There rarely are completely free offers; they come attached with hooks. So, beware of such offers."
317,The proof of pudding is in eating,"You can only judge the quality of something after you have tried, used, or experienced it."
318,"There are many paths to the top of the mountain, but the view is always the same","We all want peace and happiness in life, and there are multiple ways of achieving this goal. However, many get so tunnel-focused that they fail to see paths other than their current job, which may ironically be hurting their pursuit of happiness. So, once in a while, take a step back and reflect."
319,There are more ways than one to skin a cat,There is more than one way to reach the same goal.
322,"The tongue is but three inches long, yet it can kill a man six feet tall.","We should avoid foul, inconsiderate language because it can leave lasting scars and dent relationships forever."
323,"To know the road ahead, ask those coming back","Many take up a job or project they later hate, wasting precious years. This can be avoided if you ask few who’ve undertaken the same job or project about their experience."
324,What can you expect from a pig but a grunt?,What can you expect from a bad character but foul and rough language?
325,"When a twig grows hard, it is difficult to twist it","A person can be moulded when young but not when he has grown up. So, one should inculcate good values in children while they’re still young."
326,"Where there’s will, there’s way","If you are determined enough, you can find a way to achieve what you want, even if it is difficult."
327,"While the cat is away, the mice will play","Without supervision, people will do as they please, especially in disregarding or breaking rules."
328,Why buy a cow when milk is so cheap?,Why take the trouble of investing in a cow and then maintaining it when you can simply buy milk far cheaply? You should avoid buying unnecessary assets when you can do with far cheaper options.
329,Why keep a dog and bark yourself?,"Sometimes, you have employees for specific job, but someone else ends up doing that job. That’s a waste."
330,"Words must be weighed, not counted",Word count doesn’t matter. What matters is how effective they’re.
331,You can catch more flies with honey than with vinegar,It’s easier to win people to your side by persuasion and politeness than by confrontation and threats.
332,"You can lead a horse to water, but you can’t make it drink","You can show people the way to do things, but you can’t force them to act."
335,You can’t teach an old dog new tricks,People who have long been used to doing things in a particular way will not abandon their habits to learn something new.
336,You do not fatten a pig by weighing it,"This proverb is quoted by opponents of too much testing. Weighing a pig won’t fatten it. Altering its diet would. Similarly, testing kids in school multiple times won’t improve their performance in a particular subject. What’s required is an elaborate system to work on students’ weak areas."
337,"You show me the man, and I’ll show you the rule",Rules change depending on how powerful the person likely to be affected by the rules is.
339,A house divided cannot stand,"Prosperity and success come when a country, society, institution, or family stand united on issues and work together."
341,The fish always stinks from the head downwards,"A dead fish starts rotting from head downwards. Similarly, in any organization or country, the rot sets in from the top. If the leadership is defunct, corrupt, and self-centred, implications will soon spread to the entire organization."
342,"If every man would sweep his own doorsteps, the city would soon be clean","For community work, everyone should take responsibility and contribute whatever little they can. Small contributions by many can accomplish mammoth tasks such as cleaning an entire city."
343,Corporations have neither bodies to be punished nor souls to be damned,"Protesting against a government or a large organization is unlike protesting against individuals. An organization can use its deep pockets and power to take you on for decades together, and it wouldn’t bother anyone in that organization because individuals there don’t suffer financially or otherwise. In contrast, the protesters suffer individually. That’s why it’s not easy for individuals to slug it out against organizations and governments."
344,"When the last tree is cut down, the last fish eaten, and the last stream poisoned, you will realize that you cannot eat money","A Native American proverb. It’s paramount to save the environment. We’re already seeing the adverse effect, which seem to intensify every year, of untold exploitation of nature."
345,"New lords, new laws",New governments have their own agendas.
346,A penny saved is a penny earned,It’s just as important to save money as it is to earn it.
347,A bad excuse is better than none,"Always give an excuse when necessary, even if it's a poor one."
348,A bad penny always turns up,An unwanted or disreputable person constantly comes back.
351,A bird in hand is worth two in a bush,It is better to keep what you have rather than to risk losing it by searching for something better.
353,A book holds a house of gold,There is a wealth of knowledge in books.
354,A broken friendship may be soldered but will never be sound.,Friendships can be rebuilt after a dispute but will never be as strong as before.
355,A burden of one's own choice is not felt.,Something difficult seems easier when it is done voluntarily.
356,A burnt child dreads the fire.,A bad experience will make people stay away from certain things.
357,A calm sea does not make a skilled sailor,A person shows their competence or ability when difficulties arise.
358,A chain is no stronger than its weakest link,The strength of a group depends on each individual member.
359,A change is as good as a rest,A change in routine is often as refreshing as a break or a holiday.
362,A day of sorrow is longer than a month of joy.,Times goes by very quickly when you are happy and very slowly when you are sad.
363,A drop of ink may make a million think.,A thought expressed in writing (perhaps published in a newspaper) can influence a large number of people.
364,A fault confessed is half redressed,Admitting one's mistake or fault is the first step towards making amends.
365,A flower blooms more than once,"If you miss an occasion, you can avail yourself of it another time."
366,Bad beginnings lead to bad results,If you start something badly the result will be unsatisfactory.
367,Bad news travels fast.,"People tend to circulate bad news very quickly (accidents, illness, etc.)."
368,"Be slow to promise, quick to fulfil","Be reliable: think carefully before making a promise, then keep it."
369,Better brain than brawn,It's better to have a brain than muscles.
370,Better an egg today than a hen tomorrow,It is preferable to have something sure now than the possibility of something better later.
371,Care is no cure,Worrying about something does not solve the problem.
373,Children and fools tell the truth,Neither children nor fools know that it is sometimes advantageous to lie.
374,"Clear moon, frost soon","If the atmosphere is clear, frost may form."
375,Clothes don't make the man,Appearances can be deceiving.
376,Courtesy is contagious,"If you are polite to other people, they will be polite to you."
377,No cure no pay,"If the results promised are not produced, there will be no payment."
378,Dead men tell no lies,A dead person cannot cause difficulties by revealing something that it would be preferable to conceal.
379,Death is the great leveller,All people are equal when they die.
380,Diamonds cut diamonds,Refers to two people equally matched in wit or cunning.
381,Diligence is the mother of good fortune.,Hard work brings rewards.
382,Don't bark if you can't bite,Don't complain if you can't enforce your point of view.
383,Dogs of the same street bark alike.,People of the same background have the same behaviour.
384,Easier said than done.,"What is suggested sounds easy, but it is more difficult to actually do it."
385,Elbow grease is the best polish,Hard work produces the best results.
386,Empty vessels make the most noise,The least intelligent people are often the most talkative or noisy.
387,Enough is as good as a feast.,A moderate amount is sufficient.
388,Even a worm will turn.,Even someone who never complains will react to an intolerable situation.
389,Every man has his price,Everyone's loyalty can be bought for a price.
390,Failure teaches success,People can learn from their failures and be successful later on.
391,Fear lends wings,Fear makes you do things faster than would normally seem possible.
392,Forbidden fruit is sweet,What you cannot have is what is always the most desirable.
393,"Friendship is like money, easier made than kept.",Effort is necessary to keep a friendship alive.
394,Friendship is love with understanding,A friend is more tolerant than a lover/partner/spouse.
395,Gardens are not made by sitting in the shade,Nothing is achieved without effort.
396,Good accounting makes good friends.,You will keep your friends if you avoid disputes over money.
397,"Grasp all, lose all",Trying to obtain everything will often result in gaining nothing.
400,Handsome is what handsome does,Behaviour is more important than appearance.
401,Hatred is as blind as love.,A person who feels hatred does not see any qualities in the person he/she hates.
402,He who hesitates is lost,"If you delay your decision too long, you may miss a good opportunity."
403,Hunger is a good sauce,All food tastes good when you are hungry.
404,If you snooze you lose,"You should pay attention and act quickly, otherwise someone else will do it before you."
405,"In for a penny, in for a pound","If you start something, it is better to spend the time or money necessary to complete it."
406,It never rains but it pours.,Misfortune usually comes in large numbers.
407,It is always darkest before the dawn,The most difficult time is just before the problem is solved.
408,It's no use crying over spilt milk.,Don't express regret for something that has happened and cannot be remedied.
410,Knowledge in youth is wisdom in age,What you learn when you are young will be invaluable when your grow old.
411,Less is more,A small amount of something can be more effective than too much of it.
412,Let bygones be bygones.,Let's forgive and forget past quarrels.
413,A lie begets a lie.,Telling one lie will lead you to tell another one.
414,Loose lips sink ships,Disclosing important information (to the enemy or a competitor) could result in large losses.
415,"Losers weepers, finders keepers","If you lose something you lament, if you find something you keep it."
416,Make a silk purse out of a sow's ear.,Manage to produce something good using poor material.
418,Manners make the man.,A person's manners reveal their origins.
419,"Marry in haste, repent as leisure","If you get married too quickly, you may spend your whole life regretting it."
420,Might is right,Thoose with the most strength or power think they can do whatever they want.
421,Money begets money.,If you have money you can make more money.
422,Money doesn't grow on trees,You should not waste money because it is not plentiful or obtained easily.
423,"Monkey see, monkey do",Foolish people copy others.
424,Necessity knows no law,Being desperate may lead you to do illegal things.
425,Need teaches a plan,Necessity will make you find a solution.
426,No joy without annoy.,There is no happiness without clouds.
427,"No losers, no winners","If there were no losers, there could be no winners."
428,"No rain, no grain.",Without rain the harvest will be poor.
429,"No wind, no waves",There could be some truth in the rumour ...
430,"Out of sight, out of mind",We tend to forget people or things that we do not see.
431,Parents are patterns,Parents are role models for their children and should therefore set a good example.
432,Pity is akin to love.,"If you begin to feel sorry for someone, you may start to love them."
433,Pride comes before a fall.,Don't be too self-confident or proud; something may happen to make you look foolish.
435,Rats desert a sinking ship,People abandon a failing enterprise when problems develop.
436,Reason does not come before years.,Wisdom and maturity come with age. Young people lack common sense.
0,Wait and see,Be patient for the outcome of a given scenario before jumping to a decision or a conclusion.
2,Be all you can be,Exercise your full potential; don’t settle for less.
3,Live and learn,Life is an opportunity for learning.
5,Never say never,"What you think is impossible today may be realized tomorrow, so never give up hope or make outright assumptions."
6,First things first,"When carrying out a series of tasks, the mos t important ones should come first."
8,Give an d take,It is often necessary to make compromises in order to maintain mutual satisfaction.
10,"First come, first served",People will be taken care of in the order in which they arrive.
13,Life is sweet,This is used as a way to express and celebrate when your life is going well.
14,A picture is wor th a thousand words,A photograph speaks louder than any explanation one could offer and gives better evidence than any number of witnesses.
15,Enough is enough,One must put a stop to an annoying action that has been going on for too long.
16,Thought is free,No one can stop you from thinking what you want.
17,Time flies,Time goes quickly.
18,Life is a battle,We must constantly struggle to get through our lives.
20,Easier said than done,Some tasks are easy to talk about but difficult to execute.
21,You are what you eat,"Food has a profound impact on your physical and personal growth, so be thoughtful with what you eat."
22,Diamonds are a girl's best friend,"This proverb implies that women value luxurious, superfi cial beauty above things like love and compassion."
24,Never too late to learn,"You can always learn something new, no matter how old you are."
25,There’s no place like home,The best place in the world is home.
26,Love is blind,We tend to idealize the people we love and fail to see their flaws or misdeeds.
27,Forgive and forget,It is better to let go of a grudge than hold onto it.
28,Much ado about nothing,A great deal of fuss can be made about something insignificant.
29,What goes around comes around,The consequences of a person’s actions will catch up with them eventually.
30,Finders keepers,An unclaimed object is freely taken by anyone who happens upon it.
32,Mind your own business,Do not get involved in other people’s affairs.
34,Seeing is believing,"If you are told about something unexpected happening, you may not trust that it is true until you witness it with your own eyes."
35,Know thyself,"This proverb can be used as a caution that we should know our limits and weaknesses, or as motivation to disc over our strengths and hidden talents."
36,Sink or swim,"At a critical point, a person must t ake action to succeed or face certain failure."
38,Live and let live,Enjoy your life while being respectful of others who choose to live differently.
39,Dead men tell no tales,Don’t risk doing something you’ll regret simply to impress others; you may not live to tell the story at all.
41,Never say die,Don’t give up or even mention the possibility of failure.
42,"The more, the merrier",A party or other social situation is always more fun with more people.
44,The good die young,This is a poetic way to lament that someone has died at a young age.
45,Talk is cheap,"If you believe in what you are saying, commit to it by taking action."
46,Tomorrow is another day,"Even when things don’t go well today, there i s always tomorrow to do better."
47,Patience is a virtue,Patience is a valuable characteristic as it makes us more tolerant and capable of dealing with stressful situations.
48,Measure for measure,"For good or evil, you should reciprocate with a proportionate amount or value and not go overboard."
49,Small is beautiful,"In contrast to the idea that “bigger is better,” using appropriate technologies that are scaled to local needs is a more elegant, sustainable solution."
50,You can't always get what you want,Don’t expect to have everything your way.
51,Life is but a dream,"Life may be enjoyable, strange, or mysterious, but we have little power to change it."
52,"Use it, or lose it",This is a pithy way of saying that you have to continually exercise a skill if you want to keep it.
54,To err is human,"All people make mistakes, so be patient with others."
55,The devil is in the details,The details are the most difficult parts of a task.
56,"When it rains, it pours",Bad and unfortunate things often seem to happen all at once.
57,Don't judge a book by its cover,Appearance is often not an accurate representation of an object’s true value.
58,History repeats itself,People tend to make the same mistakes again and again over the course of history.
59,Love will find a way,Love will overcome hardships or interference from others.
60,Variety is the spice of life,It’s good to try different things and get to know different people.
61,Business is business,"In business transactions there is no place for courtesies, compliments, or consideration of personal feelings."
62,The best things in life are free,"The pleasures of nature, spirituality, emotions, and good re lationships can be better than anything you could buy."
63,Prevention is better than cure,It is better and easier to stop a problem from happening or a disease from developing than have to fix or treat it later on.
64,Tomorrow never comes,"Don’t procrastinate, since you are unlikely to ever actually finish something as soon as you have decided to do it “tomorrow."
65,There is always hope,Don’t give up because there is always a way.
66,Money is the root of all evil,Many wicked deeds are ultimately about greed for money.
68,Times change,Culture and customs and social expectations change.
69,Power corrupts,"When people get authority and influence with less accountability, they tend to use that influence in their own interests."
70,Easy does it,Proceed carefully.
71,Money can't buy happiness,There are limits to what wealth can do for you.
72,United we stand; divided we fall,The only hope for an important venture to succeed is for everyone who is part of it to support each other and remain committed.
73,Divide and rule,This tactic was employed by imperial powers in their co ntrol over various subordinate countries.
74,Money is power,Wealthy people have influence.
75,One size does not fit all,People are unique and need unique solutions for their problems.
76,No news is good news,"If you haven’t heard any updates, things are probably going well."
77,Necessity is the mo ther of invention,People are forced to come up with clever solutions when they are faced with an imperative need or difficult problem.
78,Care killed the cat,Worrying can be just as dangerous as recklessness.
79,All’s well that ends well,"Though an endeavor may be fraught with mistakes and mishaps, it is the ending that really counts."
80,Nothing is forever,"Appreciate what exists now, even if it is temporary."
82,Unity is strength,People are stronger in groups than on their own.
83,All that glitters is n ot gold,Don’t be fooled by an attractive appearance; sometimes it is not a reflection of an object’s true nature.
85,"If it ain't broke, don't fix it","If an old machine is still working reasonably well, there is no need to fix or change it."
87,Give credit where credit is due,Don’t take credit for another person’s work.
91,An apple a day keep s the doctor away,Eating an apple every day keeps the body in good health.
92,Nothing for nothing,Everything has a cost.
93,"Waste not, want not",Use your money and resources wisely and discreetly.
97,Let your dreams come true,Good things will happen if you allow them to happen.
98,"See no evil, hear no evil, speak no evil",Do not pay attenti on to bad behavior or say bad words.
99,Misery loves company,People who are depressed enjoy it when others feel the same way.
100,It takes two to tango,Two people doing something together share the responsibility equally.
102,Old habits die hard,"When we do activities regularly, they become ingrained and can be difficult to change."
103,Freedom is not free,Freedom is not a given; it often must be fought for with a lot of sacrifices.
104,Noblesse oblige,Those with money or influence ar e socially obligated to share some of their fortune with others in their community.
108,"Last in, first out",The refers to a policy in accounting where the most recently added inventory are sold first.
111,"Spare the rod, and s poil the child",A child needs discipline and limits.
112,Every picture tells a story,One can glean a lot of information simply by observing a picture or a scene.
113,"Deeds, not words",One should act instead of making empty promises.
115,The end justifies the means,This saying expresses the view that sometimes you have to do something unpleasant or even questionable for the greater good.
116,Two heads are b etter than one,It’s helpful to have the advice and insight of a second person.
117,Put up or shut up,"Either take action on what you’ve been talking about, or stop talking."
119,"Where there’s a will, there’s a way","As long as you have the desire, determination, and willpower to achieve something, there i s a way for you to achieve it (though it may be a long, hard road)."
120,"No pain, no g ain","Great reward comes in return for hard, painful work."
122,Cherchez la femme,"A woman, in many cases, is the root cause of mysterious problems."
123,What doesn't kill you makes you stronger,"Painful experiences, physical or otherwise, are good for your personal growth."
124,A little learning is a dangerous thing,"In the pursuit of kno wledge, it is sometimes easy to feel like an expert, even at the elementary level."
125,Put your money where your mouth is,"If you have a cause that is close to your heart and which you frequently talk about, you should be willing to designate money and effort to actively support your cause."
126,Well begun is half -done,"Doing a good, careful job at the start of a project makes it much easier to finish the rest of the project successfully."
127,Brevity is the s oul of wit,A truly wise person can say a lot with very few words.
129,All roads lead to Rome,There are many routes one can take to reach a destinat ion.
130,Every little helps,Even the smallest contribution is helpful in completing a task.
132,Truth is stranger than fiction,Life is full of strange events that even the most creative of artists and writers can’t conceive.
133,The customer is always right,This is a customer-service philosophy that gives high priority to customer satisfaction as it maintains the customer’s loyalty and the business’s reputation.
135,"Think globally, act locally","When making a change or decision that could help the world, start in your own community."
136,What goes up must come down,Even good things can’t last forever.
137,"No cure, no pay",Compensation is not guaranteed if the work is not performed to satisfaction.
142,Leave well enough alone,It is not always helpful to try to solv e a problem if there is no pressing need to fix it.
143,Clothes make the man,One’s attire is a sign of their success in life (or lack thereof).
144,You can't please everyone,"Trying to make everyone happy only results in compromising everything, so that no one is happy."
145,Man is the measure of all things,Everything in the world is up to human interpretation.
147,Money isn’t everything,Many th ings are more important than money.
148,There is a time and place for everything,Certain actions and behaviors are appropriate sometimes and inappropriate at other times.
149,Revenge is sweet,"This proverb expresses the idea that, for some people, it feels satisfying to retaliate when someone has harmed them."
150,"Garbage in, garbage out",The use of poor -quality materials will not make for a worthy product.
151,The first step is the hardest,The most difficult part of any process is the starting point.
152,Rules are made to be broken,This proverb is used as a humorous way to say that it is acceptable to break a rule.
153,Speech i s silver; silence is golden,"It is good to speak, but better to be silent."
154,"Seek, and ye shall find","If you actively look for something, you will eventually find it."
156,Different strokes for different f olks,Different people prefer different things.
158,What happens in Vegas stays in Vegas,"Any scandalous activities that occur while traveling abroad, especially to a notorious destinati on, should be kept confidential."
159,The voice of the people is the voice of God,Whatever outcome the majority of people in a nation or community desire is the one that is most likely to happen.
161,"No harm, no foul",A mistake will be forgive n if no damage was done.
163,"Do as I say, not as I do",This proverb comes from the idea that people often do not practice what they preach.
164,Something is better than nothing,"Appreciate w hat you have, even if it falls short of what you want."
165,No good deed goes unpunished,Attempts to help others can end up getting you into trouble.
166,Never is a long time,"You are saying you will “never” do something, but you may actually change your mind."
167,Blood will tell,One will likely follow in the footsteps of his ancestors.
168,You can have too much of a good thing,Just because something is good and enjoyable doesn’t mean you should have it in unlimited quantities.
169,"Another day, another dollar",This proverb points to the often monotonous day -to-day routine that many people find themselves trapped in just to make a living.
172,It pays to advertise,Something that is good or worthy won’t get noticed automatically.
173,Let bygones be bygones,This is used as a reminder or warning to avoid mentioning past disagreements and not let them spoil current relationships.
174,There is nothing new under the sun,"Human nature and behavior does not change, no matter what age you live in."
175,Hobson’s choice,Some choices are such that one can take what is offered or take nothing at all.
176,You win some; you lose some,You can’t succeed at everything you try.
178,Take the bull by the horns,"Challenging problems need to be faced directly, decisively, and bravely."
180,"If you believe, you can achieve",Anyone can be successful if one only believes in oneself.
181,Crime do esn't pay,"Committing a crime may give the criminal short -term wealth or relief, but eventually, he will have to suffer serious consequences, and the harm will be greater than the benefit."
182,It takes one to know one,A person who has a certain flaw most easily recognizes that flaw in others.
183,A thing of beauty is a joy forever,True beauty is everlasting; the memory of a beautiful experience rests eternally in the mind.
185,Still waters run deep,Someone who appears calm and quiet from the outside could actually be more complex and thoughtful than we might think.
186,Walls have ears,"Don’t talk too loudly or indiscreetly about sensitive matters, even if you can’t see anyone else nearby."
187,Love makes the world go round,"Love, ki ndness, and positive interactions are so powerful that they drive the course of action for many people."
188,Many hands make light work,A difficult task is easier with the help of others.
192,"Measure twice, cut once",Plan carefully to avoid wasteful mistakes.
193,Ask and it shall be given,"If you want something, you must make the effort to get it."
194,"Learn to live, and live to learn","This is a variant of “live and learn,” which poses a philosophical challenge."
195,Revenge is a dish best served cold,"This proverb expresses the notion that, for some people, it is more satisfying to retaliate for a wrongdoing a long time after an offens e than immediately after it happens."
196,Do one thing at a time,"Pace yourself; if you attempt to do too manythings at once, you may not finish anything at all, so give every task the attention it deserves."
197,Fake it until you make it,One who imitat es a desired quality with confidence will eventually realize that quality.
198,Be what you woul d seem to be,Try to live up to people’s expectations of you.
199,All men must die,There is no escaping death.
201,Better the devil you know,Sometimes one must choose the lesser of two evils.
202,A rose by any other name would smell as sweet,"The essence of a person or object is not found in its name, as the name is only a reference."
205,"A place for everything, and everything in its place",Things should always be kept in their designated places; a cluttered space means a cluttered mind.
206,Out of the frying pan into the fire,"Sometimes, escaping a difficult situation only leads to a worse situation."
209,Manners maketh man,Good behavior is the defining feature of humanity and manhood.
212,No smoke without fire,There is usually some truth behind a rumor or suspicion.
213,"Que sera, sera",Do not worry about things you cannot control.
215,"Fool me once, shame on you; fool me twice, shame on me",A person should know enough not to be tricked twice by the same person or the same trick.
216,Money makes the world go round,Money is what drives everything else in our lives.
217,Union is strength,Individuals can do more to accomplish their goals in a like -minde d community than on their own.
218,The truth will out,You can’t hide a serious matter forever.
219,The family that prays together stays together,A shared religious practice keeps family ties strong as they come together more often and engage in common activities.
220,Let the buyer beware,Know what you are getting when you make a purchase without a guarantee.
221,One man's trash is another man's treasure,"People value things for different reasons, so anything can be a prize to someone who will see a value in it."
222,"If at first you don’t succeed, try, try, try again",Don’t give up because something doesn’t work out the first time you try it.
223,Every dog has his day,Everyone will eventually experience good fortune.
224,"If you can't beat 'em, join 'em",It is sometimes necessary to surrender one’s pride and conform to another person’s or group’s way of doing things.
225,Hell hath no fury like a woman scorned,This proverb plays to the stereotype that women can be vengeful and nasty when angered.
227,The love of money is the root of all evil,All evils in this world can be traced back to money.
228,Marriages are made in heaven,"Matrimony is an important, holy institution."
229,"Don't get mad, get even",This spiteful proverb encourages one to seek revenge instead of wallowing in anger or self -pity.
230,Moderation in all things,"It is best to seek out balance and not have too much or too little of anything in life, whether food, drink, or even exercise."
231,Rome was not built in a day,Major achievements take a significant amount of time to be realized.
232,"No cross, no crown",You cannot be successful in life and reach your goal without going through hardships.
234,"An eye for an eye, and a tooth for a tooth",The punishment must match the crime.
235,"When in Rome, do as the Romans do",Observe the customs and courtesies of the people ar ound you.
237,Knowledge is the best medicine,The best way to improve a situation is to fully understand it and learn about the causes of the problem.
239,Life is not a bed of roses,We normally should not expect an easy life with luxuries and comforts.
240,A sound mind in a sound body,A healthy body is a precursor to a healthy mind.
241,Better out than in,It is better to divulge a secret than to keep it in.
242,"Where there's smoke, there's fire","Whenever something seems odd or unusual, it could be a sign of a real issue."
244,All’s fair in love and war,"In a highly contested situation, no action is considered out of bounds for a self -centered person to achieve his goal."
245,Familiarity breeds contempt,"If you spend enough time getting acquainted with a person, their imperfections will eventually be revealed."
246,Turnabout is fair play,"It’s fair to do the same thing to someone that they have done to you, including unpleasant things."
247,"If it sounds too good to be true, it probably is","Don’t fall for something that sounds too spectacular, as it is most likely a trick to dece ive you."
248,Kill or cure,This is said of a desperate solution that will be either a complete success or a sure failure —no in - between.
249,Poverty is not a crime,"People should not be punished, shamed, or regarded as inferior simply for lacking sufficient means."
250,Appearances are deceptive,Things are not always as they seem upon first glance.
251,"My house, my rules",The owners of a house can dictate what happens in that home.
252,The way to a man’s heart is through his stomach,"If you want to win a man’s love, cook tasty food for him."
253,Take things as they come,Focus on current issues instead of worrying about how to handle problems in the future.
254,The world is a sma ll place,"It is a remarkable fact that we often cross paths with the same people, in spite of how huge the world is."
255,Any port in a storm,One cannot be too particular in a time of need.
257,Treat others how you want to be treated,"Just because other people have less money, powe r, or authority than you have, this doesn’t give you the right to treat them with disrespect."
258,You don't get something for nothing,Nothing in life is free.
259,"Speak softly, and carry a big stick","Negotiate calmly, but show that you have the strength to fight for your cause."
260,Sweet are the uses of adversity,"Difficulties and misfortunes can turn out to have good benefits, at least by allowing us to appreciate things that we didn’t no tice before."
261,Penny wise and pound foolish,This phrase describes someone who is very careful and economical with small amounts of money but wasteful with large sums.
262,Nature abhors a vacuum,Vacant spaces tend to be filled quickly.
264,History is written by the victors,It is the winners who have the power to catalogue historical events.
265,A diamond is forever,Pure and original things are everlasting.
266,Sell in May and go away,"This refers to a business strategy to sell stocks in springtime and buy again in the fall, based on the belief that stock -market returns are lower between those months."
267,"To the pure, all things are pure","Those who are themselves kind and innocent are much more likely to have a positive, trusting view of the world around them."
268,"Physician, heal thyself","If you consider yourself an expert and start offering advice and support to others, you should be able to solve your own problems."
269,"As you sow, so shall you reap","In accordance with the law of karma, everyone must pay the consequences for their own actions."
270,Old soldiers never die,"Old soldiers who have survived many wars and dangers will ironically die peacefully of old age, with their past glories being forgotten by most people."
271,Hope for the best and prepare for the worst,"It is okay to dream, but be prepared if things don’t go according to plan."
272,"If you don’t know, ask",Don’t assume there’s no solution to a prob lem or answer to a question just because you don’t know what the solution or answer is.
274,Keep your breath to cool your porridge,"Mind your own business, and don’t waste your energy meddling in other people's affairs."
278,The best things come in small packages,Small gifts can be particularly precious.
279,Tastes differ,"Everyone has different preferences, and that should be valued and accepted ."
282,It's not what you know; it's who you know,Having skills and knowledge is not as important as having a network of personal connections.
283,No man can serve two masters,A person cannot divide their loyalties or pursue two contradictory goals.
284,Business is war,This proverb alludes to the highly competitive nature of the business world where the rivalry between two companies is likened to a battle between nations.
285,All men are mortal,Everyone is equal in that no man lives forever.
286,"Heads I win, tails you lose","In a dispute or competition, a person might have an advantage from the start."
287,Per ardua ad astra,This Latin motto for the Royal Air Force is usually translated as “Through adversity to the stars.
288,Every man to his trade,One shoul d not venture outside their particular area of expertise.
289,"The bigger t hey are, the harder they fall",People with power and influence have the most to lose.
290,A house divided against itself cannot stand,Internal conflict in a group will only lead to its demise.
291,Better to have loved and lost than never to have loved at all,Love is so precious that it is even worth the pain experienced upon losing it.
292,Christmas comes but once a year,"Because it only happens once a year, one should treat Christmas with th e caring, compassionate, and generous spirit it deserves."
293,Pride goes before a fall,Someone who is arrogant will soon suffer humiliation.
294,It is never too late to mend,"It’s never too late to apologize or make amends for something you did wrong, or to change your ways."
295,"East or west, home is best",People may travel the world far and wide but will eventually realize that home is the place they truly belong.
296,Time is a great healer,"Wounds or hurts that can’t be cured now will eventually disappear (at least, for the most par t) with time."
297,Experien ce is the best teacher,One learns best not by studying theoretical concepts but by direct experience.
298,Travel broadens the mind,Travel helps you become open -minded.
299,Make haste slowly,In urgent situations act swiftly and carefully.
300,Money makes money,"The more money you have, the easier it is to get more mo ney."
301,The best is the enemy of the good,Pursuit of perfection can keep you from accomplishing any good job at all.
302,There is a time to speak and a time to be silent,Know when to speak up and when to keep your thoughts to yourself.
303,Pretty is as pretty does,"Looking good doesn’t make you a good person, as your behavior will determine people’s opinion of you more than the way you look."
304,"While there is life, there is hope","As long as you are alive, there is always hope of better times and better things to come, so don’t give up trying to improve your circumstances or make positive changes."
306,Cheaters never prosper,"Though dishonest people may receive short -term rewards, they will never enjoy long -lasting success."
307,A rising tide lifts all boats,The effects on the greater whole are visible in each of its parts.
308,Confession is good for the soul,There is freedom in admitting one’s wrongdoing.
309,"The better the day, the better the deed",This is a way to say that someone w ill be working on Sunday or a holiday.
311,"Man proposes, God disposes","People can make plans, but ultimately we are not in control of whether th ey succeed."
313,Give the devil his due,Even a generally loathed person deserves recognition for a positive act.
314,Make the best of a bad job,We need to look for the positive aspects in unfortunate circumstances.
316,It is better to give than to receive,"A lot of joy, satisfaction, and happiness comes from giving to others."
317,"Judge not, that ye be not judged","If you don’t want people judging and thinking badly of you, don’t judge or think badly of others."
318,Lost time is never found again,Be careful how you use your time because you cannot get it back.
319,"The spirit is willing, but the flesh is weak","There are goals that you aspire to accomplish, but your health or physi que don’t allow you to."
320,Hindsight is always 20/20,We often only see things clearly once we look back on a situation.
321,One man’s meat is another man’s poison,"Different people have different taste s, so what one person loves might be terrible to another."
323,A man is known by the company he keeps,"By noting the habits of a person’s friends, you can learn a lot about that person."
324,Children should be seen and not heard,"This English proverb from the fifteenth century is still employed today to keep children quiet, though it was originally used mainly with regard to young women."
325,Sufficient unto the day is the evil thereof,Do not worry about the future because today’s burden s and troubles are enough to keep us busy.
326,The king can do no wrong,A supreme sovereign o r leader is above the law because of their power.
327,A woman's place is in the home,The expression refers to the traditional stereotype that a woman’s responsibility lies solely in maintaining the household.
328,Blood will have blood,One must suffer the consequences for harm done to others.
329,Virtue is its own reward,"It’s good to help others and do the right thing for its own sak e, not for the ulterior motive of a reward."
330,"When the cat's away, the mice will play",A given group of people will naturally behave inappropriately when their authority figure is absent.
331,A woman's work is never done,"While a man may work long hours at his job, the work required of a mother is never -ending."
332,Life begins at forty,"Turning forty can be an entrance into the best time in your life, as you will have more experience and financial stability."
333,No man is indispensable,No person is so important that life could not go on without them.
334,There is no smoke without fire,There is always a warning sign be fore you discover a serious problem.
335,There is safety in numbers,You are more likely to be safe from harm (physical or otherwise) when in a group.
336,Gather ye rosebuds while ye may,One should enjoy life and prosper while they have the opportunity.
339,"More haste, less speed","If you do something hastily and without due attention, you’ll probably make mistakes and will have to redo it, which is more time -consuming than doing it carefully from the beginning."
340,Bad news travels fast,People are often more likely to spread unfortunate news than good news.
341,"East is East, and West is West","Eastern cultures, such as those of China or India, will always remain distinct from Western cultures like those of Europe or the Americas."
342,Everybody loves a winner,"Successful people tend to attract followers, while the less fortunate get left behind ."
343,Rob Peter to pay Paul,This refers to pointlessly satisfying one debt by creating a new one.
344,Take the will for the deed,"Appreciate people for their good intentions, even if they did not follow through with actio n."
345,Cowards die many times before their deaths,"Each time a man retreats ou t of cowardice, he loses a piece of his dignity."
347,Make new friends but keep the old,Build new relationships while maintaining existing ones.
348,You cannot have it both ways,There’s always a compro mise when it comes to a big decision.
349,Uneasy lies the head that wears the crown,A person who holds the most visible power is vulnerable to losing that position.
350,Quality is better than quantity,Having a better product or experience is more important than having it in a larger amount or size.
351,There is a limit to everything,"As some point, a certain situation or event must come to an end , whether good or bad."
352,Laugh and the world laughs with you; weep and you weep alone,"When you are happy, others will want to share in your happiness."
353,"Early to bed and early to rise makes a man healthy, wealthy, and wise",Don’t underestimate the power of a good night’s sleep.
354,Marriage is a lottery,"When you marry someone, no matter how much you think you know them, you are taking a risk for an uncertain future."
356,Take the rough with the smooth,Do not complain about difficulties that come alongside positive experiences.
357,Two wrongs do not make a right,Hurting someone who has hurt you does not justify your actions.
358,One swallow does not make a summer,A single sign does not mean that a major change has occurred.
359,All things are difficult before they are easy,"In acquiring a new skill, the beginning is often the most challenging part."
360,"If anything can go wrong, it will","If there is any potential for a problem, it will eventually occur as another proverb agrees, “Toast always falls buttered -side down."
361,Health is better than wealth,One’s physical healt h is more valuable than mere material wealth.
362,The child is father of the man,A person’s true nature and characteristics are the same from childhood.
363,What you don't know can't hurt you,"If you are ignorant of something, you can’t be harme d by it, at least in a psychological sense."
364,You can't erase the past,There is no use lamenting mistakes you have made in the past.
366,There is more than one way to skin a cat,There’s more than one solution to any problem.
367,Nothing is impossible to a willing heart,"If you have the determination and strong will, you will reach your goal, no matter how hard it could be."
368,"Love me little, love me long",Love someone with moderation so that your love can last a lifetime.
369,Pleasures of the mighty are the tears of the poor,The luxuries that wealthy people enjoy are made possible by the suffering of less powerful people.
370,Love begets love,"In accordance with the law of karma, expressing love can inspire more loving behavior in others."
371,Don't bury your head in the s and,Neglecting a risk or threat will not make it disappear.
372,No rose without a thorn,"No matter how perfect or beautiful a person or obj ect may seem to be, when you look deeper, you’ll find they have their own flaws."
373,There is a tide in the affairs of men,"Opportunities and optimal time frames come and go, just as the tides of the sea."
374,Money makes a man,Having wealth gives a person prestige and importance.
376,Opportunity makes a thief,"Lack of supervision, control, and accountability make it easy for people to abuse the system."
377,Extremes meet,Two opposite extremes can lead to one another or complement each other.
378,An army marches on its stomach,One’s energy depends on the satisfaction of their hunger.
379,Any publicity is good publicity,Even negative attention can be valuable in getting one’s name into the public eye.
380,"Always a bridesmaid, never a bride",Some people are destined to remain in the shadows as their friends take c enter stage.
381,Speak well of the dead,Be respectful of people who have died by saying only positive things about them.
382,A wonder lasts but nine days,The sense of amazement at and admiration of a new sight or event quickly fades away as people get more familiar with it.
383,Neither a borrower nor a lender be,"Try to live within your means, and do not get involved in money loans."
384,Time works wonders,"A lot of things can improve or happen in a positive way, given enough time."
385,There is always room at the top,"No matter how competitive a field is, there’s always a way to achieve success in it."
386,"When the wine is in, the wit is out",Drunk people are apt to make silly mistakes and act foolishly.
387,"If you can't be good, be careful","If you must indulge in immoral behavior, at least practice caution."
388,He that is not with me is against me,Some people take the stand that if someone is not supportive of their cause then they automatic ally consider them to be against it.
389,The eye is the mirror of the soul,You can tell a lot about a person by looking into their eyes.
390,"If you pay peanuts, you get monkeys","If you want a job done well, you must compensate your employees fairly."
391,Never put off till tomorrow what you can do today,Do not p rocrastinate.
392,More than enough is too much,"When our need is satisfied, anything more could be harmful."
393,The proper study of mankind is man,We should focus on learning about human nature and behavior rather than metaphysical complexities like God and ultimate reality.
394,"Art is long, life is short","Art has a nature that transcends time and s pace, as compared to other materialistic objects."
395,"Dogs bark, but the caravan moves on",Move forward despite any criticism you may attract.
396,A good beginning makes a good ending,"Start strong, and you will flourish in the end."
398,You cannot serve God and Mammon,You c an’t be affiliated with two different causes with opposing agendas.
399,One of these days is none of these days,"When we put something off for the future, we are never likely to get around to it."
400,A friend to everybody is a friend to nobody,"A true friendship needs attention and care, things that are not possible to give when one keeps too many friends."
401,People who live in gl ass houses should not throw stones,Do not be hypocritical.
402,What's good for the goose is good for the gander,"What’s appropriate for a man to do is also appropriate for a woman and vice versa, specifically in relationships or families."
403,Delays are dangerous,"Procrastination is your most dangerous enemy, as it steals your time and puts you at great risks."
404,Eagles fly alone,"Strong -willed, capable people tend to value their independence; their self -sufficiency and determination enable them to avoid associating much with others."
405,Better be the head of a dog than the tail of a lion,It is better to be the leade r of a less popular group than a mere follower in a prestigious group.
407,The shoemaker's son always goes barefoot,"People proficie nt in certain skills do not use those skills on themselves or their family members, often because they are too busy."
408,Don't ki ll the goose that lays the golden eggs,"If you are experiencing good fortune, don’t spoil it out of greed."
409,Hitch your wagon to a star,There are two common interpretations of this proverb.
410,One nail drives out another,"Life is cyclical, new things or people will take the place of old ones, but the state of affairs will stay more or less the same."
411,Attack is the best form of defense,It is best to take the enemy by surprise.
412,There is nothing permanent except change,Accept that life is full of change.
414,He who pays the piper calls the tune,Only the financial supporters of an event should decide how things are done.
416,"Cold hands, warm hearts","Although they might not show it outwardly, some people are very compassionate and loving deep down."
417,Coming events cast their shadows before,One can often predict the future by noticing signs of things to come.
418,Circumstances alter cases,One may receive special treatment depending on their circumstances.
419,Every man has a price,"Even the most honorable, dignified person may surrender his morals for the right sum of money."
420,Forbidden fruit is sweetest,People are most tempted by that which is tab oo or prohibited.
422,A new broom sweeps clean,New leadership in an organization will often make drastic changes.
423,What happens at home stays at home,Personal and family -life matters should be kept private and discreet.
424,Hope deferred makes the heart sick,"Hope is what drives people and makes them able to move on, but when the thing they hope for is delayed for too long, they become exhausted."
425,Bad money drives out good,Undervalued things are often overshadowed by those of lesser quality.
426,There is no disputing about tastes,You can’t argue about something subjective.
427,Bear and forbear,Have patience and endure whatever life may throw at you.
428,"If wishes were hors es, beggars would ride",It’s easy to wish for something.
429,Conscience does make cowards of us all,"A guilty conscience can prevent one from doing something they want to do, but which society will not approve."
430,Don’t put the cart before the horse,Do things in their p roper order; don’t get ahead of yourself.
431,Don't do things by halves,A task half -finished is not finished at all.
432,A lie has no legs,Dishonesty will not get you very far as lies are often easily discovered.
433,"The race is not to the swift, nor the battle to the strong",The people who seem to be the most capable may not win in the end.
434,Enough is as go od as a feast,Satisfaction is found in moderation; excess is simply another form of waste.
435,Handsome is as handsome does,"One should be judged by their integrity and character, not by their looks."
436,It ain't over till the fat lady sings,"Don’t be quick to presume a situation (good or bad) is over, when in fact it may still be in progress."
437,The devil is not so black as he is painted,A person is not as evil or vicious as people may describe them.
438,After a storm comes a calm,There is hope for those experiencing turmoil that relief is imminent.
439,Wonders will never cease,Life is full of surprises and the unexpected.
440,Nothing is lost for asking,Pride often keeps us from asking for the things we really want.
441,A miss is as good as a mile,"No matter how close you come, a loss is still a loss."
442,Don't go near the water until you learn how to swim,Don’t attempt a task until you are absolutely ready.
443,Take time by the forelock,Take advantage of opportunities by acting promptly and decisively.
444,Saying and doing are two different things,Taking action is more difficult and more meaningful than simply talking about plans.
445,Better to die on your feet than to live on your knees,Stand up and fight for what you believe in; it is better to defend your cause than to simply lie down in submission.
446,Fame is a magnifying glass,Celebrities are subject to greater scrutiny than the average person.
447,"Life is short, and time is swift",We should prioritize what is most important because we do not have as much time on Earth as we think we do.
448,They that dance must pay the fiddler,There is always a price or consequence for a given bene fit or advantage.
449,"First think, and th en speak","Consider your words wisely; otherwise, you may say something you’ll regret."
450,Everything must have a beginning,Even an enormous endeavor starts with a humble beginning.
451,"If a thing is worth doing, it is worth doing well","If you are going to put in the effort to do something worthwhile, it makes sense to work harder for a better outcome."
452,"What must be, must be",There is no use worrying about or trying to resist what life has in store.
453,Zeal without knowledge is a run away horse,"Enthusiasm, unaided by skill or knowledge, will cause more harm than good."
454,It is no use crying over spilt milk,There’s no point in being upset about something that can’t be fixed.
455,A cat always lands on its feet,Even the worst predicament can be overcome with grace.
456,No living man all things can,Every person has limits.
457,The eye is bigger than the belly,"We have limited needs, but unlimited wants."
458,It's be st to be on the safe side,"When making a choice, the best option (usually) is the less risky one."
460,Youth must be served,Young people must be allowed to follow their inclinations to have fun and enjoy themselves.
461,Hunger is the best sauce,Everything tastes better when one is hungry.
462,Laugh and grow fat,"This is an encouragement to enjoy your life, whatever situation you are in."
463,No flying from fate,We cannot escape destiny.
464,Experience without learning is better than learning without experience,One learns best by practical training rather than acquiring theoretical knowledge.
466,Wake not a sleeping lion,Don’t get into a situation that risks developing into a problem you can’t handle.
467,There is no royal road to learning,There is no easy way or shortcut to gaining knowledge.
468,The cowl does not make the monk,Outward appearances aren’t an indicator of a person’s true character.
469,Bad things come in threes,"When something unfortunate has occurred twice, it is likely to happen a third time."
472,"You can lead a horse to water, but you can't make him drink","You can give someone an opportunity, but you can’t force them to act on it."
473,Great oaks from little acorns grow,Even the most monumental achievements start from humble beginnings.
474,Silence gives consent,This proverb suggests that someone’s silence can be interpreted as agreement or permission.
475,In wine there is truth,People are often more honest when they are under the influence of alcohol.
476,Don’t make a mountain out of a molehill,Don’t overreact and turn a minor prob lem into something bigger than it actually is.
477,A jack -of-all-trades is master of none,One who attempts to learn many skills at once will likely not become an expert in any.
478,One must draw the line somewhere,"No matter how kind or tolerant you are, you need to set limits with others so that your personal privacy and property are not invaded."
479,"If the cap fits, wear it","If criticism or blame applies to you, accept it, even if it’s unpleasant."
480,What is worth doing is worth doing well,"If you are going to take the time to do something, you might as well just put in a little bit of extra time and energy to make sure it turns out well so that it becomes worth the overall effort."
481,They also serve who only stand and wait,"Everyone can make a c ontribution, even if they are somehow disabled or less capable."
482,Never judge by appearance,You can’t tell someone’s character by looking at them.
483,"Hatred is blind, as well as love","When we have strong feelings, whether positive or negative, about someone, we usually fail to see them in an objective light."
484,The last straw breaks the camel’s back,Everyone and everything has a breaking point.
485,Hope springs eternal in the human breast,It is human nature to maintain hope even in a trying or doubtful situation.
486,"Honey is sweet, but the bee stings",One must pay the price to enjoy certain pleasures in life.
487,Better to light one candle than to curse the darkness,"Instead of complaining about a problem, take an action, no matter how small, to solve it."
488,Happy is he that is happy in his children,A parent’s happiness is dependent on that of their children.
489,It takes a whole village to raise a child,"It takes an entire community to ensure that a child becomes a successful, well-rounded person."
490,We soon believe what we desire,We are biased to believe something is true when we are eager for it to happen.
491,"Where ignorance is bliss, ’tis folly to be wise","Sometimes it’s better to lack the knowledge of something, when knowing can cause undue concern or distraction."
492,None so deaf as those who won’t hear,"People who obstinately deny the truth are impossible to convince, as opposed to those who are simply unaware of the truth."
493,Poverty is no vice,People should not be judged as unworthy simply for not having money.
494,"In a calm sea, every man is a pil ot","People are ready to lead and take control when things are easy, but as soon as difficulties arise, they quit."
495,"Soon learnt, soon forgotten","If something is quick and easy to learn, you are likely to forget it quickly, so you need to give yourself enough time to practice a new skill."
496,The absent are always in the wrong,It’s always easy to blame someone for a problem when that person is not there to defend their innocence.
497,There is no peace for the wicked,"Those who do wrong things will always be troubled, even if it’s only in their state of mind."
498,You cannot get blood out of a stone,"You can’t get help, money, or resou rces from a person who is unwilling to share, or who has none."
499,Good fences make good neighbors,Good n eighbors should respect one another’s privacy.
500,Men make houses; women make homes,"Men construct the buildings we live in, but women make them feel welcoming."
501,There’s a black sheep in every flock,There’s always one person in a given social group who is a disgrace or embarrassment.
502,You can't make a silk purse out of a sow's ear,You can’t make something beautiful or refined out of something fundamentally ugly or poor in quality.
503,Don’t tell tales out of school,"If you are known to gossip, others may not trust you with their private matters."
504,After dinn er sit a while; after supper walk a mile,"Dinner is a large meal that deserves a proper rest afterwards, while it’s not advisable to go to sleep directly after supper because you need some activity to speed up the digestive system, which tends to slow down during sleep."
505,Love sees no faults,"When you love someone, you cannot be objective because you ignore that person’s flaws."
506,The husband is always the last to know,The husband may be the last person to find out when his wife is having an affair.
507,"Lend your money, and lose your friend",This is a warning not to mix money with friendship.
508,"He that knows nothing, doubts nothing",Ignora nt people are typically gullible as well; they do not know enough to even challenge a questionable idea.
509,Accidents will happen in the best -regulated families,"Even the most careful, cautious people experience accidents."
510,"First deserve, and then desire",One must work hard before aspiring to any rewards.
511,A creaking gate hangs long,Someone in poor health may survive longer than expected.
512,"In the country of the blind, the one -eyed man is king",A man who has shortcomings and deficiencies will still feel superior if he surrounds himself with people who are even worse off.
513,A heavy purse makes a light heart,Those with money in their pockets tend to live carefree lives.
514,The longest day must have an end,Even the worst or most obnoxious situation will eventually be over.
515,You don’t know what you’ve got until it’s gone,"It’s easy to take something or someone for granted, and we don’t really appreciate it until it’s no longer there."
516,Advice when most needed is least heeded,"Pride and dogmatism can blind one from usefu l advice, even when they need it the most."
517,You cannot make an omelet wit hout breaking eggs,"In any important undertaking, some sacrifices must be made."
519,He that will steal an egg will steal an ox,A person who is willing to commit a small crime won’t hesitate to c ommit a more serious one.
520,Love is without reason,You can’t explain why people fall in love with each other.
521,A small leak will sink a great ship,A simple flaw in character can lead to one’s downfall.
522,Fine feathers make fine birds,A handsome appearance will make you look impressive.
524,The exception proves the rule,"The existence of a small number of individual instances that do not follow a rule establishes the rule, rather than negates it."
525,Two blacks do not make a white,You cannot justify your wrong action by the actions of others.
526,Don't care was made to care,Apathy will get you nowhere.
527,There is an exception to every rule,"No rule or principle is perfectly inflexible, permanent, or unchanging ."
528,Hoist your sail when the wind is fair,Wait for an opportune moment to make an important decision.
529,You never know what you can do until you try,You can’t be sure that you will fail or succeed at something until you try it.
530,He that will lie will steal,"Theft is simply another form of dishonesty; if one is comfortable lying, one probably won’t mind stealing as well."
531,Injuries may be forgiven but not forgotten,"When someone hurts you, it’s best to treat them with caution in the future; otherwise, you could get hurt all over again."
532,Second thoughts are best,Think twice before making a decision because you will come up with better solutions after reflection.
533,Between two stools you fa ll to the ground,"Make up your mind! When faced with a choice between two options, one should pick one and stick with it rather than attempting to do both."
534,A cat may look at a king,Even the lowest people in society retain basic human rights.
535,Custom reconciles us to everything,"Given enough time, one will adapt to any circ umstance."
537,The greatest talkers are the least doers,People who complain the most about a problem often do the least to fix it.
538,The face is the index of the mind,A person’s expression will reveal what they’re thinking.
539,Set a thief to catch a thief,The best person to bring down a thief is another thief who is familiar with their way of thinking and their tricks.
540,Diligence is the mother of good luck,One’s hard work and perseverance will be rewarded with good fortune.
541,Of two evils choose the lesser,"When you have a choice to make and neither option is attractive, choose the one that is less damaging or costly."
542,"As a man lives, so shall he die",The way in which one dies is typically a reflection of the way he lived his life.
543,All cats are grey in the dark,"In darkness, physical appearances that normally distinguish one from the other becomes irrelevant."
544,Self-preservation is the first law of nature,"All living creatures strugg le to ensure their survival, even at the expense of others."
545,An aim in life is the only fortune worth finding,Having a sense of purpose in one’s life is more valuable than material wealth.
546,It is a sad house where the hen crows louder than the cock,"In many traditional cultures, the man is expected to have more authority and leadership in the family, just as a cock typically makes louder crowing noises than a hen does."
548,Render unto Caesar the things that are Caesar's,People who live under a gove rnment are obligated to pay any taxes that they owe to that government.
549,Nothing is c ertain but death and taxes,We can rarely be sure of what will happen in the future.
550,He who begins many things finish es but few,"If you attempt too many projects at once, you will not have the energy or time to complete them all."
551,There are two sides to every question,"There is more than one valid opinion in a given issue, especially an important issue."
552,Big fish eat little fish,Powerful peo ple or organizations tend to devour those who are weaker.
553,Words cut more than swords,Words cause more lasting hurt than physical damage.
554,"One beats the bush, and another catches the bird","One person performs the labor, and another gets the reward."
555,Don’t quarrel with your bread and butter,Don’t argue with a person you depend on.
556,The greatest hate springs from the greatest love,"The more we love someone, the deeper will be our frustration with them when they let us down."
557,Politics makes strange bedfello ws,"People or groups with different ideologies, and who would normally disagree with each other, will work together when they share a common goal."
558,"Be content with your lot, one cannot be first in everything","Instead of longing for the things they don’t have, one should be grateful for the things they do have."
559,"Talk of the devil, and he is sure to appear",Someone h as appeared right after they were mentioned in conversation.
560,"After us, the deluge",This is said by the reckless speaker who doesn’t care what happens after his time has passed.
561,Give a thief enough rope and he’ll hang himself,A wrongdoer will work for their own demise if they feel they are not being watch ed.
562,You cannot make a crab walk straight,You can’t change the inherent nature of a person (or thing).
563,Hide not your light under a bushel,Do not keep your talents and positive qualities to yourself; share them with the world.
564,A tale never loses in the telling,People tend to exaggerate when telling a story.
565,Money opens all doors,Wealth gives you access to anywhere.
566,Little strokes fell great oaks,"With patience and endurance, small actions can have large effects."
567,Everyone to his taste,Every person is entitled to their own likes and dislikes.
568,Never let the sun go down on your anger,Resolve conflicts be fore you go to sleep.
569,What's everybody's business is nobody's business,A task that is not assigned or delegated to any particular person will not receive attention from anyone.
570,Patience is the best remedy,Some inconvenien t situations are beyond our control and will only get better with time.
571,"Feed a cold, starve a fever","When experiencing a cold, one should eat warm foods to generate heat in the body."
572,Nature does nothing in vain,Everything in nature has a role to play.
573,The tongue ever turns to the aching too th,People tend to return to the same worries and complaints that occupy their minds.
574,A door must be either shut or open,Be decisive when making a choice that is simply black and white.
575,God made the country and man made the town,The beauty and grandeur of nature far exceeds that of any man -made object.
577,Don’t cross a bridge till you come to it,"Don’t worry abo ut a problem before the appropriate time; instead, focus on more pressing matters."
578,The hand that rocks the cradle rules the world,"World events are formed by individual people, and a person’s character is formed from childhood."
579,What is a workman without his tools,"Ideas, knowledge, and experience are not enough; w e need the means to accomplish our goals."
580,Every cock crows on his own dunghill,Confidence comes easy in a person’s own territory where his alleged courage is not likely to be tested.
581,Through obedience learn to command,One cannot be a good leader if they are not a good follower first.
582,All’s fish that comes to the net,Skilled people are able to use anything available to their advantage.
583,Cut your coat according to your cloth,Don’t try to undertake more than your ability allows; accept your own limitations.
584,Friendship is a plant which must be often watered,A close bond must be cultivated in order to survive.
585,Every Jack must have his Jill,"Every person, no matter how handsome or ugly, rich or poor, will eventually find a romantic partner."
586,Everybody’s business is nobody’s business,Proper delegation of responsibility is imperative in a group setting.
587,What’s done cannot be undone,There’s no point in lamenting or bemoan ing something that has already happened.
588,You cannot sell the cow and drink the milk,You can’t enjoy both the utility of a thing and earn money from selling or renting it as well.
589,Many a little makes a mickle,"If you save a little bit often enough, it will accumulate into a considerable amount of money, so don’t underestimate the small savings you make."
590,"Least said, soonest men ded",You can resolve a dispute more quickly if you stop talking about the problem.
591,Like will to like,"People tend to associate with others who share similar characteristics, and in nature it is common to find similar materials grouped together."
592,Truth is the first casualty of war,"In order to justify war or other controversial measures, a government or leader will often lie about the situation in order to convince the people."
593,"He laughs best, who laughs last","Although the winner of a competition might appear obvious early on, it is the eventual winner who takes the prize."
594,First catch your hare,Make sure you actually have an object in your possession before making plans for it.
595,"Success has many fathers, but failure is an orphan","Many people will claim credit for so mething that goes well, but no one wants to take responsibility for something that fails."
596,The fairest rose is at last withered,Beauty does not last.
597,"If you 're not part of the solution, you're part of the problem",Passive inactivity is no better than outright troublemaking.
598,The crow thinks her own birds fairest,A person thinks their own spouse and/or children are superior in some way to everyone else’s.
599,Every man has his faults,Even those who appear flawless have faults of their own; nobody is perfect.
600,Man cannot live by bread alone,People require more than the bare necessities of life.
601,"If you play with fire, you get burnt",You will suffer the consequences if you partake in risky behavior.
602,Don’t count your chickens before they are hatched,Don’t plan ahead for something that may not actually happen.
603,Whom the gods love die young,Virtuous and uniq uely gifted people often die young.
604,A burnt child dreads the fire,Those who have experienced trauma from a mistake are less likely to repeat it.
606,The laborer is worthy of his hire,A person deserves to be paid for the work they do.
607,"Fields have eyes, and woods have ears",Be careful; someone might be listening in on your conversation when you least expect it.
608,One law for the rich and another for the poor,A corrupt justice system will be more lenient on people with wealth and harsher for people without money.
609,It takes two to make a bargain,In any venture involving two people there must be compromise and mutual res pect.
611,Money has no smell,People will accept money even if it comes from unethical deeds.
614,Footprints on the sands of time are not made by sitting down,One must work hard if one wants to leave behind a great legacy; sitting idle will accomplish nothing.
615,No man is infallible,Every person can have a weakness or make a mistake.
616,Ill news travels fast,People are more interested in bad news than good news.
617,Example is better than precept,The best leaders lead by example.
618,The wish is father to the thought,We tend to believe what we want to believe.
619,Distance lends enchantment to the view,Things often look better from far away.
620,"Eat, drink, and be merry, for tomorrow we die",Enjoy the pleasures of the present moment as you never know what could happen tomorrow.
621,If “ifs” and “ans” were pots and pans,"One should not be too wishful; instead, one should accept the reality of a si tuation."
622,"Nothing seek, nothing find","If you don’t have a goal in life and if you are not actively looking for ways to realize it, time will pass, and you wi ll have achieved nothing."
623,"A dog is for life, not just for Christmas",Don’t underestimate something with long -lasting potential.
624,Everything comes to him who waits,One’s patience is often rewarded in due time.
625,Misfortunes never come singly,Unlucky events seem to happen in multiples.
626,Learn wisdom by the follies of others,"When someone makes a foolish mi stake, you should learn from it and avoid making the same mistake yourself."
627,"When in doubt, do without","If you’re not sure you need something, the more sensible thing is to go without it."
628,Every man is the architect of his own fortune,Your life is in your hands.
629,For want of a nail the shoe was lost,A seemingly trivial detail may cause grave problems in the future.
630,No sweet without sweat,You have to work hard to achieve your goal.
631,Money is a good servant but a bad master,"You can use money to accomplish goals, but do not let the desire for money control your life."
632,No effect without a cause,The law of causation says that everything happening in nature is produced by some cause.
633,There’s no fool like an old fool,"The most embarrassing mistake is the one coming from an older person, since older people are expected to be wiser."
634,"You pays your money, and you takes your choice","Make your d ecision, take responsibility for it, and accept the outcome of your choice."
635,Every difficulty slurred over will be a ghost to disturb your repose later on,"If you don’t handle a problem appropriately now, it will grow and cause you much trouble later on."
636,"No foot, no horse",A horse has no value unless it has he althy hooves.
637,There is no accou nting for tastes,People’s tastes and personal opinions defy logic and expectation.
638,"If the blind lead the blind, both shall fall into the ditch",A person who leads or instruc ts others needs to know what they are doing.
639,Men are not angels,People’s egos and self -interest can lead them to behave immorally when the opportunity arises.
640,Three may keep a secret if two of them are dead,Be very careful about sharing secrets with anyone.
641,A man’s house is his castle,Privacy and security are of utmost importance when it comes to the home.
642,It takes all sorts to make a world,"The world is made up of many different people with varying backgrounds, so be tolerant toward those with opinions, outlooks, and cultures that are different from yours."
644,"If you don't make mistakes, you don't make anything",We often learn the most through our own mistakes because they show us the areas in which we can improve.
645,Time tries truth,Time will test and determine the truth of anything.
646,A hedge between keeps friendship green,Privacy should be respected in a friendship; one who gets too close may step on the other’s toes.
647,Dog does not eat d og,Wicked people generally leave those alone who act like them.
648,"What you've never had, you never miss",It’s impossible to miss something if you never had it to begin with.
649,A nod is as good as a wink to a blind horse,"Don’t waste your time trying to make a stubborn, il logical person understand your point; it will likely go over their head anyway."
650,Health is not valued till sickness comes,Don’t take things for granted.
651,Let not thy left hand know what thy right hand doeth,Do not brag about doing good deeds.
652,An old man is twice a child,"In old age, a person often reverts back to a childish state."
653,Little fish are sweet,Even small gifts or payments are welcome.
654,Gratitude is the sign of noble souls,"One who lives their life with gratitude is never disappointed, even by severe hardship."
655,Little by little the bird builds its nest,Significant projects are the result of a lot of small tasks.
656,Make your enemy your friend,Turn a negative relationship into a posit ive one.
657,The third time pays for all,"After two fa iled attempts, the third time trying to accomplish something may be successful."
658,Appetite comes with eating,A simple taste of something is enough to incite a craving.
660,Do not cast your pearls before swine,Don’t present something valuable to one who won’t appreciate it.
661,A good name is better than riches,One’s own integrity and reputation are more important than material wealth.
662,Give a dog a bad name and hang him,"If a person’s reputation is blackened, their career or business will suffer significantly, even if they are innocent."
663,Never speak ill of the dead,It is wrong to say bad things abou t people who have died as they cannot defend themselves.
664,The only good Indian is a dead Indian,"This extremist view that American Indians are better off dead than alive was held by many American settlers in the past centuries, as they constantly fought with Native Americans over land and other assets."
665,Things are seldom what they seem,Don’t judge a person or situation at face value.
666,It is easy to be wise after the event,"It’s easy to understand why something went wrong once it’s all over, and much harder to understand the problem while still in development."
667,Everything is good in its season,Every experience has its proper place and time in one’s life.
668,"Hatch, match, and dispatch","Life consists of three prominent events: birth, marriage, and death."
669,Life is not all beer and skittles,There is more to life than fun and games.
670,A clear con science is a soft pillow,One rests easy when there is no guilt on the mind.
671,There is no rose without a thorn,"No one person or object, regardless of how outwardly desirable, comes without some kind of flaw or problem."
672,Little things please little minds,People who are uneducated or uncultured can find satisfaction in trivial sources of entertainment.
673,In peace prepare for war,"To maintain peace, you must be ready and able to fight anyone who can potentially attack you."
674,Little by little and bit by bit,"If you are patient, sm all actions will eventually accomplish what you want."
675,Lightning doesn't strike the same place twice,Very rare events do not repeat themselves.
676,The grapes are sour,This is what someone says when they are bitter about something they want but cannot have.
677,Love and a cough cannot be hid,This is a way to say that you can tell when someone is in love.
678,A still tongue makes a wise head,Those who speak little are often the wisest of all.
679,Fortune is blind,Fortune is random in that it treats both the good and bad among us equally.
680,"Out of debt, out of danger",Borrowing can damage your financial health and affect the quality of your life.
681,A mill cannot grind with the water that is past,Don’t dwell on the past and regret what has already happened.
682,"Where there's muck, there's brass",Dirty jobs may pay well.
683,Exchange is no robbery,"There is nothing wrong with trading two things, as long as the items being swapped are of compara ble value."
684,Punctuality is the politeness of kings,Being on time is respectful and noble as it shows others that you value their time.
685,He who plants a tree plants a hope,"We should perform acts that will benefit others in the future, not only ourselves."
686,The devil finds work for idle hands,"If you don’t have something to keep you busy and productive, you are more likely to get into trouble."
687,Fools for luck,Only an ignorant person lets luck decide their future.
688,Lookers -on see most of the game,People who are not directly involved in a situation may have a better perspective.
689,The best of friends must part,"No matter how close you and a friend may be, your circumstances will eventually separate you."
690,Nothing hurts like the truth,People are sensitive to criticism or mention of their own flaws or failings.
691,A guilty conscience needs no accuser,One’s own guilt is punishment enough for any wrongdoing.
692,"Blessed is he who expects nothing, for he shall never be disappointed",One who expects little will be pleasantly surprised no matter what happens.
693,What can’t be cured must be endured,"If there’s no solution for a problem, you have to put up with the problem until it run s its course."
694,A live dog is better than a dead lion,It is better to play it safe than to suffer in vain.
695,It is a long lane that has no turning,A bad situation can’t last forever.
696,The used key is always bright,Something that is put to regular use remains in good shape.
697,Love makes all hard hearts gentle,Even someone with a stern personality will behave with tenderness when they are in love .
698,"No names, no pack -drill","If a group of people all cover for each other, they can all avoid punishment."
699,Truth is mighty and will prevail,"This is an ironic way of saying, “Truth does not necessarily prevail."
700,The mills of God grind slowly,Fate and retribution come slowly but are inevitable.
701,Work expands to fill the time available,"It is human nature to take the full space of time allotted in order to c omplete a task, even when the task can be completed in less time."
702,A good husband makes a good wife,"If you care for your wife, she will care for you in return."
704,Confess and be hanged,The only way to be rid of guilt is to confess and face whatever punishment awaits you.
705,Experience is the teacher of fools,It can be very costly to always learn through one’s own mistakes.
706,Nothing comes of nothing,People have to take action in order to have an effect on the world.
707,"When poverty comes in at the door, love flies out of the window",People who are in love think they will be happy and secure without money until they are actually in a financially difficult situation.
708,Black will take no other hue,"Evil may cloak itself in various disguises, but its essence will always remain."
709,First impressions are the m ost lasting,"Your first interaction with another person tends to stick in the mind, so it’s important to appear and behave your best when you meet someone for the first time."
710,Anger is a short madness,Anger leads one to act impulsively and irrationally.
711,Better to wear out than to rust out,"Always live your life to the fullest, even in old age."
712,Better to marry than to burn with passion,It’s better to get married than suffer while trying to control the urge of sexual desires.
713,Evil be to him who evil thinks,"One should not maintain ungrounded, bad thoughts about other people."
714,"He who can, does; he who cannot, teaches",This proverb claims that those who are able to perform a task will not be bothered to teach others the way.
715,Help a lame dog over a stile,One who is capable should always help a person in need.
716,Idleness is the root of all evil,Boredom often leads one t o succumb to temptation.
717,"Speak the truth, and shame the devil","Be honest, even when doing so feels difficult."
718,"If you want a thing well done, do it yourself",It’s a better idea to rely on yourself than on someone else for a job or task that is very important and specific.
719,"The mountains are high, and the emperor is far away",A central government has little authority over the regions that are farther away.
720,Don’t have too many irons in the fire,Don’t commit yourself to too many activities at once.
721,He is lifeless that is faultless,"No one is completely free of character defec ts and weaknesses; thus, making mistakes is a natural part of being human."
722,In union is strength,You can achieve a lot more as a group than as an individual.
723,"Sow the wind, and reap the whirlwind","If you start trouble, you will suffer from much more severe consequences."
724,A fish rots from the head down,"Corruption within an organization always starts with the leadership, either by setting a bad example or failing to effectively manage."
725,Don’t teach your grandmother to suck eggs,Don’t waste your energy teaching someone a lesson they already know.
726,Nothing is easy to the unwilling,Your reluctance and lack of motivation can be the main obstacles when you try something new.
727,Do right and fear no man,"If one is acting with integrity and honesty, they have nothing to fear."
728,Lies have sh ort legs,"Liars will soon be exposed, and the truth will be revealed."
729,A great ship asks deep water,One’s pote ntial should not be wasted.
730,He that is down needs fear no fall,"If one is at a low point, the only way to go is up."
731,You can't eat your cake and have it too,"Life is full of trade -offs, and you can’t have everything your way."
732,"If you want something done, ask a busy person","Typically, busy people are better at managing their time and executing a task, while those with little to do are more likely to procrastinate on a project."
733,As well be hanged for a sheep as a lamb,One who has already committed a minor offense may feel justified in committing an even greater one.
734,The devil can cite Scripture for his purpose,Even good or neutral things can be used or twisted for evil purposes.
735,Trade follows the flag,Colonies promote the trade of their mother country.
736,"What’s yours is mine, and what’s mine is my own",Everything belongs to me.
737,No man is a hero to his valet,A personal servant kno ws too much about their master to hold them in high regard.
738,A bully is always a coward,Don’t be afraid to stand up to a n oppressor; those who seem tough on the outside are typically weak on the inside.
741,Great hopes make great men,An optimist is often more successful than their self -defeating peers.
742,"What the eye doesn’t see, the h eart doesn’t grieve over","If you are ignorant about something awkward, unpleasant, or stressful happening, you will be spared the uncomfortable feelings of knowing and distressing yourself about it."
743,Care and diligence bring luck,One who is thorough and persistent will reap the rewards of his work.
744,Love laughs at locksmiths,Obstacles can't stop love.
745,It takes three generations to make a gentleman,Having money and a title is not enough to make you aristocracy.
746,Fear of death is worse than death itself,Death is inevitable and therefore need not be feared.
747,Hard words break no bones,One should not worry about abusive words as they cannot cause physica l harm.
748,"There is no such thi ng as bad weather, only inappropriate clothing",There is no excuse for not spending some time outside.
749,"Admonish your friends in private, praise them in public",Practice discretion when criticizing another person; it is best to avoid the chance of humiliating them as criticism can be a difficult thing to process.
750,Even Homer sometimes nods,No one is perfect; even experts are bound to make mistakes.
751,Every man is his own worst enemy,People often create their own problems for themselves.
752,A clean hand wants no washing,An honest man does not need to spend time refuting groundless accusations.
753,"Give us the tools, and we will finish the job","Any task can be accomplished, but one must be provide d the necessary resources."
754,He who rides a tiger is afraid to dismount,A person who begins a dangerous activity will be so involved and so implicated that carrying on with the endeavor will seem safer than quitting.
756,Life has many ups and downs,We all experience positive and negative experiences in our lives.
757,The day has eyes,"Since daytime is light, thanks to the sun, it’s easier to see thin gs."
758,Dreams go by contraries,This proverb is often employed to comfort someone who has experienced a bad dream.
759,A little neglect may breed great mischief,Pay attention to detail; a minor misstep can cause a big problem.
760,April showers bring forth May flowers,Be patient; a difficult time may blossom into something positive.
761,"If you don't like the heat, get out of the kitchen",It’s best to stay away from high -pressure situations if you can’t handle the risk involved.
762,Take heed of the snake in the grass,Beware of a traitor who is pretending to be your ally.
763,The dog returns to his vomit,A foolish person will repeat the same mistakes they made before.
764,Possession is nine points of the law,"In property disputes, the person who has physical possession of an item is at a clear advantage."
765,The best fish swim near the bottom,The things that are most worthwhile take the most effort to achieve.
766,"When all you have is a hammer, everything looks like a nail","If your set skills or knowledge is too narrow, you may develop a limited worldview in which you apply your skills and knowledge as the solution to every issue you see."
767,"Marry in haste, repent at leisure","If you get married quickly, without making an effort to re ally know your future partner, you will have a long time to regret your decision."
768,No garden without its weeds,"Every situation, however nice, has some downsides."
769,Self-praise is no recommendation,"If someone proclaims that they have positive qualities or made great achievements, people will tend not to trust them."
770,"If it were not for hope, the heart would break",Hope is necessary for us to get through struggles.
771,Birds in their little nests agree,People living in close quarters would do well to get along; any tension could cause a serious problem.
772,A good name is sooner lost than won,"While it may take years to build a trusted reputation, it takes only o ne mistake to tear it all down."
773,Better be alone than in bad comp any,"As people are known by the company they keep, it is better to be a loner than to associate with ill - mannered people."
774,"The more laws, the less justice","More laws means it takes longer to process a court case, and so both the victim and the accused must wait longer for justice."
775,"If you run after two hares, you will catch neither",Don’t tr y to do two demanding pursuits at the same time.
776,"It is not work that kills, but worry",Working isn’t bad for your health; stress and anxiety are.
777,The darkest hour is that before the dawn,Things are always worst right before they get better.
778,Every law has a loophole,"If one tries hard enough, they can find their way ar ound any law or rule."
779,"Full of courtesy, full of craft",One who i s exceedingly polite is often a con artist.
780,Gluttony kills more than the sword,Overindulgence is often the cause of one’s own destruction.
781,A man can only die once,There is no reason to fret over death as it can only happen once.
782,Confidence is the companion of success,"In order to accomplish something, you first must believe in yourself."
783,Even a worm will turn,"If pushed far enough, even the most reserved, patient person will fight back."
784,Good advice is beyond all price,"Words of wisdom are invalua ble, especially when it prevents someone from making a foolish decision."
785,There's small choice in rotten apples,"If you have a lot of options, but they are all bad, it is the same as having few or no options at all."
786,"Wise men learn by other men’s mistakes, fools by their own",Wise people are observant so that they can learn by example rather than t hrough the time and energy wasted in their own failed experiences.
787,You have to crawl before you walk,You have to make great accomplis hments one step at a time.
788,He who lives by the sword dies by the sword,One who is aggressive or violent toward others will likely suffer in a similar attitude.
789,Bees that have honey in their mouths have stings in their tails,Be careful with those who speak sweetly; they are often the most dangerous.
790,Believe not all that you see nor half what you hear,Even one’s own experience cannot always be trusted.
791,Never trouble trouble till trouble troubles you,"Don’t try to fix imaginary problems as they may never hap pen, but face them when they actually come to you."
792,The frog in the well knows nothing of the great ocean,Our imagination is limited by our experiences.
793,Don’t wash your dirty linen in public,Personal matters are better dealt w ith in private.
794,Evil communicati on corrupts good manners,"A wholesome person should surround themselves with like -minded individuals, lest they be influenced negatively."
795,None but the brave deserves the fair,Only those who act courageously will get the rewards they are looking for.
796,"Knowledge is a treasure, but practice is the key to it",Learning is only the first step toward expertise.
797,Old sins cast long shadows,The bad deeds that people do will have long -lasting effects.
798,It’s an ill wind that blows nobody any good,It’s a truly bad situation if there is absolutely no benefit or “silver lining” in it.
799,There ’s many a slip ‘twixt the cup and the lip,Things can always go unexpectedly wrong at the last minute.
800,"When you are in a hole, stop di gging","If you are in an unfortunate situation, stop doing anything that might exacerbate it."
801,A little pot is soon hot,This proverb plays to the stereotype that people with a short stature tend to have a short temper as well.
802,A stumble may prevent a fall,A small mistake may be a warning sign of something worse to come.
803,Faint heart ne’er won fair lady,Apprehension and self -doubt never yield success; you must be bold and assertive in order to attain what you desire.
804,"Adversity makes a man wise, not rich",One gains valuable life experience when facing difficult times head -on.
805,Books and friends should be few but good,One with too many friends won’t be able to find time for all.
806,Every bullet has its billet,Everything follows its proper course and ends where it should.
807,Extremes are dangerous,A person should only do things in moderation.
808,Pity is akin to love,Feeling sympathy for someone involves a tenderness that is like love.
809,"Today you, tomorrow me","This is a pithy way of saying, “I am helping you, since one day I may need help."
810,Punctuality is the soul of business,Respecting deadlines is critical to success in business.
811,"Take care of the pence, and the pounds will take care of themselves","If you are careful every time you spend a small amount of money, in the l ong run, your savings will add up."
812,There are wheels within wheels,There are forces at work b eyond what we can see that affect what happens in our lives.
813,Jealousy is the root of all evil,Many evil behaviors are motivated by jealousy.
814,Man's extremity is God's opportunity,"God’s mercy appears when a person’s circumstances are most dire, with no friend or helper coming to their rescue."
815,A friend is easier lost than found,"A true friendship takes time and effort to build, bu t it can be torn down in an instant."
816,Never spend your money before you have it,It is not wise to spend money that you don’t already have in hand.
817,"A father is a treasure, a brother is a comfort, but a friend is both",Friendship is very valuable and important in our lives.
818,"Sticks and stones will break my bones, but words will never hurt me","Don’t worry about insults and ridicule because even if they may hurt your feelings, you’ll get over it, and they won’ t cause you any real injury."
819,There will be sleeping enough in the grave,"Life is short, so it’s best to spend it doing as much as possible to realize our goals."
820,Through hardship to the stars,"One is willing to endure difficulties to reach a goal, such as winning a contest or being accepted into a competitive program."
821,"As the twig is bent, so is the tree inclined",The experiences of childhood determine one’s character as an adult.
822,Better be envied than pitied,It is preferable to be fortunate and envied instead of unfortunate and pitied.
823,Discontent is the first step in progress,Every solution starts with a problem.
824,There is honor among thieves,"Even criminals, such as thieves, have their own sort of honor."
825,To know all is to forgive all,"If we know enough about the personal struggles of someone, even someone who has harmed us or others, it is much easier to have kind, understanding feelings toward that person."
826,Good clothes open all doors,One will improve their chances of being successful if they dress in respectable attire.
827,Innocent until proven guilty,It’s not fair to say someone is guilty unless you have pro of.
828,You cannot burn the candle at both ends,You will exhaust yourself if you try to do too much.
829,No man is born wise or learned,"Wisdom must be gained over time, and even people who seem very smart had to work at learning what they know."
831,"Soon ripe, soon rotten",Children who develop an extraordinary skill very young w ill become spoiled as they age.
832,"The greater the sinner, the greater the saint","The worse your behavior was in the past, the more impressive it is when you become a better person."
833,Fear gives wings,Fear often enables one to perform incredible feats.
834,Hunger breaks stone walls,A person will do anything to satiate an intense hunger.
835,"Once a priest, always a priest","In Catholic belief, someone who has been ordained as a priest is spiritually and characteristically changed and cannot ever stop being a priest."
836,Promise is debt,"When you make a promise, you owe it to the other person to keep your promise."
837,Queen Anne is dead,This is a sarcastic way to say that information someone has told you is not news but common knowledge.
838,The end crowns the work,The final touches are the details that people pay attention to.
839,A good face is a letter of recommendation,Good -looking people tend to get along better than others in society.
840,A disease known is half cured,Knowing the cause of a problem makes it easy to find a workable solution.
841,Despair gives courage to a coward,Dire circumstances tend to bring out the best in people.
842,"If you're not paying, you're the product",Nothing is for free.
843,A liar is worse than a thief,Lying can be more damaging than theft.
844,The eyes have one language everywhere,Facial expressions are the same in every culture.
845,A good example is the best sermon,Words are limited in how far they can go in teaching a moral lesson.
846,A word spoken is past recalling,"Be careful what you say; once uttered, words cannot be erased."
847,Be just before you are generous,Make sure your own debts are paid before lending to others.
848,Time cures all things,All hurts and frustrations eventually soften or disappear with time.
849,"Every man for himself, and the devil take the hindmost","One should only act for their own benefit, lest others take advantage of them."
850,There is no pleasure without pain,There is always give and take in things.
851,You cannot teach an old dog new tricks,You c an’t expect to change someone who is so accustomed to their ways.
852,A constant guest is never welcome,Don’t take advantage of another’s hospitality; you might just overstay your welcome.
853,"He gives twice, who gives quickly",One should give without hesitation.
854,One lie makes many,"When we tell a lie, we are usually forced to tell other lies to support or hide the first one, and so we become more deeply involved."
855,A bad penny always comes back,A dishonest deed will eventually return to bother you.
857,"So many men, so many opinions","People are entitled to have their own opinions, and each opinion will represent one side of the truth."
858,All are not thieves that dogs bark at,Don’t judge a person by the rumors circulated around him.
859,Caesar's wife must be above suspicion,An important person’s close associates must meet high expectations and take care not to injure their reputations.
860,Praise makes good men better and bad men worse,"People respond differently to compliments; motivated people will take them as encouragement to keep improving, and lazy people will take them as a sign they can stop trying so hard ."
861,Shirtsleeves to shirtsleeves in three generations,Families that become wealthy quickly w ill lose that money within three generations.
862,"Lightly come, lightly go",Items that are easy to get are eas y to let go of.
863,It's better to travel hopefully than to arrive,The joyful anticipation of reaching a desired goal can be better than the goal itself.
864,The leopard cannot change his spots,A person can’t change their fundamental nature.
865,Who keeps company with the wolf will learn to howl,You are influenced by the people you spend your time with.
866,A cat in gloves catches no mice,Don’t be afraid to be assertive and direct to get what you w ant.
867,A man without a smiling face must not open a shop,"A successful person al ways presents a positive, cheerful attitude to the world; he won’t have much luck with a sour demeanor."
868,Empty vessels make the greatest sound,It is often the least intelligent people who are the loudest and most talkative.
869,No man is wise at all times,Everyone makes mistakes.
870,Half the truth is often a great lie,Telling only part of the truth is still a form of lying.
871,"Safe bind, safe find","If you securely lock something up, it will be there when you come back to it later."
872,Good company on the road is the shortest cut,A long jou rney seems to go much faster when in the company of pleasant people.
873,Little pitchers have long ears,Be careful what you say near children because they can hear and understand more than you might think.
874,Only the wearer knows where the shoe pinches,"We can never fully understand what someone else is going through, and often we have no outward sign of what may be affecting them."
876,There is a thin line between genius and insanity,"Often the most brilliant people do, think, or say things the rest of us might find inconceivable or crazy."
877,Tread on a worm and it will turn,Even the weakest of creatures will defend themselves when truly provoked or pushed into a corner.
878,"A prophet is not without honor, save in his own country",People are more likely to believe in a foreign expert than one from their own kin.
879,Custom makes all things easy,"With enough experience and repetition, any task or habit will become like second nature."
880,Fingers were made before f orks,You may feel free to use your fingers instead of a fork when eating.
881,Four eyes see more than two,The judgment of two people is better than only one.
882,Idleness is the key of beggary,Those who do not earn their own keep w ill be forced to beg or borrow from others.
883,"So many countries, so many customs",Each nation has its own culture.
885,Love cannot be compelled,There is no way to make someone care for someone else.
886,Truth lies at the bottom of a well,The truth can be hard to reach or figure out.
887,A man is known by the books he reads,One can learn a lot about a person by observing his interests.
888,Much cry and little wool,A big fuss can be made ab out something with little gain or effect.
889,A fool at forty is a fool indeed,"If you haven’t matured by middle age, you never will."
890,What everybody says must be true,"If you hear multiple people from differing environments all saying the same thing about a given subject, it is likely to be true."
891,An empty sack cannot stand upright,One must eat in order to function pro perly.
892,Charity covers a multitude of sins,Goodwill makes up for one’s sins.
893,"If you are not the lead dog, the view never changes",A leader has more freedom and power and a larger view than his followers.
894,A drowning man will clutch at a straw,"A person in dire straits will attempt anything, no matter how feeble, to re lieve themselves."
895,Short reckonings make long friends,Settle disagreements quick ly to maintain friendships as prolonged arguments can damage relationships.
896,"The nearer the bone, the sweeter the meat","The closer you get to accomplishing something, the more enjoyable the process and the more excited you feel."
897,"Two dogs strive for a bone, and a third runs away with it","When two people are fighting over something, the third party may use this to their advantage."
899,Every why has a wherefore,"Everything happens for a reason, even if the reason is not evidently apparent for everyone."
900,Kind hearts are more than coronets,Kindness and goodness are more important in a person than status or nobility.
901,Venture a small fish to catch a great one,It’s good to make a sacrifice or an investment up front in order to attain a greater reward.
902,"When Adam delved and Eve span, who was then the gentleman","People are equal, and should not be oppressed by class distinctions."
903,A little help is worth a deal of pity,Words of sympathy can only go so far when helping another in their time of need.
904,Better lose a jest than a friend,"One should resist the temptation to make fun of a friend, lest he be offended."
905,Every beginning is hard,The start of a new endeavor is usually the most difficult part.
906,A trouble shared is a trouble halved,One finds solace from pain simply by confiding in another.
907,Don’t cut off your nose to spite your face,"When exacting revenge, be careful not to harm yourself in the process."
908,One cannot love and be wise,Love blinds the reason and makes people do foolish things.
910,Keeping is harder than winning,Maintaining a successful situation is more work than getting it to succeed in the first place.
911,"The tongue is not steel, yet it cuts",Words have the power to hurt.
912,He that goes a borrowing goes a sorrowing,"One should not rely on the resources of others, for one will always remain in debt."
913,"If you can walk, you can dance; if you can talk, you can sing","If you know the basics of a certain task, you can also conquer its more complex or challenging aspects with practice."
914,You never miss the water till the well runs dry,It’s easy to take something for granted.
915,Art has no enemy but ignorance,"As art is the outcome of creative imagination, people who lack this vision may fail to appreciate it."
916,The company makes the feast,"Having the company of good friends is the most important part of a celebration, while food and decorations are less significant."
917,Who chatters to you will chatter of you,Someone who talks badly of other people to you will probably also talk about you behind your back.
918,He who excuses himself accuses himself,"If a person comes up with a lot of excuses and repeated explanations, they just bring people’s attention to the issue, which they may not have otherwise noticed."
919,Never send a boy to do a man's job,Don’t trust a task to someo ne who lacks the skill and experience to get it done.
920,Who says A must say B,"If you make a certain claim or statement on an issue, it follows that you should say and act consistently with that claim."
921,God tempers the wind to the shorn lamb,God is merciful to those who are weak or suffering.
922,The tailor makes the man,How you dress is an important part of how you make an impression on others.
923,Cast not the first stone,One should not judge another person unless they are free of sin themselves.
924,First thoughts are best,Trust your intuition; your first instinct is often accurate.
925,He that hath wife and children hath given hostages to fortune,"If a person commits to family life, they are surrendering their freedom to pursue adventure in life."
926,He that travels far knows much,One gains more diverse knowledge of the world by exploring other regions and countries.
927,A bird never flew on one wing,Why take one when you can have two? This proverb is employed when one of something is simply not enough.
928,Better untaught than ill taught,Never try to learn from someone who lacks proper knowledge because you’ll be misinformed.
929,Let the world wag,"Sometimes you need to let life move on while you escape from reality, stop worrying, and act carefree."
930,"Give him an inch, and he’ll take an ell","If you give a greedy person something small, he will expect more and more from you."
931,Let the cobbler stick to his last,People should focus on doing what they are skilled at.
932,Ne'er cast a clout till May be out,Don’t get rid of any clothes until summer arrives.
933,Half the world knows not how the other hal f lives,It is difficult to truly understand the lives of those who are drastically different from you.
935,The sting of a reproach is the truth of it,A critical comment is most hurtful when it has truth in it.
936,Don’t build castles in the air,Don’t get lost in fantasy; take practical action if you want to succeed.
937,There is measure in all things,Don’t go to extremes when trying to accomplish so mething.
938,Two is company; three is none,"In many scenarios, especially romantic ones, it’s preferable to be in the company of just one other person."
939,"A wise man changes his mind, a fool never",Wisdom means having the humility to admit a m istake and change your mind.
940,Don’t ride the high horse,Avoid arrogance and excessive pride; no one likes a conceited individual.
941,"Fine clothes may disguise, but silly words will disclose a fool",One’s neat appearance will not work as a cover -up for ignorance for too long.
943,The devil looks after his own,Bad people seem to succeed and get away with breaking rules or committing crimes.
944,"I wept when I was born, and every day shows why",This proverb expressed the view that the world is full of misery and sad events.
945,"If there were no clouds, we should not enjoy the sun",We need bad times to appreciate good times.
947,"What soberness conceals, drunkenness reveals",True opinions and feelings come out of a person when they are drunk.
948,An honest man’s word is as good as his bond,Keeping a promise is an honorable trait.
949,Genius is an infinite capacity for taking pains,The wisest people are meticulously detailed i n their work.
950,Two negatives make an affirmative,Two negative articles in a sentence will cancel each other out and result in a positive statement.
951,"Ill gotten, ill spent",Money acquired through questionable means usually is spent on questionable things.
952,Keep something for a rainy day,"Set aside something valuable, such as money, for a day when you may need it for unforeseen reasons."
953,The age of miracles is past,"We need to have reasonable, realistic expectations."
954,Constant dripping wears away the stone,"A repetitive action , however minor, can have significant effects over time."
955,"If you do not like it, lump it","If there’s a situation you don’t like but can’t do anything about, then you can choose to either accept it with a good attitude or a bad attitude."
956,There is always one who kisses and one who offers the cheek,"In relationships, there is always one person who sacrifices and does more than th e other."
957,The greatest truths are the simplest,The most important moral values in life are simple.
958,He travels the fastest who travels alone,"The solitary traveler will reach their destination sooner, as they are less likely to be weighed down by their would -be companions."
959,"Keep your shop, and your shop will keep you","If you put sufficient effort and resources into running your business, your business will always be profitable enough to support you."
961,It's dogged as does it,Determination is the key to succe ss.
962,Ill weeds grow apace,Worthless people and things thrive.
963,"What man has done, man can do","Once a person has accomplished a feat, even if it’s danger ous or difficult, it can be accomplished again, by the same person or by someone else."
964,"Live not to eat, but eat to live",Do not be a glutton; instead eat only to nourish your body.
965,The receiver is as bad as the thief,"If you knowingly receive stolen goods, you are as guilty as t he person who stole them."
966,"The worse luck now, the better another time","If you are having a difficult time now, maintain your hope that you will have success later."
967,"All covet, all lose","In making a choice, you need to be decisive and act in good time."
968,The first blow is half the battle,The most critical part of any process is in the initial stage.
969,You may know by a handful the whole sack,A single event or encounter with a person can give you good insight into their character.
970,"Spend, and God will send",This proverb encourages giving and suggests that we shouldn’t worry too much about money because God will provide what we need.
971,Favor for favor,One should return a favor with one of comparable value.
972,A contented mind is a continual feast,"True satisfaction comes not from one’s surroundings, but from peace o f mind."
973,Fair and softly goes far,One should proceed gently and tactfully when reasoning with others.
974,All truths are not to be told,Some things are better left unsaid.
975,Civility costs nothing,An act of kindness does not require much effort.
976,Prosperity makes friends; adversity tries them,"It is easy to make friends when life is comfortable, but when we face hard times, we find out who our true friends are."
977,Better an open enemy than a false friend,Sometimes you can trust an enemy more than an alleged friend.
978,The longest way round is the shortest way home,"The most successful way t o do something is to do it carefully and appropriately, without taking shortcuts."
979,"If you cannot bite, never show your teeth",Don’t show anger or make a threat if you can’t or won’t follow through with it.
980,Why keep a dog and bark yourself,"If you have someone assigned a specialized task, let that person do their task and don’t do it for them."
981,Opportunities do not wait,"When an opportunity knocks on your doo r, you should act swiftly and decisively while it is available."
982,Adversity makes strange bedfellows,A common struggle often brings two parties together despite their differences.
983,Like breeds like,People will pass on their characteristics or share similar behaviors with one another.
985,From the sublime to the ridiculous is but a step,Something beautiful or amazing can easily be followed by something mundane or foolish.
986,"As you make your bed, so you must lie in it",You will have to suffer the consequences and unpleasant results of your actions and decisions.
987,A shut mouth catches no flies,"If you want to seize an opportunity, you need to put forth the necessary effort to get it."
988,Custom rules the law,Laws are typically derived from the customary way of doing things.
989,No wrong without a remedy,Society makes sure that there’s a consequence for any crime.
990,Time lost can never be regained,Time is priceless.
991,Little leaks sink the ship,Do not underestimate the impact small prob lems because they can add up and turn into a disaster.
992,An open door may tempt a saint,Even the purest souls ma y be tempted by an enticing opportunity.
993,Do not kick against the pricks,Protesting against an authoritative figure is often futile.
995,Never buy a pig in a poke,Do not commit to a purchase if you have not had a chance to examine it well.
996,"God heals, and the doctor takes the fee","Though a doctor may administer the medicine, it is God who chooses whether a person heals."
997,Beauty when unadorned is adorned the most,True beauty needs no ornaments or decoration.
998,Date before you marry,Get to know a person or a situation before making a full -fledged commitment.
999,He who digs a pit will fall into it,People often bring harm upon themselves while trying to hurt or hamper others.
1000,There is a remedy for everything except death,"As long as you are alive, any problem can be fixed."
1001,"When spider webs unite, they can tie up a lion",People who are see mingly weak on their own can do monumental things when they work together.
1002,"Have but few friends, though many acquaintances","It is okay to be on friendly terms with many people, but one should limit the number of trusted friends in their life."
1003,A nation without a language is a nation without a heart,This proverb refers to the importance of language in establishing the identity of a nation.
1004,A blind man will not thank you for a looking glass,"A gift, no matter how valuable, is worthless unless it is useful and suitable for the recipient."
1005,No one should be judge in his own cause,People cannot be impartial when giving their opinion about a situation they are involved in.
1006,He who denies all confesses all,One who refuses to admit any culpability in a situation is often lying.
1007,A fair face may hide a foul heart,Don’t put too much faith in external appearances; those who act kindly may have an ulterior motive.
1008,"Two boys are half a boy, and three boys are no boy at all",Too many people (especially young people) can distract each other from a task that needs to get done.
1009,You must grin and bear it,"When you are going through something unpleasant that you can’t change or fix, the best thing you can do is to have a good attitude."
1010,Hope is the poor man’s bread,A person in dire conditions may survive only on the hope of a better life.
1011,"If the sky falls, we shall catch larks",Even the worst predicament can yield som ething positive.
1012,A rich man’s joke is always funny,This cynical proverb alludes to one of the manythings money can buy: a laugh.
1013,He who would climb the ladder mus t begin at the bottom,"In the pursuit of a desired goal, one often must start from nothing and work their way up, bit by bit and step by step."
1014,Men are blind in their own cause,People with a mission lose perspective.
1015,"A broken friendship may be soldered, but will never be sound","Even after resol ving a serious dispute, a friendship will never be what it once was."
1016,"Good to begin well, better to end well","It is a strong finish that matters most, even if one experiences a shaky start."
1017,"A fool may throw a stone into a well, which a hundred wise men cannot pull out",The harm caused by just one person m ay be so significant that even a hundred intelligent people cannot correct it.
1018,"The nearer the church, the farther from God","The higher -ranking an individual is in a church, the more likely they are to become corrupt and lose their spirituality."
1019,The last drop makes the cup run over,Everyone and ever ything has a breaking point.
1020,Every path has a puddle,"No journey or endeavor is without its hurdles, so don’t expect perfection in life."
1021,All are not saints that go to church,Not all people are as pure and holy as they may seem.
1022,Do not wear out your welcome,Even the most generous host has his limits; don’t take a f riend’s hospitality for granted.
1023,Soft words and hard arguments,Using polit e language to communicate a well -supported opinion will place you in a better position to win a debate.
1024,Hasty climbers have sudden falls,Overambitious people often fail to take the necessary precautions and thus fall short.
1025,The quarrel of lovers is the renewal of love,"After a couple fights, they experience a resurgence of affection."
1026,There’s many a goo d tune played on an old fiddle,An old person is still capable of great talents and abilities.
1027,Little and often fills the purse,"If you frequently save small amounts of money, it will add up."
1028,A good tongue is a good weapon,Don’t underestimate the power of words.
1029,He that cannot obey cannot command,One should be comfortable following before one starts leading.
1030,Call no man happy till he is dead,Happiness is fleeting.
1031,The worth of a thing is best known by the want of it,Usually it’s only when we are deprived of a certain facility or privilege that we reali ze its true value.
1032,"When elephants fight, it is the grass that suffers","When two powerful entities fight, it is the weak that suffer."
1033,Fortune knocks once at every man's door,Everyone gets a chance to succeed at least once in l ife.
1034,Step-by-step one goes far,Be patient and persistent because small actions make it possible to achieve your goals.
1035,What will Mrs. Grundy say,This is a phrase you say to someone when you are worried that what you are doing will be seen as scandalous.
1036,Desperate disea ses must have desperate remedies,Extreme circumstances justify extreme actions.
1037,Conscience is a thousand witnesses,"Conscience tells us the difference between right and wrong, and justice and injustice."
1038,May God defend me from my friends; I can defend myself from my enemies,"While we are usually cau tious with strangers and rivals, we are less vigilant when it comes to relatives and friends."
1039,A book that is shut is but a block,A source of knowledge is worthless unless it is actually utilized.
1040,There’s many a true word spoken in jest,People often reveal their true feelings when joking.
1041,"As a tree falls, so shall it lie","Once established, a person’s character tends to r emain unchanged."
1042,"It doesn't matter if a cat is black or white, so long as it catches mice","Appearances and backgrounds don’t matter, so long as a person or organization can do their job."
1043,"What the heart thinks, the tongue speaks",It’s natural for the things we say to reflect the things we think and feel.
1044,Every family has a skeleton in the cupboard,Every family has something to hide.
1045,A short horse is soon curried,A small task is accomplished quickly.
1046,It is easier to pull down than to build,It’s easier to criticize or destroy something than to build it up or find a solution.
1047,Willful waste makes woeful want,"If you fail to use something import ant in a judicious manner and damage it, you will regret it later."
1048,He who wills the end wills the means,"If one is determined enough to reach their goal, they will make any sacrifices and take the necessary risks to do so."
1049,The grey mare is the better horse,"The wife is always right, or in charge."
1050,He that would have the fruit must climb the tree,You must make the necessary effort to achieve your goal.
1051,Lawmakers should not be law breakers,People who make rules should show integrity and not break the rules themselves.
1052,"The wolf may lose his teeth, but never his nature","A person can change their appearance or even their lifestyle, but they can never change their fundamental nature."
1053,It's an ill bird that fouls its own nest,"A truly corrupt or vile person is the one who hurts their own people, family, or community."
1055,The bait hides the hook,Beware of an offer or opportunity that sounds too good to be true.
1056,Liars should have good memories,"If you lie, be prepared to keep track of the lies you’ve told."
1057,"Give and spen d, and God will send",God bestows one with wealth so that they may share it with others.
1058,Fish follow the bait,People are often led by temptation.
1059,"He that will thrive, must rise at five",Those who wake up and face the day early are usually more successful than their lazy counterp arts.
1060,He that would the daughter win must with the mother fi rst begin,"If a man intends to marry a woman, he would do well to impress her mother."
1061,Do no t halloo till you are out of the wood,Don’t rejoice until you are certain a difficult time is over.
1062,Three removes are as bad as a fire,Moving a home or business three times is as financially and mentally draining as having an actual fire.
1063,"You can take the boy out of the country, but you can't take the country out of t he boy","A person from a more rustic or bucolic background will always keep with them the characteristics of their hometown, even if they relocate to a more urban place."
1064,All is grist that comes to the mill,Anything that comes one’s way can be turned into something useful.
1065,"Jam tomorrow, jam yesterday, but never jam today","If someone you know is never prepared or satisfied in the present, but instead lives in the past or waits for the future, then for him it’s “jam tomorro w, jam yesterday, but never jam today."
1066,After the feast comes the reckoning,Everything has its price.
1067,Love lives in cottages as well as in courts,All kinds of people fall in love regardless of their social or financial status.
1068,"When fortune knocks, open the door","When an opportunity comes to you, welcome it with op en arms."
1069,"Little thieves are hanged, but great ones escape",Master criminals manage not to get caught or punished for their crimes.
1070,He that would have eggs must endure the cackling of hens,One must sometimes endure minor annoyances in order to enjoy one’s bounty.
1071,He that fights and runs away may live to fight another day,"In a battle, someti mes a retreat is the best tactic."
1072,"Much coin, much care",People with a lot of money have a lot of worries.
1073,"Deeds are fruits, words are but leaves",Eloquent and heart -ravishing statements should be validated by concrete actions.
1074,Two of a trade can never agree,Two people in the same field or area of expertise are bound to feel superior to each other and therefore disagree on the “right” way to do som ething.
1075,There is no little enemy,No threat or danger should be regarded as small enough to dismiss and neglect.
1076,The remedy may be worse than the disease,Sometimes the result of a treatment will bring an overall worse outcome than not seeking treatment.
1077,An ounce of discretion is worth a pound of wit,It is sometimes better to be cautious than funny in social situations.
1078,"If you want to live and thrive, let the spider run alive","In older times, it was considered bad luck to kill a spider."
1079,A civil question deserves a civil answer,A politely asked question warran ts a respectful answer.
1080,Every a ss likes to hear himself bray,Fools enjoy the sound of their own nonsense.
1081,A stern chase is a long chase,"It is difficult to overtake an equal, so it’s better to avoid an exhausting competition whenever possible."
1082,The beaten road is the safest,"It’s better to use a method that’s proven to work instead of trying a new, risky one."
1083,"Poverty is not a shame, but the being ashamed of it is",Do not feel sorry fo r yourself just because you are poor.
1084,"Near is my shirt, but nearer is my skin",This is a phrase for someone who only looks out for their own interests.
1085,The mouse that has but one hole is quickly taken,Always have more than one option available for any situation you may find yourself in.
1086,First try and then trust,It is best to test a person before putting your complete trust in them.
1087,What's bred in the bone will come out in the flesh,A deeply trained or ingrained characteristic will continue to manifest itself throughout one’s life.
1088,A carpenter is known by his chips,One’s profession or interests can often be guessed by observing the trace s of what he leaves behind.
1089,He that once deceives is ever suspected,"Once trust in a person is betrayed, it can never be completely restored."
1090,The greatest wealth is contentment,Being happy with what you have is more valuable than all the money and possessions in the world.
1091,No flying without wings,"You can dream all you want, but practicality must come first."
1092,Every medal has two sides,"There are two sides to every story, so be careful whom you believe."
1093,A deaf husband and a blind wife are always a happy couple,This proverb plays to the gender stereotypes that women talk too much and men act dishonestly.
1094,Every shoe fits not every foot,Some tas ks are not suited to everyone.
1095,The rotten apple injures its neighbors,A person with a bad character will influence those around them in a bad way.
1096,Money burns a hole in the po cket,"If you carry cash with you, it will soon be spent."
1097,It's a good horse that never stumbles,Everyone makes mistakes from time to time.
1098,"Before you make a friend, eat a bushel of salt with them",A true friend is one you can trust.
1099,"Translators, traitors",Translating a sentence perfectly from one language to another is technically impossible.
1100,Nothing is certain but the unforeseen,No one can be absolutely certain about what happens in the future.
1101,England's difficul ty is Ireland's opportunity,One person’s challenges may yield another’s benefit.
1102,God is always on the side of the big battalions,"In battle, victory always goes to the stronger, smarter, braver of the two opposing forces, regardless of any faith in God that either party might claim to have ."
1103,Necessity knows no laws,Self-preservation can lead people to take extreme measures that break laws and violate norms.
1104,A woman either loves or hates,This proverb plays to the assumption that women are very emotional and tend to be extreme in their perception of others.
1105,"Put your trust in God, and keep your powder dry","Have faith that God will help you against your enemies, but at the same time be prepared to take action yourself when needed."
1106,"Destroy the seed of evil, or it will grow up to your ruin","If you don’t stop a problem in its early stages, it will eventually become too big to manage."
1107,There are tricks in every trade,In every occupation there are e specially clever or efficient ways of doing things.
1108,"He does not believe, who does not live according to his belief","If you truly believe in something, you should practice it yourself."
1109,"If one sheep leaps over the ditch, all the rest will follow","If one person sets an example and does something new, other people are likely to follow."
1110,Things past cannot be recalled,You can’t change something that’s already said or done.
1111,You cannot run with the hare and hunt with the hounds,You can’t engage in activities or relationships that conflict with each other from social or moral perspectives.
1112,Every bird loves to hear himself sing,People love to talk about themselves.
1113,"If you wish good advice, consult an old man","People with more knowledge, wisdom, and experience tend to give the best advice."
1114,It is a poor heart that never rejoices,Even melancholy people have to be happy at some point.
1115,Catch not at the shadow and lose the substance,Don’t get sidetracked by trivial details; only a thing’s essence truly matters.
1116,Anger and haste hinder good counsel,Both anger and haste tend to tai nt one’s ability to make logical decisions.
1117,Who knows most speaks least,People who are wiser tend to speak less.
1118,Better be a fool than a knave,A naive or simplistic person is better t han a willfully dishonest one.
1119,"Be careful what you pray for, you might get it",Don’t wish for something you might later regret.
1120,Never make two bites of a cherry,"Don’t make a small task in batches as this wastes your time and energy, but do it at once instead."
1121,"The buyer needs a hundred eyes, the seller not one","Shoppers need to look carefully at an item’s details, while salespeople can exaggerate the item’s merits."
1122,You can't put new wine in old bottles,You can’t use new concepts or designs on old -fashioned structures or frameworks.
1123,Gifts from enemie s are dangerous,Unfriendly people tend to have ulterior motives when acting kindly.
1124,"Sickness is felt, but health not at all","We are usually in a healthy state, so we don’t notice or appreciate it."
1125,He that is ill to himself will be good to nobody,How a person treats others is a reflection of how they treat themselves.
1126,The golden age was never the present age,"It’s easy to think things were better in the past, or will be better in the future, th an they are right now."
1127,You can't shout “fire” in a crowded theater,Don’t circulate provocative ideas that can lead to harm or distress.
1128,Don’t meet trouble halfway,"Deal with a problem in its entirety; otherwise, it will come back to bother you."
1129,He who gives fair words fee ds you with an empty spoon,There is no substance in flattery.
1130,Listeners hear no good of themselves,"If you listen in on other people who are speaking about you, you may only hear negative statements."
1131,"Hear much, speak little",It is better to listen than to speak.
1132,An ounce of practice is worth a ton of theory,"One can learn only so much by reading books; if you really want to understand something, you are better off experiencing it firsthand."
1133,Ignorance is a voluntary misfortune,There’s no excuse for being ignorant.
1134,"Scratch a Russian, and you will find a Tartar","French Emperor Napoleon Bonaparte supposedl y said this, to say that, under the surface —or if provoked —Russians are uncivilized and ruthless."
1135,A good heart conquers i ll fortune,Those with a strong will and peaceful character will overcome even the most challenging adversity.
1136,A dwarf on a giant’s shoulders sees the farther of the two,Collective wisdom grows when passing from one generation to the other.
1137,A discontented man knows not where to sit easy,"Anxiety is the natural state for one who lacks peace o f mind because he endlessly seeks that which will bring him contentment, thus leaving no time for rest."
1138,"Brag is a good dog, but holdfast is a better one","It is okay to be confident, but even better to show your prowess humbly."
1139,"When in doubt, do nowt","If you’re not sure about taking a course of action or making a certain decision, refrain from doing so."
1140,"The best physicians are Dr. D iet, Dr. Quiet, and Dr. Merryman","The most important ways to stay healthy are to eat healthy food, to avoid stress, and to enjoy yourself."
1141,God defend me from my friends; from my enemies I can defend myself,"It is often our friends and family that hurt us severely, perhaps because we depend on them the most."
1142,He that has a great nose thinks everybody is speaking of it,People are often hyperaware of their own appearance.
1143,"If two men ride on a horse, one must ride behind","When two people are collaborating on an important project or enterprise, one must be the leader and one the follower."
1144,The moon does not heed the barking of dogs,Don’t waste your time c omplaining about something that you can’t do anything about.
1145,Stolen fruit is the sweetest,We enjoy things more when they are forbidden.
1146,"Keep a thing seven years, and you will find a use for it","If you currently have something you are not usi ng, wait a while and you will find a use for it."
1147,Penny and penny la id up will be many,"If you save a little bit at a time, you will eventually have a lot."
1148,"Home is home, be it ever so homely","One’s residence may be simple or lackluster, but nevertheless it can still have the special charm only a home can have."
1149,"The sooner begun, the sooner done","Even if there’s a task you dread doing, doing it right away means getting it over wit h sooner."
1150,It's better to be born lucky than rich,Luck is more valuable than riches.
1151,Beauty fades like a flower,Physical beauty does not last forever.
1152,"If money be not thy servant, it will be thy master","Learn to control money; otherwise, it will control you."
1153,Never quit certainty for hope,Don’t trade a sure position for something that may or may not happen.
1154,Care brings gray hair,Excessive worry does more harm than good.
1155,The first duty of a soldier is obedience,"The most important part of being in the military is not fighting but following orders, as this will ensure that the chain of command remains in effe ctive control."
1156,Many go out for wool and come home shorn,Greed or ambition can drive a person to unwisely risk what they already possess.
1157,"When the wind is in the east, 'tis neither good for man nor beast",Wind blowing in from the east is typically foul and bad for crops and other important endeavors.
1158,There is luck in odd numbers,This proverb expresses the superstitious idea that you are more likely to be lucky when you have or do things in odd numbers.
1159,"Walnuts and pears, you plant for your heirs",Think about the welfare of people who will come after you are gone.
1160,Rather death than shame,Honor is more important than life itself.
1161,"No man loves his fetters, be they made of gold","People will never enjoy restrictions on their freedom, even if the circumstances seem generous."
1162,Salt water and absence wash away love,Relationships cannot survive long distances.
1163,He that commits a fault thinks everyone speaks of it,"People tend to be self -conscious about their mistakes, imagining a situation to be much worse than it actually is."
1164,The biter is sometimes bit,People who do unscrupulous or wrongful actions may become themselves victims of a similar action.
1165,Nothing is given so freely as advice,"People will always be happy to share with you their ideas about how you should manage your own affairs, even if you don’t ask them for their opinion."
1166,Take not a musket to kill a butterfly,Do not use extreme mea sures for small tasks.
1167,A forced kindness deserves n o thanks,A generous act is worthless unless it is carried out willingly and sincerely.
1168,The envious man grows lean,Jealousy will drain you of happiness and energy.
1169,"If we are bound to forgive an enemy, we are not bound to trust him",It’s good to forgive but not necessarily forget.
1170,Eagles do not breed doves,Offspring typ ically resemble their parentage in character.
1171,Peace makes plenty,People are generous when they feel safe and com fortable with each other.
1172,"Once on shore, we pray no more","We seek divine assistance when we feel in danger, but when life is stable, we get caught up in our daily routines."
1173,Affection blinds reason,Love can make one act irrationally.
1174,Sadness and gladn ess succeed each other,We experience happiness and sadness relative to each other.
1175,A good wife and health are a man’s best wealth,"Money is never as valuable to a man as a loving, supportive spouse and physical well -being."
1176,The borrower is the servant to the lender,Those to whom you owe money are in a position of power over you.
1177,After a calm comes a storm,A person might be overcome by trouble or adversity when least expected.
1178,"The more you stir it, the more it stinks","The more you get involved in something already unpleasant, the worse you’ll make it."
1179,Why buy a cow when milk is so cheap,"Why pay for or invest in something expensive when you can get the benefits cheaply, or even for free? A common example of this is the idea that a man who can obtain premarital sex will not be motivated to get married; therefore, a woman who is interested in him should withhold sexual relations."
1180,Don’t make a rod for your own back,Beware of taking actions that may create long -lasting problems.
1181,Liberty is not license,Political freedom does not mean that people are entitled to behave as they like without regard to others.
1182,The gods send nuts to those who have no teeth,Good fortune sometimes comes to people who can no longer use it or enjoy it.
1183,Learning is better than house and land,Education is more v aluable than the accumulation of property.
1184,Fools build houses and wise men live in them,Building a house is so expensive that renting is usually the better option.
1185,A friend is never known till needed,Unlikely friends often present themselves when they are truly needed.
1186,"A good surgeon must have an eagle’s eye, a lion’s heart, and a lady’s hand","Eagles are known for their acute observational skills, lions as courageous and determined creatures, and women for their delica te touch."
1187,An occasion lost cannot be redeemed,Don’t take an opportunity for granted as it may not come your way again.
1188,They brag most who can do leas t,Overtalkativeness is a sign of a weak or empty -headed person.
1189,Gold may be bought too dear,Some wealth is not worth the sacrifice one must make in order to obtain it.
1190,A man without reason is a beast in season,One may lose sight of themselves when rooted in hot emotion and not logic.
1191,The noblest vengeance is to forgive,The best way to respond to someone’s hurtful action is to forgive them.
1192,A wise man is never less alone than when alone,Wise people have the intellectual resources to occupy themselves even when alone.
1193,"A great city, a great solitude",It is often in a city full of people that one feels most lonely.
1194,He that touches pitch shall be defiled,One who mixes with wicked people cannot avoid being influenced by them.
1195,An old poacher makes the best gamekeeper,It takes a criminal to know a criminal.
1196,What can you expect from a hog but a grunt,Don’t have inappropriate or unrealistic expectations of people or objects.
1197,"Where bees are, there is honey","Wherever hardworking people are, there are profitable results."
1198,The English are a nation of shopkeepers,The British public is focused on economic growth.
1199,"You buy land, you buy stones; you buy meat, you buy bo nes","Consider the literal and material consequences of every acquisition you take, including the less valuable aspects."
1200,Bread never falls but on its buttered side,An already negative situation will often get even worse.
1201,"He is not a wise man, who cannot play the fool on occasion",A clever person may feign ignorance in ord er to avoid trouble.
1202,Pleasant hours fly fast,Time seems to move quickly when we are enjoying ourselves.
1203,Stone -dead hath no fellow,This saying was used to advocate for the death penalty.
1204,A fool believes everything,"Fools are gullible by nature and can be easily deceived, but the wise will questi on even the most rudimentary fact."
1205,"Early wed, early dead",One who marries young may be wasting quality bachelorhood.
1206,There are more ways of killing a cat than choking it with cream,There is more than one way to get something done.
1207,A straw will show which way the wind blows,A seemingly minor sign may be a hint at something bigger to come.
1208,"When a thing is done, advice comes too la te",Don’t give someone advice or a lecture when things are past changing or undoing.
1209,Fling dirt enough and some will stick,"If one spreads enough harmful rumors about a person, eventually their reputation will suffer, regardless of whether the accusations are true."
1210,"One enemy is too many, and a hundred friends too few","You should not want anyone to be an enemy, and you can never have too many friends."
1211,Every flow must have its ebb,"Life consists of ups and downs, peaks and valleys."
1212,Death defies the doctor,"No matter how skilled a doctor is at treating his patients, death will eventually come."
1213,Safety lies in the middle course,Moderation is the way to stay safe.
1214,Lean liberty is better than fat slavery,"Freedom is always better than being under someone else’s control, and we should not trade our free will for a comfortable life."
1215,Pride feels no pain,Fashionable people will endure discomfort in order to impress others.
1216,Adam’s ale is the best brew,This proverb serves as a suggestion to avoid drinking alcohol.
1217,"The more you get, the more you want",People are never sati sfied with what they have.
1218,Catch your bear before you sell its skin,Don’t promise something you may not be able to deliver.
1219,A dripping June sets all in tune,One positive action can have a long -lasting impact.
1220,Better die with honor than live with shame,"In the choice between dignity and disgrace, one can only choose dignity."
1221,One foot is better than two crutches,We should be thankful for what we have because our situation could always be worse.
1222,He that has no children knows not what is love,Only a parent knows the true meaning of unconditional love.
1223,Marriage makes or mars a man,Being married can either help or hinder you in your life.
1224,Sussex won't be druv,A local unofficial motto states that the people of Sussex County in England are admirably stubborn and cannot be forced to do something against t heir will.
1225,Eagles catch no flies,Important people do not trouble themselves with insignificant matters.
1226,"As the wind blows, you must set your sail",You need to adjust your plans according to current events.
1227,Expectation is better than realization,One’s hopeful projection of the future is often better than the eventual reality.
1228,Fish and guests smell after three days,Hospitality has its limits; a guest should be careful not to take advantage of their host.
1229,The fish will soon be caught that nibbles at every bait,The person who show interest in every do dgy deal will eventually get into trouble.
1230,"When things are at the worst, they begin to mend","Don’t despair when things are at their low point, as life is changing, for better or worse, and a certain state will not remain forever."
1231,A good book is a good friend,The pleasure one gleans from a book can be just as comforting as a friendship.
1232,Corporations have neither bodies to be punished nor souls to be condem ned,Corporations can make decisions that have severe consequences on people’s lives and get away with it.
1233,Hawks will not pick out hawks’ eyes,"Threatening or nefarious people usually leave their peers alone, focusing instead on those weaker than themselves."
1234,It is a foolish sheep that makes the wolf his confessor,It’s a bad idea to share secrets and sensitive information with people who might use it again st you.
1235,"Up like a rocket, down like a stick","This is said of someone who rises high in fortune or fame, then crashes down after losing it all."
1236,A man of gladness seldom falls into madness,Those who cultivate a positive outlook are less likely to lose their com posure.
1237,An old fox is not easily snared,"With old age comes all the experience, resilience, and survival ski lls one has gained in a lifetime."
1238,"He is unworthy to live, who lives only for himself","It is important to think of the needs of others, not only your own."
1239,You cannot put an old head on young shoulders,It’s impossible for a younger person to have the wisdom and experience of an older person.
1240,"If each would sweep before his own door, we should have a clean city",Bringing about positive change is a group effort.
1241,A woman conceals what she knows not,"This proverb plays to the gender stereotypes that assume that women cannot keep a secret, and if they know anything, they cannot resist telling it to others."
1242,"Abundance like want, ruins many",Material wealth can be a curse as it leads to vanity and covetousness.
1243,One sheep follows another,Weak -minded people will copy each other.
1244,Stretch your legs according to your coverlet,"Don’t live beyond your means, but spend according to what you can afford."
1245,"Six hours' sleep for a man, seven for a woman, and eight for a fool","This old saying wa s made famous by French Emperor Napoleon Bonaparte who suggests that men need less sleep than women, and that getting a lot of sleep is only for the weak or lazy people."
1246,The difficult is done at once; the impossible takes a little longer,This is a boastful way to say that nothing is impossible to you.
1247,Many would be cowards if they had courage enough,It takes bravery to admit that you are afraid.
1248,You must cut your coat according to y our cloth,"You can only shop, buy, or acquire based on your financial resources."
1249,"The camel, going to seek horns, lost his ears","Don’t be so greedy in your pursuits, or you may lose a valuable asset that you already have."
1250,Hanging and wiving go by destiny,"In life, marriage and death are both, to a large extent, determined by fate."
1251,Don't spoil the ship for a ha'porth of tar,Don’t neglect an important part of a task simply to save an insignificant amount of time or money.
1252,A swarm in May is worth a load of hay; a swarm in June is worth a silver spoon; but a swarm in,July is not worth a fly One’s fortune depends on the season.
1253,"One man may steal a horse, while another may not look over a hedge",We respond differently to behavior depending on how we feel about the people involved.
1254,Every extremity is a fault,"It is best to practice moderation, avoiding extremes."
1255,He should have a long spoon that sups with the devil,One should keep their distance if they must deal with a wicked person.
1257,Let not your tongue cut your throat,Be care ful what you say because you could say something that puts your life in danger.
1258,The world is a ladder for some t o go up and some down,"The world is a place of constant change, and people’s fortunes can rise and fall."
1259,You cannot get a quart into a pint pot,"You can’t get something too large to fit into a small space, so don’t try the impossible."
1260,Good management is better than good incom e,"No matter how large your income might be, you can end up in financial difficulty if you don’t moderate your expenses."
1261,Fair faces need no paint,A naturally beautiful face requires no makeup to look good.
1262,It is too late to lock the stable when the horse has been stolen,It’s no use to take precautions after the damage has already been done.
1263,The lone sheep is in danger of the wolf,A person who strays from the company and safety of the group is more vulnerable to a dangerous or untrustworthy person.
1264,"The more women look in their glass, the less they look to their house","The more a woman focuses on her appearance, the less she will care about taking care of her home."
1265,Time discloses all things,The answers or truth about an important issue will eventually be revealed with time.
1266,"A reed before the wind lives on, while mighty oaks do fall","A humble, flexible person will succeed where a proud, stubborn person fails."
1267,Custom without reason is but ancient error,Don’t trust a custom simply because it is tradition; you need to questi on the logic and moral behind it.
1268,"A young man idle, an old man needy","In old age, one regrets the opportunities taken for granted in youth."
1269,Praise no man till he is dead,"People we admire may surprise us by committing dishonest actions, or if past actions are revealed."
1270,One year's seeding makes seven years' weeding,"If something is left out of control, it will create long -term problems."
1271,It is ill jesting with edged tools,Don’t trifle or play around with dangerous things or people.
1272,A moneyless man goes fast through the market,Don’t waste your time looking at things you can’t afford.
1273,"Don’t make yourself a mouse, or the cat will eat you","If you present yourself as weak or indecisive, someone is likely to take advantage of you."
1274,Common fame is seldom to blame,"One’s reputation, though it may be exaggerated, may actually have a ring of truth in it."
1275,Every man has his proper gift,Everyone should be grateful for their particular lot in life.
1276,It is useless to flog a dead horse,"If a point has al ready been made or an issue resolved, there’s no gain in bringing it to attention any further."
1277,You don't fatten a pig by weighing it,"Don’t waste time on metrics, but focus instead on how to make actual improvements."
1278,Revolutions are not made with rose water,Radical political change usually involves violent conflict.
1279,One hour’s sleep before midnight is worth two after,Going to bed earlier gives you more restful sleep.
1280,"After death, the doctor",There is no use trying to fix a problem if the damage has already been done.
1281,"Promises are like pie crust, made to be broken",Do not trust promises because many people do not keep them.
1282,Every dog is allowed one bite,Even mild -mannered people are allowed aggression from time to time.
1283,Don’t cut the bough you are standing on,Don’t act carelessl y when making an important decision as it could lead to your own demise.
1284,"In the world, who knows not to swim goes to the bottom","People who don’t have practical knowledge, basic survival skills, and a desire to succeed will become life failures and will fall behind everyone e lse."
1285,"Take away the cause, and the effect ceases","If you solve the core problem, the symptoms will stop."
1286,Every heart has its own ache,Everyone experiences heartache in life.
1287,Years know more than books,Experience is a more reliable source of knowledge than books.
1288,A young man married is a young man marred,Beware of marrying too early.
1289,Hypocrisy is an homage that vice pays to virtue,Hypocrisy occurs when dishonest people acknowledge what is actually a virtuous action.
ENG0726,Labourer is worthy of his hire,Workers deserve fair pay for their labour (biblical origin).
ENG0727,"Laugh and the world laughs with you, weep and you weep alone",People enjoy being around happy people but avoid those who are sad.
ENG0729,Law is an ass,The law can be foolish or inflexible.
ENG0733,Let not the sun go down on your wrath,Don't stay angry overnight; resolve conflicts quickly.
ENG0736,Let the dead bury the dead,Don't dwell on the past; focus on the present.
ENG0737,Let the punishment fit the crime,Punishment should match the severity of the offence.
ENG0738,Let well alone,"If something is working fine, don't interfere."
ENG0740,Life is just a bowl of cherries,Life is easy and enjoyable.
ENG0741,Life is what you make it,Your attitude and actions determine your life.
ENG0742,Life’s not all beer and skittles,"Life includes hardship, not just fun."
ENG0745,Little pitchers have big ears,Children overhear adult conversations.
ENG0750,Live for today for tomorrow never comes,Enjoy the present; don't postpone life.
ENG0751,Longest journey starts with a single step,Big achievements begin with small actions.
ENG0753,Love of money is the root of all evil,Greed causes many problems.
ENG0756,Love thy neighbour as thyself,Treat others with the same kindness you want.
ENG0760,Make love not war,Promote peace and harmony over conflict.
ENG0761,Man does not live by bread alone,People need more than material things (spiritual/emotional).
ENG0763,Many a good tune played on an old fiddle,Experience and age can still produce great results.
ENG0765,Many a mickle makes a muckle,Small savings accumulate to wealth.
ENG0766,Many a slip ‘twixt cup and lip,Things can go wrong at the last moment.
ENG0767,Many a true word is spoken in jest,Jokes often contain truth.
ENG0768,Many are called but few are chosen,Not everyone succeeds despite opportunity.
ENG0770,"March comes in like a lion, and goes out like a lamb",March weather starts stormy and ends mild.
ENG0771,March winds and April showers bring forth May flowers,Spring rain leads to growth.
ENG0775,Mighty oaks from little acorns grow,Great things come from small beginnings.
ENG0778,Monday’s child is fair of face,Children born on Monday are beautiful (nursery rhyme).
ENG0785,More the merrier,More people make things more enjoyable.
ENG0786,"More things change, the more they stay the same",Surface changes hide underlying continuity.
ENG0787,More ways of killing a cat than choking it with cream,Many methods to achieve a goal.
ENG0788,Music has charms to soothe the savage breast,Music calms anger.
ENG0791,Needs must when the devil drives,You must act when forced by circumstances.
ENG0792,Ne’er cast a clout till May be out,Don't remove warm clothes until May ends.
ENG0793,Never give a sucker an even break,Don't give unfair advantages to the naive.
ENG0794,Never go to bed on an argument,Resolve disputes before sleeping.
ENG0795,Never judge a book by its cover,Don't judge by appearance.
ENG0797,Never look a gift horse in the mouth,Don't criticize gifts.
ENG0799,Never rains but it pours,Misfortunes come together.
ENG0801,Never tell tales out of school,Don't gossip about private matters.
ENG0802,Never too late,It's never too late to change.
ENG0803,Nine tailors make a man,Tailors were once seen as weak; nine needed to make one man.
ENG0804,No accounting for tastes,Preferences differ; no arguing taste.
ENG0805,No fool like an old fool,Older people can be especially foolish.
ENG0808,"No names, no pack-drill","No names mentioned, no punishment."
ENG0810,No one can make you feel inferior without your consent,Self-worth is your choice.
ENG0811,"No pain, no gain",Effort is required for reward.
ENG0812,No place like home,Home is the best place.
ENG0813,No rest for the wicked,Busy people (jokingly) have no rest.
ENG0816,No such thing as bad publicity,Any attention helps.
ENG0818,No use crying over spilt milk,Don't regret what's done.
ENG0819,Nod’s as good as a wink to a blind horse,A hint is enough for the willing.
ENG0820,None so blind as those who will not see,People ignore what they don't want to see.
ENG0821,Nothing new under the sun,Everything has happened before.
ENG0825,Oil and water don’t mix,Incompatible things or people don't go together.
ENG0829,All good things come to he who waits,Patience leads to rewards in time.
ENG0832,All publicity is good publicity,Even negative attention can benefit by increasing visibility.
ENG0834,All that glisters is not gold,Appearances can be deceptive; not everything that looks valuable is.
ENG0836,All things come to those that wait,"With patience, desired outcomes will eventually arrive."
ENG0837,All things must pass,Everything is temporary and will change.
ENG0841,An Englishman’s home is his castle,A person's home is their private sanctuary where they have control.
ENG0843,Apple never falls far from the tree,Children often resemble their parents in behavior or traits.
ENG0844,As thick as thieves,"People who are very close or conspiratorial, like thieves working together."
ENG0845,"As you make your bed, so you must lie upon it",You must accept the consequences of your own choices and actions.
ENG0846,As you sow so shall you reap,Your actions will determine your future outcomes.
ENG0847,Ask a silly question and you’ll get a silly answer,Foolish inquiries elicit inappropriate responses.
ENG0848,Attack is the best form of defence,Taking offensive action is more effective than passive defense.
ENG0853,Beggars should not be choosers,Those in need must accept what is available without complaint.
ENG0854,Behind every great man there’s a great woman,Successful men often have supportive women behind them.
ENG0855,Best-laid schemes of mice and men gang aft agley,Even the most carefully planned efforts can fail.
ENG0858,Better the Devil you know than the Devil you don’t,It is safer to deal with a familiar problem than an unknown one.
ENG0859,Better to give than to receive,Gifting brings more satisfaction than receiving.
ENG0861,Better to light a candle than to curse the darkness,It is more productive to take action to improve a situation than to complain about it.
ENG0862,Between two stools one falls to the ground,Trying to manage multiple options often leads to failure in both.
ENG0865,pen is mightier than the sword.,Words and communication have a greater effect than war and fighting.
ENG0866,"Penny wise, pound foolish.","Refers to a person who is careful about spending small amounts of money, but not careful about spending large amounts."
ENG0867,People who live in glass houses should not throw stones.,One should not criticize others for faults similar to one's own and risk retaliation.
ENG0868,Perseverance is the key to success.,Continuous effort is necessary in order to accomplish something.
ENG0869,picture paints a thousand words.,A picture is better than a long description.
ENG0871,Poverty waits at the gates of idleness.,"If you do not work, you will not earn any money."
ENG0872,Practice makes perfect.,Doing something repeatedly is the only way to improve and become good at it.
ENG0873,Practice what you preach.,You should behave the way you encourage other people to behave.
ENG0876,problem shared is a problem halved.,It is easier to deal with a problem when you discuss it with someone.
ENG0877,Procrastination is the thief of time.,Delaying an action for too long is a waste of time.
ENG0878,proof of the pudding is in the eating.,The real value of something can be judged only after it has been tried or tested.
ENG0879,Punctuality is the soul of business.,You should always be on time for your business appointments.
ENG0880,Put all your eggs in one basket.,Risk everything by relying on one plan.
ENG0881,"Quick come, quick go.",Something that is acquired easily is also lost easily.
ENG0882,Quick and well seldom go together.,Things that are done well are more often done slowly and carefully.
ENG0888,Revenge is sweet.,There is satisfaction in returning an injury.
ENG0889,rising tide lifts all boats.,A growing economy will lead to beneficial conditions for all.
ENG0890,road to hell is paved with good intentions.,"It is not enough to intend to do something, you must actually do it."
ENG0891,rolling stone gathers no moss,"If a person keeps moving from place to place, they gain neither friends nor possessions."
ENG0893,rotten apple spoils the barrel.,A dishonest or immoral person can have a bad influence on a group.
ENG0894,Better to remain silent and be thought a fool than to speak and remove all doubt,Staying quiet avoids confirming foolishness through speech.
ENG0895,Better to travel hopefully than to arrive,The journey and anticipation are more fulfilling than the destination.
ENG0901,Brevity is the soul of wit,Conciseness enhances intelligence.
ENG0902,Business before pleasure,Work comes before fun.
ENG0905,Clothes maketh the man,Appearance defines character to some extent.
ENG0906,"Cold hands, warm heart",A chilly exterior may hide a kind interior.
ENG0908,Count your blessings,Appreciate what you have.
ENG0909,Course of true love never did run smooth,Romance faces obstacles.
ENG0910,Crime doesn’t pay,Illegality leads to loss.
ENG0912,Darkest hour is just before the dawn,The worst precedes improvement.
ENG0914,Devil is in the details,Problems hide in specifics.
ENG0916,Discretion is the better part of valour,Caution is wiser than bravery.
ENG0919,Dog is a man’s best friend,Loyal companion.
ENG0921,Don’t burn your bridges behind you,Preserve future options.
ENG0922,Don’t cast your pearls before swine,Don’t waste valuables on the ungrateful.
ENG0923,Don’t change horses in midstream,Stick with a chosen path.
ENG0001,A bad workman always blames his tools.,This proverb is used when someone blames the quality of their equipment or other external factors when they perform a task poorly.
ENG0003,Absence makes heart grow fonder.,"When we’re away from loved ones, we long for their company more than in normal times."
ENG0004,A cat has nine lives.,Cat can survive seemingly fatal events.
ENG0005,Action speaks louder than words.,"Action is a better reflection of one’s character than words because it’s easy to say things, but difficult to act on them and follow through."
ENG0006,A Blessing In Disguise,Something good that isn't recognized at first.
ENG0007,A Chip On Your Shoulder,Being upset for something that happened in the past.
ENG0008,A Dime A Dozen,Anything that is common and easy to get.
ENG0010,{Costs an arm and a leg},Very expensive.
ENG0011,"Be slow in choosing, but slower in changing.","Choose things or people after diligence, but once you choose, stick for long."
ENG0013,Better late than never.,It is better to get something (you desire) late than get it never.
ENG0014,Birds of a feather flock together.,People with similar nature seek out each other’s company.
ENG0015,Blood is thicker than water.,Relationships with family is stronger than other relationships.
ENG0016,A rolling stone gathers no moss.,A person who is constantly changing his job and relationships won’t have depth in any of them and would be unfulfilled.
ENG0017,All that glitters is not gold.,Things that look good outwardly may not be as valuable or good.
ENG0018,An apple a day keeps the doctor away.,Eating an apple a day will keep you healthy.
ENG0020,"As you sow, so you shall reap.",Your actions – good or bad – determine what you get.
ENG0021,A picture is worth a thousand words.,It is easier to explain something through a picture than through words.
ENG0022,Don't judge a book by its cover.,"Just like you can’t form an opinion of a book just by looking at its cover, you can’t form an opinion about someone from their outward appearance."
ENG0023,Early bird catches the worm.,One who starts early on the work has higher chance of success.
ENG0025,Fortune favors the brave.,"If you carry out your plans boldly, luck is more likely to favor you."
ENG0026,A diamond with a flaw is better than a common stone that is perfect.,"A rare, precious opportunity that comes with some problems is better than a regular opportunity that seems to be perfect."
ENG0033,A jack of all trades is master of none.,A person with some knowledge of several fields can’t be a master in any of them.
ENG0034,A journey of thousand miles begins with a single step.,"Howsoever big a task is, it starts with a small step."
ENG0035,A lean agreement is better than a fat lawsuit.,"In disputes, it’s better to compromise and get only part of the potential outcome than to contest an expensive lawsuit."
ENG0036,A leopard doesn’t change its spots.,"People can’t change their innate character, especially bad."
ENG0039,All lay loads on a willing horse.,A person who says ‘yes’ to any work will soon find himself overloaded with work.
ENG0040,"Among the blind, one-eyed man is king.",An incapable person can gain powerful position if others are even more incapable.
ENG0041,An army of sheep led by a lion would defeat an army of lions led by a sheep.,Strong leadership beats weak leadership no matter the army size.
ENG0043,An hour in the morning is worth two in the evening.,People are generally more productive in the morning.
ENG0044,An idle brain is devil’s workshop.,"If you’ve nothing to do, you’ll likely think of mischief."
ENG0045,An ounce of protection is worth a pound of cure.,A little precaution before a crisis is better than lot of firefighting afterwards.
ENG0046,"A ship in the harbor is safe, but that’s not what a ship is for.",Get out of your comfort zone to grow and fulfill your potential.
ENG0047,Ask no questions and hear no lies.,Don’t ask questions which people can’t or don’t want to answer.
ENG0048,A thing begun is half done.,A good beginning makes it easier to accomplish rest of the project.
ENG0049,A tree is known by its fruit.,People are known by their character and actions (and not by their appearance).
ENG0050,Barking dogs seldom bite.,People who appear threatening rarely do harm.
ENG0051,Beauty is in the eye of beholder.,What may seem beautiful to one person may not seem to another.
ENG0052,Beauty is only skin deep.,"A person’s character, intellect, and other inner qualities are more important than physical appearance."
ENG0053,Beggars can’t be choosers.,People who depend on the generosity of others can’t pick & choose.
ENG0054,Begin to weave and God will give the thread.,"When taking up a task with no playbook, action is required. New paths open as you move forward."
ENG0055,Better to be poor and healthy than rich and sick.,Health is more important than money.
ENG0056,Clothes do not make a man.,A person’s character can’t be judged by clothing and outward appearance.
ENG0058,Cross the stream where it is shallowest.,Do things in the easiest possible way.
ENG0059,Curiosity killed the cat.,Enquiring into others’ work can be dangerous. Mind your own business.
ENG0060,"Curses, like chickens, come home to roost.",The consequence of wrongdoings always catches up with the wrongdoer.
ENG0061,Different strokes for different folks.,Different people have different needs and we should respect them.
ENG0062,Discretion is the better part of valor.,It is wise to be careful and not show unnecessary bravery.
ENG0063,Do as you would be done by.,Treat others the way you would like to be treated.
ENG0064,Doctors make the worst patients.,It’s difficult to advise a person on a matter in which he is an expert.
ENG0065,Don’t bite the hand that feeds you.,Don’t act badly toward the person who has helped you.
ENG0066,Don’t carry coals to Newcastle.,Don’t do unnecessary work (bringing coal to a coal-mining town).
ENG0067,Don’t cast pearls before swine.,Don’t offer something valuable to someone who doesn’t value it.
ENG0069,Don’t cross the bridge till you come to it.,Deal with a situation when it happens and not worry in advance.
ENG0070,Don’t empty the water jar until the rain falls.,Don’t quit something before securing its replacement.
ENG0071,Don’t kill the goose that lays golden eggs.,Don’t destroy something that makes money for you.
ENG0072,Don’t open a shop unless you know how to smile.,It’s difficult to attract customers without a pleasant persona.
ENG0073,Don’t put all your eggs in one basket.,Don’t put all effort into a single course of action.
ENG0074,Don’t think there are no crocodiles because the water is calm.,Everything calm doesn’t mean there are no dangers.
ENG0076,Eagles don’t catch flies.,Don’t take trivial matters to senior leaders.
ENG0079,Every horse thinks its own pack is heaviest.,We think that we work the hardest.
ENG0080,Every tub must stand on its own bottom.,Everyone has to justify their expense.
ENG0083,Faults are thick where love is thin.,"If love is shallow, people will find faults in each other."
ENG0085,"Flattery, like perfume, should be smelled but not swallowed.",Enjoy flattery but don’t believe it.
ENG0086,Fools rush in where angels fear to tread.,Fools get involved without much thought.
ENG0087,"For want of a nail the shoe is lost, for want of a shoe the horse is lost, for want of a horse the rider is lost.",Small things can have huge implications.
ENG0088,Cut to the chase.,Get to the point.
ENG0092,Let the cat out of the bag.,Reveal a secret.
ENG0093,Miss the boat.,Miss the chance.
ENG0094,On the same page.,Agreeing with someone.
ENG0096,Rain on someone's parade.,Spoil someone's plans.
ENG0097,Saved by the bell.,Rescued at the last moment.
ENG0101,Up in the air.,Uncertain or undecided.
ENG0103,Add insult to injury.,Worsen a situation.
ENG0109,Time flies when you're having fun.,Time passes quickly.
ENG0110,All ears.,Listening closely.
ENG0116,The elephant in the room.,Obvious problem ignored.
ENG0118,Bite off more than you can chew.,Take on too much.
ENG0119,Break the ice.,Start conversation.
ENG0120,By the book.,Follow rules exactly.
ENG0122,Give someone the cold shoulder.,Ignore someone.
ENG0128,A bad tree does not yield good apples.,A bad parent does not raise good children.
ENG0129,A barking dog seldom bites.,Someone who constantly makes threats rarely carries them out.
ENG0131,A black plum is as sweet as a white.,People should not be judged by their appearance.
ENG0134,A broken watch is right once a day.,Someone who is usually wrong can still be right once in a while.
ENG0142,A danger foreseen is half avoided.,"If you are prepared to face a problem or difficulty, it will be easier to deal with."
ENG0145,"A dry March, a wet April and a cool May fill barn and cellar and bring much hay.",Harvest predictions are made according to the weather.
ENG0147,A bad cause requires many words.,It is difficult to defend a bad cause.
ENG0148,Be just before you are generous.,Make sure all your debts are paid before you start offering help to others.
ENG0151,Beauty is in the eye of the beholder.,Different people have different tastes.
ENG0152,"Be swift to hear, slow to speak.",Listen carefully before speaking.
ENG0153,Beggars can't be choosers.,You should not reject an offer if you have no other choice.
ENG0154,The best advice is found on the pillow.,A good night's sleep may help us find an answer to our problem.
ENG0155,The best helping hand is at the end of your sleeve.,The best way to get something done is to do it yourself.
ENG0156,The best things in life are free.,"You don't have to pay for what is important: happiness, friendship, good health."
ENG0160,Charity begins at home.,A person's first duty is to help and care for his own family.
ENG0161,Children are certain cares but uncertain comforts.,Children are bound to cause anxiety but do not always bring joy.
ENG0163,Cleanliness is next to godliness.,A clean body is just as important as a pure soul.
ENG0165,A closed mouth catches no flies.,If you learn when to keep silent you will avoid trouble.
ENG0167,Constant occupation prevents temptation.,"When you are busy working, you avoid temptation."
ENG0170,Crosses are ladders that lead to heaven.,Suffering and misfortune often show the best in a person's character.
ENG0171,The darkest hour is just before dawn.,The most difficult moment is just before a problem is solved.
ENG0174,The devil looks after his own.,Success comes to those who deserve it least.
ENG0175,The devil makes work for idle hands.,"People who have no work, or are idle, often get into trouble."
ENG0177,The die is cast.,A decision has been made and it is impossible to change it.
ENG0179,Discretion is the better part of valour.,It is sometimes better to avoid a dangerous situation than to confront it.
ENG0180,Diseases of the soul are more dangerous than those of the body.,Mental and emotional disorder or spiritual torment is worse than bodily pain.
ENG0181,Distance makes the heart grow fonder.,"When you are separated from the person you love, your feelings are even stronger."
ENG0184,Don't bite off more than you can chew.,Trying to do more than you can deal with can lead to difficulty.
ENG0185,Don't count your chickens before they're hatched.,You must not be too confident that something will be successful.
ENG0186,Don't dig your grave with your own knife and fork.,Don't do something yourself that causes your own downfall.
ENG0188,A hot potato.,Controversial issue.
ENG0192,Can't judge a book by its cover.,Looks can be deceiving.
ENG0193,Drastic times call for drastic measures.,Extreme actions needed.
ENG0194,"No pain, no gain.",Effort brings rewards.
ENG0196,A storm in a teacup.,An overreaction.
ENG0197,All bark and no bite.,"All talk, no action."
ENG0213,Cry me a river.,Exaggerate sadness.
ENG0214,Cut the mustard.,Reach standard.
ENG0223,Early bird gets the worm.,"First come, first served."
ENG0326,Justice delayed is justice denied.,"If the law is applied too late, there is no justice."
ENG0327,Kill one to warn a hundred.,Warn many people by punishing a few.
ENG0328,Kindle not a fire you cannot put out.,Do not start something that you cannot control; you may fail or cause damage.
ENG0329,Kindness begets kindness.,"If you are kind to someone, they will return your kindness."
ENG0330,"Kindness, like a boomerang, always returns.","If you are kind to others, and serve as an example, you will receive kindness in return."
ENG0331,Knowledge in youth is wisdom in age.,What you learn when you are young will be invaluable when you grow old.
ENG0332,Knowledge is power.,"The more knowledge or education you have, the better your chances are of being successful in life, or the more control you will have over your future."
ENG0333,Laughter is the best medicine.,Laughter makes people feel good.
ENG0334,Learn to walk before you run.,Don't rush into doing something before you know how to do it.
ENG0335,Learning is a treasure that will follow its owner everywhere.,Education is something that you keep forever.
ENG0336,"Least said, soonest mended.","The less you talk about an incident, the more easily it will be forgotten."
ENG0337,lender nor borrower be.,Do not lend or borrow money.
ENG0338,leopard cannot change its spots.,It is impossible for a bad or unpleasant person to become good or pleasant.
ENG0341,Let the chips fall where they may.,We should not try to control our destiny.
ENG0342,Liars need good memories.,People who do not tell the truth must be careful to remember what they say.
ENG0343,Liberty is not licence.,Freedom does not mean that people can do whatever they like.
ENG0345,"Like father, like son.",A son's character can be expected to resemble his father's.
ENG0346,little fire is quickly trodden out.,"If you deal with a minor problem quickly, it will not become a major issue."
ENG0347,little of what you fancy does you good.,It's ok to give into a little temptation occasionally.
ENG0348,Little strokes fell good oaks.,"If you divide a task into small parts, it becomes easier to do."
ENG0349,loaded wagon makes no noise.,Really wealthy people do not talk about money.
ENG0350,Look before you leap.,Consider possible consequences before taking action.
ENG0353,Love is blind.,A person in love does not see the faults of the person he/she loves.
ENG0354,loveless life is a living death.,"Without affection, life is difficult."
ENG0356,Man is the head of the family and woman is the neck that turns the head.,Men's actions are guided by their wives.
ENG0358,man can die but once.,"If death comes now, you will not have to experience it later."
ENG0359,man is as old as he feels himself to be.,Your age doesn't matter as long as you are fit and healthy.
ENG0360,"man is judged by his deeds, not by his words.","A person is judged on what he/she actually does, not on what they say they will do."
ENG0361,man is known by the company he keeps.,A person's character is judged by the type of people with whom they spend their time.
ENG0363,Many a true word is spoken in jest.,Even if something is said as a joke it can still be true.
ENG0364,Many hands make light work.,Sharing work makes the task easier.
ENG0365,March comes in like a lion and goes out like a lamb.,The weather at the beginning of March is stormy and at the end is mild.
ENG0366,March winds and April showers bring forth May flowers.,The storms and rain in March and April produce flowers in the month of May.
ENG0367,"Mark, learn and inwardly digest.",Note and reflect upon something in order to thoroughly assimilate it.
ENG0369,Memory is the treasure of the mind.,A good memory is very precious.
ENG0370,"Men make houses, women make homes.",Women give a house its comfort and character.
ENG0371,Might as well be hanged for a sheep as a lamb.,"If the penalty is going to be the same, you might as well commit the greater offence."
ENG0372,Might is right.,Those with the most strength or power think they can do whatever they want.
ENG0373,Misery loves company.,When people are sad they often like others to feel sad too.
ENG0374,Misfortune tells us where fortune is.,It's when you encounter a serious problem that you realize that your previous difficulties were relatively minor.
ENG0378,monkey in silk is a monkey no less.,"No matter how someone dresses, it's the same person underneath."
ENG0379,"more haste, the less speed.",A person makes more progress if they take time to do things carefully.
ENG0380,"more you have, the more you want.",People have a constant desire to possess more.
ENG0381,mouse that has but one hole is quickly taken.,"If you depend on just one thing, and it fails, you have no alternatives."
ENG0382,Necessity is the mother of invention.,The need for something forces people to find a way of obtaining it.
ENG0385,Needs must when the devil drives.,Sometimes you are compelled to do something that you would rather not do.
ENG0386,Never put off till tomorrow what can be done today.,Don't postpone until later something you can do now.
ENG0388,Never trouble troubles until troubles trouble you.,Don't look for problems in advance; deal with them when they arise.
ENG0389,new broom sweeps clean .,A newly-appointed person often makes changes quickly (but experience is also valuable).
ENG0390,nod is as good as a wink .,A hint or a subtle signal is enough to convey meaning to someone who is ready to understand.
ENG0391,Nobody is perfect.,It is understandable not to be perfect or to make occasional mistakes.
ENG0394,No man can serve two masters.,It's impossible to follow instructions from two different sources.
ENG0395,No man is a hero to his valet.,Few people are admired by those who know them intimately and are aware of their failings.
ENG0396,No man is an island.,People are all interdependent and need each other.
ENG0400,No smoke without fire.,There could be some truth in the rumour.
ENG0401,"No wind, no waves.",Similar to 'no smoke without fire'.
ENG0402,Nothing ventured nothing gained.,You cannot expect to achieve anything if you take no risks.
ENG0403,Oil and water do not mix.,Some people or things are incompatible by nature.
ENG0404,old fox is not easily snared.,A person of experience is difficult to fool or manipulate.
ENG0406,One father is more than a hundred schoolmasters.,A teacher cannot replace a father. A child is raised by a father and taught by a teacher.
ENG0408,One of these days is none of these days.,"Until a date is set, 'one of these days' remains a vague promise."
ENG0409,One man's junk is another man's treasure.,What may seem useless or junk to one person may be of great value to another.
ENG0410,One today is worth two tomorrows.,What you have today is better than what is promised or hoped for.
ENG0412,One man's trash is another man's treasure.,What is useless to one person could be valuable to another.
ENG0413,One swallow doesn't make a summer.,A single satisfactory event does not mean that all the others will be as good.
ENG0414,onion a day keeps everyone away.,A humoristic version of 'an apple a day...'
ENG0415,Only real friends will tell you when your face is dirty.,Only a real friend will tell you the truth.
ENG0416,Opportunity seldom knocks twice.,Don't miss opportunities that come along.
ENG0417,ounce of discretion is worth a pound of wit.,It is better to be cautious and discreet than to try to be funny.
ENG0418,ounce of prevention is worth a pound of cure.,It is easier to prevent something from happening than to repair the damage or cure the disease later.
ENG0419,Out of the mouth of babes and sucklings.,Children often speak wisely.
ENG0421,Patience is a virtue.,It is good to be patient.
ENG0438,There is safety in numbers.,Being in a group offers more protection than being alone.
ENG0439,Save me from my friends,Friends can sometimes be more dangerous than enemies.
ENG0440,"Saying is one thing, doing is another.",People don't always do what they announce.
ENG0441,Short reckonings make long friends.,Debts paid quickly encourage friendship.
ENG0442,Sickness in the body brings sadness to the mind.,Physical suffering can lead to sadness or depression.
ENG0443,Silence gives consent.,"If you don't object to something, it is assumed that you agree with it."
ENG0445,A soft answer turneth away wrath.,If your reply is polite and tactful you will avoid anger.
ENG0446,A smooth sea never made a skilled mariner.,Overcoming adversity leads to competence.
ENG0447,Snug as a bug in a rug.,Feeling very comfortable.
ENG0448,Spare the rod and spoil the child.,"If you don't punish a child when he does wrong, you will spoil his character."
ENG0450,Sticks and stones will break my bones but names will never hurt me.,"Physical attacks may harm me, but cruel words will not."
ENG0453,Stolen fruit is sweet,What is forbidden is the most tempting.
ENG0455,A stumble may prevent a fall.,Correcting a small mistake may help you to avoid making a bigger one.
ENG0456,One swallow does not make the summer.,"Although something good has happened, a single fortunate event should not make you too optimistic because the situation may not continue to develop as well as you hope."
ENG0457,Tall oaks grow from little acorns,Great things may come from small beginnings.
ENG0458,The apple doesn't fall far from the tree,Children resemble their parents or have similar characteristics.
ENG0464,The devil makes work for idle hands,"People who have no work, or who are idle, often get into trouble."
ENG0474,The tongue wounds more than a lance,Insults can be more hurtful than physical injuries.
ENG0475,The truth is in the wine,People speak more freely under the influence of alcohol.
ENG0476,There's many a slip between cup and lip,"Even when a good outcome seems certain, things can still go wrong."
ENG0480,"United we stand, divided we fall",People who join forces are more difficult to defeat than they would be separately.
ENG0481,Unity is strength.,People can achieve more when they join forces than when they work alone.
ENG0482,"Until it's done, tell none.",Don’t announce success until it has been achieved.
ENG0483,Unwillingness easily finds an excuse.,A person who doesn't want to do something always finds a reason to avoid it.
ENG0485,Use it or lose it,Skills or knowledge that are not used may be lost over time.
ENG0486,Vanity blossoms but bears no fruit.,The growth of excessive pride brings no benefit.
ENG0488,Various are the roads to fame.,Different methods of doing something can lead to the same result in the end.
ENG0489,Virtue is its own reward.,You should not expect praise for acting in a correct or moral way.
ENG0490,Vision without action is a daydream. Action without vision is a nightmare.,"If you have good ideas but don’t act on them, you are just daydreaming. If you act without thinking, you may end up in trouble."
ENG0491,"Voice of one, voice of none.",People who are not united do not have the power to change things.
ENG0495,We are what we eat,What we eat has a direct impact on our lives and overall well-being.
ENG0496,"What the eye doesn't see, the heart doesn't grieve over","If a person doesn't know about something, it cannot hurt them."
ENG0499,What's done is done,You cannot change something that has already happened.
ENG0500,"When the cat's away, the mice play",People sometimes misbehave when the person in authority is absent.
ENG0502,"When poverty comes in the door, love goes out the window","When a couple loses everything, their relationship becomes difficult."
ENG0504,Where there's life there's hope,"As long as a person is breathing, there is hope for recovery."
ENG0505,Where there's a will there's a way,"If you are determined to do something, you will find a way to do it."
ENG0506,Who makes himself a sheep will be eaten by the wolves,An easily influenced person can be misled.
ENG0507,A wise head keeps a still tongue,An intelligent person knows when to stay silent.
ENG0508,Wisdom is better than strength,It is preferable to use one's intelligence than one's physical strength.
ENG0510,Without effort no harvest will be abundant,Nothing is achieved without hard work.
ENG0511,Two wrongs don't make a right,It is wrong to harm someone because they have harmed you.
ENG0513,Worry often gives a small thing a big shadow,"We often worry unnecessarily about small things. The more we worry, the more important they appear."
ENG0514,You are what you eat.,What you eat has an effect on your well-being.
ENG0516,You can lead a horse to water but you can't make it drink.,You can offer somebody an opportunity to do something but you can't force them to do it.
ENG0517,You can't teach an old dog new tricks.,A person who is used to doing things a certain way cannot change.
ENG0518,You can't get blood from a turnip.,"You cannot obtain something, especially money, from someone who doesn't have it."
ENG0519,You never know what you can do until you try.,Try first before deciding not to do something.
ENG0520,You reap what you sow.,The result you achieve depends on your behaviour or actions.
ENG0522,"You snooze, you lose.",Laziness can lead to missed opportunities.
ENG0523,"A young idler, an old beggar.","If you don't work, you won't have any money when you're old."
ENG0524,Youth is wasted on the young.,"Young people do not realize the value of their youth, or perhaps they are too immature to appreciate it."
ENG0525,Zeal without knowledge is a runaway horse.,The excessive eagerness of an inexperienced person can lead to unbridled (uncontrolled) action.
ENG0527,Accidents will happen,Mistakes or mishaps are inevitable.
ENG0535,All the world loves a lover,People admire those in love.
ENG0544,An ill wind that blows no one any good,Even bad events have benefits.
ENG0545,An ounce of prevention is worth a pound of cure,Avoidance is better than fixing.
ENG0556,Be careful what you wish for,Desires can backfire.
ENG0585,Customer is always right,Satisfy clients regardless.
ENG0601,"Don’t get mad, get even",Retaliate calmly.
ENG0603,Don’t look a gift horse in the mouth,Accept gifts graciously.
ENG0604,Don’t meet troubles half-way,Avoid anticipating problems.
ENG0605,Don’t mix business with pleasure,Separate work and fun.
ENG0608,Don’t rock the boat,Avoid disruption.
ENG0609,Don’t shoot the messenger,Don't blame bearers of news.
ENG0610,Don’t throw the baby out with the bathwater,Avoid discarding valuables.
ENG0611,Don’t try to run before you can walk,Progress step by step.
ENG0613,Doubt is the beginning not the end of wisdom,Questioning starts knowledge.
ENG0614,Drowning man will clutch at a straw,Desperation leads to grasping anything.
ENG0615,Early bird catches the worm,Prompt action rewards.
ENG0617,Easy to be wise after the event,Hindsight is clear.
ENG0618,"Eat, drink and be merry, for tomorrow we die",Enjoy life now.
ENG0620,End justifies the means,Goals validate methods.
ENG0626,Fat is in the fire,The situation is out of control or irreversible.
ENG0627,Faint heart never won fair lady,A timid person will not achieve success in love or anything else.
ENG0630,Fight the good fight,To persevere in doing what is right or just.
ENG0631,"Finders keepers, losers weepers",Whoever finds something can keep it; the loser has no claim.
ENG0633,Fire is a good servant but a bad master,"Something useful if controlled, but dangerous if it controls you."
ENG0636,Flattery will get you nowhere,Excessive praise is insincere and ineffective.
ENG0637,For everything there is a season,Everything has its appropriate time.
ENG0638,For want of a nail the shoe was lost; for want of a shoe the horse was lost; and for want of a horse the man was lost,A small oversight can lead to major failures.
ENG0641,From the sublime to the ridiculous is only one step,Extreme contrasts are closely connected.
ENG0644,Give a man enough rope and he will hang himself,Someone given freedom will often incriminate themselves.
ENG0646,Give the Devil his due,Even adversaries deserve recognition for their strengths.
ENG0647,Go the extra mile,To make additional effort beyond the minimum.
ENG0648,Golden key can open any door,A valuable asset or skill unlocks opportunities.
ENG0649,Good beginning makes a good ending,A strong start leads to a successful conclusion.
ENG0650,Good die young – The,Virtuous people often die prematurely.
ENG0651,Good fences make good neighbours,Clear boundaries foster good relationships.
ENG0652,Good man is hard to find – A,Reliable and moral people are rare.
ENG0653,Good talk saves the food,Persuasive words can prevent waste or conflict.
ENG0654,Good things come in small packages,Valuable items can be compact.
ENG0656,Grass is always greener on the other side of the fence – The,Others' situations seem better than one's own.
ENG0659,Hand that rocks the cradle rules the world – The,Mothers influence through their children.
ENG0662,Hard work never did anyone any harm,Effort is beneficial.
ENG0663,"He that goes a-borrowing, goes a-sorrowing",Borrowing money brings trouble.
ENG0664,"He who can does, he who cannot, teaches",Practical experience trumps mere instruction.
ENG0665,"He who fights and runs away, may live to fight another day",Retreating can preserve strength for future battles.
ENG0667,He who lives by the sword shall die by the sword,Violence begets violence.
ENG0671,Hindsight is always twenty-twenty,It's easy to judge after events.
ENG0673,Hold with the hare and run with the hounds,Supporting conflicting sides is inconsistent.
ENG0675,Honor among thieves – There’s,Even criminals have codes of loyalty.
ENG0676,Hope springs eternal,Optimism persists despite odds.
ENG0677,Horses for courses,Different tools or people suit different tasks.
ENG0678,House divided against itself cannot stand – A,Internal conflict weakens a group.
ENG0679,House is not a home – A,A building lacks the warmth of a true home.
ENG0680,Husband is always the last to know – The,Spouses are often oblivious to domestic matters.
ENG0682,If a job is worth doing it is worth doing well,Commit fully to worthwhile tasks.
ENG0683,If God had meant us to fly he’d have given us wings,Some things are not naturally possible.
ENG0684,If ifs and ands were pots and pans there’d be no work for tinkers,Hypotheticals are useless.
ENG0686,"If life deals you lemons, make lemonade",Turn misfortunes into advantages.
ENG0688,"If the mountain won’t come to Mohammed, then Mohammed must go to the mountain",Adapt to circumstances.
ENG0689,"If the shoe fits, wear it","If it applies to you, acknowledge it."
ENG0691,If you build it they will come,Preparation attracts opportunity.
ENG0692,"If you can’t be good, be careful","If you can't avoid trouble, be cautious."
ENG0693,"If you can’t beat em, join em",Align with winners if defeat is inevitable.
ENG0694,If you can’t stand the heat get out of the kitchen,Avoid situations if unprepared.
ENG0695,"If you lie down with dogs, you will get up with fleas",Bad companions corrupt.
ENG0697,"If you want a thing done well, do it yourself",Self-reliance ensures quality.
ENG0700,In the kingdom of the blind the one eyed man is king,Limited skills excel in deficient environments.
ENG0701,In the midst of life we are in death,Life is fragile.
ENG0702,Into every life a little rain must fall,Everyone experiences hardship.
ENG0703,It ain’t over till the fat lady sings,The end is not yet.
ENG0705,It never rains but it pours,Misfortunes come in clusters.
ENG0706,It takes a thief to catch a thief,Only an expert can apprehend one.
ENG0710,It’s all grist to the mill,Everything is useful.
ENG0711,It’s best to be on the safe side,Caution is wise.
ENG0712,It’s better to give than to receive,Generosity is more fulfilling.
ENG0713,It’s better to travel hopefully than to arrive,The journey matters more than the end.
ENG0714,It’s never too late,Opportunities exist anytime.
ENG0716,It’s the empty can that makes the most noise,Idle people are the loudest.
ENG0717,It’s the singer not the song,Performance matters over content.
ENG0718,It’s the squeaky wheel that gets the grease,Complaints prompt attention.
ENG0719,"Jack of all trades, master of none",Generalist lacks specialization.
ENG0720,"Jam tomorrow and jam yesterday, but never jam today",Promises delay fulfillment.
ENG0721,Journey of a thousand miles begins with a single step – A,Great endeavors start small.
ENG0723,Keep your chin up,Stay positive in adversity.
ENG0724,Keep your friends close and your enemies closer,Monitor threats intimately.
ENG0725,Keep your powder dry,Prepare for future needs.
ENG0938,"Speech is silver, silence is golden","Speaking is good, but discretion can be better."
ENG0945,One swallow does not make the summer,A single fortunate event should not make you too optimistic.
ENG0947,Slow but sure,Proceeding cautiously guarantees success over time.
ENG0948,"Success has many fathers, while failure is an orphan","Credit for success is shared, but failure is disowned."
ENG0949,Take care of the pennies and the pounds will take care of themselves,Mind small expenses to manage large ones effectively.
ENG0951,That which does not kill us makes us stronger,Adversity builds resilience.
ENG0952,The whole is greater than the sum of the parts,Combined elements create more value than individually.
ENG0953,There’s safety in numbers,Group presence reduces risk.
ENG0954,"They that sow the wind, shall reap the whirlwind",Reckless actions lead to severe consequences.
ENG0956,Those who do not learn from history are doomed to repeat it,Ignoring past mistakes ensures their recurrence.
ENG0957,Those who live in glass houses shouldn’t throw stones,Critics should examine their own flaws first.
ENG0962,Time will tell,The truth emerges eventually.
ENG0965,To the victor go the spoils,Winners claim rewards.
ENG0976,Waste not want not,Avoid waste to avoid need.
ENG0980,When the cat’s away the mice will play,Absence allows misbehavior.
ENG0982,Where there’s a will there’s a way,Determination finds methods.
ENG0983,While there’s life there’s hope,Survival offers optimism.
ENG0984,You are never too old to learn,Learning continues lifelong.
ENG0986,You can lead a horse to water but you can’t make it drink,You can't force someone to accept help.
ENG0989,You reap what you sow,Actions return accordingly.
ENG0990,Youth is wasted on the young,Inexperience squanders vitality.
ENG1009,You can lead a horse to water but you can't make it drink,You can offer opportunities but can't force acceptance.
ENG1010,You can't teach an old dog new tricks,It's hard to change habits of older people.
ENG1012,You scratch my back and I'll scratch yours,Mutual help and favors.
ENG1013,"You snooze, you lose","If you're not alert, you miss opportunities."
ENG1014,"A young idler, an old beggar",Laziness in youth leads to poverty in old age.
ENG1016,The way to a man's heart is through his stomach,Cooking for someone wins their affection.
ENG1027,A prophet is not recognized in his own land,People often fail to appreciate the talents or value of those close to them.
ENG1028,A volunteer is worth twenty pressed men,A willing worker is more valuable than one who is forced to work.
ENG1029,A woman’s work is never done,The tasks associated with running a household or caring for others are endless.
ENG1030,A word to the wise is enough,A brief warning or hint is sufficient for someone who is intelligent and receptive.
ENG1031,An exception to every rule,Even the most established principles can have rare exceptions.
ENG1036,Ashes to ashes dust to dust,"A reminder of the cycle of life and death, often used in funerals."
ENG1038,Beat swords into ploughshares,To transform instruments of war into tools for peaceful purposes.
ENG1039,Best defence is a good offence,The most effective way to counter aggression is to take the initiative.
ENG1040,Best is the enemy of the good,The pursuit of perfection can prevent the acceptance of satisfactory outcomes.
ENG1041,Beware the Ides of March,A warning to be cautious on or around a significant date.
ENG1042,Big fleas have little fleas upon their back to bite ’em,Larger problems or entities have their own smaller issues or subordinates.
ENG1043,"Bigger they are, the harder they fall",Entities with greater power or size experience more significant consequences when they fail.
ENG1044,Blessed are the peacemakers,Those who promote harmony and resolve conflicts are highly valued.
ENG1045,Blue are the hills that are far away,Distance can idealize or romanticize distant objects or places.
ENG1046,Cast pearls before swine,Do not offer something valuable to someone who does not appreciate it.
ENG1064,Don’t count your chickens before they hatch,Don’t make plans based on future events that may not happen.
ENG1081,Easy come easy go,Quick gains and losses.
ENG1096,Finders keepers losers weepers,Whoever finds something can keep it.
ENG1226,"East or West, home is best","Your own home is the best place to be, no matter where you travel."
ENG1229,Every rose has its thorn,Even the most beautiful things have drawbacks.
ENG1232,Fortune favours the bold,Luck smiles on those who take risks.
ENG1239,Keep your eyes peeled,Stay alert and observant.
ENG1253,Rome wasn’t built in a day,Great achievements take time.
ENG1259,There’s no smoke without fire,Rumours usually have basis.
ENG1260,Time heals all wounds,Pain fades with time.
ENG1263,When in Rome do as the Romans do,Adapt to local customs.
ENG1266,You can’t judge a book by its cover,Appearances can be deceptive.
ENG1273,A day of sorrow is longer than a month of joy,Sad times feel endless.
ENG1274,A drop of ink may make a million think,A written idea can influence many.
ENG1275,"A dry March, a wet April and a cool May fill barn and cellar and bring much hay",Weather patterns predict good harvests.
ENG1281,A little of what you fancy does you good,Occasional indulgence is beneficial.
ENG1282,A loaded wagon makes no noise,Wealthy people are often quiet about their money.
ENG1301,Experience is the best teacher,Learning comes from doing.
ENG1303,Fortune favours the brave,Luck helps the courageous.
ENG1307,"If at first you don’t succeed, try again",Persistence leads to success.
ENG1311,Laugh and the world laughs with you,Happiness is contagious.
ENG1318,Out of sight out of mind,We forget absent things.
ENG1326,A bird in the hand is worth two in the bush.,It’s better to value what you have than risk losing it for something uncertain.
ENG1327,A journey of a thousand miles begins with a single step.,Big tasks start with small actions.
ENG1328,Absence makes the heart grow fonder.,Being away from someone makes you appreciate them more.
ENG1337,Don't count your chickens before they hatch.,Don't assume success before it happens.
ENG1339,"Early to bed and early to rise makes a man healthy, wealthy and wise.",Good routine brings benefits.
ENG1341,Experience is the best teacher.,You learn best from doing.
ENG1343,Fortune favours the bold.,Luck helps those who take risks.
ENG1344,God helps those who help themselves.,Success comes to those who make effort.
ENG1345,Great minds think alike.,Intelligent people often have the same ideas.
ENG1346,Honesty is the best policy.,Telling the truth is always better.
ENG1348,It takes two to tango.,Partnership requires mutual effort.
ENG1352,Let sleeping dogs lie.,Don't revive old problems.
ENG1355,Make hay while the sun shines.,Take advantage of good opportunities.
ENG1365,Rome wasn't built in a day.,Great things take time.
ENG1368,The early bird catches the worm.,Acting early brings advantage.
ENG1369,The grass is always greener on the other side.,Others' situations seem better.
ENG1371,There’s no smoke without fire.,Rumours usually have truth.
ENG1373,Two heads are better than one.,Collaboration improves results.
ENG1374,Two wrongs don’t make a right.,Retaliation doesn't fix anything.
ENG1376,Where there’s a will there’s a way.,Determination finds solutions.
ENG1377,You can’t have your cake and eat it too.,You can't enjoy two incompatible things.
ENG1382,A watched pot never boils.,Anxiety makes time seem longer.
ENG1387,Better safe than sorry.,Caution avoids regret.
ENG1388,Better the devil you know than the devil you don't.,Familiar problems are safer.
ENG1392,Don't bite the hand that feeds you.,Don't harm your benefactor.
ENG1397,Every dog has its day.,Everyone has success sometime.
ENG1398,Fortune favours the brave.,Bold people get luck.
ENG1402,"If at first you don't succeed, try again.",Persistence wins.
ENG1403,"If the shoe fits, wear it.","If it applies, accept it."
ENG1426,A leopard cannot change its spots.,"A person cannot change their basic nature, especially bad habits."
ENG1427,A little learning is a dangerous thing.,Partial knowledge can lead to overconfidence and mistakes.
ENG1428,A man is known by the company he keeps.,Your character is judged by the friends you choose.
ENG1429,A penny saved is a penny earned.,Saving money is equivalent to earning it.
ENG1471,Slow and steady wins the race.,Consistent effort is better than speed.
ENG1477,There's no smoke without fire.,Rumours usually have some basis in truth.
ENG1480,Two wrongs don't make a right.,Revenge or retaliation does not correct an injustice.
ENG1481,"When in Rome, do as the Romans do.",Adapt to the customs of the place you are in.
ENG1483,You can't have your cake and eat it too.,You cannot enjoy two incompatible things at once.
ENG1484,You can't judge a book by its cover.,Appearances can be misleading.
ENG1489,All work and no play makes Jack a dull boy.,"Without leisure, life becomes boring."
ENG1499,Keep your powder dry.,Stay prepared for future needs.
ENG1504,The devil is in the details.,Problems are often hidden in the small points.
ENG1505,The squeaky wheel gets the grease.,The one who complains most gets attention.
ENG1506,There's more than one way to skin a cat.,There are many ways to achieve the same goal.
ENG1507,When the cat's away the mice will play.,"Without supervision, people misbehave."
ENG1508,You can't make an omelette without breaking eggs.,You cannot achieve something without some loss.
ENG1518,A friend to all is a friend to none.,Trying to please everyone pleases no one.
ENG1519,A guilty conscience needs no accuser.,Guilt reveals itself.
ENG1520,A little knowledge is a dangerous thing.,Incomplete knowledge leads to mistakes.
ENG1522,A loaded wagon makes no noise.,Wealthy people are quiet about their money.
ENG1523,A man is as old as he feels.,Age is a state of mind.
ENG1524,A miss is as good as a mile.,Near failure is still failure.
ENG1525,A nod is as good as a wink to a blind horse.,A hint is enough for those who understand.
