Sample_ID,Source_Text_Yo,Target_Text_En,Cultural_Context,Provenance,QA_Flag,Comments
YOR0001,A di gàárì sílẹ́ ewúrẹ́ ńyọjú; ẹrù ìran rẹ́ ni?,"We prepare the saddle, and the goat presents itself; is it a burden for the lineage of goats?",Goats that know their place do not offer their backs to be saddled.,part1.docx,PERFECT,
YOR0002,A fi ọ́ jọba ò ńṣàwúre; o fẹ́ẹ́ jẹ Ọlọ́run ni?,"You have been crowned a king, and yet you make good-luck charms; would you be crowned God?",Being crowned a king is about the best fortune a mortal could hope for.,part1.docx,PERFECT,
YOR0003,"A fijó gba Awà; a fìjà gba Awà; bí a ò bá jó, bí a ò bá jà, bí a bá ti gba Awà, kò tán bí?","By dancing we take possession of Awà; through fighting we take possession of Awà; if we neither dance nor fight but take possession of Awà anyway, is the result not the same?",Why make a huge production of a matter that is easily taken care of?,part1.docx,PERFECT,
YOR0004,A gbé gàárì ọmọ ewúrẹ́ ńrojú; kì í ṣe ẹrù àgùntàn.,We lift a saddle and the goat scowls; it is no burden for a sheep.,"The goat has no cause to scowl, because no one will condescend to ride it anyway.",part1.docx,,
YOR0005,A kì í bá ọba pàlà kí ọkọ́ ọba má ṣàn-ánni lẹ́sẹ̀.,One does not share a farm boundary with a king without getting one’s feet gashed by the king’s hoe.,One should be cautious in dealing with people in authority.,part1.docx,,
YOR0006,A kì í bẹ̀rù ikú bẹ̀rù àrùn ká ní kí ọmọ ó kú sinni.,One does not so fear death and disease that one asks that one’s child die before one.,One should not be more concerned with saving oneself than with saving one’s dependents.,part1.docx,,
YOR0007,A kì í bínú ààtàn ká dalẹ̀ sígbẹ̀ẹ́.,One does not get angry with the rubbish dump and discard one’s rubbish into the bush.,One should not act in unreasonable and harmful ways because of anger.,part1.docx,,
YOR0008,A kì í bínú orí ká fi fìlà dé ìbàdí.,One does not get angry with one’s head and therefore use one’s cap to cover one’s buttocks.,Do not cut off your nose to spite your face.,part1.docx,FIX,"Fix space in the target_text_en ""but tucks"""
YOR0009,A kì í bọ òrìṣà lójú ọ̀fọ́n-ọ̀n; bó bá dalẹ́ a máa tú pẹpẹ.,"One does not sacrifice to a god in the pres ence of a house rat; otherwise, when night falls it invades the rafter shelves.",Do not do things that might constitute temptation to others.,part1.docx,FIX,"Fix space in the target_text_en ""pres ence"""
YOR0010,A kì í dàgbà má làáyà; ibi ayé bá báni là ńjẹ ẹ́.,One does not become an adult and yet lack courage; one lives life as it finds one.,One should do what is fitting for one’s station in life.,part1.docx,,
YOR0011,A kì í dá ọwọ́ lé ohun tí a ò lè gbé.,One does not lay hands on a load one can not lift.,One should not overreach.,part1.docx,,
YOR0012,A kì í dájọ́ orò ká yẹ̀ ẹ́.,One does not set the day for an orò rite and then ignore it.,One must not let important matters slide.,part1.docx,,
YOR0013,A kì í dákẹ́ ká ṣìwí; a kì í wò sùn-ùn ká dáràn.,One does not keep quiet and yet misspeak; one does not silently contemplate the world and yet get into trouble.,A careful and cautious person seldom gets into trouble.,part1.docx,,
YOR0014,A kì í dé Màrọ́kọ́ sin ẹlẹ́jọ́.,One does not arrive at Màrọ́kọ́ ahead of the litigant.,One should not take charge of other people’s business.,Unknown,,
YOR0015,A kì í fi gbèsè sọ́rùn ṣọ̀ṣọ́.,One does not carry debt around one’s neck and live like a dandy.,One should discharge one’s obligations before indulging in extravagance.,part1.docx,FIX,"Fix space in the cultural_context ""dis charge"""
YOR0016,"A kì í fi ìka ro etí, ká fi ro imú, ká wá tún fi ta ehín.","One does not use one’s finger to clean one’s ear passages, use it to pick one’s nose, and then use it to pick one’s teeth.",One should always behave with decorum.,part1.docx,,
YOR0017,A kì í fi orí wé oríi Mokúṣiré; bí Mokú kú láàárọ̀ a jí lálẹ́,"One does not liken one’s fortune to Mokúṣiré’s; if Mokú dies in the morning, he resurrects at night.",Never emulate people who know tricks you don’t.,Unknown,FIX,"Removed hyphen in the target_text_en ""Mokú-ṣiré’s"". it was absent in the original yoruba text"
YOR0018,A kì í fi pàtàkì bẹ́ èlùbọ́; ẹní bá níṣu ló ḿbẹ́ ẹ.,One does not come by yam flour because of one’s importance; only people who have yams can make yam flour.,One cannot eat importance.,part1.docx,,
YOR0019,A kì í fini joyè àwòdì ká má lè gbádìẹ.,One cannot be given the title ‘‘eagle’’ and yet be incapable of snatching chickens.,One should be able to live up to expectations.,part1.docx,,
YOR0020,A kì í gbé sàráà kọjá-a mọ́ṣáláṣí.,One does not carry alms beyond the mosque.,Excess brings disgrace.,part1.docx,,
YOR0021,A kì í gbọ́ ‘‘Lù ú’’ lẹ́nu àgbà.,One never hears ‘‘Beat him or her up’’ in the mouth of an elder.,Elders resolve disputes; they do not goad disputants on.,part1.docx,,
YOR0022,A kì í gbọ́n ju ẹni tí a máa dÍfá fún.,One cannot be wiser than the person for whom one will consult the Ifá oracle.,It is better to listen to the supplicant rather than put words in his or her mouth.,Unknown,,
YOR0023,A kì í gbọ́n tó Báyìí-ni-ngó-ṣe-ǹkan-àn mi,One cannot be as wise as ‘‘Thus-will-I-do my-thing.’’,Never impose your preferences on other people in their own affairs.,part1.docx,,"in the yoruba text i can see ""ngo"" instead of ""n o"". This is an old way of wrting it. should it be retained or corrected?"
YOR0024,A kì í gbọ́n tó ‘‘Èmi-lóni-í.’’,One cannot be as wise as ‘‘I-am-the-owner.’’,One should not presume to know as much about a thing as the owner of it.,part1.docx,,
YOR0025,A kì í gbọ́n tó ẹni tí ńtannijẹ.,One is never as wise as the person deceiving one.,The deceiver always has the advantage of the dupe.,part1.docx,,
YOR0026,A kì í jayé ọba ká ṣu sára.,One does not so luxuriate in one’s majesty that one shits on oneself.,Lack of moderation and decorum will bring disgrace to even the most elevated person.,part1.docx,,
YOR0027,A kì í jẹ oyè ẹnu ọ̀nà kalẹ́.,One does not bear the title of gatekeeper even until nighttime.,"As one advances in age, so should one’s responsibilities advance in gravity and importance.",part1.docx,FIX,"Added ""full stop"" to the end of Source_Text_Yo"
YOR0028,A kì í kó èlé ṣẹ̀ṣọ́.,One does not live fashionably on borrowed money.,Live within your means.,part1.docx,,
YOR0029,A kì í kórira ọ̀fọ́n-ọ̀n ká finá bọ ahéré.,One does not so hate the bush rat that one sets one’s farm hut alight.,One should not destroy oneself simply to get at one’s enemy.,part1.docx,,
YOR0030,A kì í kọ́ àgbàlagbà pé bó bá rún kó rún.,"One does not teach an elder that, what has been crushed should remain crushed.",An elder should know when a matter should end.,part1.docx,,
YOR0031,A kì í kọ ẹlẹ́ṣin ká tún lọ fẹ́ ẹlẹ́ṣẹ̀.,One does not divorce a horse rider and go marry a pedestrian.,"One should ever progress, never regress.",part1.docx,FIX,"Added ""full stop"" to the end of Source_Text_Yo"
YOR0032,A kì í lé èkúté ilé ẹni ká fọwọ́ ṣẹ́.,One does not shoo the mouse in one’s house and break one’s hand.,One should be safe from hazards in one’s own home.,part1.docx,,
YOR0033,A kì í mọ́ egbò fúnra ẹni ká sunkún.,One does not treat one’s own sore and yet cry from the pain.,One should know one’s own pain threshold.,part1.docx,,
YOR0034,A kì í mọ ìyá Òjó ju Òjó lọ.,One does not presume to know Òjó’s mother better than Òjó himself does.,Never claim to know a thing better than the people closest to it.,part1.docx,,
YOR0035,A kì í mọ ọ̀nà ọgbà ju ọlọ́gbà lọ; ẹní múni wá là ńtẹ̀lé.,Do not presume to know the way to or around a garden better than the owner of the garden; always follow the person who brought you.,Never presume to have a better knowledge of a matter than has the person most intimately involved.,part1.docx,,
YOR0036,A kì í mọ̀-ọ́ rò bí ẹlẹ́jọ́,One never knows how to present it like the owner of the case.,No one can know better than the person himself or herself where it hurts most and what relief is needed.,part1.docx,,
YOR0037,A kì í mú oko lọ́nà ká ṣèmẹ́lẹ́; tajá tẹran ní ḿbúni.,One does not farm a plot by the road and neglect its care; every dog and goat would ridicule one.,Never expose yourself to insult by behaving badly in public view.,part1.docx,,
YOR0038,A kì í ní agbára kékeré ṣe èkejì.,One does not offer to second a combatant in spite of one’s negligible strength.,Never attempt more than you have the power to accomplish.,part1.docx,,
YOR0039,A kì í ní ọ̀kánjúwà ká mọ̀; ará ilé ẹni ní ńsọ fúnni.,One does not know that one has covetousness; it is one’s kin who so inform one.,"Often, only those close to one can recognize and point out one’s flaws.",part1.docx,,
YOR0040,A kì í pe ìyàwó kó kan alárẹnà.,One does not summon the wife and so involve the go-between.,People should mind their own business.,part1.docx,,
YOR0041,A kì í peni lákọ ẹran ká ṣorí bòró.,One does not enjoy the designation ‘‘He Goat’’ and yet sport a smooth [hornless] head.,A person should live up to his or her billing.,part1.docx,,
YOR0042,A kì í pẹ̀lú ọ̀bọ jáko.,One does not join a monkey in roaming the bush.,Do not join others in their madness.,part1.docx,,
YOR0043,A kì í ṣíwájú ẹlẹ́ẹ̀ẹ́dẹ́.,"One does not conclude for the person who says, ‘‘Ẹ̀ẹ́dẹ́ . . .’’",Never presume to know what someone else intends to say.,Unknown,FIX,"Added ""full stop"" to the end of Source_Text_Yo"
YOR0044,A kì í yàgò fún ẹlẹ́ṣin àná.,One does not get out of the way for a person who rode a horse yesterday.,Past glory avails little in the present.,part1.docx,,
YOR0045,A kì í yàgò fún ‘‘Mo gun ẹṣin rí o!’’,One does not get out of the way for ‘‘I used to ride a horse!’’,People should not expect to live on past glory.,part1.docx,,
YOR0046,A léṣu sílẹ̀ páńdọ̀rọ̀-ọ̀ já lù ú; èlé mbénì?,"We group yams in lots, and the fruit of the sausage tree drops among them; does it count as complement to a lot, or as gratuity?","The fruit might look something like a yam, but it does not belong with yams.",part1.docx,,
YOR0047,"À ḿbáni mú adìẹ à ńforúnkún bó; bọ́wọ́ bá ba òkókó, a ò ní fún aládìẹ?","One helps to catch a chicken and scrapes one’s knees; having laid hands on the chick, will one not hand it over to the owner?","One should not be overzealous in helping others, especially when no benefit will accrue to one from the effort.",Unknown,,
YOR0048,"À ḿbẹ̀rù alájá, ajá ṣebí òun là ḿbẹ̀rù.","One shows deference to the dog’s owner, and the dog thinks the deference is to it.","A person who has a powerful patron mistakenly believes that the respect he enjoys from others is due to his or her own qualities, whereas it is reflected from the patron.",Unknown,FIX,"Removes hyphen from cultural context ""mis-takenly"""
YOR0049,"À ńgé e lọ́wọ́, ó ḿbọ òrùka.","His hand is being severed, yet he is slip ping on a ring.","The person has been judged undeserving of a hand; it is an affront, there fore, for him or her to adorn the fingers—an indication of heedlessness.",part1.docx,FIX,"Removed space from ""there fore"" in cultural context"
YOR0050,"A ní ká wá ẹni tó lẹ́hìn ká fọmọ fún, abuké ní òun rèé; ti gànnàkù ẹ̀hìn-in rẹ̀ là ńwí?","One seeks a person with a prominent back as suitor for one’s daughter, and the hump back presents himself; who spoke of protruding back?",Since the expression that translates as ‘‘prominent back’’ is an idiom meaning a proud pedigree. the humpback makes a rather embarrassing mistake. Com pare 55.,part1.docx,FIX,"Removed space from ""there fore"" in cultural context"
YOR0051,"A ní Tanlúkú ò mọ̀-ọ́ jó, Tàǹlukú wá gbè é lẹ́sẹ̀.","People say that Tanlúkú is a poor dancer, and Tanlùkù comes to his aid.",A person who is as helpless as the person in trouble should not offer to rescue him/her.,Unknown,,
YOR0052,"À ńjá ìbàǹtẹ́ ẹ̀ lẹ́hìn, ó ńjá tará iwájú.","His loincloth is being stripped from behind, yet he is stripping those of the people ahead of him.",Attacks on him do not stop him from belaboring his enemies.,Unknown,,
YOR0053,"À ńsọ̀rọ̀ olè, aboyún ńdáhùn; odiidi èèyàn ló gbé pamọ́.","We speak of stealing, and a pregnant woman intervenes; she herself is concealing a whole person.",Her condition makes her guilty of concealment.,part1.docx,,
YOR0054,"À ńsunkún Awúgbó, Awúgbó ò sunkún ara-a ẹ̀.",We lament Awúgbó’s plight; Awúgbó does not lament his own plight.,The person the proverb is aimed at is too daft to realize his or her sorry plight.,part1.docx,,
YOR0055,"À ńwá ẹni tí a ó fọmọ fún, olòṣì ńyọjú.","We seek a person to give a child to [in marriage], and a worthless person presents him self.",People should know their place and not overrate themselves. This is a variant of 50.,part1.docx,FIX,"Removed space in ""mar riage"" in Target_Text_En"
YOR0056,"À ńwọ́nà àti fi aṣiwèrè sílẹ̀, ó ní bí a bá dé òkè odò ká dúró de òun.","People are scheming to shake an imbecile from their company, and he asks that they wait for him on reaching the bank of the river.","If people are seeking ways of getting rid of a person, that person should not lay down his conditions for remaining with them.",part1.docx,,
YOR0057,A ò lóbìnrin à ńdá oóyọ́ sí; bí a bá dá oóyọ́ sí ewúrẹ́ ni yó jẹ ẹ́.,"Without having a wife, a person spares oóyọ́ to grow; if it flourishes, it is destined to be food for goats.","The vegetable is used in stews, and stews are for wives to cook.",Unknown,FIX,"fix  ""oóy 8"" to ""oóyọ́"" in Target_Text_En"
YOR0058,A ò mọ ohun tí Dárò-ó ní kó tó wí pé olè-é kó òun.,One does not know what Dárò owned before he claimed to have been robbed.,The poor person conveniently blames his poverty on thieves.,part1.docx,,
YOR0059,A ò mọ ohun tí eléwé-e gbégbé ńtà kó tó sọ pé ọjà ò tà.,One does not know what the seller of gbégbé leaves was selling before she started complaining about the slow market.,The seller of goods nobody wants blames her fortune on the slow market.,Unknown,,
YOR0060,A pè ọ́ lọ́mọ erín-màgbọn ò ńyọ̀; ìwọ pàápàá ló mì í?,"You are described as the child of the elephant that swallows coconuts, and you rejoice; are you the one who swallows coconuts?","The description honors the father, not the person being addressed.",part1.docx,FIX,"Removed space from ""coco nuts"" and ""ele phant"" in Target_Text_En"
YOR0061,"A rí èyí rí ni tonílé; a ò rí èyí rí ni tàlejò; bónílé bá ní ká jẹ ẹ́ tán, àlejò a ní ká jẹ ẹ́ kù.","‘‘Its like has been seen before’’ is what the host says; ‘‘No one has ever seen its like before’’ is what the guest says; if the host says that we should empty the plate, the guest should argue for leaving a little.","A host might minimize his hospitality, but the guest should praise it; if the host is lavish, the guest should not be greedy.",part1.docx,,
YOR0063,Aaka ò gbé ọ̀dàn; igbó ní ńgbé.,"The hedgehog does not live in the grass land, only in the forest.",Certain things are proper; certain things are not.,part1.docx,FIX,"fixed ""dan"" to ""odan"" in the source yoruba text"
YOR0064,"Àáyá yó níjọ́ kan, ó ní ká ká òun léhín ọ̀kánkán.",The colobus monkey ate its fill one day and asked that its front teeth be knocked out.,Excessive happiness made the animal careless.,part1.docx,FIX,"fixed ""nij"" to ""nijo"", and ""kankan"" to ""'okankan"""
YOR0065,Àgbò dúdú kojá odò ó di funfun.,The black ram crosses the river and becomes white.,Propitious events can drastically change a person’s fortunes for the better.,part1.docx,PERFECT,too long to complete
YOR0066,Aáyán fẹ́rẹ́gẹṣin; adìẹ ni ò gbà fún un.,The cockroach would ride a horse; it is the chicken that does not allow.,A cockroach that stirs in the presence of a chicken is as good as dead. ,part1.docx,,
YOR0069,Aáyán fẹ́ẹ́jó; adìẹ ni ò jẹ́.,The cockroach would dance; it is the chicken that does not allow.,A cockroach that stirs in the presence of a chicken is as good as dead.,part1.docx,PERFECT,
YOR0062,Aáyán kì í yán ẹsẹ̀ erin; èèyàn kì í yán ẹsẹ̀ irò,A cockroach does not trip an elephant; a human being does not trip a chimpanzee.,One should not take on adversaries one cannot match.,part1.docx,FIX,"Added ""ẹ̀"" to ese twice"
YOR0063,Àbá ni ikán ńdá; ikán ò lè mu òkúta.,The termite is only striving; it can never eat a rock.,"Though termites may make their tunnels on a rock, the rock will be safe.",part1.docx,,
YOR0067,Abinú-fùfù ní ńwá oúnjẹ fún abínú wẹ́rẹ́ wẹ́rẹ́.,A volatile-tempered person secures food for a mild-tempered person.,Whatever good fortune might have been meant for the volatile person will wind up in the lot of the mild-mannered person.,part1.docx,FIX,"fix ""ororo"" to ""were were"" in the yoruba proverb"
YOR0068,Àbọ̀ ejò kì í gbé isà.,Half a snake does not live in a burrow.,One should act according to one’s circumstances.,part1.docx,FIX,"fix  ""ọ́"" to ''Àbọ̀"""
YOR0071,Abùléra ọ̀fọ́n-ọ̀n: ó ní ọjọ́ tí ológbò-ó ti bí òun ò ìtí-ì dá a ní báríkà.,"Mouse-that-does-not-know-its-place: it says that since the day the cat delivered [a baby], it has not gone to offer congratula tions.",Never forget your vulnerabilities and limitations.,part1.docx,,"fixed multiple omission of ""ọ́"" in the yoruba text"
YOR0072,Àbúrò kì í pa ẹ̀gbọ́n nítàn.,The younger person does not give the older person history lectures.,One should not exceed one’s station.,part1.docx,,
YOR0073,"Àbúrò rẹ ńdáṣọ fún ọ, o ní o ò lo elékuru; ta ní ńlo alákàrà?","Your junior brother [or sister] buys clothing for you, and you say you will not wear anything with bean-grits patterns; who has the fright to opt for clothing with a bean-fritter pattern",One should act in accordance to one's station in life.,part1.docx,PERFECT,missing cultural context
YOR0074,A-dá-má-lè-ṣe àdàbà tí ńdún bẹ̀m̀bẹ̀.,Start-something-it-cannot-finish dove makes bombastic noises.,Bombast often masks fickleness.,part1.docx,,
YOR0075,"Adẹ́tẹ̀ẹ́ ni òun ò lè fún wàrà, ṣùgbọ́n òún lè yí i dànù.","The leper says he may not be able to squeeze out milk, but he can spill it.",Even feckless people can cause some damage.,part1.docx,FIX,"fixed lots of missing ""ẹ́"" in t"
YOR0076,"Adarí wèrè, ó kán lógbò.",The leper sees a mad person and dashes into the bush.,A person who should be ostracized ostracizes others.,part1.docx,,
YOR0078,"Adẹ́tẹ̀ẹ́ méjì, ó fìkan purọ́; ó ní nígbàtí òún lu ọmọ òun lábàrá, ó já à léékánná pàtì.","The leper said two things, one of them being a lie; he said after he had struck his child with his palm, he also pinched him severely with his nails.",One fools only oneself when one claims to have done the impossible.,part1.docx,,
YOR0079,"Adìẹ́ tó ṣu tí kò tọ̀, ara-a rẹ̀ ló kù sí.",The chicken that shits and does not piss retains the rest in its body.,"Self-deprivation hurts the person concerned, not anyone else.",part1.docx,PERFECT,can't make any sense of the Yoruba text
YOR0080,A-dìtan-mọ́ èsúó; ó ní èkùlù ló bí ìyá òun.,"The red-flanked duiker, desperate to claim relationship, says that its mother was born of a crested duiker.",Never make preposterous claims of kinship.,part1.docx,,
YOR0081,"Adití ò gbọ́, ‘‘Yàgò!’’","The deaf do not hear, ‘‘Make way!’’",Cautionary words are lost on reckless people.,part1.docx,,
YOR0082,"À-fà-tiiri ni tìyàwó; bí a bá fà á tí kò tiiri, ó ní ohun tó ńṣe é.","Resisting-while-being-pulled is the proper behavior for a bride; if she is pulled and does not resist, something is the matter with her.","However eager the bride, she must ap pear coy and shy; one should behave with decorum appropriate to one’s position.",part1.docx,,
YOR0083,Àfi ohun tí a kì í tà lọ́jà lẹrú kì í jẹ.,The only thing a slave cannot eat is some thing not available in the market.,A slave has no choice.,part1.docx,,
YOR0084,Afínjú wọ ọjà ó rìn gbẹndẹkẹ; ọ̀bún wọ ọjà ó rìn ṣù ṣù; ọ̀bùn ní ó rù ẹrù àfínjú relé,The fashionable person enters the market and walks in a leisurely manner; the filthy person enters the market and walks in a sluggish manner; it is the filthy person that will carry the fashionable person’s load to the house for him or her.,Good breeding confers great advantages.,part1.docx,,
YOR0085,"Ahún ńre àjò, ó gbé ilé-e rẹ̀ dání.",Tortoise embarks on a journey and takes his house along.,One’s dearest possessions deserve the closest attention.,part1.docx,DROP,makes no sense together
YOR0086,"Afínjú-u póńpólà, ogé kun osùn láìwẹ̀.","Unusual-fashionable-person, the preener anoints herself with camwood without taking a bath.",Cleanliness should be more than a matter of appearance.,part1.docx,,
YOR0087,Àfòpiná tó fókúnpáná-a súyà; ẹrán pọ̀ sí i.,The moth tries to put out the barbecue fire; the meat becomes more plentiful.,A person who foolishly attempts dangerous tasks courts destruction. This is a variant of the following entry.,part1.docx,FIX,fixed space in cultural context and ọ́ in the yoruba proverb
YOR0088,"Àfòpiná tó ní òun ó pa fìtílà, ara ẹ̀ ni yó pa.",The moth that attempts to kill [put out] the oil lamp will kill itself.,It is unwise to take on an adversary one knows can destroy one.,part1.docx,FIX,added ẹ̀ to the yoruba text
YOR0089,"Afọ́jú tó dijú, tó ní òún sùn, ìgbàtí kò sùn ta ló rí?","The blind person who shuts his eyes and says he is asleep, when he was not asleep, whom did he see?",The deceiver deceives himself or herself.,part1.docx,FIX,"fixed ""ọ́"" in proverb"
YOR0090,"Àgó tó gbó ṣáṣá, bìtí pa á; áḿb sì olóósè a-bara-kù kù .","The nimble, sprightly rat fell victim to the trap; how much more the sluggish, sickly",Not Provided,part1.docx,DROP,makes no sense
YOR0091,Àgbẹ̀jẹ ò koro nílé ńlá.,Pumpkin is never bitter in a big household.,"When one is in need, one cannot be too choosy.",part1.docx,PERFECT,makes no sense
YOR0092,Àgùnbánirọ̀ ní ńfojúdini.,It is the person taller than another who shows no respect for the other.,"Even in a company, each person should know his or her relative station.",part1.docx,,
YOR0093,Àgbà ajá kì í bàwọ̀jẹ́,A grown dog does not deface its skin.,Decorum goes with age.,part1.docx,FIX,"added ẹ́ and ọ́ to the Yoruba proverb. ""ẹ́"" was miswritten as ""o"""
YOR0094,Àgbà ìmàle kì káṣọ kọ́rùn.,Muslim elder does not throw a sheet over his shoulder for clothing.,One should behave as is proper for one’s position.,part1.docx,FIX,"swapped ""lagbada"" for ""korun"" in the yoruba text"
YOR0095,Àgbà kán ṣe bẹ́ẹ̀ lÓgùn; Yemaja ló gbé e lọ.,An elderly person tried it [something] in the river Ògùn; the river goddess carried him away.,Thoughtless emulation of others could be disastrous.,part1.docx,FIX,"Added ""ẹ́ẹ̀"" to ther yoruba text"
YOR0096,Àgbà kì í ṣerée kí-ló-bá-yìí-wá?,"An elderly person does not engage in the kind of play that provokes the comment, ‘‘What brought all this about?’’",Elders should show decorum.,part1.docx,FIX,"Removed ""See 126."" from cultural context"
YOR0097,Àgbà kì í ṣorò bí èwe.,An elderly person does not perform ritu als like a youth.,The elder’s performance should be commensurate with his station and status.,part1.docx,PERFECT,
YOR0098,Àgbá òfìfo ní ńpariwo; àpò tó kún fówó kì í dún.,It is an empty barrel that is noisy; a sack full of money makes no sound.,Persons of little worth make the most noise.,part1.docx,,
YOR0099,Àgbà tí kò mọ ìwọ̀n ara-a rẹ̀ lodò ńgbé lọ́.,It is an elder who does not know his limita tions that is washed away by a river.,Elders who cannot swim will be cautious near rivers.,part1.docx,FIX,"fixed ""ọ́, ẹ̀"" in the yoruba proverb"
YOR0100,"Àgbà tí kò nítìjú, ojú kan ni ìbá ní; ojú kan náà a wà lọ́gangan iwájú-u rẹ̀.","An elder without self-respect might as well have only one eye, that one eye being in the center of his forehead.",Shamelessness does not become an elder.,part1.docx,FIX,"fixed ""ọ́, ẹ̀"" in the yoruba proverb. ""ẹ́"" was miswritten as ""o"""
YOR0101,"Àgbà tí yó tẹ̀ẹ́, bó fárí tán, a ní ó ku járà ẹnu.","An elder courting disgrace, after his head has been shaved, says, ‘‘Now, how about shaving the beard [as a gratuity]?’’",One should know how far one may go before one suffers disgrace.,part1.docx,FIX,"Removed ""o"" for ""ẹ̀ẹ́"" in the yoruba proverb"
YOR0103,Àgbà tó bú ọmọdé fi èébú-u rẹ̀ tọrọ.,An elder who insults a youth makes a present of his own insult.,Only those who show respect for others may expect respect in return. Compare the preceding and following entries.,part1.docx,FIX,"Added ""ẹ̀"" to the yoruba proverb. removed unnecessary space in the cultural context"
YOR0104,Àgbà tó fi ara-a rẹ̀ féwe lèwe ḿbú.,It is an elder who delivers himself unto youths that the youth will insult.,"If one wants to be respected, one should respect oneself. Compare the preceding two entries.",part1.docx,FIX,"Added ""ẹ̀"" to the yoruba proverb"
YOR0105,Àgbà tó mọ ìtìjú kì í folè ṣeré.,An elder who is wary of disgrace will not play at stealing.,Anything that smacks of stealing will disgrace an elder.,part1.docx,,
YOR0106,Àgbà-ìyà tí ńmùkọ ọ̀níní: ó ní nítorí omi gbígbóná orí-i rẹ̀ ni.,Worthless elderly person who is eating corn gruel worth one-tenth of a penny: he says he only wants the hot water on top of it.,One should act according to the demands of one’s status.,part1.docx,FIX,"added ""ọ́"" to the yoruba proverb"
YOR0107,"Àgbàlagbà akàn tó kó sí garawa; yègèdè, ojú tì í.",The elderly crab that enters into a bucket is thoroughly disgraced.,One should avoid potentially disgraceful actions.,part1.docx,,
YOR0108,Àgbàlagbà kì í ṣe lágbalàgba.,An elder should not behave in an unbecoming manner.,One should behave according to one’s status.,part1.docx,FIX,Removed space in target text_en
YOR0109,Àgbàlagbà kì í yọ ayọ̀-ọ kí-ló-báyìí-wá?,"An elder does not rejoice in a manner that would provoke, ‘‘What brought all this about?’’",Moderation and decorum in every thing.,part1.docx,FIX,"Added ""ọ́"" to the yoruba proverb. removed "" This is identical in intent with 108."" from cultural context"
YOR0110,"Àgbàlagbà tó ńgun ọ̀pẹ, bó bá já lulẹ̀ ó dọrun.","An elder who climbs palm trees: if he crashes from the tree, he will find himself in heaven.",An elder should know better than to climb palm trees; one should not court danger. Compare 223; see also 1500.,part1.docx,FIX,"Added ""ọ"" thrice to the yoruba proverb"
YOR0111,"Àgbàlagbà tó wẹ́wù àṣejù, ẹ̀tẹ́ ni yó fi rí.",An elder who wears the garment of im moderation will find disgrace because of it.,Immoderation brings disgrace.,part1.docx,FIX,"""ẹ̀tẹ́ ni yó"" was omitted in the yoruba proverb"
YOR0112,"Àgbàrá ba ọ̀nà jẹ́, ó rò pé òún tún ọ̀nà ṣe.",The rain flood ruins the path believing that it is repairing it.,Ignorance or incompetence in tackling a task often leads to unintended results.,part1.docx,FIX,"""ọ̀"" x2 and ""ẹ́"" were omitted in the yoruba proverb"
YOR0113,Agbára wo ló wà lọ́wọ́ igbá tó fẹ́ fí gbọ́n omi òkun.,What strength does the calabash have at its disposal that makes it attempt to scoop up all the water in the ocean?,People should not overreach.,part1.docx,FIX,"""ọ̀"" x3 was missing. also ""ẹ́"" was miswritten as ""o"""
YOR0114,Àgbéré laáyán gbé tó ní òun ó jòó láàárín adìẹ.,The cockroach overreaches itself when it says it will dance in the company of chick ens.,The chickens will eagerly peck it to death.,part1.docx,FIX,""" Compare 67 and 68."" was removed from the cultural context"
YOR0115,Àgbéré lẹyẹ ńgbé; kò lè mu omi inú àgbọn.,The bird only attempts the impossible; it cannot drink the milk in a coconut.,One should know one’s limits.,part1.docx,FIX,"Absent cultural context, target_text_en cut off halfway at ""it"""
YOR0116,Àgbéré-e ṣìgìdì tó ní ká gbé òun sójò: bí apá ti ńya nitan ńya; kidiri orí ò lè dá dúró.,"The overreaching mud idol that asked to be put in the rain: as the arms fell off, so did the thighs; the rounded head could not support itself.",One should know one’s limitations.,part1.docx,,
YOR0117,Ahọ́n ni ìpínnlẹ̀ ẹnu.,The tongue is the border of the mouth.,There is a limit to everything.,part1.docx,FIX,"""ẹ̀"" and ""ọ́"" were absent in the yoruba proverb"
YOR0118,"Àì-kúkú-joyè, ó sàn ju, ‘‘Ẹnuù mi ò ká ìlú’’ lọ.","Not-assuming-the-position-of-ruler-at-all is far better than, ‘‘My word is not heeded by the people.’’",A person who does not assume a responsibility is better off than a person who takes it on and fails to fulfill it.,part1.docx,,
YOR0119,"Àì-lápá làdá ò mú; bí a bá lápá, ọmọ owú tó-ó gégi.","It is a deficiency of biceps that blunts the machete; if one has strong biceps, one can cut trees with a cudgel.",One should not blame one’s deficiencies on one’s tools.,part1.docx,,
YOR0120,"Àì-lè-jà ni à ńsọ pé, ‘‘Ojúde baba-à mi ò dé ìhín.’’","It is inability to fight that prompts one to say, ‘‘My father’s front yard does not extend this far",A coward will find any excuse to avoid a just fight.,part1.docx,FIX,Cultural context was excluded
YOR0121,"Àì-mọ̀-kan, àì-mọ̀-kàn ní ḿmú èkúté-ilé pe ológbò níjà.",It is severe ignorance that prompts a mouse to challenge a cat to a fight.,Never taunt an adversary you cannot handle.,part1.docx,FIX,"""ọ̀"" was omitted twice in the Yoruba proverb"
YOR0122,Àìsí èèyàn lóko là ḿbá ajá sọ̀rọ̀.,It is the absence of people on the farm that brings one to converse with a dog.,"But for unfortunate circumstances, one would not deign to associate with certain people.",part1.docx,FIX,"""ọ̀"" was omitted twice in the Yoruba proverb"
YOR0123,"Àìsí-ńlé ẹkùn, ajá ńgbó.","The leopard being away from home, the dog barks.","When the master is away, the minion will strut.",part1.docx,FIX,"Removed ""See the following entry, and also 146."" from cultural context"
YOR0124,"Àìsí-ńlé ológbò, ilé dilé èkúté.","The cat being away from home, the house becomes a domain for mice.",People will take advantage of any relaxation of supervision. ,part1.docx,FIX,"Removed ""See the previous entry."" from cultural context. Also removed a space"
YOR0125,Àìso àbà ló mẹ́yẹ wá jẹ̀gbá; ẹyẹ kì í jẹ̀gbá,"The failure of the àbà tree to produce fruit brought the bird to eating garden egg; ordinarily, birds would not eat bitter tomato.","But for unavoidable misfortune, one would not have been reduced to the demeaning circum stance in which one finds oneself.",part1.docx,FIX,"""ẹ̀"" was omitted x3 in the yoruba proverb.  Also, i fixed a grammatical error in the target_text. The sentence was lacking ""produce"" which is an error from the source material"
YOR0126,Ajá kì í gbó níbojì ẹkùn.,A dog does not bark in the leopard’s lair.,One must defer to one’s superiors.,part1.docx,FIX,"Mismatch order. context was in yoruba, proverb and direct translation were in the translation column"
YOR0127,Ajá kì í lọ ságinjù lọ ṣọdẹ ẹkùn,A dog does not go into the wild to hunt a leopard.,One should not attempt feats one is unqualified to accomplish.,part1.docx,,
YOR0128,Ajá kì í rorò kó ṣọ́ ojúlé méjì,A dog is never so fierce that it can guard two doorways.,One cannot serve two masters simultaneously.,part1.docx,FIX,"""ọ́"" was missing in the yoruba proverb"
YOR0129,Ajá mọ ìgbẹ́; ẹlẹ́dẹ̀-ẹ́ mọ àfọ̀; tòlótòló mọ ẹni tí yó yìnbọn ìdí sí,A dog knows excrement; a pig knows a mud pit; a turkey knows to whom to direct its fart.,People should know who are their peers and who are not.,part1.docx,FIX,"""ò"" was omitted, ""ẹ́"" was omitted thrice and elede was miswritten as eludu"
YOR0130,Ajá rí epo kò lá; ìyá-a rẹ̀ẹ́ àṣe ihá bí?,The dog sees palm oil but does not lick it; did its mother excrete palm-nut pericarp?,One should not be unreasonably squeamish.,part1.docx,FIX,"""a rẹ̀ẹ́"" was omitted in the yoruba proverb"
YOR0131,"Ajá tó ńlépa ẹkùn, ìyọnu ló ńwá",A dog that chases a leopard is seeking trouble.,One should not overreach oneself.,part1.docx,,
YOR0132,Ajá tún padà sí èébì-i rẹ̀.,The dog returns to its vomit.,To accept what one has once rejected is to lose face.,part1.docx,FIX,"Added ""ẹ̀"""
YOR0133,"Àjàpá ní kò sí oun tó dà bí oun tí a mọ̀ ọ́ ṣe; ó ní bí òún bá ju ẹyìn sínu, òun a tu èkùrọ́ sílẹ̀","Tortoise says there is nothing quite like expertise in one’s calling; it says if it puts a palm fruit into its mouth, it spits out a palm nut.",Nothing succeeds like expertise.,part1.docx,FIX,"Removed space in ""expertise"" in the target_text_en, cut off from ""tu..."" in the yoruba text"
YOR0134,"Àjàpá ní òun tí ìbá só ló sùn yí, bẹ̀ẹ́ni ẹní bá sùn kì í só.","Tortoise argues that it that might have farted but was sound asleep, and, surely, those that sleep do not fart!",Some defenses are so transparent as to be frivolous.,part1.docx,FIX,"mis-parsed ''ẹ́ẹ́"" as ""o """
YOR0135,"Àjàpá ńlọ sájò, wọ́n ní ìgbà wo ni yó dèé, ó ní ó dìgbàtí òún bá tẹ́.","Tortoise set out on a journey and, asked when it would return, replied that it would be after it had earned disgrace.",Certain people will not change course until they are disgraced.,part1.docx,FIX,"Omitted ""ọ́"" in the Yoruba text, replaced ""o gba"" with ""ẹ́"""
YOR0136,Àjátì àwọn ní ńkọ́ òrofó lógbón,It is a loosely hung net that teaches the fruit pigeon a lesson.,"Careless, imprudent persons have their nemesis waiting for them.",part1.docx,FIX,"""ọ́"" was omitted twice in the yoruba text"
YOR0137,À-jẹ-ì-kúrò ní ńpa ẹmọ́n; à-jẹ-ì-kúrò ní ńpa àfè; à-jẹ-ì-kúrò ní ńpa máláàjú.,Feeding-without-leaving kills the Tull berg’s rat; feeding-without-departing kills the spotted grass mouse; feeding-without departing kills the máláàjú rat.,Lack of moderation leads to death.,part1.docx,FIX,ẹ & ọ́ were omitted in the yoruba text
YOR0138,À-jẹ-pọ̀ ni tàdán.,Eating-until-vomiting is the trait of the bat. On humility 53,This observation on a being with no self restraint could also be a wish that a person not benefit from something he or she has appropriated.,part1.docx,FIX,"""ọ̀"" was omitted"
YOR0139,"À-jẹ-tán, à-jẹ-ì-mọra, ká fi ọwọ́ mẹ́wẹ̀ẹ̀wá jẹun ò yẹ ọmọ èèyàn.","Eating-absolutely-everything, eating-with abandon, eating with all ten fingers is un worthy of human beings.",People should not be slaves to food.,part1.docx,FIX,ẹ & ọ́ were omitted in the yoruba text
YOR0140,"À-jókòó-àì-dùde, à-sọ̀rọ̀-àì-gbèsì, ká sinni títí ká má padà sílé: àì-sunwọn ní ńgbèhìn-in rẹ̀.","Sitting-without-getting-up, speaking without-waiting-for-responses, walking people on their way and not turning back: unpleasantness is what they breed.",Excess and self-forgetfulness in anything bring unpleasant results.,part1.docx,FIX,m was omitted in the yoruba text
YOR0141,Àkàtàmpò ò tó ìjà-á jà; ta ní tó mú igi wá kò ó lójú?,"The bow cannot fight, but who dares con front it with a stick?",A stick is no match for a bow.,part1.docx,FIX,ẹ & ọ́ were omitted in the yoruba text
YOR0142,Àkîijé mú òrìṣà níyì.,Refusal-to-acknowledge-salutations en hances the god’s dignity.,Distancing oneself from ordinary people lends one prestige.,part1.docx,FIX,"""Àkîijé mu"" was replaced with ""kójọmú"""
YOR0143,"Àkísà-á mọ̀ ìwọn ara-a rẹ̀, ó gbé párá jẹ́.",The rag knows its place; it remains quietly on the rafters.,A person of low stand ing should not call attention to himself or herself.,part1.docx,FIX,"ẹ, ọ́ & a were omitted in the yoruba text. cutoff from ""...weave cloth."" till the cultural context, givint not_provided"
YOR0144,Àkókó inú igbó ní àwọn lè gbé odó; òpòlò lódò ní àwọn lè lọ ìlèkè; awúrebé ní àwọn lè hun aṣọ.,Woodpeckers in the forest say they can carve mortars; frogs in the stream say they can string beads; and awúrebe say they can weave cloth,Misplaced self-confidence leads the creatures into empty boasts.,part1.docx,FIX,ẹ & a were omitted in the yoruba text
YOR0145,Akórira ò ní ǹkan; ọ̀dùn ò sunwò fún ṣòkòtò.,An overly squeamish person owns nothing; raffia cloth is no good for trousers.,Exces sive squeamishness renders one helpless and destitute.,part1.docx,FIX,"""ǹ"" & ""ọ́"" were omitted in the yoruba text"
YOR0146,"Akú, nkò ní omitooro-o rẹ̀ ẹ́ lá; àìkú, nkò níì pè é rán níṣẹ́.","Dead, I will not eat its broth; alive, I will not send it on an errand.",One need pay no mind to a person who can in no way affect one’s fortune. Compare 2188.,part1.docx,FIX,o & ẹ́ were missing from the Yoruba text
YOR0147,Àkùkọ adìẹ́ fi dídájí ṣàgbà; ó fi ṣísụ-sílẹ̀ ṣèwe.,The rooster shows its maturity by its early rising; it shows its lack of maturity by defe cating on the floor.,Nobody is free of some blemish.,part1.docx,FIX,"""adìfò"" instead of ""adie fi"""
YOR0148,Aláàńtètè: ó jí ní kùtùkùtù ó ní òun ó dàá yànpòn-yànpòn sílẹ̀,The cricket arises in the morning and vows to perform wonders.,The puny person’s boasts are always empty.,part1.docx,FIX,"ẹ, ọ́ & a were omitted in the yoruba text. "
YOR0149,Aláìnítìjú lọ kú sílé àna-a rẹ̀.,A shameless person goes to die in his in-laws’ house.,One should never demean oneself with unbecoming actions.,part1.docx,FIX,"""ẹ̀."" was omitted in the yoruba text"
YOR0150,Alákòró kì í sá fógun.,A wearer of a battle helmet does not flee from war.,A warrior does not run from battle.,part1.docx,,
YOR0151,Aláǹgbá kì í lérí àti pa ejò.,A lizard does not boast that it will kill a snake.,People should not propose what they cannot accomplish.,part1.docx,,"""ǹ"" was missing in the yoruba text"
YOR0152,Aláṣejù ajá ní ńlépa ẹkùn.,It is an overreaching dog that chases leopards.,One should not challenge people one cannot match.,part1.docx,,"removed space in ""leo pards"""
YOR0153,"Aláṣejù, baba ojo.","The immoderate person, greatest of cowards.",Immoderation is a cloak for cowardice.,part1.docx,,
YOR0154,"Aláṣejù, pẹ̀rẹ̀ ní ńtẹ́; àṣéjù, baba àṣetẹ́.",The immoderate person easily finds disgrace; immoderation is the father of disgrace.,Immoderation brings disgrace.,part1.docx,FIX,total mixup in the order
YOR0156,Aláṣejù tí ńpọkọ ní baba.,Overzealous wife calls her husband ‘‘father.’’,The wife who calls her husband ‘‘father’’ carries respect beyond reasonable limits; one should not be overzealous observing proprieties.,part1.docx,,
YOR0157,Aláṣọ àlà kì í jókòó sísọ̀ elépo,A person dressed in white does not sit at the stall of a palm-oil seller.,One should not expose oneself to abuse or danger.,part1.docx,FIX,"""ọ̀"" was missing in the yoruba text"
YOR0158,Aláṣọ-kan kì í ná ànárẹ,A person who has only one set of clothing does not bargain until he is wet.,A person with meager resources should husband them judiciously.,part1.docx,FIX,"removed ""See also the following entry."" from cultural context"
YOR0159,Aláṣọ-kan kì í ṣeré òjò.,A person who has only one set of clothing does not play in the rain.,A person with meager resources should husband them judiciously.,part1.docx,,
YOR0160,Alátiṣe ní ḿmọ àtiṣe ara-a rẹ̀.,The person who must settle his or her affair knows best how to plan to go about doing so.,One should not second-guess others or try to make their decisions for them.,part1.docx,FIX,"""ẹ̀"" was misssing in the yoruba text"
YOR0161,Àlejò kì í lọ kó mú onílé dání.,The visitor does not take his or her leave and take the host along.,Each person must confront his or her destiny alone.,part1.docx,,
YOR0162,Àlejò kì í pìtàn ìlú fónílé.,The visitor does not recount the history of the town for the host.,Never presume to know more than the custodian of knowledge.,part1.docx,FIX,"removed space from ""know ledge"" in cultural knowledge"
YOR0163,Àlémú ò yẹ àgbà; àgbà kì í ṣe ohun àlémú.,To be pursued does not become an elder; an elder does not cause himself to be pursued. On humility 55,Elders should always behave in ways that would cause them no disgrace.,part1.docx,,
YOR0164,"Amùrín ò sunwọ̀n, ó yí sáró","The lizard is not good-looking to start with, and it slips into indigo dye.",A person who has enough flaws should not seek ways to add to them.,part1.docx,FIX,"""ọ̀"" was missing from the yoruba context"
YOR0165,Ànán-mánàán ẹtu jìnfìn; oní-mónìí ẹtu jìnfìn; ẹran mìíràn ò sí nígbó lẹ́hìn ẹtu?,Yesterday the antelope was caught in a pit trap; today the antelope is caught in a pit trap; is there no other animal in the forest besides the antelope?,"If the same person repeatedly finds himself or herself in difficulties others are able to avoid, one should look to the person’s character for the expla nation.",part1.docx,,
YOR0166,Apá èkúté-ilé ò ká awùsá; kìkìi yíyíkiri ló mọ.,The mouse cannot get a grip on the awùsá nut; all it can do is roll it around.,Some people are beyond any schemes by their enemies.,part1.docx,,
YOR0167,"Àpárá ńlá, ìjà ní ńdà.",Excessive ribbing unfailingly leads to a fight.,Jokes should have limits.,part1.docx,,
YOR0169,Àpárá ńlá ni iná ńdá; iná ò lè rí omi gbéṣe.,The fire is being most overbearing; there is nothing fire can do to water.,This entry has the same application as the following one.,part1.docx,,
YOR0170,Àpárá ńlá nikán ńdá; ikán ò lè mu òkúta.,The termite is being most overbearing; a ter mite cannot eat a rock.,Certain people do not know their place; certain people are beyond the reach of their adversaries.,part1.docx,,
YOR0171,Àpọ́nle ni ‘‘Iyá-a Káà’’; ìyá kan ò sí níkàn tí kò lórúkọ.,Calling a person ‘‘Mother of the Compound’’ is only a mark of respect; there is no mother in the compound who does not have a name.,People in a position of re spect should not forget that respect can be withdrawn. See the preceding entry.,part1.docx,,
YOR0172,Ará okó ní òún gbọ́ fínrín fínrín; ta ló sọ fun bí kò ṣe ará ile?,"The bush dweller says he heard a rumor; who told him, if it was not a town dweller?",People should not presume to instruct those who know better than they.,part1.docx,FIX,"""ọ́"" was absent in the yoruba text"
YOR0173,"Ara-àìbalẹ̀, olórí àrùn.","Restlessness, father of all diseases.",No disease is greater than hyperactivity.,part1.docx,,
YOR0174,Àrífín ilé ó jọkà jẹ òròmọ adìẹ.,Fear of losing face within one’s home dis suades one from eating day-old chicks.,A person who would retain esteem among his or her peers must not act beneath himself or herself.,part1.docx,,
YOR0175,À-rí-ì-gbọdọ̀-wí: baálé ilé ṣu sápẹ.,Something-seen-but-unmentionable: the man of the house shits in the saucepan.,"When an illustrious person does the un mentionable, no one dares speak. See the following entry also.",part1.docx,,
YOR0176,"Àrí-ì-gbọdọ̀-wí, baálé ilé yọkun lémú.",Something-seen-but-unmentionable: the man of the house walks around with mucus dripping from his nose.,"When a venerable person acts like a fool, few dare tell him so.",part1.docx,,"""ọ̀"" was missing in the yoruba text. ""See the preceding entry."" was removed from the cultural context"
YOR0177,Arọ̀lẹ̀kẹ̀ ò rọ bàtà; gbẹ̀dó-gbẹ̀dó ò rọ ojúgun.,The bead maker cannot fashion a shoe; the mortar carver cannot manufacture a shin bone.,People should stick to what they are qualified to do.,part1.docx,,"""Aré ló kò"" instead of ""Arọ̀lẹ̀kẹ̀"""
YOR0178,Àṣá kì í rà kádìẹ gbé kòkòrò dání.,"When a kite hovers, a chicken does not hang on to an insect.","When a great danger threatens, one does not wait for small favors.",part1.docx,,
YOR0179,"A-ṣe-bọ̀rọ̀kìnní-má-kìíyè-sábíyá, gbogbo abíyá dọ́ṣẹ.",He-who-lives-in-style-but-pays-no attention-to-his-armpits: both armpits are taken over with foamy filth.,Attention to detail is integral to good character or breeding.,part1.docx,,
YOR0180,Àṣejù baba àṣetẹ́; ẹ̀tẹ́ ní ńgbèhìn àṣejù; àgbàlagbà tó wẹ̀wù àṣejù ẹ̀tẹ́ ni yó fi rí.,Lack of moderation is the father of disgrace; disgrace comes of immoderation; a grown person who clothes himself in immodera tion will find disgrace.,Immoderation leads to disgrace.,part1.docx,,"removed ""This is a more elaborate form of 179."" from cultural context and ""àsejì;"" instead of ""àṣetẹ́"""
YOR0181,À-ṣé-kú làgbàlagbà ńsíràn.,Denying-until-death is the way an old per son denies a matter.,One must never admit to doing something unworthy of one’s position.,part1.docx,,"""Àsìkú"" instead of""À-ṣé-kú"""
YOR0182,"Àṣẹ̀ṣẹ̀yọ màrìwò, ó ní òun ó kan ọ̀run; àwọn aṣáájúu rẹ̀-ẹ́ ṣè bẹ́ẹ̀ rí?",The newly emerged palm frond says it will touch the sky; did those that came before it do so?,Ambition should be tempered with realism.,part1.docx,FIX,"""See the following entry"" was removed from cultural context, ""Àṣ ṣ yọ"" innstead of ""Àṣẹ̀ṣẹ̀yọ"" "
YOR0183,Aṣiwèrè èèyàn ní ńsọ pé irú òun ò sí; irúu rẹ̀-ẹ́ pọ̀ ó ju ẹgbàágbèje lọ.,Only an imbecile says there is no one else like himself; the likes of him are many more than several thousands.,There is no one the likes of whom the world has never seen.,part1.docx,FIX,"""ró"" instead of ""rẹ̀-ẹ́ pọ̀ ó"""
YOR0184,Aṣọ à-fọ̀-fún ò jẹ́ ká mọ olówó.,Clothes washed clean make identifying the rich person impossible.,A poor person who looks to his or her appearance appears rich.,part1.docx,FIX,"""àfẹ́ fún ò jẹ́"" instead of ""à-fọ̀-fún ò jẹ́ ká"""
YOR0185,Aṣọ tó kuni kù ní ńjẹ gọgọwú.,Whatever clothing one is left with is one’s best.,One makes the most of what one has.,part1.docx,,
YOR0186,A-ṣúra-mú ò tẹ́ bọ̀rọ̀.,A person who is mindful of his or her image is not easily disgraced.,People take one as On humility one presents oneself. ,part1.docx,,"removed ""Compare the following entry."" from cultural context"
YOR0187,À-tẹ́-ẹ̀-ká ni ìyì ọlọ́lá; sàlúbàtà ni ìyì ọlọ́tọ̀; bá a bá gbérawá lágbeéjù ọba ni wọ́n ńfini íṣe.,"Spreading-the-mat-without-rolling-it-back up is the mark of the wealthy; sandals are the mark of the illustrious; if one sings one’s praise too loudly, one is liable to be made a king.",People take one as one presents oneself.,part1.docx,,ẹ & ọ́ were omitted in the yoruba text
YOR0188,À-wín-ná-wó ò yẹni; à-gbà-bọ̀-ọ ṣòkòtò ò yẹ ọmọ èèyàn; bí kò fúnni lẹ́sẹ̀ a dọ̀rọ̀gì; ohun ẹni ní nyẹni.,"Borrowing-money-to-spend does not speak well of one; borrowed trousers do not be come a person: if they are not tight around the legs, they are difficult to remove; it is one’s own things that fit.",One should not live beyond one’s means.,part1.docx,,"cut off in yoruba text at ""biko funni l'... """
YOR0189,Àwòrò tí a ò bá lù kì í luni,A priest you do not hit does not hit you.,A person who wants to be respected must respect others.,part1.docx,,
YOR0190,"A-wọ̀lú-má-tẹ̀ẹ́, ìwọ̀n ara-a rẹ̀ ló mọ̀.",One-who-enters-a-town-and-maintains his-or-her-reputation does so because he or she knows his or her place.,Self-knowledge guarantees one’s reputation.,part1.docx,,totally different text were extravcted from the yoruba text
YOR0191,Ayọ̀ àyọ̀jù làkèré fi ńṣẹ́ nítan.,It is excessive rejoicing that breaks the frog’s thigh.,Immoderate happiness breeds unhappiness.,part1.docx,,"""ńṣọràn."" instead of ""ńṣẹ́ nítan"" in yoruba text. ""ọ̀"" was missing twice and was even replaced with ""o"""
YOR0192,Àyọ̀-yó ni bàtá à-jó-fẹ-ehín,Dancing to bàtá music and exposing one’s teeth is excessive happiness.,Happiness should know moderation.,part1.docx,,"""[?]B"" was removed from the target_text_en"
YOR0193,"Bẹbẹlúbẹ ò ì tíì débẹ̀, ibẹ̀ ló ḿbọ̀.","The busybody is not there yet, but he is on his way.",There is no keeping a nosy person out of others’ affairs.,part1.docx,,ẹ & ọ́ were replced with e and o by the parser
YOR0194,Bí a bá dàgbà à yé ogun-ún jà.,"When one becomes old, one stops warring.",An elder should leave off things that are a mark of youth.,part1.docx,,"""Compare 128 and 1500."" was removed from cultural context"
YOR0195,"Bí a bá fi inú wénú, iwọ là ńjẹ.","If we compare notes with others, we wind up eating bile.",Comparing fortunes with others is likely to leave a bitter taste in one’s mouth.,part1.docx,,
YOR0196,"Bí a bá ḿbá ọmọdé jẹun lóko, gànmù ganmu imú ẹni ní ńwò.","If one eats with a youth on the farm, he stares at the protrusion of one’s nose.",Too much familiarity with youth breeds con tempt.,part1.docx,,
YOR0197,"Bí a bá ńgúnyán, kòmẹsẹ́ á yọ.","If one prepares pounded yams, the uninvited should depart.",The well-bred visitor should make an exit when the hosts turn to intimate affairs.,part1.docx,,"""ẹ́"" was omiktted once in the yoruba text"
YOR0198,Bí a bá ti lè ṣe là ńwí; a kì í yan àna ẹni lódì.,One admits to one’s limits; one does not cease speaking to one’s relatives-in-law.,One should not let an inability to fulfill a formal obligation prevent one from fulfilling essential obligations.,part1.docx,,
YOR0199,Bí a bá ti mọ là ńdé; a-láì-léṣin kì í dé wò̟nwò̟n.,One arrives according to one’s worth; a horseless person does not arrive with the noise of hoofs and stirrups.,One should act according to one’s worth.,part1.docx,,"""See also the following entry."" was removed from cultural context. ẹ́ and ""ọ"" was omitted once and twice respectively"
YOR0200,Bí a bá ti mọ là ńkú; olongo kì í kú tìyàntìyàn.,One dies according to one’s weight; the robin does not die and make a resounding noise [on hitting the ground].,One acts ac cording to one’s worth.,part1.docx,,"""See also the previous entry."" was removed rrom cultural context"
YOR0201,"Bí a bá tọ̀ sílé, onípò a mọ ipò.","If someone wets the bed, each person should know where he or she slept.","In the event of a crime, the guilty should not attempt to shift the blame to others.",part1.docx,,
YOR0202,"Bí a bá wí pé ó dọwọ́-ọ babaláwo, babaláwo a ló dọwọ́ Ifá; bí a bá ní ó dọwọ́ àgbà ìṣègùn, àgbà ìṣègùn a ló dọwọ́ sanyìn; bí a bá ní ó dọwọ́ ààfáà tó gbójú, a ní ó dọwọ́ Ọlọ́run gá ògo.","If one says that a matter now lies in the hands of the Ifá priest, the Ifá priest says it lies in the hands of Ifá; if one says that it[?]lies in the hands of the venerable medicine man, the venerable medicine man says it rests in the hands of the god of herbs; if one says it rests in the hands of the formidable. Muslim priest, he says it is in the hands of God the most glorious.","All achievements are creditable to the powers that make them possible, not to the agents.",part1.docx,,"""ọ́"" was omitted 6 times"
YOR0203,"Bí a kò bá dáṣọ lé aṣọ, a kì í pe ọ̀kan lákìísà.","If one has not acquired one garment after another, one does not call the first one a rag.",One may not disdain an old tool until one is able to replace it.,part1.docx,,"""ọ̀"" was omitted once"
YOR0204,"Bí a kò bá lè dá Tápà, Tápà kì í dáni.","If one cannot throw a Nupe man in a wrestling match, he should not throw one.","If one fails, one should at least avoid disgrace.",part1.docx,,
YOR0205,"Bí a kò bá lọ sóko irọ̀, a kì í pa á mọ̀ni.","If one does not go to the farm of lies, lies are not told against one.","If one does not lay oneself open to lies, one is not lied about.",part1.docx,,
YOR0206,"Bí a kò bá ṣèké, a kì í fi ẹ̀tẹ́ kú.","If one has not been false, one does not die in disgrace.",One’s honesty is one’s vindication.,part1.docx,,
YOR0207,"Bí a kò bá tí ì jókòó, a kì í nasẹ̀.","If one has not yet sat down, one does not stretch one’s legs out.","Until one has thor oughly secured one’s position, relaxation is premature.",part1.docx,,
YOR0208,Bí a kò bá tí ì lè kọ́lé àgọ́ là ńpa.,"If one is yet unable to build a house, one makes a tent.",One should neither overreach oneself nor refrain from striving.,part1.docx,,
YOR0209,"Bí a kò bá tó baba ọmọ ṣe, a kì í pe alákàrà.","If one lacks the wherewithal to act like a father to a child, one does not summon the seller of bean fritters.","If one has no means of offering hospitality, one should not invite visitors.",part1.docx,,
YOR0210,"Bí a kò bá tó ìyà-á kọ̀ tí à ńkọ̀ ọ́, àjẹkún ìyà là ńjẹ.","If one lacks the means to reject suffering and attempts to reject it, one’s suffering simply multiplies.",Whoever cannot defend himself or herself must learn forbearance.,part1.docx,,
YOR0211,Bí a ó ti tó kì í jẹ́ ká hùwà búburú; bí a ó ti mọ kì í jẹ́ ká hùwà rere.,The heights one will reach keep one from evil deeds; the ordained limit to one’s greatness keeps one from doing good deeds.,A person’s achievements are enhanced or limited by the person’s character.,part1.docx,,
YOR0212,"Bí àgbà kò bá ṣe ohun ẹ̀rù, ọmọdé kì í sá.","If an elder does not do something fearful, the youth do not flee.",Youth responds to age according to how age acts.,part1.docx,,
YOR0213,"Bí ajá rójú ẹkùn, a pa rọ́rọ́.","When the dog sees the eyes of the leopard, it keeps very still.","In the presence of one’s betters, one keeps one’s place.",part1.docx,,
YOR0214,"Bí àjànàkú ò bá rí ohun gbémì, kì í ṣe inú gbẹndu sọ́dẹ.","Unless an elephant had swallowed some thing, it would not turn its bloated stomach to the hunter.","Unless a person has some resource to rely on, he or she does not tempt fate.",part1.docx,,
YOR0215,"Bí ayá bá mojú ọkọ, alárìnnà a yẹsẹ̀.","When the wife has got to know the husband, the marriage broker makes way.","Once one’s task is done, one removes oneself.",part1.docx,,
YOR0216,"Bí ayé bá ńyẹni, ìwà ìbàjẹ́ là ńhù.","If life is being good to one, one is likely to act disgracefully.",Prosperity breeds temptations to misbehave.,part1.docx,,
YOR0217,"Bí baálẹ̀-é bá ńtàkìtì, òrógi là ḿbá ẹmẹsẹ̀.","If the chief is turning somersaults, the messenger should be found standing erect.","The great may indulge themselves, but the lowly must keep their heads.",part1.docx,,"""é"" was omitted once"
YOR0218,"Bí eegbọ́n bá so mọ́ ajá lẹ́nu, akátá là ńní kó já a?","If a tick fastens onto a dog’s mouth, does one ask a jackal to dislodge it?",A person of great substance is not asked to minister to a person of no substance.,part1.docx,,"""ẹ́"" was omitted once"
YOR0219,"Bí eegbọ́n bá so ayínrín nímú, adìẹ kọ́ ni yó ja.","If a tick clings to a fox’s nose, it is not a chicken that will remove it.",The prey is not sent to minister to a predator.,part1.docx,,
YOR0220,"Bí èèyán bá ní kò sí irú òun, àwọn ọlọgbọ́n a máa wòye.","If a person says there is no one like him or her, wise people maintain a contemplative silence.",A person who thinks he or she is peerless fools no one but himself or herself.,part1.docx,,
YOR0221,"Bí ẹkùn ò bá fẹ, èse là ńpè é.","If a leopard does not act mighty, one refers to it as a cat.",A person who acts beneath his station loses some respect.,part1.docx,,
YOR0222,"Bí ẹlẹ́bọ ò bá pe ẹni, àṣefín ò yẹni.","If the person offering a sacrifice does not invite one, intruding is not proper.",It is bad form to intrude into other people’s affairs.,part1.docx,,
YOR0223,"Bí ìlàrí bá fẹ́ẹ́ tẹ́, a ní kí lọba ó ṣe?","When a courtier seeks disgrace, he asks, ‘‘What can the king do?’’","If one does not show respect for one’s patron, one courts disgrace.",part1.docx,,
YOR0224,"Bí iná bá dun ọbẹ̀, a dá ọ̀rọ̀ sọ.","If the fire gets at the stew, the stew will burst into speech.","If the excitement is strong enough, coyness disappears.",part1.docx,,
YOR0225,"Bí kò sí àkópọ̀, kí lewúrẹ́ wá dé ìsọ̀ adìẹ?","Were it not for the fact that they were transported together, what would a goat want in the chicken’s stall? .",Necessity brings together people who would otherwise have nothing to do one with another,part1.docx,,
YOR0226,"Bí kò sí tọ̀bùn èèyàn, ta ni ìbá jí lówùúrọ̀ tí kò bọ́jú ṣáṣá?","But for a person of filthy habits, who would wake in the morning and not wash his or her face clean?",Antisocial people betray themselves by their habits.,part1.docx,,
YOR0227,"Bí ó di ọdún mẹ́ta tí ẹkùn-ún ti ńṣe òjòjò, olugbe la ó ha rán lọ bẹ̀ ẹ́ wò?","If it has been three years since the leopard took ill, is it a monkey that one sends to ask its condition","Even though one may be down on one’s luck, there are yet certain propositions one would consider insulting.",part1.docx,,"""ẹ́"" was missing once"
YOR0228,Bí òfé ti ńfò la ti ḿmọ̀ ọ́ lákọ ẹyẹ.,It is by its flight that the parrot proves itself a formidable bird.,One shows one’s quality through one’s accomplishments.,part1.docx,,
YOR0229,"Bí ojú bá rí, ẹnu a dákẹ́.","When the eyes see, the mouth remains quiet.",The mouth does not reveal everything the eyes see.,part1.docx,,
YOR0230,"Bí ojú kò bá rí, ẹnu kì í sọ nǹkan.","If the eye does not see, the mouth says nothing.",The mouth can tell only what the eye sees.,part1.docx,,
YOR0231,"Bí ojú kò bá ti olè, a ti ará ilé ẹ̀.","If the thief feels no shame, members of his household should.",A person’s disgrace must concern his relatives.,part1.docx,,
YOR0232,"Bí ojú onílé bá mọ tíntín, tí ojú àlejòó tó gbòǹgbò, onílé ní ńṣe ọkọ àlejò.","Even though the host’s eyes are tiny, and the guest’s eyes are huge, it is the host who holds sway over the guest.",The host is lord over the guest.,part1.docx,,
YOR0233,"Bí òkú fẹ, bí kò fẹ, ká bi ọmọ olókùú léèrè.","Whether the funeral is grand or is not, one should ask the heir of the dead.",Only those most intimately concerned know the close truths of an affair and should be asked about them.,part1.docx,,
YOR0234,"Bí olóde ò kú, òdee rẹ̀ kì í hu gbẹ́gi.","If the owner of a yard does not die, his yard is not overgrown with wild grass.","If one does not die, one is able to look after one’s affairs.",part1.docx,,
YOR0235,Bí olóúnjẹẹ́ bá rojú à fi àìjẹ tẹ́ ẹ.,"If the owner of the food is reluctant to share, one disgraces him by refusing to eat.",The best way to treat a miser is to refuse anything from him.,part1.docx,,
YOR0236,"Bí ọdún bá dún, bọnnọnbọnnọn a pàwọ̀ dà","When the year is done, the bọnnọnbọnnọn tree changes its color.","When the seasons change, one changes one’s habits.",part1.docx,,
YOR0237,"Bí ọjàá bá tú tán, a ku olórí-i pàtẹpàtẹ, a ku àgbààgbà sà-ǹkò sà-ǹkò lọ́jà; bÍfá bá pẹ̀dí tán, ìwọ̀-ǹwọ̀ a dìde","When the market disperses, only the head of the market women remains; only the venerable elders remain; when Ifá has had his say, the genius that consults him arises.","When a matter is done, those involved should disperse.",part1.docx,,"""ǹ"" was omitted"
YOR0238,"Bí ọjọ́ ewúrẹ́ bá pé, a ní kò sí ohun tí alápatàá lè fi òun ṣe.","When a goat’s day [to die] arrives, it says there is nothing a butcher can do to it.",A person who does not recognize and heed danger courts death.,part1.docx,,
YOR0239,"Bí ọ̀lẹ́ ò lè jà, a lè kú tùẹ̀.","If a lazy man cannot fight, he should be able to die disgracefully.",A person who cannot defend his rights should yield to death.,part1.docx,,
YOR0240,"Bí Ọlọ́run ò ṣe ẹni ní baba, à fi ìyànjú ṣe bí àgbà.","If God does not make one a father, one strives to act like an elder.","Even if one has no influence, one strives to act responsibly.",part1.docx,,
YOR0241,"Bí ọmọdé bá fẹ́ẹ́ ṣìṣe àgbà, ọjọ́ orí-i rẹ̀ ò níí jẹ́.","If a youth attempts to act like an elder, his age will stop him.",A youth does not have what it takes to be an elder.,part1.docx,,
YOR0242,"Bí ọmọdé bá gun òkè àgbà, ó ńláti gbọ́n.","If a child ascends the height of maturity, he or she must become wise.",Wisdom goes with age.,part1.docx,,
YOR0243,"Bí ọmọdé bá ńṣe ọmọdé, àgbà a máa ṣe àgbà.","When a child is being a child, an elder must remain an elder.",One should not permit other people’s misbehavior to deflect one from the proper course.,part1.docx,,
YOR0244,"Bí ọmọdé ńlérí bébé, tí kò ní baba, ti baba là ńṣe.","If a child brags a great deal but has no father, one acts the part of a father.",One should not deal too harshly with a child who has no one to direct him or her.,part1.docx,,""" Compare 4136."" was removed from cultural context"
YOR0245,Dídákẹ́ lerín dákẹ́; àjànàkú ló lẹgàn.,The elephant has only chosen to remain silent; to the elephant belongs the forest.,The mighty need not proclaim their importance.,part1.docx,FIX,"""Dídákẹ́ lerín dákẹ́"" was miswritten as ""Dídàkórí dákó"""
YOR0246,Dìgbòlugi-dìgbòlùùyàn ó jẹ́ ká mọ ajá tóòtó.,"The mad dog, and the person who behaves like a mad dog, both make it impossible for one to know the real dog. ",He who acts like a dog makes himself the equal of a dog.,part1.docx,,"""ò"" and ""ká"" were missing from the yoruba text"
YOR0247,Eegun àjànàkú: ó há ìkokò lònu.,An elephant’s bone: it sticks in the wolf ’s mouth.,A person has overreached himself or herself and is paying the price of folly.,part1.docx,,
YOR0248,Eégún ju eégún; òrìṣá ju òrìṣà; Pààká lé oníṣàngó wọ̀gbẹ́.,Some masqeuraders are greater than others; some gods are greater than others; the masquerader Pààká chases the Ṣango worshiper into the bush.,Every company has its hierarchy; each person should know his or her place.,part1.docx,FIX,"""ọ̀"" & ""ẹ́"" were missing from the yoruba context"
YOR0249,"Eégún pẹ́ lóde, ó fètè òkè dáhùn; wọ́n ní, ‘‘Baba kú àbọ̀,’’ ó ní, ‘‘Hì ì ì.’’","The masquerader stayed too long on parade and was reduced to speaking with his upper lip. They said, ‘‘Welcome, father,’’ and he responded, ‘‘He-e-e-e.’’",A person who has disgraced himself speaks softly.,part1.docx,,
YOR0250,"Eégún wọlé, ó ní òun ò rí Ejonto; Ejontó ní, ‘‘Àkísà ni, àbí kíní wọlé?’’","The masquerader enters a house and claims he did not see Ejonto; Ejonto asked, ‘‘Is that a rag that entered the house, or what?’’",A person who disregards one earns one’s disregard.,part1.docx,,
YOR0251,"Eegb n so mọ́ àyìnrín lẹ́nu, a ní kí adìẹ wá yán an jẹ; adìẹ mọ̀ pé òun náà oúnjẹ àyìnrín.","A tick fastens on a fox’s mouth and a chicken is asked to peck it off; the chicken, though, knows that it itself is food for a fox.",One wastes one’s time inviting others to endanger themselves.,part1.docx,FIX,"Gross misarrangement. trailing text were in cultural contextt, cultural context was in yoruba text, yoruba and the translation were in the translation column"
YOR0252,Èèyàn bí ọ̀bọ lọ̀bọ ńya láṣọ.,Only people like monkeys have their cloth ing torn by monkeys.,Those who consort with undesirables are likely to have their reputation soiled.,part1.docx,FIX,"""ọ̀"" was omitted twice"
YOR0253,"Èèyàn ò ríbi sùn, ajá ńhanrun.","Humans have no place to sleep, and a dog is snoring.",A lowly person lays claim to what his or her betters lack.,part1.docx,,
YOR0254,Ejò kì í ti ojú Ààrẹ gun ọgbà lọ.,A snake does not escape over the fence while a warrior watches,One does not permit disaster on one’s watch; one must live up to the expectations of one’s position.,part1.docx,FIX,"cutoff at ""while"" in the traget_en due to page end and it couldn't pick it up from the next page"
YOR0256,"Èmí dákọ okòó, ìw dákọ okòó, ó ńpèmí ní mùkọ-mùkọ.","I bought 20 cowries’ worth of corn pap, and you bought 20 cowries’ worth of corn pap, and you call me a corn-pap addict.",One should not criticize others for flaws that are also one’s lot.,part1.docx,FIX,"Added gibberish at the end of the yoruba text, put cultural text at target text, and Compare 555 as the cultural context"
YOR0257,"Èmi ìwọ̀fà, ìwọ ìwọ̀fà, o ní babá ní ká gbowó wá; o dá tìrẹ síl ná? "," I am a pawn, you are a pawn, and you tell me the creditor sent you to collect his money; have you repaid yours?",Whoever will correct others should first take care of his or her own failings.,part1.docx,,"Added the whole stuff in yoruba column, everything without cultural context in target text, and cultural context was left empty"
YOR0258,Epo ni mo rù; oníyangí má ba tèmi jẹ́.,"It is palm oil that I am carrying; sandman, do not ruin my fortune.",I am cautiously going about my own business; let no one bring trouble my way.,part1.docx,,"""jẹ́"" was miswritten as ""jógbó"" in the yoruba text"
YOR0259,Erin kì í fọn kọ́mọ-ọ rẹ̀ ó fọn.,An elephant’s trumpeting is never answered by its young’s trumpeting.,Lowly people should not emulate illustrious ones.,part1.docx,,"""ọ"" was omitted twice and ""ẹ́"" once in the yoruba column"
YOR0260,Èrò ọ̀nà ni yó ròhìn ọkà tó gbó.,It is people who use the path that will spread the word about mature corn.,A noteworthy accomplishment need not advertise itself.,part1.docx,,"""ọ̀"" was omitted once in the Yoruba proverb"
YOR0261,Èsúrú ṣe fújà ó tẹ́ lọ́wọ́ oníyán; alàngbá ṣe fújà ó tẹ́ lọ́wọ́ ògiri; Ọlámọnrin àjàpà ṣe fújà ó tẹ́ lọ́wọ́-ọ̀ mi.,Èsúrú yam forgets itself and loses favor with the maker of pounded yams; the lizard forgets itself and falls into disfavor with the wall; tortoiselike He-who-will-remain nameless forgets himself and loses all regard with me.,A person who does not know his or her place soon suffers disgrace.,part1.docx,,"total gibberish in the yoruba proverb, the first half of the target text was missing. cultural context was correct"
YOR0262,Èwo ló tó ẹ̀kọ-ọ́ gbà nínú ewé ìrúgbàá?,Which among the leaves of the locust-bean tree is adequate to receive corn loaf? ,Certain feats are beyond certain people; people should not presume to do things beyond their capabilities.,part1.docx,,total absence if the cultural context
YOR0263,Ewújù tí yóò tú ọ̀pẹ: gbogbo ehín ẹ̀ ni yóò kán tán.,The cane rat that attempts to uproot a palm tree will lose all its teeth in the attempt.,One should not attempt a task for which one is not qualified.,part1.docx,,"footnotes were at the english translation, cultural context was totally absent"
YOR0266,Ewúrẹ́ kì í bíni ká lọ síṣọ̀ àgùntàn lọ jẹ.,"If sired by a goat, one does not go foraging in the realm of sheep.",One should keep to one’s proper company.,part1.docx,,"""ẹ̀"" was missing twice and once was miswritten as ""o"". ""ọ̀"" was missing once"
YOR0267,Ewúrẹ́ ò wí pé òun ò ṣọmọ àgùntàn; àgùntàn ló wí pé òun ò ṣọmọ ewúrò,The goat did not say it was not sired by the sheep; it was the sheep that said it was not sired by the goat. Ẹ,"The goat would like to as sociate with the sheep, but the sheep would not associate with the goat; ‘‘superior’’ people reject association with ‘‘inferior’’ people, not the other way around.",part1.docx,,"""ẹ̀"" was missing in ewure once"
YOR0268,"""Ẹ fà á wọlé"" ló yẹ ẹlẹṣin.","""Lead it into the stable’’ is what becomes a horseman.",To be able to afford a horse but not a groom is something of a disgrace.,part1.docx,,Ignores quotation signs but works fine regardless
YOR0269,"È jẹ́ kà mí, ẹ jẹ́ kà simi; èèyàn ní ńfìdí èèyàn jókòó; èèyàn ìbá ṣe bí Ọlọ́run kò níí jẹ́ ká mí.","Let us breathe, leave us in peace; the fashion is for people to sit on their behinds; were humans in the position of God, they would not permit people to breathe.",People are wont to be too full of their authority; it is a good thing they have less power over others than God does.,part1.docx,,"cut off at ""...Ol..."" in the yoruba text"
YOR0270,"""È kú-úlẹ̀"" ò yẹ ará ilé; ""è kú atìbà"" ò yẹni tí ńtàjò bọ̀; ẹni tí ò kí ẹni, “Kú atibà”-á pàdánù “Ẹ kú-ulé.”","‘‘Greetings to you, housebound ones’’ is improper for the housebound to utter; ‘‘welcome home’’ is not proper for the person arriving from a trip; whoever fails to give ‘‘welcome’’ to the person returning does himself or herself out of ‘‘greetings, housebound.""",Whoever does not extend courtesies cannot expect to receive courtesies.,part1.docx,,"puts cultural context at target text while cultural context is empty, Also totally ignore Quotation signs"
YOR0271,Ẹ̀bìtì ẹnu ò tàsé.,The mouth trap never misses.,The mouth easily accomplishes even impossible feats.,part1.docx,,"""ẹ"" was missing once"
YOR0272,Ẹgbẹ́ ẹni là ńgúnyán ewùrà dè.,It is for one’s peers that one makes pounded yam with ewùrà yams.,One may take liber ties only with one’s peers.,part1.docx,,
YOR0273,Ẹ̀gbẹ̀rì ò mọ̀ pé arẹwà kì í gbé ẹ̀kú; gbogbo ehín kin-kìn-kin lábẹ́ aṣọ.,The novice does not know that a good looking person does not wear a masquerade; all his perfectly white teeth are concealed beneath the cloth.,It is a foolish person who conceals his or her endowments.,part1.docx,,"""lábẹ́ aṣọ"" was miswritten as ""lábọṣọ"". ""ọ́"" was missing once and ""ẹ́"" was missing 3 times"
YOR0274,"Ẹ̀gbọ́n ṣíwájú ó so aṣọ kọ́; àbúrò-ó kẹ́hìn ó wẹ̀wù; bí a ò mọ̀lẹ, ọ̀lẹẹ ò mọ ara-a rẹ̀?","The elder walks in front, a loincloth draped over his shoulder; the younger walks be hind, wearing a garment; if people cannot tell which one is shiftless, does he not know himself ?",The shiftless person cannot hide his shiftlessness either from himself or from others.,part1.docx,,
YOR0275,Elẹ́dẹ̀ ńpàfọ̀ ó rò pé òún ńṣoge.,The pig wallows in mud but thinks it is being a dandy.,People who lack good judgment are never aware of their own misbehavior.,part1.docx,,
YOR0276,Èlédẹ̀ ò mẹ̀ yẹ.,A pig does not know what is becoming.,Some people do not know fitting behavior.,part1.docx,,"""ẹ"" was missing once"
YOR0277,Ẹlẹ́ẹ̀fà kì í lọ ẹ̀ẹfà-a rẹ̀ ká sọ pé o di ìjẹfà tí a ti jẹun.,"When a person proclaims the loss of six articles, one does not respond by saying one has not eaten in six days.","If one can offer no help to a person in trouble, one should not complicate the person’s plight.",part1.docx,,
YOR0278,Ẹni à bá tà ká fowó-o rẹ̀ ra àdá: ó ní ìyà àdá ńjẹ òun.,A person who should be sold for money to purchase a machete bemoans his lack of a machete.,A person who is only most grudgingly tolerated in a company complains about his lack of privileges. ,part1.docx,,removed trailing text in cultural context
YOR0279,Ẹni à bá tà ká fowó-o rẹ̀ ra àtùpà: ó ní òun à-jí-tanná-wò-lóru.,A person who should be sold for money to purchase a lamp boasts that he is one people-light-lamps-to-admire-at-night.,A person most unwanted in a company regards himself or herself as the soul of the party. This is a variant of the preceding two and the following entries.,part1.docx,,
YOR0281,Ẹni à bá tà ká fowó-o rẹ̀ ra èbù: ó ní èlé òún kó ọ̀ọ́dúnrún,A person one would sell for money to purchase quartered yams for planting claims that he has enough earnings to buy three hundred yam pieces.,A person considered worthless and expendable makes claims to equal rights.,part1.docx,,"removed trailing text from cultural context. ""ẹ̀"" was added to the yoruba proverb"
YOR0282,Ẹni à ńgbé gẹ̀gẹ̀ ni yó ba àrà rẹ̀ jẹ.,It is the person who is revered that will disgrace himself or herself.,People who are placed on pedestals have ample opportunities to topple themselves.,part1.docx,,"""ẹ̀"" was missing three time in the Yoruba text"
YOR0283,Ẹní bá dẹ ojú-u rẹ̀ sílẹ̀ á rímú-u rẹ̀.,Whoever gazes downward will see his or her nose.,Whoever comports himself or herself indecorously will be disgraced.,part1.docx,,"""ẹ̀"" was missing three time in the Yoruba text"
YOR0284,Ẹní dádé ti kúrò lọ́mọdé.,The person who wears a crown has outgrown childhood.,A high office carries high responsibilities with it.,part1.docx,,"""ọ́"" was missing once from the Yoruba proverb."
YOR0285,Ẹni tí a bá ńdáṣọ fún kì í ka èèwọ̀.,The person who is clothed by others does not list what he will not wear.,Those who depend on the charity of others must be satisfied with whatever they can get.,part1.docx,,"""ọ́"" was missing once from the Yoruba proverb.  Trailing text was removed from cultural context"
YOR0286,Ẹni tí a fẹ́ yàtọ̀ sí ẹni tó ní kò sí irú oun.,A person one loves is different from a person who says there is no one like himself or her self.,One’s worth is more a matter of what other people think than what one thinks of oneself.,part1.docx,,"""ẹ́"" & ""ọ̀"" were missing once in the yoruba proverb"
YOR0287,"Ẹni tí a gbé gun ẹlẹ́dẹ̀, ìwọ̀n ni kó yọ̀ mọ; ẹni tó gẹṣin, ilẹ̀ ló ḿbọ̀.",The person whom people have seated on a pig should moderate his or her strutting; even a horse rider will eventually come down to earth.,One should not let good fortune go to one’s head; circumstances do change.,part1.docx,,
YOR0288,Ẹni tí a lè gbé kì í dawọ́.,A person who can be lifted does not hang limp.,There is no point in resisting the irresistible.,part1.docx,,"""ọ́"" was missing once"
YOR0289,"Ẹni tí a ó fẹ́, àlọ́ ò kàn án.",A person whose company is not desired gets no turn at riddling.,A person not wanted in a group should not press his or her rights. Compare the following entry.,part1.docx,,"""ẹ́"" & ""ọ̀"" were missing once in the yoruba proverb"
YOR0290,Ẹni tí a ó fẹ́ nílúù kì í jó lójú agbo.,A person not welcome in the town does not take a turn in the dancing circle.,A person not wanted in a group should keep a low profile.,part1.docx,,"""ẹ́"" was missing once in the yoruba proverb. removed trailing text in yoruba proverb"
YOR0291,"Ẹni tí ìbá hùwà ipá ò hùwà ipá; ẹni tí ìbá hùwà ẹ̀lẹ̀ ò hu ẹ̀lẹ̀; ọ̀kùn tó nígba ọwọ́, tó nígba ẹsẹ̀ ńhùwà pẹ̀lẹ́.",The person one would expect to be reckless is not reckless; the person one would expect to be cautious is not cautious; the millipede with two hundred arms and two hundred legs behaves very gently.,"Even though one has a great deal of weight, one should still tread lightly",part1.docx,,"""ẹ́"" & ""ọ̀"" were missing totally in the yoruba proverb. cut off at the cultural context due to moving to th next half of the page"
YOR0292,"Ẹni tí kò lè gbé eèrà, tí ńkùsà sí erin, títẹ́ wà ńtẹ́.",A person who lacks the strength to lift an ant but rushes forward to lift an elephant ends in disgrace.,One should know one’s capabilities and limit oneself to what one can accomplish.,part1.docx,,"""ẹ́"" was miswritten twice as ""i"" and ""a"""
YOR0293,Ẹni tí kò rí ayé rí ní ńsọ pé kò sẹ́ni tó gbọ́n bí òun.,It is a person with limited experience of life who thinks there is none as wise as he.,No wise person claims he or she is the best there is.,part1.docx,,"""ẹ́"" & ""ọ̀"" were missing once in the yoruba proverb"
YOR0294,Ẹni tí kò tó gèlètè kì í mí fìn-ìn.,A person who is not huge in stature does not breathe heavily.,One should match one’s strutting to one’s accomplishment.,part1.docx,,
YOR0295,"Ẹni tó tan ara-a rẹ̀ lòrìṣà òkè ńtàn: àpọń tí ò láya nílé, tó ní kí òrìṣà ó bùn un lọ́mọ.",It is the person who deceives himself that the gods above deceive: a bachelor who has no wife at home but implores the gods to grant him children.,It is self-deceit to expect the gods to do everything for one who has not lifted a finger on his or her own behalf.,part1.docx,,"""ẹ́"" & ""ọ̀"" were missing once in the yoruba proverb"
YOR0296,Ẹni tó tijú tì í fún ara-a rẹ̀.,The person who is self-aware protects his or her own reputation thereby.,Good character benefits the owner more than others.,part1.docx,,"""ẹ́"" was missing once in the yoruba proverb. "
YOR0297,Ẹnìkan kì í jẹ́ Àwá dé.,"Nobody is entitled to say, ‘‘Here we come.’’","However mighty, a person is still only one person.",part1.docx,,"""ẹ́"" was missing once in the yoruba proverb. "
YOR0298,Ẹran kí la ò jẹ rí? Ọ̀pọ̀lọ́ báni lábàtà ó ba búrúbúrú,What sort of meat is it the likes of which one has never tasted? A toad comes upon one at the swamp and cowers in fright.,A person for whom one has no use wastes his or her time if he or she goes to great lengths to hide from one.,part1.docx,,"""ọ́"" was missing thrice in the Yoruba text. removed footnote from the English translation"
YOR0299,Ẹ̀rúkọ́ ńṣe bí ọkọ́.,The haft of the hoe is behaving like a hoe.,A certain person is putting on airs to which he or she is not entitled.,part1.docx,,"""ẹ́"" & ""ọ̀"" were missing once in the yoruba proverb"
YOR0300,Ẹ̀ṣọ́ kì í gba ọfà lẹ́hìn; iwájú gangan ní ńfi-í gba ọgbẹ́.,A palace guard does not receive arrows in his back; he suffers wounds only in front.,One must act in a manner that befits one’s station.,part1.docx,,"""ẹ́"" & ""ọ̀"" were missing multiple times in the yoruba proverb"
YOR0301,"Ẹ̀wọ̀n tó tó òpẹ ò tó-ó dá erin dúró; ìtàkùn tó ní kí erin má ròkè ọ̀dàn, tòun terin ní ńlọ",A chain as thick as a palm tree cannot stop an elephant; the vine that proposes to stop the elephant from going to the grassland will go with the elephant.,Whoever attempts to stop an irresistible force will be swept along by it.,part1.docx,,"""ẹ́"" & ""ọ̀"" were missing multiple times in the yoruba proverb"
YOR0302,"Ẹ̀yá ló bí mi, ẹkùn ló wò mí dàgbà, ológìnní gbà mí tọ́; bí kò sẹ́ran lọ́bẹ̀ nkò jẹ.","I was born of a monkey, I was raised by a leopard, I was adopted by a cat; if there is no meat in the stew I will not eat it.",I will not act in a way inconsistent with my upbringing.,part1.docx,,"""ẹ́"" & ""ọ̀"" were missing multiple times in the yoruba proverb"
YOR0303,Ẹyẹ akòko-ó ní òún le gbẹ́ odó; ta ní jẹ fi odó akòko gúnyán jẹ.,The woodpecker boasts that it can carve a mortar; whoever used a mortar carved by the woodpecker to make pounded yam?,The puny person’s best efforts cannot amount to much.,part1.docx,,"""gbẹ́ odó"" was miswritten as ""gbohun"""
YOR0304,Ẹyẹ ò lè rí omi inú àgbọn bù mu.,A bird cannot get at the liquid inside a coconut to drink.,One should not attempt the impossible.,part1.docx,,removed footer from the target text en
YOR0305,"Ẹyẹ tó fi ara wé igún, ohunhìn àdìrò ní ńsùn.",Whatever bird emulates the vulture will find itself behind the cooking hearth. F,People who have everything to lose should not emulate those who have nothing to lose.,part1.docx,,
YOR0306,Fáàárí ọ̀bọ ò ju inú ìgbẹ́ lọ.,The monkey’s showing off is limited to the confines of the forest. ,One may be esteemed in one’s own locality and be quite unknown in another.,part1.docx,,"""ẹ́"" & ""ọ̀"" were missing once in the yoruba proverb"
YOR0307,Gànràn-gànràn ò yẹ ẹni a bí ire.,Unrestrained and thoughtless behavior does not befit a well-born person.,One should behave in a manner that reflects well on one’s family.,part1.docx,,
YOR0308,"""Gbà jẹ"" kò yẹ àgbà.","""Take this and eat it’’ does not become an elder.",It better becomes an elder to give than to go begging.,part1.docx,,ignores quotation marks
YOR0309,"""Gbà mí, gbà mí!"" Ò yẹ àgbà; àgbà kì í ṣe ohun tó ṣe àlémú.","""Save me, save me!’’ does not become an elder; an elder should not do something that will make him the object of pursuit.",One should behave in a manner that be fits one’s station.,part1.docx,,ignores quotation marks. removes trailing text from cultural context
YOR0310,"‘‘Gbà mí, gbà mí!’’ ò yẹ eégún; ‘‘ẹran ńlémi bọ̀’’ ò yẹ ọdẹ.","Save me, save me!’’ does not befit a masquerader; ‘‘An animal is chasing me!’’ does not befit a hunter.",One should act in ways that befits one’s station,part1.docx,,"""ẹ́"" & ""ọ̀"" were missing once in the yoruba proverb"
YOR0311,Gbogbo èèyàn ní ńsunkún-un Bá-njọ; ṣùgbọ́n Bá-njọ ò sunkún ara ẹ̀.,"Everybody laments Banjọ’s fate, but Banjọ does not lament his own fate.","Some people remain blissfully unaware of their own misfortune, even though the misfortune is obvious to others.",part1.docx,,"""ẹ́"" & ""ọ̀"" were missing once in the yoruba proverb"
YOR0313,"""Gbà wèrè,"" “Ng ò gba wèrè” lọ̀jà-á fi ńhó.",‘‘Accept imputation of imbecility’’; ‘‘I will accept no imputation of imbecility’’ is the explanation for market noise.,"One may have no means of avoiding insult from others, but it is always in one’s power to reject insults",part1.docx,,gross mismatch and incomplete sentence
YOR0314,Gbogbo ọ̀rọ̀ ní ńṣojú èké.,The busybody is privy to all matters.,There is nothing the busybody will admit he or she does not know about.,part1.docx,,"""ọ̀"" was missing twice in the yoruba text"
YOR0315,"Gbọ̀n-ọ́n-gbọ̀n-ọ́n kan ò sí, àfi ẹni tó bá ńti ara ẹ̀.","There is no cause for staggering about, except for the person pushing himself or herself. I",Some people make more trouble for themselves than others can ever make for them.,part1.docx,,
YOR0316,Ìbàjẹ́ ọjọ́ kan ò tán bọ̀rọ̀.,The diagrace one incurs in one day does not disappear that soon.,Reputations are easy to destroy but most difficult to repair.,part1.docx,,"""ẹ́"" & ""ọ̀"" were missing multiple times in the yoruba text in the yoruba proverb"
YOR0317,"Ibi tí a bá pè lórí, a kì í fi tẹlẹ̀.","Whatever one names as the head, one does not tread the floor with it.",Never misuse or abuse your prized possessions or attributes.,part1.docx,,"""ẹ́"" was missing once in the yoruba proverb"
YOR0318,Ibi tí a fi ara sí lara ńgbé.,"Wherever one situates the body, there it inhabits.",One should confine oneself and one’s activities to the appropriate spheres.,part1.docx,,trailing text was removed from cultural context
YOR0319,Ibi tí a fi iyọ̀ sí ló ńṣomi sí.,Salt dampens only the place where it is placed. ,One should confine one’s activi ties to the proper arena.,part1.docx,,removed footer from target text en and removved trailing text from cultural context
YOR0320,Ibi tí a pè lórí ní ńhurun.,The part one names the head is the one that grows hair.,One should act in accordance to one’s station.,part1.docx,,
YOR0321,Ibi tí a ti mú ọ̀lẹ ò kúnná; ibi tí a ti mú alágbáraá tó oko-ó ro.,The place where a lazy person was appre hended bears no marks; the place where a powerful man was apprehended is broad enough to plant a farm.,"A worthy person, even if eventually vanquished, will leave signs of powerful resistance behind.",part1.docx,,"""ọ̀"" was missing in the Yoruba text "
YOR0322,"Ibi tí a ti ńpìtàn ká tó jogún, ká mọ̀ pé ogún ibẹ̀ ò kanni.","Where one must recite genealogies in order to establish one’s claim to inheritance, one should know that one really has no claim to patrimony there.",One need not go to great lengths to establish one’s claim if it is legitimate.,part1.docx,,"""ẹ́"" & ""ọ̀"" were missing once in the yoruba proverb"
YOR0323,Ibi tí ayé bá ẹni ni a ti ńjẹ ẹ́.,"Where life catches up with one, there one lives it.",One lives according to the condi tions one finds oneself in.,part1.docx,,"""ẹ́"" was missing once in the yoruba proverb"
YOR0324,Ìbọ́n dídá olówó ló ní kíwọ̀fà rín rín rín kó sọ àdá nù.,It is the master’s engaging in silly antics that affords the pawn the opportunity to laugh so hard that he tosses his cutlass away.,"If the person in charge behaves irresponsibly, then those over whom that person has charge have an excuse for irresponsible behavior also.",part1.docx,,"""ẹ́"" was missing twice in the yoruba proverb"
YOR0325,Idà ńwó ilé ara ẹ̀ ó ní òún ḿba àkọ̀ jẹ́.,"The sword is destroying its own home, and it says it is ruining the scabbard.","Said of a person whose actions will eventually recoil on him or her, even though the per son thinks that he or she is hurting others.",part1.docx,,"removed trailing text from cultural context, ""ẹ́"" & ""ọ̀"" were missing once in the yoruba proverb"
YOR0326,Ìdí méjèèjìí tó olúwa-a rẹ̀-ẹ́ jókòó.,The two buttocks are sufficient for their owner to sit on.,One should be satisfied with one’s own resources.,part1.docx,,"""-a rẹ̀-ẹ́"" was missing from the yoruba context. ""-"" was totally neglected, ""ẹ́"" was also missing"
YOR0327,Igúnnugún bà lé òrùlé; ojú tó ilé ó tó oko.,The vulture perches on the roof; its eyes see the homestead as well as the farm.,Said of a busybody whose eyes get into everything.,part1.docx,,
YOR0328,Ihò wo lèkúté ńgbé tó ní iṣẹ́ ilé ńdíwọ́?,What sort of hole does the rat live in that makes him say that household work preoccupied it?,One should not oversell oneself.,part1.docx,,"""ẹ́"" & ""ọ̀"" were missing once in the yoruba proverb, the target text en was incomplete and cultural context was absent"
YOR0329,Àgbàlagbàá ṣenú kẹrẹnden; èyí tó máa ṣe ńbẹ níkùn-un rẹ̀.,"An elder shows a smooth belly to the world, but what he will do is known to him.","Be a person of thought and action, not of words",part1.docx,PERFECT,
YOR0330,Ìjàkùmọ̀ kì í rin ọ̀sán; ẹni a bí ire kì í rin òru.,The wild cat never roams in daylight; a well bred person does not wander around in the nighttime.,People who care about their reputation should stay away from question able actions.,part1.docx,,"""ọ̀"" was omitted twice in the Yoruba context"
YOR0331,Ìjàlọ ò lè gbé òkúta.,The brown ant cannot lift a boulder.,One should not attempt a task that is beyond one’s capability.,part1.docx,,
YOR0332,"Ìjọba ńpè o ní ò ḿmu gààrí lọ́wọ́; ta ní ni , ta ní ni ó omi tí o fi ḿmu gààrí?","The government summons you, and you say you are busy eating cassava grains soaked in water; who owns you, and who owns the water with which you are eating the cassava?","When the law summons, one has no option but to heed the summons.",part1.docx,,"""ọ́"" was omitted twice in the yoruba proverb"
YOR0333,Ilé kì í jó kí baálé tàkakà.,A house does not burn while the landlord lounges with indifference.,One must not ignore matters of grave concern to oneself.,part1.docx,,cultural context and target text are missing
YOR0334,Ilé kì í jó kí oorun kun ojú.,A house does not burn and fill the eyes with sleep.,One must not ignore grave matters.,part1.docx,,cultural context was written as target text while only trailing text were in cultural context
YOR0335,Ilé-ni-mo-wà kì í jẹ̀bi ẹjọ́.,‘I-was-in-my-home’’ is never the guilty party in a dispute.,One does not get into trouble by minding one’s own business.,part1.docx,,"""ẹ́"" & ""ọ̀"" were missing once in the yoruba proverb"
YOR0336,Ìlù kan ò tó Ègùn jó; bí a bá lù fún un a máa lu àyà.,"One drum is not enough for an Ègùn person to dance to; if one drums for him, he too will play a rhythm on his chest.",Said of a person who is never satisfied with whatever others do for him/her but must always make some adjustment.,part1.docx,,
YOR0337,"Iná ńjó ògiri ò sá, ó wá ńgbá gẹẹrẹ gẹẹrẹ sómi.",Fire burns and the wall does not run from it; now it moves threateningly toward water.,A person who is powerless against others should not make threatening moves.,part1.docx,,
YOR0338,"Inú burúkú làgbà ńní, àgbà kì í ní ojú burúkú.",An unpleasant inside is what a venerable elder should have; a venerable elder should not have an unpleasant mien.,One should not permit the way one really feels to push one into unseemly behavior.,part1.docx,,
YOR0339,Ipa ọgbẹ́ ní ńsàn; ipa ohùn kì í sán.,"The wound left by a cutlass may heal, but the wound left by speech does not heal.",Injury inflicted through speech is impossible to heal.,part1.docx,,"""ẹ́"" was missing once"
YOR0340,Ìpàkọ́ onípàkọ́ là ńrí; eniẹlẹ́ni ní ńrí tẹni.,One sees only other peoples’ occiputs; only others can see one’s own.,"One usually pays closer attention to other people’s faults than to one’s own, of which others are quite aware.",part1.docx,,"""ẹ́"" & ""ọ̀"" were missing once in the yoruba proverb"
YOR0341,Ìpé péjú ò ní enini; àgbàlagbà irùngbọ̀n ò ṣe òlòó.,The eyelashes do not make dew; a venerable old beard does not behave like an ingenue.,Some habits are fitting for one’s station; others are not.,part1.docx,,"""footnotes"" were removed from the target text"
YOR0342,Ìrẹ́jẹ ò sí nínú fọ́tò; bí o bá ṣe jókòó ni o ó bá àrà rẹ.,There is no cheating in photography; it is just as you sit that you will find your image.,One’s public perception depends ultimately on one’s self-presentation.,part1.docx,,
YOR0343,Irú aṣọ ò tán nínu àṣà.,The likeness of a particular type of cloth is not lacking among those in fashion.,No one has a monopoly on certain qualities. ,part1.docx,,removed trailing text from cultural context
YOR0344,Ìsáǹsá ò yọ ẹ̀gún; ìsáǹsá kì í káwo ọbẹ̀.,The fugitive does not stop to pull a thorn [from his or her feet]; the fugitive does not stop to clear dinner dishes.,A person who has committed a crime does not wait around to be caught.,part1.docx,,"""ẹ̀"" & ""ǹ"" are omitted twice each in the yoruba proverb"
YOR0345,"Ìṣẹ́ ò ti ibìkan mú ẹni; ìyà ò tibìkan jẹ èèyàn; bí o bá rìnrìn òṣì, bí o bí o bá ojú ìṣẹ́ wọ̀lú, igbá-kígbá ni wọn ó fi bu omi fún ẹ mu.","Destitution does not attach to one at a particular place; suffering does not attack a person at a particular place; if one walks like a wretch into a town, if one looks like a loser when when one enters a town, it is with a miserable calabash that the people will offer one water to drink.",People treat one the way one presents oneself.,part1.docx,,
YOR0347,"Ìtàkùn tó tó ọ̀pẹ kò tó pé kérin má lọ; ìtàkùn tó pé kérin má lọ Àlọ, tòun terin ní ńlọ",A vine as thick as a palm-tree trunk will not stop an elephant; whatever vine attempts to stop an elephant from going to Alọ will go with the elephant instead.,A powerless person will not stop a mighty person from doing what he wants; one who attempts it invites suffering for himself.,part1.docx,,"""ẹ́"" & ""ọ̀"" were missing twice in the yoruba proverb"
YOR0348,Ìwà ní ńjọ oníwà lójú.,Character is always remarkable (or good) in the opinion of its owner.,One naturally approves of one’s own character.,part1.docx,,
YOR0349,Ìwọ̀fà ní ḿmú ìwọ̀fà jó.,A pawned person always dances with a pawned person.,People should know who share their station and confine their dealings to them.,part1.docx,,"""ọ̀"" was missing twice in the yoruba context"
YOR0350,Ìwọ̀n eku nìwọ̀ ìtẹ́; olongo kì í gbé tímú tímú.,The measure of the rat is the measure of the nest; a robin does not live on a cushion.,One should cut one’s garment according to one’s size.,part1.docx,,
YOR0351,Ìwọ̀sí ní ḿba ilé àgbà jẹ́.,Trading insults brings ruin to an elder’s home.,An elder who fails to maintain harmony among the members of his household will see it destroyed.,part1.docx,,
YOR0352,"Ìyàwó tó na ọmọ ọbàkan, ọ̀rọ̀ ló fẹ́ẹ́ gbọ́.",The wife who whips a relative of her husband is asking for stern rebuke.,One should not engage in inappropriate actions.,part1.docx,,target text was incomplete and cultural context was totally absent
YOR0353,Jẹ́jẹ́ léégún àgbà ńjó.,Sedately is the way an elderly masquerader dances.,Grown-up people should behave in a decorous manner.,part1.docx,,
YOR0354,"Jòkùmọ̀-ọ́ ṣe bí ẹ̀lú, aró la bè̟ ló̟wè̟.","The jòkùmọ̀ plant looks like the indigo plant; it is the indigo dye, though, we have use for.",One should know and employ the appropriate materials for one’s tasks.,part1.docx,,"""ẹ́"" & ""ọ̀"" were missing twice in the yoruba proverb"
YOR0355,Ká ríni lóde ò dàbí-i ká báni délé.,To see a person in the streets is not the same as going home with the person.,"To really know a person, one must see the person where he or she lives.",part1.docx,,
YOR0356,Ká ríni sò̟rò̟ fúnni ò dàbí-i ká sò̟rò̟ fúnni ká gbà.,Having people to advise one is nothing like knowing how to take advice.,Nobody can help anyone who will not help himself or herself.,part1.docx,,
YOR0357,Ká wí fún ẹni ká gbọ́; ká sò̟rò̟ fúnni ká gbà; ká bèèrè ọnà ló̟wó̟ èrò tó kù lẹ́hìn káyé baà lè yẹni.,"If one is spoken to, one should listen; if one is advised, one should heed the advice; one should seek direction from straggling wayfarers in order that one’s life might be pleasant.","It is wise to heed advice, and it is wise to seek direction from those who have greater experience.",part1.docx,,cut off in the yoruba text and cultural context
YOR0358,"Ká wí fúnni ká gbó̟; ká sò̟rò̟ fúnni ká gbà; à-wí-ìgbó̟, à-gbọ́-ìgbà ní ńfi igbá àdánù bu omi mu.","If one is spoken to, one should listen; if one is advised, one should accept the advice; refusal to listen to speech and refusal to accept advice leads to using the calabash of deprivation as a drinking cup.",Refusal to heed advice leads to deprivation.,part1.docx,,"total jargon, had to be rewritten"
YOR0360,Ká wí ká gbà ló yẹ ọmọ èèyàn.,To heed advice is what best becomes a human being.,One should heed advice. ,part1.docx,,remove trailing texts
YOR0361,"Ká wí ogún, ká wí ọgbọ̀n, N ò fẹ́, n ò gbà laṣiwèré fi ńpẹ̀kun ọ̀ràn.","Whether one speaks twenty times or speaks thirty times, ‘‘I do not like it, and I will not accept it’’ is how the imbecile ends the discussion.",The incorrigible person will never listen to reason.,part1.docx,,"""ọ̀"" & ""ẹ́"" were missing multiple times"
YOR0362,"Kàkà ká dọ̀bálè̟ fún Gà bàrí, ká ró̟jú ká kú.","Rather than prostrate oneself in homage or obeisance to a Hausa person, one should rather die.",An expression of Yoruba superciliousness toward the Hausa.,part1.docx,,
YOR0363,"Kàkà kí àgbò ké, àgbò a kú.","Rather than cry out, the ram will die.",A grown man must know how to hide his pain.,part1.docx,,
YOR0364,"Kàkà kí bàbá ran ọmọ ní àdá bọ oko, oníkálukú a gbé tiè̟","Rather than the father carrying the son’s cutlass home from the farm, each will carry his own.","People may withhold their respect from one, but one should not abet their insolence",part1.docx,,cutoff in the cultural context
YOR0365,"Kàkà kí iga akàn ó padà sẹhìn, a kán.","Rather than bend backward, the crab’s claws will break.",Death is to be preferred to re treat.,part1.docx,,
YOR0366,"Kàkà kí kìnìún ṣe akápò ẹkùn, ọlọ́dẹ a mú ọdẹ ṣe.","Rather than the lion serving as carrier for the leopard, each will hunt separately.",One would rather leave a company than remain in it and be subordinate to those one con siders inferior.,part1.docx,,"remove trailing text from cultural context, ""ọ́"" was omitted from yoruba proverb"
YOR0367,Kékeré lọ̀pọ̀lọ́ fi ga ju ilẹ̀ lọ.,The toad is only slightly taller than the earth.,Said of people who behave as though they are superior to others though have little reason to believe so.,part1.docx,,"""ọ́"" was omitted thrice and ""ẹ̀"" as well"
YOR0368,Kì í dọwọ́-ọ baba kó ló di ọwọ́ ọmọ.,Responsibility does not devolve on the father only for him to say it is his son’s duty.,An elder must do his or her duty and not shove it on the youth.,part1.docx,,"""ọ́"" was omitted twice"
YOR0370,Kí ni apárí ńwá ní ìṣọ̀ onígbàjámọ̀?,What does a bald man want in the stall of the barber?,One should stay out of places where one has no business.,part1.docx,,"""ọ́"" was omitted twice. trailing text was removed from cultural context"
YOR0371,Kí ni Dáàró ní kó tó sọ pé olè-é kó òun?,What did Dáàró own before he claimed he was robbed?,Said of a person who could do nothing in the best of circumstances but blames his or her lack of success on certain eventualities.,part1.docx,,Gross mismatch in the whole column
YOR0372,Kí ni ìbá mú igún dé ọ̀dọ̀-ọ onídìrí?,What would take the vulture to the stall of the hairdresser?,One should stay away from places where one has no business. ,part1.docx,,"""ọ́"" was omitted twice. trailing text was removed from cultural context"
YOR0373,Kí ni ó yá àpọ́n lórí tó fiṣu síná tó ńsúfèé pé ‘‘bí a ti ńṣe ni inú ḿbí wọn’’?,"What has the bachelor to feel so superior about that while he is roasting yams, he is whistling the song, ‘‘What one does fills them with jealousy’’?",Said of people who are arrogant even though they have no basis for pride.,part1.docx,,"""ọ́"" was omitted once"
YOR0374,Kí ni onígbá ńṣe tí aláwo ò lè ṣe?, What is the calabash owner doing that the china plate owner cannot do? ,"Whatever one can accomplish, those better placed or better endowed can accomplish also.",part1.docx,,cutoff from the target_text till cultural context
YOR0376,Kí ni orí ńṣe tí èjìká ò lè ṣe? Èjìká ru ẹrù ó gba ọ̀ódúnrún; orí ta tiẹ̀ ní ogúnlúgba.,What can the head do that the shoulder cannot do? The shoulder carried a load and earned 300 cowries; the head sold its own for 220 cowries.,One should not be foolish enough to think that the person who has more power and standing than oneself cannot accomplish what one has accom plished.,part1.docx,,"""ọ́"" was omitted thrice and ""ẹ̀"" as well"
YOR0377,Kíjìpá laṣọ ọ̀lẹ; òfì laṣọ àgbà; àgbà tí ò ní tòfì a rọ́jú ra kíjìpá.,Durable hand-woven cloth is the material for shiftless people; loom-woven cloth is the material for the elders; whichever elder can not afford loom-woven cloth should strive for durable hand-woven cloth.,"If one can not have the perfect thing, one should strive to have at least something.",part1.docx,,"""ọ́"" was omitted twice"
YOR0378,"Kò rà, kò lówó lọ́wọ́, ó ńwú tutu níwájú onítumpulu.","He does not buy, he has no money, yet he sits sulkily before the seller of bean fritters.",Said of people reluctant to accept the fact that they cannot have what they wish.,part1.docx,,
YOR0379,Kò sí ẹni tó dùn mọ́ àfi orí ẹni.,There is no one pleased [by one’s success] except one’s own head.,Few people genuinely wish that one should succeed.,part1.docx,,"""ọ́"" was omitted once"
YOR0380,Kò sí mi lájọ àjọ ò kún: ara ló tàn jẹ.,Without-me-in-an-assembly-the-assembly is-not-complete deceives only himself or herself.,Whoever thinks he or she is indispensable is self-deceived.,part1.docx,,
YOR0381,Kò-sí-nílé kì í jagun ẹnu tì.,He-was-not-at-home never fails to prove his valor with his mouth.,"Said of a person who vows that had he been around when some thing happened, he would have performed wonders.",part1.docx,,
YOR0382,Kó-tán-kó-tán lajá ńlá omi.,Swiftly-consumed-swiftly-consumed is the way a dog laps up water. ,Said of people who attack good things with excessive greed.,part1.docx,,
YOR0383,"Labalábá fi ara ẹ̀ wẹ́yẹ, kò lè ṣe ìṣe ẹyẹ.","The butterfly likens itself to a bird, but it cannot do what a bird can do.",Attempts to emulate those better endowed and qualified than oneself always prove futile. Compare the following entry.,part1.docx,,"""ẹ̀"" was omitted twice"
YOR0384,"Lábúlábú fara wé aró, kò lè ṣe bí aró; pòpòǹdó fara wé àgbàdo.","Ash mixed with water likens itself to indigo dye, but it cannot do what the dye can do; the large red bean likens itself to corn.",One should know better than to attempt to overreach one’s capabilities,part1.docx,,"""ǹ"" was missing in the Yoruba context. cutoff from the target_text till the cultural context"
YOR0385,Láká-ǹláká ò ṣéé fi làjà; ọmọ eégún ò ṣéé gbé ṣeré.,A limp is no great asset for a person wish ing to stop a fight; a masquerader’s child is no easy playmate.,One should know one’s limits and also what one would be ill advised to attempt.,part1.docx,,"""ǹ"" was missing in the Yoruba context. "
YOR0386,Lékèélékèé ò yé ẹyin dúdú; funfun ni wọ́n ńyé ẹyin wọn.,Cattle egrets never lay black eggs; only white eggs do they lay.,Ony certain types of be havior are suitable for people in certain positions.,part1.docx,,"""ọ́"" was missing once"
YOR0389,"Má tẹ̀ẹ́ lọ́wọ́ oníle, má tẹ̀ẹ́ lọ́wọ́ àlejò; lọ́wọ́ ara ẹni la ti ńtẹ́.","Save face with members of your household, and save face with complete strangers, such a person loses face with himself or herself.",A person too careful about his or her reputation will end up losing regard for himself or herself. Some situations call for doing away with decorum.,part1.docx,,gross misparsing of the yoruba proverb
YOR0390,Màlúù ò lè lérí níwájú ẹṣin.,A cow may not boast in the presence of a horse.,One should acknowledge and defer to those better able than oneself.,part1.docx,,
YOR0392,Mélòó lÈjìgbò tí ọ̀kan ẹ̀ ńjẹ́ Ayé-gbogbo.,How large a community is Ejigbo that one of its settlements is named Ayegbogbo [the whole world]?,One should be modest in one’s claims.,part1.docx,,
YOR0393,"Mo dàgbà mo dàgó, aré ọmọdé ò tán lójúù mi.","I have become old and wise, but childish play has not ceased to appeal to me.",There is something of the youth that lingers even in age,part1.docx,,cultural context was placed as tartget text en while cultural context itself was empty
YOR0394,Mo dàgbà tán èwé wù mí.,"Having grown old, I miss youthfulness.",One does not appreciate one’s youth until one has lost it.,part1.docx,,removed trailing text from cultural context
YOR0395,"‘‘Mo dára, mo dára,’’ àìdára ní ńpẹ̀kun ẹ̀.","‘I am beautiful, I am beautiful’’ has ugliness as its conclusion.",Whoever is infatuated with his or her attractiveness will end up being despised by all.,part1.docx,,"""ẹ̀"" was mising twice"
YOR0396,Mo mọ̀Bàrà mo mọ̀Fún” ti kì í jẹ́ kí àwòko kó ọ̀pẹ́ẹ̀rẹ́ níFá.,"‘I am versed in ọ̀bàrà and versed in ọ̀fún,’’ the boast that discourages àwòko from teaching ọ̀pẹ́ẹ̀rẹ́ Ifá verses. ",Disdain for advice or instruction leaves a person in ignorance,part1.docx,,gross mismatch in the 3 columns
YOR0397,"""Mo mọ̀-ọ́ gùn"" lẹṣin ńdà.",‘‘I am an expert horseman’’ is usually the one thrown by a horse. ,Assuming that one knows it all causes one grief.,part1.docx,,gross mismatch in the 3 columns
YOR0399,“Mo mọ̀wọ̀n ara-à mi” kì í ṣẹ̀rẹ̀kẹ́ èébú.,‘‘I am jealous of my dignity’’ does not hurl insults at others.,A person who wishes to maintain his or her dignity must not by his or her actions invite insults.,part1.docx,,"""ẹ́"" & ""ọ̀"" were missing multiple times in the yoruba context"
YOR0400,"“Mo yó” ńjẹ́ “mo yó,” “mo kọ̀” ńjẹ́ “mo kọ̀”; jẹun ǹṣó, àgbà ọ̀kánjúwà ni.","‘‘I am full’’ means ‘‘I am full’’; ‘‘I decline’’ means ‘‘I decline’’; eating with abandon, that is the father of all greediness.",One should not accept every invitation to the table.,part1.docx,,"""ẹ́"" & ""ọ̀"" were missing multiple times in the yoruba context"
YOR0401,‘‘Ng óò gba owó-ò mi lára ṣòkòtò yìí’’; ìdí làgbàlagbà ńṣí sílẹ̀.,‘I will get my money’s worth out of these trousers’’; the grown man only winds up exposing his bare buttocks to the world.,One should not insist on squeezing every last ounce of use out of a perishable article.,part1.docx,,
YOR0402,Nígbàtí à ńto ọkà a ò to ti ẹmọ́ si.,"When we were stacking the corn, we did not stack some for the brown rat.",People should keep their hands off other people’s property unless they have been asked to help themselves.,part1.docx,,cut off halfwAY IN TARGET TEXT EN
YOR0403,"Nígbàtí o mọ̀-ọ́ gùn, ẹṣin e-ẹ́ ṣẹ ṣé orókún?","Since you claim to be a seasoned rider, why has your horse gone lame?",An expert does not produce flawed goods.,part1.docx,,
YOR0404,Nígbàwo làpò ẹkùn-ún di ìkálá fọ́mọdé?,Since when did a tiger-hide sack become a thing a child uses to harvest okro?,People should not presume to lay claim to things or functions that are far beyond their station.,part1.docx,,
YOR0405,Ó bọ́ lọ́wọ́ oṣù ó dàràn-mọ́jú.,The moon loses its esteem and shines all night long.,A person who overstays his or her welcome ceases to be valued. ,part1.docx,,
YOR0406,"O dájú dánú, o ò mọ ẹ̀sán mẹ́sàn-án.","Your eyes flinch not and your mouth is unstoppable, but you do not know nine times nine.",Too much mouth often indicates too little substance.,part1.docx,,Many letters were and misparsed in the yoruba text. the target text en was cutoff midway
YOR0407,Ó di àwùjọ ṣòkòtò kí ládugbó tó mọ ara rẹ̀ Lábèṣè,Not until the gathering of trousers will Ládugbo know itself as a miscreant.,Some people will not learn the truth about themselves until they are openly disgraced.,part1.docx,,
YOR0408,Ó di ọjọ́ alẹ́ kábuké tó mọ̀ pé iké kì í ṣọmọ.,Not until the end of days will the humpback realize that a hump is not a child.,People seldom learn wisdom until it is too late.,part1.docx,,"""ẹ́"" & ""ọ̀"" were missing multiple times in the yoruba context"
YOR0409,"Ò ńjàgbọ̀nrín èṣín lọ́bẹ̀, o ní o ti tó tán.","You are reduced to eating last year’s antelope in your stew, and yet you claim to have attained the height of good fortune.",A hard-up person who claims to be prosperous deceives himself or herself.,part1.docx,,"""ẹ́"" & ""ọ̀"" were missing multiple times in the yoruba context"
YOR0410,O ru ládugbó ò ńrera; kí ni ká sọ fẹ́ni tó ru Òrìṣà-a Yemọja.,"Because you are carrying a huge pot, you strut; what would one say to the person carrying the divinity Yemoja?","Never assume to be more important than you are, espe cially when there are really more important people around.",part1.docx,,
YOR0411,"Ó tọ́ kí eégún léni lóko àgbàdo, èwo ni ti Pákọ̀kọ̀ láàrin ìlú?","It might be seemly for a masquerader tochase one off a corn farm, but it is not seemly for Pák k to chase one in the middle of town.",A person who is in no position to exercise authority over another should not presume to do so.,part1.docx,,cutoff during the target text en and the cultural context was lost as well
YOR0412,"Ó yẹ ẹni gbogbo kó dínwó aró, kò yẹ atọ̀ọ́lé.","It is fitting for everybody to bargain to re duce the cost of dyeing clothes, but not the bed wetter.",The person in desperate need of a thing cannot afford to be finicky.,part1.docx,,
YOR0413,"Ó yẹ ẹni gbogbo kó sọ pé ‘‘Ọlọ́run aṣèkan-má-kù,’’ kò yẹ akúkó.","Everyone can justifiably say, ‘‘God, who has left nothing undone,’’ but not a eunuch.",People should not act as though they are unaware of their flaws.,part1.docx,,
YOR0414,"Odò kékeré lalákàn-án ti lè fọ́ epo; bó bá di àgàdàm̀gbá tán, odò a gbé alákàn lọ.","It is only in a small stream that the crab can make its oil; when it becomes huge and swift, the river sweeps the crab away.","When times are easy, there is little one cannot attempt.",part1.docx,,
YOR0416,Ogun tí olójúméjìí rí sá ni olójúkan-án ní òún ńlọ jà.,The war that the two-eyed person saw and fled is the same the one-eyed person vows he will join.,A comment on overreaching people who attempt feats that have defeated their betters.,part1.docx,,
YOR0417,"Ohun méjì ló yẹ Ẹ̀ṣọ́: Ẹ̀ṣọ́ jà, ó lé ogun; Ẹ̀ṣọ́ jà ó kú sógun.",Only two things are proper for a warrior: the warrior goes to war and drives the enemy off; the warrior goes to war and dies in battle.,One should not act in a way that is not proper or becoming.,part1.docx,,"""Ẹ̀"" & ""ọ́"" were missing from the yoruba proverb"
YOR0418,Ohun tí à ńtà là ńjẹ; kì í ṣe ọ̀rọ̀ oníkẹrosíìnì.,What one sells is what one eats; that does not apply to the kerosene seller.,One should be mindful of the peculiarities of one’s situation.,part1.docx,,"""ẹ́"" & ""ọ̀"" were missing multiple times in the yoruba context"
YOR0419,Ohun tí eèrá bá lè gbé ní ńpè ní ìgànnìkó.,Whatever the ant is able to carry is what it says is its full measure.,One should match one’s desires to what one can afford.,part1.docx,,
YOR0420,Ohun tí kò tó okòó kì í jẹ àgbà níyà.,A thing that is not worth the least amount of money should not prove a hardship for an elder.,One should not be defeated by insignificant problems.,part1.docx,,cutoff from target text en till cultural context
YOR0421,Ohun tó yẹni ló yẹni; okùn ọrùn ò yẹ adìẹ.,Whatever is becoming for a person is what is becoming; a noose is not becoming for a chicken.,One should always confine one’s actions to those that are proper and becoming.,part1.docx,PERFECT,
YOR0422,"Ohun tí wẹ̀rẹ́ fi ńṣe ara , ó pọ̀ ju ohun tó fi ńṣe ọmọ ẹlòmíràn lọ.",What the imbecile does to himself is far worse than what he does to others.,Said when a person intending to injure others in fact does himself or herself greater injury.,part1.docx,FIX,"""ẹ́"" & ""ọ̀"" were missing multiple times in the yoruba context"
YOR0423,"Ohun tó ṣeé faga là ńfaga sí; èwo ni, ‘‘Ìwòyí àná mo ti na ànaà mi fága-fàga’’? ","One boasts only about things proper to boast about; whoever heard of the boast, ‘‘By this time yesterday I had given my parent in-law the beating of his life’’? ",One should not cheerfully and boastfully embrace disgrace.,part1.docx,,
YOR0424,Ojú àlejò la ti ńjẹ gbèsè; ẹ̀hìn-in ẹ̀ là ńsan án.,It is in a visitor’s presence that one gets into debt; it is in her absence that one repays the debt.,One does not estimate how much hospitality is costing until one’s visitor has departed. Compare 3454.,part1.docx,,"""ẹ́"" was missing multiple times in the yoruba context"
YOR0425,Ojú baba ara: a-wọ́n-bí-ojú; a-ṣòró-dà bí-àgbà.,"The eye, father of the body: nothing is as valuable as the eye; nothing is as difficult to achieve as the status of elder.",What is most precious is most difficult to achieve.,part1.docx,,
YOR0427,Ojú iná kọ́ lewùrà ńhurun.,It is not in the presence of the flame that water yam grows hair.,One dares not strut when one’s bane is around.,part1.docx,,
YOR0428,Ojú kì í pọ́n baálé ilé kó fọwọ́ gbálẹ̀ ilé ẹ̀.,A head of a household is never so hard up that he sweeps his compound with his bare hands.,"However desperate one might be, there are certain things one must not stoop to do.",part1.docx,,
YOR0429,Ojú kì í pọ́n babaláwo kó bèrè ẹbọ àná,An Ifá diviner-priest is never so hard up that he asks for yesterday’s sacrifice.,One should not permit hardship to lead one to demeaning behavior.,part1.docx,,
YOR0430,Ojú kì í pọ́n ẹdun kó dẹni ilẹ̀; ìṣẹ́ kì í ṣẹ́ igún kó di ojúgbà adìẹ.,The colobus monkey is never so reduced in circumstances that it becomes a land hugging creature; the vulture is never so badly off that it becomes the equal of a chicken.,"No matter what one’s misfortune, one should maintain one’s dignity.",part1.docx,,
YOR0431,Ojú kì í pọ́n òkú ọ̀run kó ní kí ará ayé gba òun.,A dead person cannot be so desperate as to appeal to a living person for deliverance.,"However bad one’s circumstances might be, one should use good sense in determining where to turn for help.",part1.docx,,
YOR0432,Ojú kì í pọ́nni ká fàbúrò ẹni ṣaya.,One should not become so desperate that one takes one’s younger sister as wife.,Desperation should not preempt propriety.,part1.docx,,
YOR0433,Ojú kì í pọ́nni ká fàkísà bora.,One should never be so benighted that one covers oneself in rags.,"Despite adverse circumstances, one should strive to maintain one’s dignity.",part1.docx,,
YOR0434,Ojú kì í pọ́nni ká pọ́n léhín.,One’s circumstances do not so deteriorate that one becomes red in teeth.,Adverse circumstances should not keep one from attending to essential matters.,part1.docx,,
YOR0435,"Ojú ò ti oníṣègùn, ó ní àna òun ńkú lọ.","The medicine man lacks all shame, he announces that his parent-in-law is dying.","If one cannot do what is expected, one should at least not broadcast one’s shame.",part1.docx,,
YOR0436,"Òkété pẹ̀lú ọmọ ẹ̀-ẹ́ di ọgbọọgba sínú ihò; nígbà tí ìyá ńfehín pàkùrọ́, ọmọ náà ńfehín pa pèlú.","The giant bush rat and its child become equals in their hole; the mother cracks palm nuts with her teeth, and the child does the same thing.",Too much familiarity makes comrades of people who are quite distant from each other in standing.,part1.docx,,
YOR0437,Òkùnkùn ò mẹni ọ̀wọ̀; ó dÍfá fún ‘‘Ìwọ́ tá nìyẹn’’?,Darkness does not know who deserves deference; it consulted the oracle Ifá for ‘‘ Who might you be?’’,People who wander about in darkness cannot expect to be treated with deference,part1.docx,,
YOR0439,Olóbìnrin kan kì í pagbo ìja.,A person who has only one wife does not form a circle for a fight.,A person who does not have enough helping hands should not embark on ventures that are too ambitious.,part1.docx,,
YOR0440,Olójúkan kì í tàkìtì òró.,A one-eyed person does not attempt standing somersaults.,One should limit one’s ambition to one’s capability.,part1.docx,,
YOR0441,"Olówó jẹun jẹjẹ; òtòṣì jẹun tìpà-tìjàn; òtòṣì tí ḿbá ọlọ́rọ̀ rìn, akọ ojú ló ńyá.",The rich man eats slowly and at leisure; the poor person eats fast and with anxiety; the poor man who keeps company with a wealthy man is exceeding his station.,One should keep to comrades whose station is similar to one’s own.,part1.docx,,
YOR0442,Olówó ní ḿbá ọlọ́rọ̀-ọ́ rìn; ẹgbẹ́ ní ḿbá ẹgbẹ́ ṣeré.,It is a rich person that keeps company with a wealthy person; only people of equal standing play together.,One should associate with one’s equals.,part1.docx,,
YOR0443,Olówó ní ńjẹ iyán ẹgbàá.,"It is a rich person that eats pounded yams worth 2,000 cowries.",One’s level of con sumption reflects the depth of one’s pocket.,part1.docx,,
YOR0444,Olóyè kékeré kì í ṣe fáàárí níwájú ọba,A minor chief should not act garrulously in the presence of a king. ,One should know one’s station and act accordingly.,part1.docx,,
YOR0446,"Òní, ẹtú jìnfìn, ọ̀la, ẹtú jìnfìn; ẹtu nìkan lẹran tó wà nígbó?","Today, the antelope falls into the ditch; tomorrow, the antelope falls into the ditch; is the antelope the only animal in the forest?","If a person is the only one misfortune always visits, there is probably something the person is doing to invite it.",part1.docx,,
YOR0447,"Oníbàjẹ́ ò mọra; oníbàjẹ́ ńlọ sóko olè ó mú obìnrin lọ; ọkọ́ kó akọṣu, ìyàwó kó ewùrà.","The shameless person does not know what is fitting; the shameless person is off to raid a farm, and he takes his wife along; the husband steals staple yams, and the wife steals water yams.",A man who involves his family in his questionable ventures has sunk to the lowest depths.,part1.docx,,
YOR0448,Onífunra àlejò tí ńtètè se onílé pẹ̀lẹ́.,The excessively attentive visitor extends hospitality greetings to the host.,One should not assume other people’s functions.,part1.docx,,
YOR0449,"Onígẹ̀gẹ́ filẹ̀kẹ̀ dọ́pọ̀; onílẹ̀kẹ̀ ìbá gbowó, kò rọ́rùn fìlẹ̀kẹ̀ so.","The person with a goiter offers a ridiculously low price for beads; were the beads seller to accept her offer, she would have no neck to string the beads around.",One can always find a ruse to get one out of embarrassing situations.,part1.docx,,
YOR0451,Onílé ńjẹ èso gbìngbindò; àlejò-ó ní kí wọ́n ṣe òun lọ́wọ́ kan ẹ̀wà.,The host is eating the fruits of the gbìngbindò tree; the visitor asks to be treated to some black-eyed peas.,"When one’s benefactor is experiencing hardship, one should be realistic in one’s requests of him.",part1.docx,,
YOR0452,"OníṢàngó tó jó tí kò tàpá, àbùkù ara ẹ̀.",The Ṣango worshiper who dances and does not kick his legs disgraces himself.,A person who skimps on what is expected of him disgraces himself. ,part1.docx,,
YOR0453,On-íṣẹ́pẹ́-igí bímọ ó sọ ní Ayọ̀-ọ́kúnlé; ayọ̀ wo ló wà lára ìṣẹ́pẹ́-igíi.,The seller of twigs for firewood has a child and names him Ayọ̀ọ́kúnle [Joy-fills-this home]; what sort of joy is to be found in firewood twigs?,One should not make too much of nothing.,part1.docx,,
YOR0454,O ǹpè ní ńfa ọlá; òjípè kì í fa ọlá.,It is the person who does the summoning that assumes airs; the person subject to summons does not assume airs.,"One should know one’s place, especially in the company of more illustrious people.",part1.docx,,
YOR0456,Orí-i kí ní ńyá àpọ́n tó ńsúfèé? Nítorí pé yó gùn-ún-yán fúnra ẹ̀ yó níkan jẹ.,What is the cause of the bachelor’s elation that makes him whistle? That he will make pounded yams for himself and eat it by himself?,A bachelor with no one to share his life and his meals has nothing to be cheerful about.,part1.docx,,
YOR0457,"‘‘Òru ò molówó’’ nIfá tí à ńdá fún ""Ìwọ ta nìyẹn?""",‘‘ The dark of night knows not who is a wealthy person’’ is the oracle one delivers to ‘‘Who might that be?’’,Nighttime wanderers should be prepared for indignities.,part1.docx,,
YOR0458,Orogún ìyá ẹ-ẹ́ dáṣọ fún ọ o ní kò balẹ̀; mélòó nìyá ẹ-ẹ́ dá fún ọ tó fi kú?,"Your mother’s co-wife made a garment for you, and you complain that it is not long enough; how many did your mother make for you before she died? ",People dependent on charity should be grateful rather than difficult to please,part1.docx,,
YOR0459,"Òtòlò-ó jẹ, òtòlò-ó mu, òtòlò-ó fẹsẹ̀ wé ẹsẹ̀ erin.","The water buck ate, the water buck drank, the water buck compared its limbs to an elephant’s.",Satiation leads to excess.,part1.docx,,
YOR0460,Oúnjẹ ọmọ kékeré a máa wọ àgbà nínú; òrùka ọmọ kékeré ni kì í wọ ágbá lọ́wọ́,A youth’s food can enter the stomach of an elder; it is only a youth’s ring that cannot slip onto an elder’s finger.,"An elder may take advantage of the youth in certain respects, but in some others an elder must respect his status.",part1.docx,,
YOR0461,Owó ẹ̀yẹ ò sú ẹni-í san; tọ̀ràn ni ò súnwọ̀n.,People have no difficulty paying the money for glorious events; it is the money for trouble that is unpleasant to pay.,The troubles one goes into for honorable purposes are really a pleasure; not so the trouble to extricate oneself from problems.,part1.docx,,
YOR0462,Ọbẹ̀ kì í gbé inú àgbà mì.,A stew does not slosh around once inside an elder.,An elder should know how to keep confidences.,part1.docx,,
YOR0463,Ọ̀bún ríkú ọkọ tìrànmọ́; ó ní ọjọ́ tí ọkọ òún ti kú òun ò fi omi kan ara.,"The filthy person takes advantage of her husband’s death for blame; she says since her husband died, she has not violated her person with water.",Shiftless people will latch on to any excuse to shirk duties.,part1.docx,,
YOR0464,"Ọ̀gà-ǹ-gà lọmọ-ọ̀ mi ńjẹ́, ẹ má pe ọmọ-ọ̀ mi ní Ògò-ǹ-gò mọ́! Èwo lorúkọ rere níbẹ̀.",My child’s name is Ọ̀gàǹgà; don’t you call mychild Ògòǹgò any more! Which of the two is a good name?,A choice between two bad things is no choice at all. ,part1.docx,,
YOR0465,Ọ̀gẹ̀gẹ́ ò lẹ́ wà; láyán ló fara wéṣu.,The poisonous cassava has no attraction; it resembles a yam only in vain.,No imitation can be as good as the real thing.,part1.docx,,
YOR0466,Ọjọ́ àgbà-á kú sàn ju ọjọ́ ágbà-á tẹ́.,The day an elder dies is far better than the day an elder is disgraced.,Death is prefer able to disgrace.,part1.docx,,
YOR0467,"Ọjọ́ kan là ńbàjẹ́, ọjọ́ gbogbo lara ntì.",Only one day brings disgrace to a person; the shame is felt every day.,The thoughtless act of a moment mars one’s reputation for a long time.,part1.docx,,
YOR0468,Ọjọ́ kan ṣoṣo là ńtẹ́; ojoojúmọ́ lojú ńtini.,It takes only one day to disgrace oneself; the shame is a daily affair.,Fleeting indiscre tions have lasting effects.,part1.docx,,
YOR0469,"Ọjọ́ tí alákàn-án ti ńṣepo, kò kún orùbà.","In all the days the crab has been making oil, it has not filled a pot.",Said of people who have labored long but have nothing to show for all their effort.,part1.docx,,
YOR0470,"""Ọjọ́ tí mo ti ńbọ̀ ng ò rírú ẹ̀ rí""; olúwa ẹ̀-ẹ́ mọ ìwọ̀n ara ẹ̀ ni.","In all the days I have walked this earth, I have never seen the like’’: that person knows his place.","If one knows one’s place, one will be spared humiliation.",part1.docx,,
YOR0471,Ọ̀kánjúwà àgbà ní ńsọ ara ẹ̀ dèwe.,It is an avaricious elder that turns himself into a child.,An elder who cannot control his appetite asks to be treated like a child.,part1.docx,,
YOR0472,Ọ̀kánjúwà alágbaà ní ńgarùn wo eégún.,It is an insatiable chief of the masqueraders’ cult that stands on tiptoe to watch a performing masquerader.,"It is unseemly to be too greedy, especially when everything is at one’s disposal anyway.",part1.docx,,
YOR0473,"Ọkùnrin kì í ké, akọ igi kì í ṣoje.",A man does not cry; hardwood does not ooze sap.,Fortitude is the mark of a man.,part1.docx,,
YOR0474,Ọlọgbọ́n kan ò ta kókó omi sáṣọ; ọ̀mọ̀ràn kan ò mọ oye erùpẹ̀ ilẹ̀.,No wise man ever ties water in a knot in his cloth; no knowledgeable person can tell the number of grains of sand on the earth.,There are certain feats that are beyond even the most accomplished of men.,part1.docx,,
YOR0475,Ọlọgbọ́n ò tẹ ara ẹ̀ nÍfá; ọ̀mọ̀ràn ò fi ara ẹ̀ joyè; abẹ tó mú ò lè gbẹ́ èkù ara ẹ̀.,The wise person does not consult the Ifá oracle for himself; the knowledgeable person does not install himself as chief; the sharp knife does not carve its own handle.,The strongest and wisest of men still would need the service of other people at some time.,part1.docx,,
YOR0476,Ọmọ àì-jọbẹ̀-rí tí ńja epo sáyà.,A child new to eating stews: he shows himself by dripping palm oil on his chest.,Upstarts will betray themselves by their misuse of their new-found fortune.,part1.docx,,
YOR0477,Ọmọ onílẹ̀ á tẹ̀ ẹ́ jẹ́jẹ́.,The owner of the earth treads gently on it.,"Responsible people do not always do as they can, but behave as is proper.",part1.docx,,
YOR0479,Ọ̀mùtí gbàgbé ìṣẹ́; alákọrí gbàgbé ọ̀la.,The drunkard ignores his misery; the ill-fated person forgets tomorrow.,Irresponsible people often indulge themselves instead of taking care of their pressing problems.,part1.docx,,
YOR0480,Ọ̀nà ọ̀fun ò gba egungun ẹja.,The throat cannot accommodate fish bones.,Everybody and everything have some limitation.,part1.docx,,
YOR0481,"Ọ̀ràn ò dun ọmọ ẹṣin; a mú ìyá ẹ̀ so, ó ńjẹ oko kiri.","Problems make hardly any impression on the foal of a horse; its mother is tied down, but it grazes nonchalantly about.",Said of people who show no concern for the afflictions of those close to them.,part1.docx,,
YOR0482,Ọ̀rọ̀ bọ̀tí-bọ̀tí ò yẹ àgbàlagbà.,Speech like drunken babble does not befit a venerable person. ,Responsible adults should be very careful about what they say.,part1.docx,,
YOR0484,Ọ̀rọ̀ ò dùn lẹ́nu ìyá olè.,Speech is not pleasant in the mouth of the mother of a thief.,There is little a miscreant can say that will impress people.,part1.docx,,
YOR0485,Ọ̀rọ̀ wo ló wà lẹ́nu alaṣọ pípọ́n.,What sort of speech can there be in the mouth of the person whose clothes are brown from dirt?,People with blemishes should keep a low profile.,part1.docx,,
YOR0487,Ọ̀ṣọ́ ọlọ́ṣọ̀ọ́ ò yẹni; ṣòkòtò àgbàbọ̀ ò yẹ ọmọ èèyàn.,One never looks good in other people’s finery; borrowed trousers do not fit the borrower.,One should not be a habitual borrower.,part1.docx,,
YOR0488,Ọwọ́ àìdilẹ̀ ní ńyọ koríko lójú àna ẹ̀.,Idle hands are the ones obliged to remove grass specks from their in-law’s eyes.,People who are unemployed can expect to be asked to perform all sorts of belittling tasks.,part1.docx,,
YOR0489,"Ọ̀wón là ńra ògo, ọ̀pọ̀ là ńra ọ̀bùn, iyekíye là ńra imẹ́lẹ́.","Honor is always bought dear, filthiness cheap, and idleness at an indifferent price.",Nothing is more difficult to come by than honor.,part1.docx,,
YOR0490,Ọ̀yájú-u baálé ní ńpàdé ìbòsí lọ́nà.,It is a reckless homeowner who is met with alarms when he ventures outside.,A patriarch who misbehaves earns disgrace.,part1.docx,,
YOR0491,Pamí-nkú obìnrín ṣorí bẹmbẹ sọ́kọ,A masochistic woman hardens her head against her husband.,Obstinacy only invites harsh punishment.,part1.docx,,
YOR0492,Pátápátá alágbẹ̀dẹ ò ju ilé àrọ lọ.,The most one can expect of the blacksmith is confined to the smithy.,There is a limit to a person’s bragging.,part1.docx,,
YOR0493,Pẹ̀lẹ́ larewà ńrìn; jẹ́jẹ́ lomo ọlọ́jà ńyan.,Carefully is the manner in which a beautiful person walks; gently is the manner in which a prince steps.,Gently and carefully are the best ways to take life.,part1.docx,,
YOR0494,Pẹ̀lẹ́-pẹ̀lẹ́ nijó àgbà; ara gbogbo ló di àkísà tán.,"An elderly person’s manner of dancing must be very gentle, because the whole body has become worn to a rag. ",Elderly people should not overexert themselves.,part1.docx,,
YOR0495,San là ńrìn; ajé ní ḿmúni pá kọ̀rọ̀.,Straight and upright is the way one would walk; it is money that forces one to sneak about.,"When one is in debt, one’s freedom of movement is compromised.",part1.docx,,
YOR0496,Sesere ńdá gọ́ọ́bú; oníkàmẹ́sàn-án ńgbé ṣíbí.,The insignificant thing is attempting an earth-shaking feat; the person with only nine fingers is lifting a spoon.,Said of a person overreaching.,part1.docx,,
YOR0497,"Sún mọ ọ̀hún, sún mọ́ ìhín! Bí a bá kan ògiri ilé-e baba ẹni, ṣe là ńdúró gbọin-gbọin","Move away, move over here! When one moves until one is against the walls of one’s father’s house, one stands steadfast.",There must be a limit to how much one will back down before enemies.,part1.docx,,
YOR0498,Ṣàgbà-ṣàgbà ò níí ṣé àgbà títí láí.,The elderly person who acts his proper part will always be respected as an elder.,"If responsible people wish to be retain other people’s respect, they must always act like elders.",part1.docx,,
YOR0499,"Ṣágo ḿbúgò, ó ló ṣẹnu gbáṣọ́rọ́.","The demijohn insults the bottle, saying the latter has a long snout.",It is silly to pick a blemish one shares as the basis for insulting others; the pot should not call the kettle black.,part1.docx,,
YOR0500,"Ṣàkì ńṣe bí ọ̀rá, egungun ńṣe bí ẹran.",The tripe presents itself as fat; the bone presents itself as meat.,One should not pretend to be what one is not.,part1.docx,,
YOR0501,Ṣáláporẹ́ ò mọ ẹgbẹ́ ẹ̀ nínú omi,Ṣáláporẹ́ [a tiny fish] does not know its peer inside water.,One should know who one’s peers are and not overstep one’s bounds.,part1.docx,,
YOR0502,"Ṣe bóo ti mọ, ẹlẹ́wà-a Ṣàpón.","Moderate your preening and strutting, beautiful woman of [the town of] Ṣàpn. ","Do not overreach, and do not be too full of yourself.",part1.docx,,
YOR0503,“Ta ní mbẹ níbẹ̀?” làgbẹ̀ fi ńsán ìbàntẹ́ wọ̀lú.,Who is there whose opinion matters?’’ is the attitude that makes the farmer come into town dressed only in a loincloth.,People who make a spectacle of themselves show no regard for others.,part1.docx,,
YOR0504,Ta ní ńjájá ní mọ́ṣáláṣí?,What would a dog be doing in a mosque?,Said to tell off people who are not wanted in a company. ,part1.docx,,
YOR0505,Ta ní ńjẹun tájá ńjùrù.,At whose dinner table is the dog wagging its tail?,Said to tell off people who make their presence felt when they should rather make themselves scarce.,part1.docx,,
YOR0506,Tòlótòló mọ ẹni tó ńyìnbọn ìdí sí.,The turkey knows toward whom it farts. ,People must be careful in choosing the people they presume to approach with familiarity.,part1.docx,,
YOR0507,Wèrè èèyàn ní ńwípé irú òun ò sí; irú ẹ̀ẹ́ pọ̀ ó ju ẹgbàágbèje lọ.,Only an imbecile asserts that there is none like him or her; his or her like numbersmore than millions.,No one is incomparable.,part1.docx,,
YOR0508,Tẹ̀tẹ̀ kì í tẹ́.,Spinach is never disgraced.,May one never knowdisgrace.,part1.docx,,
YOR0509,Wón ń pé gbẹ́nàgbẹ́nà ẹyẹ àkókó ńyọjú.,"The call goes out for a carpenter, and the woodpecker presents itself. ",One should not think too much of one’s capabilities.,part1.docx,,
YOR0510,"""Yan àkàrà fún mi wá ká jìjọ jẹ ẹ́"": Àìtó èèyàn-án rán níṣẹ́ ní ńjẹ́ bẹ́ẹ̀.",‘Go buy bean fritters for me so we can eat them together’’: that spells uncertainty about one’s right to send the person ad dressed on an errand.,People in authority should not be tentative in asserting their authority.,part1.docx,,
YOR0511,Yíyẹ́ là ńyẹ́ Òkóró sí tí à ńpè é nígi obì; obì tí ì bá so lórí ẹ̀ ní ńya abidún.,It is only a mark of respect when one calls Òkóró a kola-nut tree; any kola nut that might grow on his head would turn out to be slimy.,People who enjoy the respect of others should not make the mistake of overestimating their importance.,part1.docx,,
YOR0512,"A fọwọ́ mú ajá o lọ, a ṣẹ̀ṣẹ̀ ńfi ìka méjì pè é.",We grab a dog with the hands and it escapes; thereafter we beckon it with two fingers.,"If both hands cannot detain a dog, two fingers from a distance will not bring it back.",part1.docx,,
YOR0513,"A dẹ́bọ fún igúnnugún, ó ní òun kò rú; a dẹ́bọ fún àkàlà, ó ní òun kò rú; a dẹ́bọ fún ẹyẹlé, ẹyẹlé gbẹ́bọ, ó rúbọ.","A sacrifice was prescribed for the vulture, but it refused to sacrifice; a sacrifice was prescribed for the ground hornbill, but it declined to sacrifice; a sacrifice was prescribed for the pigeon, and it gathered the prescribed materials and made the sacrif ice.","The vulture and the ground hornbill were unfortunate in comparison with the pigeon, because they did not carry out the prescribed sacrifice",part1.docx,,
YOR0514,A fún ọ lọ́ bẹ̀ o tami si; o gbọ́n ju ọlọ́bẹ̀ lọ.,You are given some stew and you add water; you must be wiser than the cook.,Adding water is a means of stretching stew. A person who thus stretches the stew he or she is given would seem to know better than the person who served it how much would suffice for the meal.,part1.docx,,
YOR0515,A kì í bọ́ sínú omi tán ká máa sá fún òtútù.,One does not enter into the water and then run from the cold.,Precautions are useful only before the event.,part1.docx,,
YOR0516,A kì í dá aró nÍṣokùn; àlà là ńlò.,One does not engage in a dyeing trade in Ìṣokùn; people there wear only white.,"Wherever one might be, one should respect the manners and habits of the place.",part1.docx,,
YOR0517,A kì í dá ẹrù ikùn pa orí.,One does not weigh the head down with a load that belongs to the belly.,Responsibilities should rest where they belong.,part1.docx,,
YOR0518,A kì í du orí olórí kí àwòdì gbé tẹni lọ.,One does not fight to save another person’s head only to have a kite carry one’s own away.,One should not save others at the cost of one’s own safety.,part1.docx,,
YOR0519,A kì í duni lóyè ká fọ̀nà ilé-e Baálẹ̀ hanni.,One does not compete with another for a chieftaincy title and also show the competitor the way to the king’s house.,"A person should be treated either as an adversary or as an ally, not as both.",part1.docx,,
YOR0520,A kì í fá orí lẹ́hìn olórí.,One does not shave a head in the absence of the owner.,One does not settle a matter in the absence of the person most concerned.,part1.docx,,
YOR0521,A kì í fi àgbà sílẹ̀ sin àgbà.,One does not leave one elder sitting to walk another elder part of his way.,One should not slight one person in order to humor another.,part1.docx,,
YOR0522,A kì í fi àì-mọ̀-wẹ̀ mòòkùn.,One does not dive under water without knowing how to swim.,Never engage in a project for which you lack the requisite skills.,part1.docx,,
YOR0523,A kì í fi ara ẹni ṣe oògùn àlọ̀kúnná.,One does not use oneself as an ingredient in a medicine requiring that the ingredients be pulverized.,Self-preservation is a compulsory project for all.,part1.docx,,
YOR0524,A kì í fi aṣọ ṣèdìdí yọwó.,One does not leave cloth in a bundle while bargaining over it.,It is wise to know what one is negotiating to buy.,part1.docx,,
YOR0525,A kì í fi ejò sórí òrùlé sùn.,One does not go to bed while a snake is on the roof.,Never let down your guard while danger still lurks.,part1.docx,,
YOR0526,A kì í fi ẹ̀jẹ̀ ìbálé pa tírà; alákoto ò bí abo ọmọ.,"One does not smear blood [from a woman’s deflowering] on a Muslim charm; a devirgined woman does not give birth to a ""female"" child.",One must not do the forbidden if one does not expect trouble,part1.docx,,
YOR0527,A kì í fi ẹran ikún gbọn ti àgbọ̀nrín nù.,One does not brush off antelope meat with squirrel meat.,Never prefer something of little value to something of great value.,part1.docx,,
YOR0528,A kì í fi ẹ̀tẹ́ sílẹ̀ pa làpálàpá.,One does not ignore leprosy to treat a rash.,More serious problems deserve more im mediate attention.,part1.docx,,
YOR0529,A kì í fi idà pa ìgbín.,One does not use a sword to kill a snail.,Remedies should be commensurate with the problem.,part1.docx,,
YOR0530,A kì í fi ìgbín sọ́kò sórìṣà.,One does not throw a snail at a god.,"vice to the worthy should be performed with decorum, not with insult.",part1.docx,,
YOR0531,A kì í fi iná sórí òrùlé sùn.,One does not go to bed while there is a fire on one’s roof.,Better take care of problems before relaxing.,part1.docx,,
YOR0532,A kì í fi ìtìjú kárùn.,One does not because of shyness expose oneself to a disease.,Never be too shy to speak out on your own behalf.,part1.docx,,
YOR0533,A kì í fi ìyá ẹní dákú ṣeré.,One does not as a joke say one’s mother has collapsed.,Never trifle with serious matters.,part1.docx,,
YOR0534,A kì í fi ogun dán ẹ̀ṣọ́ wò.,One does not tease a warrior by saying there is a war [or an invasion]. ,Do not play with a loaded and primed gun.,part1.docx,,
YOR0535,A kì í fi ohun sọ́wọ́ búra.,One does not hide something in one’s hand and yet swear [that one knows nothing about it].,It is foolish to tempt fate; the dis honest person exposes himself or herself to the possibility of discovery.,part1.docx,,
YOR0536,A kì í fi ohun-olóhun tọrẹ bí kò ṣe tẹni.,One does not make a gift of property that is not one’s own.,Never be too free with other people’s property.,part1.docx,,
YOR0537,A kì í fi oko sin fún ìwọ̀fà.,One does not hide the farm from the pawned worker.,It does not make sense to prevent a servant one has hired from doing what one hired him to do.,part1.docx,,
YOR0538,A kì í fi olórí ogun ṣe ìfagun.,One does not position the commander of the army at the rear of the column.,The best foot is the one to put forward.,part1.docx,,
YOR0539,A kì í fi oníjà sílẹ̀ ká gbájúmọ́ alápẹpẹ.,One does not leave the person one has a quarrel with and face his lackey.,"Focus rather on your main problem, not a side show.",part1.docx,,
YOR0540,A kì í fi owó du oyè-e alágbára.,One does not rely on money to contest a chieftaincy reserved for the strong.,Money won’t buy everything.,part1.docx,,
YOR0541,A kì í fi ọlá jẹ iyọ̀.,One does not consume salt according to one’s greatness.,Too much of a good thing can be dangerous.,part1.docx,,
YOR0542,A kì í fi ọ̀nà ikùn han ọ̀fun.,One does not show the throat the way to the stomach.,Do not presume to know better than the expert. ,part1.docx,,
YOR0543,A kì í fi nà odò han ikún.,One does not show the squirrel the way to the river.,Telling someone what he or she already knows is silly. ,part1.docx,,
YOR0544,A kì í fi ọ̀rọ̀ sílẹ̀ gbọ̀rọ̀.,One does not ignore one matter to attend to another matter.,Every obligation deserves attention.,part1.docx,,
YOR0545,A kì í gbá ẹni tó yọ̀bẹ mú.,One does not grab hold of a person who has pulled a knife.,Prudence and caution are imperative in dealing with dangerous people.,part1.docx,,
YOR0546,A kì í gbé àwòrán gàgàrà ká má fi ọwọ́ ẹ ti nǹkan.,One does not carve a tall statue without resting its hand on something.,Everybody needs some support.,part1.docx,,
YOR0547,A kì í gbé ẹran erin lérí ká máa fẹsẹ̀ wa ihò ìrẹ̀.,One does not carry elephant meat on one’s head and dig cricket holes with one’s big toe.,"If one is blessed with plenty, one should not keep chasing after trifles.",part1.docx,,
YOR0548,A kì í gbé odò jiyàn-an ọṣẹ́ hó tàbí kò hó.,One does not sit by a river and argue whether the soap will foam or will not foam.,"Where the claim can be put to the test, verbal argument is foolish.",part1.docx,,
YOR0549,A kì í gbé ọ̀pọ̀lọ́ sọnù ká tún bèrè-e jàǹto.,One does not throw a toad away and inquire after its young.,Commiseration after injury is hypocritical.,part1.docx,,
YOR0550,A kì í gbójú-u fífò lé adìẹ àgàgà; a kì í gbójú-u yíyan lé alágẹmọ.,One should not expect flight from the flight-less chicken; one should not expect striding from a chameleon.,To expect the impossible is to delude oneself.,part1.docx,,
YOR0551,A kì í gbọ́ ẹjọ́ ẹnìkan dájọ́.,One does not deliver a verdict after hearing only one side.,Justice requires impartiality and a full hearing.,part1.docx,,
YOR0552,A kì í ka igún mọ́ ẹran jíjẹ.,One does not list vultures among edible meats.,Certain things one does not stoop to do.,part1.docx,,
YOR0553,A kì í ka ilé òrìṣà kún ìlú.,One does not count a god’s grove as part of the town.,Do not list questionable items as part of your wealth.,part1.docx,,
YOR0554,A kì í ka oyún inú kún ọmọ ilẹ̀.,One does not count a fetus among living children.,Never count your chickens before they are hatched.,part1.docx,,
YOR0555,A kì í ka ọmọ fún òbí.,One does not enumerate children for the parents.,Do not presume to know better than those most intimately involved.,part1.docx,,
YOR0556,A kì í kọ ọmọ-ọ́ bí ká sọ ọ́ ní Èwolódé?,One does not so resent having a child that one names it What-is-this-that-has happened?,Childbirth is always a happy event.,part1.docx,,
YOR0557,A kì í léku méjì ká má pòfo.,One does not chase two rats and avoid coming up with nothing. ,Never try to go in two directions at once.,part1.docx,,
YOR0558,A kì í mú ọmọ òṣì lọ sí Ìlọ́rọ̀.,One does not take a child destined for poverty to Ìlọ́rọ̀.,A person cannot transcend his or her destiny.,part1.docx,PERFECT,
YOR0559,A kì í lọ́mọ léhin kọ oúnjẹ.,One does not have children at one’s rear and yet refuse food.,No amount of anger or distress should keep one from looking after one’s dependents.,part1.docx,,
YOR0560,A kì í mọ ọkọ ọmọ ká tún mọ àlè-e rẹ̀.,One does not acknowledge the husband for one’s child and also acknowledge her illicit lover.,Never betray trust or connive at betraying it.,part1.docx,,
YOR0561,A kì í mú ìbọn tetere.,One does not hold a gun carelessly.,Always be careful in handling dangerous matters.,part1.docx,,
YOR0562,A kì í mú oko mú ẹjọ́ kí ọ̀kan má yẹ̀.,One does not opt to work on the farm and also opt to go argue one’s case and avoid neglecting one or the other.,One cannot do two mind-absorbing tasks at once.,part1.docx,,
YOR0563,A kì í mú ọmọ oǹdọ́pọ̀ dè.,One does not chain the child of a person who offers too low a price for one’s wares.,It is not a crime to make an offer that might be unacceptable.,part1.docx,,
YOR0564,A kì í múlé móko kọ̀kan má yẹ̀.,One does not devote oneself to the home and devote oneself to the farm and not wind up neglecting one of them.,One cannot go in two opposite directions at once.,part1.docx,,
YOR0566,A kì í ní ẹgbàá nílé wá ẹgbàá ròde.,"One does not have 1,000 cowries (or six pence) at home and go chasing abroad for 1,000 cowries.",Only the promise of a greater fortune should tempt one to neglect what one already has.,part1.docx,,
YOR0567,"A kì í pa asínwín ilé, nítorí ọjọ́ tí tòde yó bàá wá sílé.","One does not kill the imbecile within one’s home, because of the day when the one from outside might visit.",One should cultivate one’s own madness; one might need it to combat others’ madness.,part1.docx,,
YOR0568,"A kì í pa igún, a kì í jẹ igún, a kì í fi igún bọrí.",One does not kill the vulture; one does not eat the vulture; one does not offer the vulture as a sacrifice to one’s head.,Certain behaviors are beyond the pale.,part1.docx,,
YOR0569,A kì í pé kí òṣìkà ṣe é ká wò ó.,One does not dare a wicked person to do his worst.,Never tempt evil people to do their evil.,part1.docx,,
YOR0570,A kì í peni lólè ká máa gbé ọmọ ẹran jó.,One does not suffer the reputation of being a thief and yet go seeking to dance with kids [baby goats].,It is foolish to behave in ways that will confirm people’s evil opinion of one.,part1.docx,,
YOR0571,A kì í rán ọ̀lẹ wo ojú ọjọ́ àárọ̀.,One does not send a shirker to go see what the morning looks like outside.,Never rely on the advice of people who have a vested interest in the matter being considered.,part1.docx,,
YOR0572,A kì í re nísun lọ dà síbú.,One does not collect water from a spring to dump in the deep.,Do not rob the poor to further enrich the wealthy.,part1.docx,,
YOR0573,A kì í rí adìẹ nílẹ̀ ká da àgbàdo fún ajá.,One does not see chickens about and throw one’s corn to the dog.,Always direct help where it will be appreciated and where it will do some good.,part1.docx,,
YOR0574,A kì í rí àjẹkù orò.,No one ever sees the leavings of the god Orò.,What must be consumed must be completely consumed.,part1.docx,,
YOR0575,A kì í rí bàtá nílẹ̀ ká fẹnu sín in jẹ. ,One does not see a bàtá drum on the ground and use one’s mouth to mimic its sound. ,Too much talk about a problem is useless when a practical solution has presented itself. One should not make a person’s case for him or her when that person is present,part1.docx,,
YOR0576,A kì í rí ewé nílẹ̀ ká fọwọ́ fámí.,One does not see leaves lying about and scoop up feces with one’s bare hand.,Take advantage of whatever aids are available to you.,part1.docx,,
YOR0577,A kì í rí ẹni ranni lérù ká yọkẹ́.,One does not find helpers willing to help with one’s load and yet sprout a hump on one’s back [from carrying too heavy a load].,Always avail yourself of offered help.,part1.docx,,
YOR0578,A kì í rí ojú ẹkùn ká tọ́ ẹkùn.,One does not see the look on a leopard’s face and then taunt the leopard.,It is foolish to invite disaster needlessly on one’s own head.,part1.docx,,
YOR0579,A kì í sá fún àjíà ká dìgbò lu eégún.,One does not run from the herald of the masquerader and collide with the masquerader himself.,Never court a greater disaster in an attempt to avert a minor one.,part1.docx,,
YOR0580,A kì í sin àlè kọjá odò; ohun tí ńṣe ọṣẹ́ ò tó ǹkan.,One does not walk one’s secret lover across a river; the causes of huge disasters are usually insignificant in themselves.,"If one is engaged in a dangerous venture, one should not also cast discretion to the wind.",part1.docx,,
YOR0581,A kì í sọ pé abẹ Ọ̀yọ́ mú; nígbà náà ni yó sọ pé bẹ́ẹ̀ ni òun ò n ò tíì pọn.,"One does not tell an Ọ̀yọ́ person that his knife is sharp, for only then will he say he has not even honed it yet.",Offer no braggart any opportunity to resume his bragging.,part1.docx,,
YOR0582,A kì í sọrọ ìkọ̀kọ̀ lójú olófòófó.,One does not discuss secret matters in the presence of a tattler.,Be careful with your secrets.,part1.docx,,
YOR0583,A kì í ṣe fáàárí ẹ́ṣẹ̀ dídì sọ́mọ adétẹ̀.,One does not flaunt one’s ability to make a fist in the face of a leper’s child.,Never make fun of people because of their affliction.,part1.docx,,
YOR0584,A kì í ṣe fáàárí itọ́ dídà sọ́mọ a-kú-wárápá.,One does not drool in jest in the presence of the child of an epileptic.,Never make fun of afflicted people by mimicking their affliction.,part1.docx,,
YOR0585,A kì í ṣoore tán ká lóṣòó tì í.,One does not do a favor and then camp by it,"Having done some good, do not hang around to compel gratitude.",part1.docx,,
YOR0586,A kì í sùn jẹ́rìí ìdí.,One cannot be asleep and also be able to vouch for one’s anus.,Assert only those things you know for certain.,part1.docx,,
YOR0587,A kì í ṣòwò méjì kẹ́ran má jẹ ọ̀kan.,One does not engage in two trades without having one consumed by goats.,One cannot effectively manage two enterprises at once.,part1.docx,,
YOR0588,A kì í ti ojú on-íka-mẹ́sàn-án kà á.,One does not count the fingers of a person who has only nine in his or her presence.,One must be discreet in speaking about other people’s flaws and deformities.,part1.docx,,
YOR0589,A kì í wá aláṣọ-àlà nísọ̀ elépo.,One should not look for a white-clad person in the stall of palm-oil sellers.,One should know the likely places to look for whatever one seeks.,part1.docx,,
YOR0590,A kì í wà nínú ìṣẹ́ ká perin tọrẹ.,One does not wallow in poverty and yet kill an elephant for public distribution.,Always live according to your circumstances.,part1.docx,,
YOR0591,A kì í wíjọ́ ọ wíwò ká jàre.,One does not complain about being looked at and be vindicated.,One should not complain that other people are doing what one is also doing.,part1.docx,,
YOR0592,"A kì í tijú bá baálé ilé jẹ akátá; bó bá mú, ìwọ náà a mú tìẹ.","One should not be too embarrassed to eat a jackal with one’s host; as he helps himself, one also helps oneself.",Never be too bashful to adopt the ways of the people among whom you find yourself.,part1.docx,,
YOR0593,A kì í yin ọmọdé lójú ara ẹ̀; ìfàsẹhìn ní ńkángún ẹ̀.,One does not praise a child in his presence; only backsliding results.,Children should not be praised too highly; they should always be made aware that they can be even better.,part1.docx,,
YOR0594,A lé tẹ̀m̀bẹ̀lẹ̀kun jìnnà bí ẹnipé kó bọ́jù sígbó.,"One chases conspiracy away, as though one would have it disappear into the bush.",No one should want anything to do with conspiracy.,part1.docx,,
YOR0595,"À ńgba òròmọ adìẹ lọ́wọ́ ikú, ó ní wọn ó jẹkí òun jẹ̀ láàtàn.","One struggles to save the chick from certain death, and it complains that one is preventing it from foraging at the dump.",Chicks foraging at the dump are easy prey for kites.,part1.docx,,
YOR0596,"A ní kọ́mọ má kùú, o ní kò jọ bàbá kò jọ ìyá.","We strive to keep a child from dying, and you say he resembles neither the father nor the mother.",The person addressed has his or her priorities reversed.,part1.docx,,
YOR0597,"A ní kí olókùnrùn ṣe tó, ó ní òun ò lè ṣe tó, tò, tó.","The invalid is asked to say, ‘‘Tó,’’ and he complains that he cannot keep saying, ‘‘Tó, tò, tó.’’ ",He has expended more effort in his refusal than he would have in complying.,part1.docx,,
YOR0598,"""À ńjùwọ́n"" ò ṣéé wí lẹ́jọ́; ìjà ìlara ò tán bọ̀rọ̀.","""We are driven by envy of them"" is a bad case to make; a quarrel spawned by jealousy is not easy to settle.",Quarrels whose causes cannot be openly admitted will not readily end.,part1.docx,,
YOR0599,"À ńkì í, à ńsà á, ó ní òun ò mọ ẹni tó kú; a ní, ‘‘Alákàá ẹgbàá, a-biṣu-wọ̀rọ̀-wọ̀rọ̀-lóko, a-bàgbàdo-tàkì-tàkì-lẹ́gàn”; ó ní, “Ọlọ́dẹ ló kú, tàbí ìnájà?”","We recite someone’s praise names, we intone his attributes, and a person says he does not know who died; we say, ‘‘He of the two hundred granaries, he whose yams are plentiful on the farm, he whose corn is abundant in the fields,’’ and the person asks, ‘‘Is the dead person a hunter or a trader?’’","A person for whom everything must be spelled out, a person who cannot make deductions from the most obvious hints, is daft indeed. ",part1.docx,,
YOR0600,"À ńkì í, à ńsà á, ó ní òun ò mọ ẹni tó kú; ó ńgb, “Ikú mẹ́rù, Ọ̀pàgá, a-biṣu-ú-ta-bí-òdòdó, a-lábà-ọkà, a-roko-fẹ́yẹ-jẹ”; ó ní, “Àgbẹ̀ ló kú, tàbí ọ̀nájà?”","We recite someone’s praise names, we intone his attributes, and a person says he does not know who died; he hears, ‘‘Death takes a renowned man, a titled man, whose yams spread like petals, who possesses barns of corn, whose fields are a bounty for birds,’’ and he asks, ‘‘Is the dead man a farmer or a trader?’’","A person for whom everything must be spelled out, a person who cannot make deductions from the most obvious hints, is daft indeed",part1.docx,,
YOR0601,"À ńsọ̀rọ̀ elégédé, obìnrín ḿbèrè ohun tí à ńsọ, a ní ọ̀rọ̀ ọkùnrin ni; bí a bá kó elégédé jọ, ta ni yó sè é? ","We are discussing pumpkins; a woman asks what we are discussing, and we respond that it is men’s talk; after we have gathered the pumpkins, who will cook them?",There is no point in excluding the woman from a matter that will eventually involve her anyway.,part1.docx,,
YOR0602,"A rí i lójú, a mọ̀ ọ́ lẹ́nu; òṣòwò oṣẹ kì í pọ́n-wọ́-lá.","One can tell by looking, and one can tell by taste; a soap seller does not lick her fingers.","Soap is recognizable as soap, and anyone who has ever tasted it knows that one does not lick fingers caked with soap. Each trade has its don’ts.",part1.docx,,
YOR0603,A ta bàbà a fowó-o bàbà ra bàbà.,"We sell guinea corn, and with the guinea corn money we buy guinea corn.","For all one’s efforts and exertions, one has not significantly altered one’s circumstances.",part1.docx,,
YOR0605,"Àáyá bọ́ sílẹ̀, ó bọ́ sílé.",The colobus monkey jumps to the ground; it runs for home.,"When danger lurks, the wisest course is to run for safety.",part1.docx,,
YOR0606,"Àáyá gbọ́n, Ògúngbẹ̀-ẹ́ sì gbọ́n; bí Ògúngbẹ̀-ẹ́ ti ḿbẹ̀rẹ̀ ni àáyá ńtiro.","The colobus monkey is wily, but so is Ogungbẹ; as Ogungbẹ crouches, so the monkey tiptoes.",The prey that knows its stalker’s tricks is safe.,part1.docx,,
YOR0607,Àbá kì í di òtítọ́; ojo ni kì í jẹ́ ká dá a.,Plans do not automatically bear fruit; only the fainthearted do not make plans.,"Although plans may never bear fruit, people should still make them.",part1.docx,,
YOR0608,Àbá ní ńdi òtítọ́; ojo ni kì í jẹ́ ká da.,Attempts result in achievement; it is faint heartedness that keeps one from making an effort.,"Without striving, one accomplishes nothing",part1.docx,,
YOR0610,"Àbàtì àlàpà: a bà á tì, a bá à rẹ́.","Unfinished, abandoned wall: unable to master it, one befriends it.",One reconciles oneself to matters one cannot control.,part1.docx,,
YOR0611,A-bayé-jẹ́ kò ṣéé fìdí ọ̀ràn hàn.,A treacherous person is not someone to tell profound matters to.,One should keep one’s secrets from treacherous people.,part1.docx,,
YOR0612,Abẹ́rẹ́ ò ṣéé gúnyán.,A needle cannot be used to make pounded yams.,Some tools are inadequate for some tasks.,part1.docx,,
YOR0613,Abẹ́rẹ́ tó wọnú òkun ò ṣéé wá.,A needle that drops into the ocean defies finding.,Some tasks are hopelessly impossible to accomplish.,part1.docx,,
YOR0614,"Abiyamọ, kàgbo wàrà; ọjọ́ ńlọ.","Nursing mother, make the herbal decoction in good time; the day is waning.",Attend to duties on time.,part1.docx,,
YOR0615,Abiyamọ́ purọ́ mọ́mọ-ọ rẹ̀ jẹun.,The nursing mother lies against her child to secure food.,One uses every ruse available in the interest of one’s well-being.,part1.docx,,
YOR0616,Abiyamọ́ ṣọwọ́ kòtò lu ọmọ-ọ rẹ̀.,A nursing mother cups her palm to strike her child.,Discretion is the better part of discipline.,part1.docx,,
YOR0618,Àbọ̀ṣẹ́ kì í ṣe iṣẹ́ òòjọ́; iṣẹ́-ẹ baba ẹni ní ńgbani lọ́jọ́ gan-an.,Spare-time work is no profession; it is an assignment from one’s father that takes all of one’s day.,One does not waste one’s time on trifles or hobbies.,part1.docx,,
YOR0619,Àbùkún layé gbà.,The world accepts only adding on.,Supplement rather than deplete.,part1.docx,,
YOR0620,Adánilóró fagbára kọ́ni.,He who disappoints teaches one to be more resourceful.,"Once disappointed or injured, one learns to be self-reliant.",part1.docx,,
YOR0621,"Adẹ́tẹ̀-ẹ́ ní òún ṣẹ́ ọ̀ràn kan de àwọn ará ilé òun; ó ní bí òun bá lọ sídàálẹ̀, wọn ò jẹ́ fi kàn-ìn-kàn-ìn òun wẹ̀.","The leper says that he trusts his relatives on a certain matter; he says when he goes on a journey, they would not dare use his sponge to wash themselves.",People have a knack for skirting dangerous or distasteful situations.,part1.docx,,
YOR0622,Adìẹ ò lè ti ìwòyí sunkún ehín.,A chicken cannot at this late date bemoan its lack of teeth.,Everything at its proper time.,part1.docx,,
YOR0623,A-fásé-gbèjò ńtan ara-a rẹ̀ jẹ.,He-who-would-collect-rainwater-in-a-sieve deceives himself.,The shiftless person hurts himself more than others.,part1.docx,,
YOR0624,Afẹ́fẹ́ ndá ológìì láàmú; oníyẹ̀fun rọra.,"The wind is making life difficult for the seller of liquid cornstarch; corn-flour seller, you had better watch out!","When even those better situated are defeated, one must be prepared for tough times.",part1.docx,,
YOR0625,A-fi-tiẹ̀-sílẹ̀-gbọ́-tẹni-ẹlẹ́ni: ògànjọ́ ni wọn ńsìnkú-u rẹ̀.,He-who-neglects-his-own-affairs-to-care for-others’-affairs: it is in the middle of the night that his burial is carried out.,Do not sacrifice your self-interest to take care of others.,part1.docx,,
YOR0626,"Àfòmọ́ ńṣe ara-a rẹ̀, ó ní òún ńṣe igi.","The creeper is destroying itself, but it thinks it is destroying its host.",The host’s death will also be the parasite’s death.,part1.docx,,
YOR0627,Àgádágodo ò finú han ara-a wọn.,Padlocks do not share their secrets with one another.,Some secrets one should not divulge to others.,part1.docx,,
YOR0628,Àgùntàn ò jí ní kùtùkùtù ṣe ẹnu bọbọ.,A sheep does not wake in the morning and droop its mouth.,One should not dawdle in the morning.,part1.docx,,
YOR0629,Àgbà òṣìkà ńgbin ìyà sílẹ̀ de ọmọ-ọ rẹ̀. ,A wicked elder sows suffering for his children. ,One’s character often affects the for tunes of one’s children.,part1.docx,,
YOR0630,Àgbà ṣoore má wo bẹ̀.,"Elder, do a favor and remove your eyes from it.",Do not advertise your acts of kindness or pointedly await acknowledgment of them.,part1.docx,,
YOR0631,À-gbà-bọ́ ò di tẹnì.,A foster child does not become one’s own child. ,There is nothing like having one’s own. ,part1.docx,,
YOR0632,Àgbàdo kì í ṣe èèyàn; ta ní ńrí ọmọ lẹ́hìn eèsún?,The maize plant is not a human being; who ever saw children on the back of elephant grass? ,One should not overestimate the value of things.,part1.docx,,
YOR0633,Àgbàká labiyamọ ńgbàjá mọ́ ọmọ-ọ rẹ̀.,It is completely and securely that a mother [bearing her child on her back] supports the child with a strip of cloth.,One must be thorough in discharging one’s responsibility.,part1.docx,,
YOR0634,"Àgbìgbò, rọra fò, ọdẹ́ ti dé sóko; àgbìgbò tí ò bá rọra fò á bọ́ sápò ọdẹ","Big-headed bird àgbìgbò, fly warily, for the hunter has arrived in the forest; any àgbìgbò that does not fly warily will wind up in the hunter’s bag.",Conditions are hazardous; it behooves everyone to take care.,part1.docx,,
YOR0635,Àgbokan là ńrọ́ Ifá adití.,It is with full voice volume that one recites divination verses for the deaf.,One cannot be too subtle with the daft.,part1.docx,,
YOR0637,Àgbọn kì í ṣe oúnjẹ ẹyẹ.,Coconut is no food for birds.,Some things and some people are immune to some types of danger; one should not attempt the impossible.,part1.docx,,
YOR0638,Ahún dùn; kò tóó jẹ fúnni.,"Tortoise meat is delicious, but there is not enough of it to make a meal.",One should husband one’s resources wisely.,part1.docx,,
YOR0639,"Ahún wọnú orù, ó ku àtiyọ.","Tortoise has entered into a narrow-necked pot; now, getting out is a problem.",One should consider the possible consequences of one’s actions before acting.,part1.docx,,
YOR0640,"Àìgb n ni yó pa Iṣikan; a ní ìyáa rẹ̀-ẹ́ kú, ó ní nígbàtí òún gbọ́, ṣe ni òún ńdárò; bíyàá ẹní bá kú àárò là ńdá? ","Foolishness will be the death of Iṣikan; he is told that his mother has died, and he says that when he heard the news, he sorely la mented the tragedy; if one’s mother dies, is it lamentation that is called for? ",The well bred person is always mindful of his or her obligations.,part1.docx,,
YOR0641,Àì-gbọ́n-léwe ni à-dàgbà-di-wèrè.,Lack-of-wisdom-in-youth is imbecility in adulthood.,The man turns out just as the child was; the grown person acquires his traits in childhood.,part1.docx,,
YOR0642,Àì-mọ́-ọ́-gbé-kalẹ̀ leégún fi ńgba ọtí.,"It is ineptitude-in-setting-it-down that makes the wine a spoil for the eégún [i.e., that causes the wine to be spilled].",Ineptitude makes an impossible job of the easiest tasks.,part1.docx,,
YOR0643,"Àì-roko, àì-rodò tí ńṣápẹ́ fún eégún jó.","Not-going-to-the-farm, not-going-to-the river claps for masqueraders to dance.",It is an idler who makes music for masqueraders to dance.,part1.docx,,
YOR0644,Àì-sọ̀rọ̀ ní ńmú ẹnu rùn.,It is abstention from speaking that makes the mouth smell.,One should always say one’s piece in a discussion.,part1.docx,,
YOR0646,Ajá èṣín ò mọdẹ.,A dog born a year ago does not know how to hunt.,One learns from experience and maturity.,part1.docx,,
YOR0647,Ajá là bá kí; èse ò pẹran fúnni jẹ.,One should rather commend the dog; the cat does not kill meat for one to eat.,Assign commensurate values to your assets.,part1.docx,,
YOR0648,Ajá ti eré-e rẹ̀ bá dánilójú là ńdẹ sí ehoro.,It is a dog in whose speed one has faith that one sics at a hare.,One entrusts important tasks only to those one can trust.,part1.docx,,
YOR0649,Ajá tí ò létí ò ṣé-é dẹ̀gbẹ́.,A dog without ears is no good for stalking prey.,A person who cannot be instructed is useless.,part1.docx,,
YOR0650,"Ajá tó gbé iyọ̀, kí ni yó fi ṣe?","A dog that swipes salt, what will it do with it?",Do not expend your effort on senseless ventures.,part1.docx,,
YOR0651,Ajá tó lè sáré là ńdẹ sí egbin.,It is a swift dog that one sends after a Kobe antelope.,One entrusts important tasks only to those one can trust,part1.docx,,
YOR0652,Ajàkàṣù ò mọ̀ bí ìyàn-án mú.,The person who eats large helpings does not care that there is a famine.,Greed knows no thrift.,part1.docx,,
YOR0653,Àjànàkú kúrò lẹ́ràn à ńgọ dè.,The elephant is not among the ranks of animals one lies in ambush for.,The wise person puts some distance between himself and a formidable adversary.,part1.docx,,
YOR0654,Àjànàkú ò ṣéé rù.,The elephant is impossible to carry. ,Some tasks are impossible to accomplish.,part1.docx,,
YOR0655,"Èèyàn-án ní òun ó bà ọ́ jẹ́ o ní kò tó bẹ́ẹ̀; bí ó bá ní o ò nùdí, ẹni mélòó lo máa fẹ fùrọ̀ hàn?  A person vows to disgrace you, and you respond that there is no way he can suc ceed; if he spreads the word that you did not clean yourself after defecating, to how many people will you display your anus? ( .)","A person vows to disgrace you, and you respond that there is no way he can suc ceed; if he spreads the word that you did not clean yourself after defecating, to how many people will you display your anus?",No one is immune to malicious defamation,part2.docx,,
YOR0656,"Èké tan-ni síjà ẹkùn, ó fi ọrán síṣẹ́ sápó ẹni.",The devious person goads one to confront a leopard and fills one’s quiver with broken arrows.,It is dangerous to follow a devious person’s counsel.,part2.docx,,
YOR0657,Eku ò gbọdọ̀ ná ọjà tí ológìnní dá.,A mouse dares not visit a market established by a cat.,One should not deliberately court disaster.,part2.docx,,
YOR0658,Eku tí yó pa ológìnní ò níí dúró láyé.,The mouse that attempts to kill a cat will not live long on this earth.,It is foolhardy to take on powers that can destroy you.,part2.docx,,
YOR0659,"Èmi ló lòní, èmi ló ló lọ̀la, lọmọdé fi ńdígbèsè.",Today belongs to me; tomorrow belongs to me’’ is the attitude that pushes a youth into debt. .,Lack of foresight leads to disaster.,part2.docx,,
YOR0660,Èmi ò wá ikún inú agbè fi jiyán; ṣùgbọ́n bíkún bá yí sínú agbè mi mo lè fi jiyán,"I will not go looking for a squirrel in my gourd to eat with pounded yam; but if a squirrel falls into my gourd, I will eat it with pounded yam.","I will not steal, but neither will I refuse a lucky find.",part2.docx,,
YOR0661,Èpè-é pọ̀ ju ohun tó nù; abẹ́rẹ́ sọnù wọ́n lọ gbé Ṣàngó.,"The cursing is far in excess of what is lost: a needle goes missing, and the owners invoke Ṣango.",One’s reaction to a situation should be commensurate to it.,part2.docx,,
YOR0662,Èpè-é pọ̀ ju ohun tó nù lọ; abẹ́rẹ́ sọnù a gbé ṣẹ́ẹ́rẹ́ sita.,The curse is out of all proportion to the lost article: a needle is lost and [the owner] brings out a magic wand.,One should not overreact to events. ,part2.docx,,
YOR0663,Eré-e kí lajá ḿbá ẹkùn ṣe?,What sort of sport is it that the dog engages in with the leopard?,One should know better than to court disaster.,part2.docx,,
YOR0664,Èrò kì í jẹ́wọ́-ọ ‘Mo tà tán.’,"The trader never confesses, ‘‘I sold all my wares.’’",People are ever loath to disclose the extent of their good fortune.,part2.docx,,
YOR0665,Eṣinṣin ò mọkú; jíjẹ ni tirẹ̀.,The fly does not heed death; all it cares to do is eat.,"The fly will persist in attacking an open sore, heedless of death; nothing will keep an addict from the thing he or she is addicted to.",part2.docx,,
YOR0666,Èṣù ò ṣejò; ẹni tó tẹ ejò mọ́lẹ̀ lẹ̀bá ḿbá.,There is no disaster stalking the snake; it is whoever steps on a snake that is in trouble.,It is not the snake inadvertently stepped on that is in peril; it is the person who inadver tently steps on the snake.,part2.docx,,
YOR0667,Ètì mẹ́ta ò yẹ orí; èèyàn mẹ́ta ò dúró ní méjì-méjì.,Three ears are unbecoming for the head; three people cannot stand in twos.,Good things are not good in all situations; one can have too much of a good thing.,part2.docx,,
YOR0668,Ewúrẹ́ jẹ ó relé; àgùntán jẹ ó relé; à-jẹ-ì-wálé ló ba ẹlẹ́dẹ̀ jẹ́.,The goat forages and returns home; the sheep forages and returns home; the pig’s flaw is its habit of not returning home after foraging.,"There is nothing wrong with traveling, as long as one knows when to go home.",part2.docx,,
YOR0669,Ewúrẹ́ kì í wọlé tọ ìkokò.,A goat does not venture into the lair of a wolf.,Never knowingly put yourself in harm’s way.,part2.docx,,
YOR0670,Èyí ayé ńṣe ng kà ṣàì ṣe; bádìẹ-ẹ́ màa wọ ọ̀ọ̀dẹ̀ a bẹ̀rẹ̀.,"Whatever the rest of the world does, I will not forswear; when a chicken wants to enter the porch, it stoops.",One should not violate established custom.,part2.docx,,
YOR0671,"Èyí ò tófò, èyí ò tófò: fìlà ìmàle-é kù pàtàkí.",This is no great loss; this is no great loss’’: the Muslim’s cap dwindles to almost nothing.,"If one keeps dispensing one’s property only a little at a time, soon little will be left.",part2.docx,,
YOR0672,Ewú logbó; irùngbọ̀n làgbà; máamú làfojúdi.,Gray hair shows age; a beard shows maturity; a mustache shows impudence.,One’s appearance in a group sometimes indicates one’s attitude toward the group,part2.docx,,
YOR0673,"Ẹ pa Ayéjẹ́nkú, ẹ pa Ìyálóde Aníwúrà; ìgbà tí ẹ pa Ìyápọ̀ ẹ gbàgbé ogun.","You killed Ayéjẹnkú and killed Ìyálóde Aníwúrà; but when you killed Ìyápọ̀, you forgot about wars.","Past misbehaviors might have gone unpunished, but the latest will have dire repercussions",part2.docx,,
YOR0674,Ẹ̀bi alábaun kì í gbèé dẹ̀bi àna-a rẹ̀.,Tortoise’s guilt is not long in becoming its parent-in-law’s.,Incommensurate retalia tion soon transfers public sympathy from the aggrieved person to the culprit.,part2.docx,,
YOR0675,Ẹ̀bìtì ò peèrà tó sè pẹ̀lẹ́pẹ̀lẹ́; ènu ẹni ní ńpàni.,A trap does not kill an ant that is cautious; it is one’s mouth that turns out to be one’s death.,The cautious will live long on the earth; the incautious engineers his or her own death.,part2.docx,,
YOR0676,"Ẹ̀bìtì tí ò kún ẹmọ́ lójú, òun ní ńyí i lẹ́pọ̀n sẹ́hìn.",It is a trap that the giant rat disdains that wrenches its testicles backward.,Dangers that one belittles are likely to cause great havoc.,part2.docx,,
YOR0677,"Ẹ̀ẹ̀kan ṣoṣo lọmọ ńsín tí à ńní ‘‘à-sín-gbó, à-sín-tọ́.’’","It is when a child sneezes only once that one wishes for the child ‘‘Sneeze and grow old, sneeze and live long.’’","Casual responses are appropriate only for minor difficulties; if the difficulties grow serious, more appropriate measures must be adopted.",part2.docx,,
YOR0678,Ẹ̀gbá mọ̀dí Ọbà; ẹni tó gbéniṣánlẹ̀-ẹ́ lè pani.,The Ẹ̀gbá know the secrets of Ọbà town; whoever throws a person has the ability to kill the person.,"Whoever holds a person’s secret has some power over that person, just as the wrestler who can throw his opponents can probably also kill him.",part2.docx,,
YOR0679,Ẹgbẹ́ ẹja lẹja ńwẹ̀ tọ̀; ẹgbẹ́ ẹyẹ lẹyẹ ńwọ́ lé.,Fish swim in a school of their own kind; birds fly in a flock of their own kind.,One should seek and keep the company of people of one’s own station.,part2.docx,,
YOR0680,Ẹ̀hìn àjànàkú là ńyọ ogbó; ta ní jẹyọ agada lójú erin.,It is after the demise of the elephant that one brandishes a cudgel; who dares draw a scimitar in the face of an elephant?,One can be brave after the danger has been removed.,part2.docx,,
YOR0681,Ẹ̀hìn ní ńdun ol-ókùú-àdá sí.,It is the back of the man with a blunt cutlass that suffers.,A person who does not make adequate preparations for a task or test will rue his or her negligence.,part2.docx,,
YOR0682,Ẹ̀kọ tí kò bá léwé làgbà ńgbà.,It is corn loaf with no leaf wrapping that the elder takes,One who is careless with one's property is likely to lose it.,part2.docx,,
YOR0683,Ẹkùn kì í yan kí ajá yan.,A leopard that struts is not answered by strutting from a dog.,One should recognize danger and avoid it.,part2.docx,,
YOR0684,Ẹlẹ́dẹ̀ tó kú légbodò ló ní ká fòun jẹyán.,It is a pig that dies at the time of the harvesting of new yams that asks to be eaten with pounded yam.,"If one puts oneself in harm’s way, one deserves what one gets.",part2.docx,,
YOR0685,"Ẹlẹ́jọ́ kú sílé, aláròyé kú sí tà gbàngbà.",The person involved in an affair dies at home; the spokesperson dies out in the open.,The busybody’s fate is worse than that of the person involved in the affair.,part2.docx,,
YOR0686,Ẹlẹ́kún sunkún ó bá tirẹ̀ lọ; aláròpa ìbá sunkún kò dákẹ́.,The person with a cause to cry cries and de parts; a person whose mind never leaves a problem will never stop crying.,One should not keep harping on one’s injuries.,part2.docx,,
YOR0687,Ẹlẹrù ní ńgbé ẹrù ká tó ba ké ọfẹ.,The owner of the load must first lift it before one lends one’s encouragement.,Only those who make an effort on their own behalf deserve help from others.,part2.docx,,
YOR0688,"Ẹ̀lúlùú, ìwọ ló fòjò pa ara-à rẹ.","Lark-heeled Cuckoo, it was you that got yourself drenched in the rain.","Whatever your difficulty is, you brought it on your self.",part2.docx,,
YOR0689,Ẹni àjò ò pé kó múra ilé.,The person for whom a journey has not been profitable should prepare to return home,One should know when it's time to return home.,part2.docx,,
YOR0690,Ẹni bá mọ iṣin-ín jẹ a mọ ikú ojú-u rẹ̀-ẹ́ yọ.,Whoever knows how to eat Akee apple must know how to remove its deadly raphe.,One should be sure of one's capabilities before attempting dangerous feats.,part2.docx,,
YOR0691,Ẹní bá fẹ́ àbuké ni yó ru ọmọ-ọ rẹ̀ dàgbà.,Whoever marries a humpbacked woman will carry her child on his back until the child is weaned.,One who knowingly gets himself or herself into a difficulty will bear the consequences.,part2.docx,,
YOR0692,Ẹní bá fẹ́ àràgbó gbẹ̀hìn ni yó sìnkú-u rẹ̀.,The last spouse of an old person will bury him or her.,One should weigh the obligations an enterprise will entail before embarking on it.,part2.docx,,
YOR0693,Ẹní bá mọ ayé-é jẹ kì í gun àgbọn.,Whoever knows what makes for a good life never climbs coconut palms.,Whoever cares about his or her welfare does not live dangerously.,part2.docx,,
YOR0694,Ẹní bá mọ ayé-é jẹ kì í jà.,Whoever knows how to enjoy life does not enter into a fight.,The best way to enjoy life is to avoid conflict.,part2.docx,,
YOR0695,Ẹní bá na Ọ̀yẹ̀kú á ríjà Ogbè.,Whoever whips Ọ̀yẹ̀kú will have Ogbè to answer to,"If one assaults a protected person, one should be prepared to answer to his or her protector.",part2.docx,,
YOR0697,"Ẹní bá pé kí àkàlà má jòkú, ojú-u rẹ̀ lẹyẹ ńkọ́kọ́ yọ jẹ.",Whoever says the ground hornbill should not eat carrion will be the first to lose his or her eyes to the bird.,Whoever tries to prevent the inevitable will be trampled in the process of its occurring. ,part2.docx,,
YOR0698,Ẹní bá rọra pa eèrà á rí ìfun inú-u rẹ̀.,Whoever takes great care in killing an ant will see its innards.,One must handle delicate matters carefully.,part2.docx,,
YOR0699,Ẹní bá sọ púpọ̀ á ṣìsọ.,Whoever talks a lot will misspeak.,It is best to be a person of few words.,part2.docx,,
YOR0700,Ẹní dáríjiní ṣẹ̀tẹ́ ẹjọ.,The one who forgives defuses the dispute.,"Once the aggrieved person is pacified, there is no further point in pursuing the case.",part2.docx,,
YOR0701,"Ẹní dúró de erín dúró dekú; ẹni tó dúró dẹfọ̀n-ọ́n dúró dèjà; ẹni dúró de eégún alá-gangan, ọ̀run ló fẹ́-ẹ́ lọ.",Whoever waits in a charging elephant’s path waits for death; whoever waits in a buffalo’s path waits for an attack; whoever tarries before a fleet-footed masquerader hankers for a trip to heaven.,Whoever sees trouble approaching and does not flee courts disaster.,part2.docx,,
YOR0703,Ẹní gúnyán kalẹ́ yóò júbà ọbẹ̀.,A person who has made pounded yams must pay homage to the stew.,The prudent person cultivates the source of what he or she needs.,part2.docx,,
YOR0704,Ẹní gbé adíẹ òtòṣì-í gbé ti aláròyé.,Whoever steals a poor person’s chicken steals from an incessant complainer.,One should choose one’s adversaries with prudence.,part2.docx,,
YOR0705,Ẹní kánjú jayé á kánjú lọ sọ́run.,Whoever is in a hurry to enjoy life will go to heaven in a hurry.,Patience is what life calls for.,part2.docx,,
YOR0706,Ẹni méjì kì í bínú egbinrin.,Two people do not hold a grudge and refuse reconciliation.,"If there is to be any hope of ending a quarrel, at least one of the parties must be willing to make up.",part2.docx,,
YOR0707,Ẹni òyìnbó fẹ́ràn ní ńtì mọ́lé.,It is the person the white man likes that the white man incarcerates.,"Whoever becomes too friendly with a white man deserves what the white man does to him. A favorite, being more likely to take liberties with his or her benefactor, is more likely to get in trouble than the unfavored.",part2.docx,,
YOR0708,Ẹni tí a bá ńbá ṣíṣẹ́kí í ṣí lẹ; bórí bá túnni ṣe a kì í tẹ́ bọ̀rọ̀.,The person being lent a hand does not malinger; one whom Providence favors is not easily disgraced.,One should make the most of unexpected good fortune and not squander the opportunity it presents. ,part2.docx,,
YOR0709,Ẹni tí a bá ḿmú ìyàwó bọ̀ wá fún kì í garùn.,The person to whom a bride is being brought does not strain his neck [to see her from a distance].,One should not be unduly impatient for what is coming toward one anyway.,part2.docx,,
YOR0710,Ẹni tí a bá ti rí kì í tún ba mọ́lẹ̀ mọ́.,A person who has been seen has no further need of hiding.,"Once the damage is done, prevention comes too late.",part2.docx,,
YOR0711,Ẹni tí a fẹ́-ẹ́ sunjẹ kì í fepo para lọ jókòó sídìí iná,A person being eyed for barbecuing does not baste himself with oil and sit by the fire.,One should not facilitate one's own undoing.,part2.docx,,
YOR0713,"Ẹni tí a ò lè mú, a kì í gọ dè é.",One does not lie in ambush for an adversary one is no match for.,Pick fights only with those over whom you can prevail. ,part2.docx,,
YOR0714,"Ẹni tí a ò lè mú, Ọlọ́run là ńfi lé lọ́wọ́.",An adversary over whom one cannot prevail one leaves to God’s judgment.,"If your adversary is too much for you, let God attend to him or her.",part2.docx,,
YOR0715,Ẹni tí ńsáré kiri nínú-u pápá ńwá nà àti jìn sí kòtò.,The person who runs about in the bush courts the danger of falling into a ditch.,Reckless action can lead to disaster.,part2.docx,,
YOR0716,Ẹni tí ó bá mu ọtí ogójì á sọ̀rọ̀ okòó.,Whoever drinks 40 cowries’ worth of wine will talk 20 cowries’ worth of talk.,A little wine opens the way for even less information.,part2.docx,,
YOR0717,Ẹni tí ó bá obìnrin kó lọ sílé-e rẹ̀ yó sùn nínú ẹ̀rù.,A man who goes with a woman to her house will sleep in fear.,Illicit acts carried on indiscreetly are attended by great anxiety.,part2.docx,,
YOR0718,"Ẹni tí ó ba ogún-ún baba rẹ̀ jẹ́, ó ja òkú ọ̀run lólè, yó sì di ẹni ìfìbù.",Whoever ruins his or her father’s bequest robs the dead and becomes a person of reproach.,We must keep faith with our ancestral heritage.,part2.docx,,
YOR0719,"Ẹni tí ó bá wọ odò ni àyà ńkò, àyà ò fo odò.","It is the person who enters a river who is terrified, not the river.","It is the person who takes on an invincible adversary, not the adversary, who has a problem.",part2.docx,,
YOR0720,Ẹni tí ó fẹ́ẹ́ wọ àkísà kì í bá ajá ṣe eré-e géle.,A person who does not wish to wear rags should not engage in rough play with a dog.,People should avoid situations that might earn them disgrace.,part2.docx,,
YOR0721,Ẹni tí ó jìn sí kòtò-ó kọ́ ará ìyókù lọ́gbọ́n.,The person who falls into a ditch teaches others a lesson.,One learns from the experi ences of those who have gone before.,part2.docx,,
YOR0722,"Ẹni tí ó mú u lórí ní ó kú, ìwọ tí o mú u lẹ́sẹ̀-ẹ́ ní ó ńjòwèrè.",The person holding it by the head says it is dead; you who are holding it by the feet say it is going through death throes.,Novices should not presume to be more knowledge able than the experts.,part2.docx,,
YOR0723,Ẹni tí ò tóni-í nà ò gbọdọ̀ ṣe kọ́-ń-dú síni.,A person who is not strong enough to beat you up should not adopt a threatening pose toward you.,People should not challenge forces they cannot withstand.,part2.docx,,
YOR0724,"Ẹni tí ó yá ẹgbàafà tí kò san án, ó bẹ́gi dí ọ̀nà egbèje.","The person who borrows 1,200 cowries and does not pay them back blocks the path of 1,400 cowries.",A person who defaults in little things does himself or herself out of the opportunity for larger benefits.,part2.docx,,
YOR0725,Ẹni tí Orò-ó máa mú ḿba wọn ṣe àìsùn Orò,The person who will be the sacrificial victim of Orò is joining in the revelry on the eve of the sacrifice.,"The intended victim innocently helps in making preparations for his or her own demise; if there is the slightest possibility of peril, one should not act carelessly.",part2.docx,,
YOR0726,"Ẹnu ẹyẹ ní ńpẹyẹ; ènu òrofó ní ńpòrofó; òrofó bímọ mẹ́fà, ó ní ilé òun-ún kún ṣọ́ṣọ́ṣọ́. ",The bird’s mouth is its death; the green fruit pigeon’s mouth is its death; the pigeon hatches six chicks and boasts that its house is bursting at the seams.,To boast about good fortune is to invite predators.,part2.docx,,
YOR0727,"Ẹnu òfòrò ní ńpa òfòrò; òfòrò-ó bímọ méjì, ó kó wọn wá sẹ́bàá ọ̀nà, ó ní “Ọmọ-ọ̀ mí yè koro-koro.”","The squirrel’s mouth summons its death; the squirrel has two children, takes them to the edge of the path, and says, ‘‘My children are hale and well indeed.’’",Excessive boasting about one’s good fortune invites predators.,part2.docx,,
YOR0728,Ẹnu-ù mi kọ́ ni wọ́n ti máa gbọ́ pé ìyá ọba-á lájẹ̀ẹ́.,It is not from my mouth that people will learn that the king’s mother is a witch.,I will not place myself in jeopardy by speaking dangerous truths; one should not acknowledge or comment on everything one sees.,part2.docx,,
YOR0729,Ẹṣin iwájú ni ti ẹ̀hìn ńwò sáré.,The leading horse is the one by which the followers set their pace.,One takes example from those that have gone before.,part2.docx,,
YOR0730,Ẹ̀sọ̀ ẹ̀sọ̀ la fi ńlá ọbẹ̀ tó gbóná.,"Slowly, slowly is the way to eat soup that is scalding hot.","The more dangerous the task, the greater the care required.",part2.docx,,
YOR0731,Ẹ̀tẹ́ ní ńgbẹ̀hìn aláṣejù.,Disgrace is the reward of excess.,Lack of moderation results in disgrace.,part2.docx,,
YOR0732,Ẹyin adìẹ ò gbọdọ̀ forí sọ àpáta.,A chicken egg should not strike its head against a rock.,It is unwise to take on forces one cannot withstand.,part2.docx,,
YOR0733,Ẹyin lọ̀rọ̀; bó bá balẹ̀ fífọ́ ní ńfọ́.,"Words are eggs; when they drop on the floor, they shatter into pieces. ","Words are delicate things; once spoken, they cannot be retrieved.",part2.docx,,
YOR0734,"Fáàárí àṣejù, oko olówó ní ḿmú ọmọ lọ.",Intemperate dandyism lands a youth on a creditor’s farm as a pawn.,Squandered resources bring destitution.,part2.docx,,
YOR0735,Fẹ̀hìntì kí o rí ìṣe èké; farapamọ́ kí o gbọ́ bí aṣeni-í ti ńsọ.,Sit back and you will see how a devious person operates; conceal yourself and you will hear how those who seek others’ destruction speak.,One must be cagey in order to learn the truth about unreliable people.,part2.docx,,
YOR0736,"Fi ohun wé ohun, fi ọ̀ràn wé ọ̀ràn; fi ọ̀ràn jì ká yìn ọ́.","Liken one thing to another, liken one matter to another; forgive and forget and earn people’s praise.","Rather than permit an offense to recall earlier ones, one should forgive and forget.",part2.docx,,
YOR0737,Gùdùgudu ò túra sílẹ̀ lẹ́ẹ̀kan.,Poisonous yam has never lost its skin.,A certain person has never been known to be off his or her guard.,part2.docx,,
YOR0738,Fi ọ̀ràn sínú pète ẹ̀rín; fi ebi sínú sunkún ayo.,Keep your troubles inside and laugh heartily; keep your hunger hidden and pretend to weep from satiation.,One should keep one’s woes to oneself and show a happy face to the world.,part2.docx,,
YOR0739,Fò síhìn-ín fò sọ́hùn-ún làkèré fi ńṣẹ́ nítan.,"Jump this way, jump that way is how a frog breaks its thigh. ",Restlessness lands people in trouble.,part2.docx,,
YOR0740,Ganganran ò ṣéé kì mọ́lẹ̀; a-gúnni-lọ́wọ́-bíi-ṣọṣọrọ.,A sharp object is not something to grab for; [it is] a-thing-that-pierces-one’s-hand like-a-sharp-instrument.,Dangerous things must be handled very carefully.,part2.docx,,
YOR0741,Gìdì-gìdì ò mọ́là; ká ṣiṣẹ́ bí ẹrú ò da nǹkan.,Scurrying around does not ensure prosperity; working like a slave results in nothing.,One does not necessarily prosper by working oneself to death.,part2.docx,,
YOR0742,Gùdùgudu-ú kan légbò kán-ín-kán-ín.,Poisonous yam’s roots are sour indeed.,"The subject is something one must stay away from, for encounter with it is unpleasant.",part2.docx,,
YOR0743,"""Gbà sókè"" ni ""Gbà sọ́kọ̀""; ohun tó a bá sọ síwájú là ń bá.",Put this above [ashore]’’ equals ‘‘Put this in the boat’’; it is what one throws ahead that one finds in one’s path.,One reaps the rewards of the good one sows.,part2.docx,,
YOR0744,Gbéjò-gbéjò ò gbé ọká.,No snake dancer dances with a cobra.,There are some perils even the bravest of people should not court.,part2.docx,,
YOR0745,Gbẹ́ran-gbẹ́ran ò gbé ẹkùn.,No animal pilferer ever pilfers a leopard.,There are some risks even the most brazen risk taker would be wise to avoid.,part2.docx,,
YOR0746,Gbígbòòrò là ńṣe ọ̀nà igi.,The path along which a log will be rolled must be made wide enough.,One should make provisions adequate for the task ahead.,part2.docx,,
YOR0747,Gbogbo ajá ní ńjẹ imí: èyí tó bá jẹ tiẹ̀ bẹ́nu laráyé ńpè ní dìgbòlugi.,"All dogs eat excrement, but only those that smear their mouths with it are described as rabid.","No one is without blemish, but one must keep one’s flaws within reasonable bounds.",part2.docx,,
YOR0748,Gbogbo ìjà nìjà; bóo gbémi lulẹ̀ mà mọ́ ẹ lójú lákọ lákọ.,"Every way of fighting is a legitimate way of fighting. If you are strong enough to throw me, I will fight back by looking at you with absolute disdain.","One must know one’s limitations, especially when up against insurmountable odds.",part2.docx,,
YOR0749,"Gbogbo obìnrin ló ńgbéṣẹ́, èyí tó bá ṣe tiẹ̀ láṣejù laráyé ńpè láṣewó.",All women are unfaithful; only those who know no moderation are put down as whores.,Nobody is without blemishes; the important thing is to keep them from getting out of hand.,part2.docx,,
YOR0750,Gbólóhùn kan la bi elépo; elépo ńṣe ìrànrán.,"One asks only one question of the palm oil seller, but she rambles endlessly on.",A person plagued by a bad conscience makes endless excuses when asked simple questions.,part2.docx,,
YOR0751,Gbólóhùn kan-án ba ọ̀rọ̀ jé; gbólóhùn kan-án tún ọ̀rọ̀ ṣe.,One solitary statement muddies an entire affair; one solitary statement clears all the confusion. I,A single sentence can cause irreparable damage; a single sentence can also repair the greatest relational damage.,part2.docx,,
YOR0752,Ìbẹ̀rẹ̀ òṣì bí ọmọ ọlọ́rọ̀ là ńrí.,At the beginning of one’s penury one seems like the child of most prosperous parents.,A course of action that will lead to disaster often has a pleasant beginning.,part2.docx,,
YOR0754,Ibi ìṣáná la ti ńkíyè sóògùn.,"From the time one makes one’s boasts, one should begin to mind one’s charms [or juju].",One should always match one’s vows with adequate preparation to effectuate them.,part2.docx,,
YOR0755,Ibi rere làkàsọ̀-ọ̀ ńgbé sọlẹ̀.,The ladder always rests on a propitious spot.,A prayer that one may always land at a fortunate place.,part2.docx,,
YOR0756,Ibi tí a gbọ́n mọ là ńṣòwò-o màlúù mọ.,One should limit the depth of one’s involvement in cattle trading to the extent of one’s astuteness.,"Be careful not to put at risk more than you can afford, or to get in over your head.",part2.docx,,
YOR0757,"Ibi tí à ńlọ là ńwò, a kì í wo ibi tí a ti ṣubú.","One should keep one’s eyes on where one is going, not where one stumbled.",The best course of action is not to dwell on setbacks but to face the future resolutely.,part2.docx,,
YOR0758,Ibi tí a ti ńwo olókùnrùn la ti ńwo ara ẹni.,"Just as one cares for the sick, one should also care for oneself.",One should be as solicitous of one’s own welfare as of others’.,part2.docx,,
YOR0759,"Ibi tí akátá ba sí, adìẹ ò gbọdọ̀ débẹ̀.","Wherever the jackal lurks, the chicken must give the place a wide berth.",Keep as clear of known dangers as possible.,part2.docx,,
YOR0760,"Ibi tí inú ṣíbẹ́ asẹ́ tó, inú ò gbọdọ̀ bí ìkòkò débẹ̀; bínú bá bí ìkòkò débẹ̀, ẹlẹ́kọ ò ní-í rí dá.","The cooking pot must never harbor a grudge to the same extent that the sieve does; if the pot does so, the corn-meal trader will have nothing to sell.","The more power one has, the more one should exercise restraint.",part2.docx,,
YOR0761,Ìbínú baba òṣì.,Anger [is the] father of hopelessness.,Anger achieves no good but may backfire on who ever expresses it.,part2.docx,,
YOR0762,Ìbínú lọbá fi ńyọ idà; ìtìjú ló fi ńbẹ́ ẹ.,It is in anger that the king draws his sword; it is shame that makes him go through with the beheading.,"Once one begins an injudicious action on impulse, one may have to carry it through to avoid embarrassment.",part2.docx,,
YOR0763,Ìbínú ò da nǹkan; sùúrù baba ìwà; àgbà tó ní sùúrù ohun gbogbo ló ní.,Anger accomplishes nothing; forbearance is the father of character traits; an elder who has forbearance has everything.,"Forbearance will avail one everything, whereas anger will always prove futile. ",part2.docx,,
YOR0764,Ìbínú ò m pé olúwa òun ò lẹ́sẹ̀ ńlẹ̀.,Anger does not know that its owner has no legs to stand on.,Anger does not know prudence.,part2.docx,,
YOR0765,Ìbísẹ́hin àgbò kì í ṣojo.,A ram’s stepping backward is not indicative of cowardice.,One should not mistake for indecisiveness a person’s deliberateness before acting.,part2.docx,,
YOR0767,Ìgbà tí a bá ní kí Ègùn má jà ní ńyọ̀bẹ.,It is only when one pleads with the Ègùn person [from Porto Novo or Àjàṣ in present-day Benin Republic] that he draws his knife.,"Said of people who redouble their efforts belatedly, just when they are supposed to break off.",part2.docx,,
YOR0768,"Ìbọn-ọ́n ní apátí kò lápátí, tání jẹ́ jẹ́ kà kọjú ìbọn kọ òun.","Whether a gun has a trigger or not, who would calmly permit it to be pointed at him or her?",One should not take foolish chances.,part2.docx,,
YOR0769,Ì-dún-kídùn-ún òyo ni w n fi ńsọ òyo nígi; ì-fọ̀-kúfọ̀ ògbìgbì ni w n fi ńta ògbìgbì lókò; ì-jẹ-kújẹ àdán ní ńfi-í tẹnu pọ̀ fẹnu ṣu.,It is the incessant chattering of the Pataguenon monkey that causes people to belabor it with sticks; it is the annoying sounds of the ògbìgbì bird that causes people to throw stones at it; it is indiscriminate feeding that causes the bat to ingest food and excrete with the same mouth.,A person’s mouth may be his or her death.,part2.docx,,
YOR0770,Ìfẹ́ àfẹ́jù lewúrẹ́ fi ń bá ọko-ọ rẹ̀ írúngbọ̀n.,It is excessive love that induces the goat to grow a beard in sympathy with her mate.,"In all things, moderation is advisable.",part2.docx,,
YOR0771,"Ìfi ohun wé ohun, ìfi ràn wé ràn, kò jọkí ràn ó tán.",Citing comparable things and recalling simi lar occurences [in the past] make ending a quarrel impossible.,Refusal to forget the past prevents reconciliation.,part2.docx,,
YOR0772,Ìfunra loògùn àgbà.,Wariness is the elders’ most efficacious juju.,The person who is always wary will avoid much grief.,part2.docx,,
YOR0773,"Igi ganganran má gùn-ún mi lójú, òkèèrè la ti ńwò ó wá.","‘Protruding twig, do not poke me in the eye’’; one must keep one’s eyes on the twig from a distance.",Don’t wait until problems arise before preparing to deal with them.,part2.docx,,
YOR0774,"Igi tó bá bá Ṣàngó lérí, gbígbẹ ní ńgbẹ.",Whatever tree engages in a contest of threats with Ṣango will suffer the fate of drying up.,Never take on an adversary too tough for you to handle.,part2.docx,,
YOR0775,Igúnnugún gbọ́n sínú.,The vulture conceals a lot of wisdom in itself.,Even a person who appears foolish may be quite astute.,part2.docx,,
YOR0776,Ìgbà ara ḿbẹ lára là ḿbù ú tà.,It is when there is a surfeit of flesh on the body that one cuts some of it for sale.,One makes a gift only of one’s surplus.,part2.docx,,
YOR0777,"Igbá dojúdé ò jọ ti òṣónú, tinú igbá nigbá ńṣe.",That a calabash faces downward is no anti-social sign; the calabash is only acting ac cording to its nature.,One should not read evil intent into others’ innocent actions.,part2.docx,,
YOR0778,Ìgbà tí a bá perí àparò ní ńjáko.,"Just as the talk turns to the partridge, it shows up to raid the farm.",Said of a person who plays into his or her adversary’s hand just when the adversary most wants to injure him or her.,part2.docx,,
YOR0779,Igbá tó fọ́ ní ńgba kasẹ létí; ìkòkò tó fọ́ ní ńgba okùn lọ́rùn.,It is the broken calabash that has iron staples driven into its edges; it is the cracked pot that has its neck tied with a rope.,It is the person who makes trouble who is visited with repercussions.,part2.docx,,
YOR0780,Ìgbẹ̀hìn ní ńyé olókùúàdá.,It is only at the end that the person with a blunt cutlass realizes his error.,Some times wisdom comes too late to salvage lost opportunities.,part2.docx,,
YOR0781,Ìgbín ńràjò ó filé ẹ̀ ṣẹrù.,The snail sets out on a journey and makes a load of its house.,Said of people who are overly possessive of their goods or turf.,part2.docx,,
YOR0782,"Ìgbín tó ńjẹ̀ ní màfọ̀n, tí ò kúrò ní màfọ̀n, ewé àfọ̀n ni wọn ó fi dì í dele.",A snail that forages at the base of the African breadfruit tree and never leaves the base of the African breadfruit tree will be taken home wrapped in the leaf of the African breadfruit tree.,"One should know when to quit, or else one will wind up in trouble.",part2.docx,,
YOR0783,Ìhàlẹ̀-ẹ́ ba ọ̀ṣọ́ èèyàn jẹ.,Empty boasts ruin a person’s reputation.,One’s mouth should not be more powerful than one’s arms.,part2.docx,,
YOR0784,Ìjẹǹjẹ àná dùn méhoro; ehoró rebi ìjẹ àná kò dẹ̀hìn bọ̀.,Yesterday’s food find so delighted the hare that it went to the spot of yesterday’s feeding and never returned.,Persistence in risky ventures leads to disaster.,part2.docx,,
YOR0785,"Ìjímèrè tó lóun ò ní-í sá fájá, ojú ajá ni òì tí-ì to.","The brown monkey vows it will not run from a dog, only because the dog has not caught a glimpse of it.","The coward may boast as much as he or she wishes, until the real test materializes.",part2.docx,,
YOR0786,Ijó àjójù ní ńmú kí okó eégún yọ jáde.,Unrestrained dancing is what causes the masquerader’s penis to become exposed.,One should exercise restraint in performing even pleasurable activities.,part2.docx,,
YOR0787,"Ìkánjú òun pẹ̀lẹ́, ọgbọọgba.",Haste and patience end up the same.,Great haste offers no advantage over patience.,part2.docx,,
YOR0788,Ìkekere ńfọ̀rọ̀ ikú ṣẹ̀rín.,Ikekere [a type of fish] is treating a deadly thing as something to laugh about.,One should not take serious or deadly matters lightly.,part2.docx,,
YOR0789,Ìkóeruku èèwọ̀ Ifẹ̀; ajá kì í gbó níbòji ẹkùn.,Carrying dust is taboo in Ifẹ; no dog dares bark in the shadow of the leopard.,One should not engage in forbidden or dangerous acts.,part2.docx,,
YOR0790,Ìkòkò ńseṣu ẹnìkan ò gbọ́; iṣú dénú odó ariwó ta.,"Yams cook in a pot and nobody knows, but when the yams get into the mortar, alarms sound.","Matters disclosed only to prudent people can be contained, but once they leak to irresponsible persons, they become broadcast.",part2.docx,,
YOR0791,Ìkókó ọmọ tó tọwọ́ bọ eérú ni yó mọ̀ bó gbóná.,The newborn child who thrusts its hand into ashes will find out for itself if they are hot.,Experience best teaches that one should avoid dangerous ventures.,part2.docx,,
YOR0792,Ikún ńjọ̀gẹ̀dẹ̀ ikún ńrèdí; ikún ò mọ̀ pé ohun tó dùn ní ńpani.,"The squirrel is eating a banana, and the squirrel is wagging its tail; the squirrel does not know that it is what is sweet that kills.",Overindulgence in good things can result in serious problems.,part2.docx,,
YOR0793,"Ìlara àlàjù ní ḿmúni gbàjẹ́, ní ḿmúni ṣẹ́ṣó.",Excessive envy of others causes one to take on witching and makes one become a wizard.,Too much envy leads to antisocial behavior.,part2.docx,,
YOR0794,Ilé nÌjèṣà-á ti ńmúná lọ sóko.,It is from the home that the Ìjèṣà person takes fire to the farm.,The wise person assembles all the materials needed before embarking on a venture.,part2.docx,,
YOR0795,Iná kì í wọ odò kó rójú ṣayé.,Fire does not enter into a stream and yet retain the opportunity to live.,Whoever ventures into dangerous situations deserves the repercussions.,part2.docx,,
YOR0796,Iná ò ṣé-é bò máṣọ.,Fire is not something one conceals under one’s clothing.,One should not hide one’s pressing problems but seek help.,part2.docx,,
YOR0797,Ìnàkí kì í ránṣẹ̀ ìjà sẹ́kùn.,The baboon does not send an ultimatum to the leopard,People should not challenge forces they are no match for.,part2.docx,,
YOR0799,Inú ẹni lorúkọ tí a ó sọ ọmọ ẹni ńgbé.,It is inside oneself that the name one will name one’s child resides.,One should not broadcast one’s secrets to the whole world.,part2.docx,,
YOR0800,"Inúure àníjù, ìfunra atèébú ní ḿmù wá báni.",Too much good will toward others engenders suspicion and attracts insults.,One can be too good to others.,part2.docx,,
YOR0801,Ìpàkọ́ là ńdà sẹ́hìn ká tó da yangan sẹ́nu.,One throws back the head first before throwing corn into the mouth.,One should not put the cart before the horse.,part2.docx,,
YOR0802,"Ìpàkọ́ ò gbọ́ ṣùtì, ìpẹ̀hìndà ò mọ yẹ̀gẹ̀ yíyẹ̀.",The occiput does not recognize contempt; a turned back does not see a disdainful gesture.,The best response to insults is to disregard them.,part2.docx,,
YOR0803,"Isà tí ò lójú Alalantorí ńdẹ ẹ́, áḿbọ̀ǹtorí àgbá ikún.","Alalantori watches a hole without a visible opening, how much more a squirrel’s burrow.",A person who watches his or her pennies is not likely to be careless with dollars.,part2.docx,,
YOR0804,Ìṣẹ kì í pani; ayọ̀ ní ńpani.,Misfortune does not kill; it is indulgent happiness that kills.,Indulgence kills more surely than want.,part2.docx,,
YOR0805,"Iṣẹ́ tí a kò ránni, òun ìyà ló jọ ńrìn.",A task one was not asked to do usually travels in the company of punishment.,One usually rues doing things one has no business doing.,part2.docx,,
YOR0806,Itọ́ tí a tu sílẹ̀ kì í tún padà re ẹnu ẹni mọ́.,The saliva one has spat out does not return to one’s mouth.,"Once one has said something, one cannot take it back.",part2.docx,,
YOR0807,Ìtọ́jú ló yẹ abẹ́rẹ́.,Safekeeping is what is appropriate for a needle.,One should pay special attention to matters that are very delicate.,part2.docx,,
YOR0808,Ìtọsẹ̀ ló nìlú.,Close investigation keeps the affairs of the town in order.,Investigating matters well before acting helps maintain harmony in a group.,part2.docx,,
YOR0809,"Ìwà òní, ẹjọ́ ọ̀la.",Today’s behavior [causes] tomorrow’s problem.,The foolish behavior of the present sows the seeds of difficulties for the future.,part2.docx,,
YOR0810,Ìyá là bá bú; bí a bú baba ìjà ní ńdà.,"One would be wiser to insult [another person’s] mother; if one insults the father, a fight would certainly ensue.",One should measure one’s insults in order to avoid a fight; a father is valued well over a mother.,part2.docx,,
YOR0811,Iyán àmọ́dún bá ọbẹ̀.,Next year’s pounded yam will still find some stew.,Whenever one’s good fortune comes will be time enough to enjoy it.,part2.docx,,
YOR0812,"Iyán mú, ìrẹ́ yó; ìyàn-án rọ̀, ìrẹ́ rù.",A famine rages and the grasshopper grows fat; the famine subsides and the grasshopper grows lean.,One should husband one’s resources wisely and save for lean times in times of plenty.,part2.docx,,
YOR0813,Ìyàwó la bá sùn; ọkọ ló lóyún.,"The wife was the one made love to, but it is the husband who got pregnant.",The person directly involved in a matter does not make as much fuss as the person only tangentially involved.,part2.docx,,
YOR0814,Ìyàwó ò fọhùn ó fọ́jú.,"The bride does not speak, and she is also blind.",Persons newly arrived in a place or a company should shut their mouths and open their eyes so that they learn the customs before speaking.,part2.docx,,
YOR0815,Ìyẹ̀wù kan ṣoṣo ò lè gba olókùnrùn méjì.,One single room will not do for two invalids.,Make adequate provisions for what ever one contemplates doing.,part2.docx,,
YOR0816,Jayé-jayé fi ẹ̀lẹ̀ jayé; báyé bá já kò ní àmúso.,"You reveler, do things in moderation; if the string of life is cut, there is no retying it.",One should observe moderation in all things.,part2.docx,,
YOR0817,Jẹ kí o yó oògùn ni kò ṣunwọn.,Eat-your-fill-of-it medicine is no good.,Anything without measure is dangerous.,part2.docx,,
YOR0818,Jẹ kí ọmọ ó ti ọwọ́ ìyá ẹ̀ kú wá.,Let a child die at his or her own mother’s hands. ,One should not become involved in the affairs of a person intent on his or her own ruin.,part2.docx,,
YOR0819,"Kàkà kí ó sàn lára ìyá àjẹ́, ó fi gbogbo ọmọ bí obìnrin; ẹye ńgorí ẹyẹ.","Instead of mother witch’s affairs improving, all the children she bears turn out to be female; birds climb upon birds.","Despite all efforts, the fortunes of a person may continue to be bad.",part2.docx,,
YOR0820,"Kàkà kí ọmọ ó bẹ̀bẹ̀ ọ̀ràn, òmíràn ni kò ní-í ṣe mọ́.","Instead of apologizing for past misbehavior, a child should rather guard against a repeti tion.",One should look to the future and not dwell on past mistakes.,part2.docx,,
YOR0821,"Kékeré ejò, má foore ṣe é.","However small the snake, show it no mercy.",Better to be safe than sorry.,part2.docx,,
YOR0822,Kékeré la ti ńpa ẹkàn ìrókò; bó bá dàgbà ọw kì í ká a mọ́.,One kills the roots of the ìrókò tree while it is still a sapling; when it matures it is out of control.,One should take care of problems before they become unmanageable.,part2.docx,,
YOR0823,Kèrègbè tí kò lọ́rùn ni yóò júwe bí àgbẹ̀ ó ti so òun kọ́.,The neckless gourd will itself indicate to the farmer how to tie it up.,A difficult person prompts others as to the best way to handle him or her.,part2.docx,,
YOR0824,Kèrègbè tó fọ́ á padà lẹ́hìn odò.,The broken gourd ceases plying the river.,One should know when to stop pursuing an adversary.,part2.docx,,
YOR0825,"Kí á fọn fèrè, ká jámú sí-i, ọ̀kan yóò gbélẹ̀.","Between blowing a flute and wriggling the nose, one [action] will have to go.",No one can hope to perform two conflicting activities at the same time.,part2.docx,,
YOR0826,Kí á jìnnà séjò tí a ó bẹ́ lórí; ikú tí yó panni a jìnnà síni.,One should stand far back from a snake that has not been beheaded; the death that would kill deserves a wide berth.,One should recognize dangerous situations and keep away from them.,part2.docx,,
YOR0827,Kí á lé akátá jìnnà ká tó bá adìẹ wí.,One should first chase the jackal away before reprimanding the chicken.,Get rid of the immediate danger before reprimanding those who caused it.,part2.docx,,
YOR0828,"Kí a máa re tábà ká máa wòkè, kọ́jọ́ tó kanrí ká wo oye ìka tí yó kù.","Let us keep on cutting tobacco leaves to pieces while looking up, and let us see at day’s end how many fingers will be left.",One should pay close attention when one is engaged in dangerous work.,part2.docx,,
YOR0829,Kí á ṣíṣẹ́ lówó lọ́wọ́ ò dàbí-i ká mọ̀-ọ ná.,To work and make a great deal of money is nothing like knowing how to spend it.,Riches are nothing if one does not know how to use the wealth.,part2.docx,,
YOR0830,"Kí á tan iná pa agbọ́nrán, ká fọ̀pá gbọọrọ pejò, ká dìtùfù ká fi gbọ̀wẹ̀ lọ́wọ́-ọ Ṣàngó; ní ìṣojú-u Mádiyàn lagará ṣe ńdáni.","Let us light a lamp to kill the wasp; let us use a long stick to kill the snake; let us light a torch to secure the help of Ṣango; when one is face-to-face with Mádiyàn [enter-into no-dispute], one runs out of patience.",One should adopt the appropriate solution for every problem instead of engaging in long disputes.,part2.docx,,
YOR0831,"Kí á tó mọ̀ pé kíjìpá kì í ṣe awọ, ó di ọdún mẹ́ta.","Before one realizes that tough hand-woven cloth is not leather, three years will have passed.","It may take time, but one will even tually realize that no one is invulnerable to misfortune.",part2.docx,,
YOR0832,Kì í ṣe ojú-u kọ̀lọ̀kọ̀lọ̀ ladìẹ́ ti ńjẹ̀.,It is not in the presence of the fox that the chicken forages nonchalantly.,One would be foolish to let down oné guard when one knows that danger is nearby.,part2.docx,,
YOR0833,Kì í tán nígbá osùn kó má ba àlà jẹ́.,The calabash of camwood is never so empty that it cannot soil white cloth.,"Some people or conditions are so unredeemable that no matter what one does, they persist in being evil.",part2.docx,,
YOR0834,Kì í tètè yé oníbúrẹ́dì; ó dìgbà tó bá di mẹ́ta kọ́bọ̀.,"The bread seller never learns in time, not until his ware has become three a penny.",People rarely learn to mend their ways until they have suffered some reverses.,part2.docx,,
YOR0835,Kì í tètè yéni: òwe ńlá ni.,One never learns in good time: that is a profound proverb.,People tend always to learn wisdom too late.,part2.docx,,
YOR0836,"Kí ni ológìní ńwá tó fi jóna mọ́le? Ṣòkòtò ló fẹ́ẹ́ mú ni, tàbí ẹrù ní ńdì?",What was the cat doing that caused it to be burnt in a house fire? Was it looking for its trousers or gathering its property?,One should not put oneself in the path of avoidable dangers.,part2.docx,,
YOR0837,Kí oníkálùkù rọra ṣe é; ìfẹjú òbò ò lè fa aṣọ ya.,Let everybody take matters easy; the vagina cannot tear a cloth by gaping at it.,Over excitement accomplishes little; it is far better to take life easy.,part2.docx,,
YOR0838,Kìtì ò mọ́là; ká ṣíṣẹ́ bí ẹrú ò da nǹkan.,Sudden pouncing does not capture greatness; working like a slave does not ensure anything.,One does not guarantee greatness for oneself by slaving.,part2.docx,,
YOR0839,Kò sí ajá tí kì í gbó; àgbójù ajá là ńpè ní dìgbòlugi.,There is no dog that does not bark; excessive barking by a dog is what makes people say it is rabid.,No person is without a flaw; unbounded flaws are what give people a bad reputation.,part2.docx,,
YOR0840,Kò sí ìgbà tí a dá aṣọ tí a ó rílẹ̀ fi wọ́.,There is no time one makes a dress that one lacks opportunities to wear it casually.,There will always be time to enjoy what one has worked for; one should not be unduly impatient.,part2.docx,,
YOR0841,Kò sí ohun tí ńle tí kì í rọ̀.,There is nothing that gets hard that does not eventually become soft.,Every problem eventually becomes solved somehow.,part2.docx,,
YOR0842,Kò sí ohun tí sùúrù-ú sè tí kò jinná.,There is nothing that patience cooks that is not well cooked.,Forbearance overcomes all things.,part2.docx,,
YOR0843,Kò sí ohun tó lọ sókè tí kò ní padà wá sílẹ̀.,There is nothing that goes up that will not eventually come down.,One should not be too impatient in anticipating the inevitable. ,part2.docx,,
YOR0844,Kò sí ohun tó yára pa ẹni bí ọ̀rọ̀ àsọjù.,There is nothing that kills faster than talking too much.,One should govern one’s mouth.,part2.docx,,
YOR0845,Kọkọ-kọkọ ò jẹ́ kó mọ ẹni tí rọ̀àn ńdùn.,The woman who divorces husbands at the least provocation does not allow one to know when a matter really hurts.,Habitual overreaction defuses real alarms.,part2.docx,,
YOR0846,"Kọ́kọ́rọ́ àṣejù, ilẹ̀kùn ẹ̀tẹ́ la fi ńṣí.",The key of excess is usually good only to open the door of disgrace.,Excess brings disgrace.,part2.docx,,
YOR0847,Kòkòrò tó jẹ̀fọ́ jàre ẹ̀fọ́; ìwọ̀n lewéko ńdára mọ.,The insect that eats the vegetable wins the case against the vegetable; leaves should observe moderation in their attractiveness.,A person enticed to a crime is not as guilty as the person who did the enticing.,part2.docx,,
YOR0848,Kùkùté kan kì í fọ́ni lépọ̀n lẹ́ẹ̀mejì.,No one stump can break one’s oil pot twice.,The same disaster should not befall a person twice; one usually learns from experience.,part2.docx,,
YOR0849,"Kùn yún, kùn wá bí ikọ̀ eèrà.",Hurry forth and hurry back like a messenger ant.,Said of people who are too restless to stay still.,part2.docx,,
YOR0850,"Làákàyè baba ìwà; bí o ní sùúrù, ohun gbogbo lo ní.",Common sense [is] the father of good character; whoever has patience has everything.,Common sense and patience are the chief qualities one must have.,part2.docx,,
YOR0851,"Làálàá tó ròkè, ilẹ̀ ní ḿbọ̀.",A worrisome problem that soars to the heavens must eventually come down.,No difficulty is without its end.,part2.docx,,
YOR0852,"Labalábá tó dìgbò lẹ̀gún, aṣọ ẹ̀ á fàya.",The butterfly that collides with a thorn will have its cloth shredded.,One should be wise enough to know one’s nemesis and avoid it.,part2.docx,,
YOR0853,"Lù mí pẹ́, lù mí pẹ́ làpọ́n fi ńlu ọmọ ẹ̀ pa.",It is by gentle but persistent beating that the bachelor beats his child to death.,People not used to caring for delicate articles soon destroy them by mishandling.,part2.docx,,
YOR0854,Màá jẹ iṣu; màá jẹ èrú; ibi ayo ló mọ.,I will eat a whole yam; I will also eat a slice of yam; satiation ends it all.,The greediest appetite will not survive satiation.,part2.docx,,
YOR0855,Má bàá mi ṣeré tí kèrègbé fi gba okùn lọ́rùn.,Do not ask me to play the sort of game the gourd played and got a rope around its neck.,Do not ask me to endanger myself needlessly.,part2.docx,,
YOR0856,Má fi iyán ewùrà gbọ́n mi lọ́bẹ̀ lọ sóko ẹgàn.,Do not eat up my stew with pounded yam made from water yams before your trip to the forest farm.,Do not use up my meager resources on your way to a place of plenty.,part2.docx,,
YOR0857,"‘‘Má fi okoò mi dá ọ̀nà,’’ ọjọ́ kan là ńkọ̀ ọ́.‘‘",Do not cut a path through my farm’’ is a protest one must make some day.,Whoever does not take a stand to protest the violation of his or her rights will continue to have them violated.,part2.docx,,
YOR0858,Má fi tìrẹ kí mi lọ́rùn là ńdá fún apènà àti òwú.,Do not hang your trouble around my neck’’ is the oracle delivered to the shuttle and the weft thread.,Do not involve me in your problems as the weft thread got the shuttle entangled.,part2.docx,,
YOR0859,"Má fìkánjú jayé, awo ilé Alárá; má fi wàà-wàà joyè, awo Òkè Ìjerò; ayé kan ḿbẹ lẹ́hìn, ó dùn bí ẹní ńlá oyin",Do not go impatiently about enjoying life: the oracle delivered to the [royal] Alárá household; do not rush into chieftaincy: the oracle for the people of Òkè Ìjerò; there comes another life in the future that is as delicious as licking honey.,Whoever goes about life with patience will reap untold enjoyment from it.,part2.docx,,
YOR0860,Má ṣe jáfara; àfara fírí ló pa Bíálà; ara yíyá ló pa Abídogun.,"Never be sluggish; sluggishness killed Bíálà, but then overeagerness killed Abídogun.",One should avoid extremes in all things.,part2.docx,,
YOR0861,Mábàjẹ́ ò jẹ́ fi aṣọ ẹ̀ fún ọ̀lẹ bora.,Mábàjẹ́ will never think of giving his covering cloth ro a shiftless person to use.,Whoever values his or her property will not entrust it to worthless people.,part2.docx,,
YOR0862,‘‘Méè-wáyé-ẹjọ́’’ fọmọ ẹ̀ fọ́kọ mẹ́fà.,Méèwáyéẹjọ́ [‘‘I did not come to live a life of litigation’’] gave his daughter to six suitors all at once.,"If one wishes to avoid trouble, one should avoid actions certain to result in trouble.",part2.docx,,
YOR0863,Méjì-i gbẹ̀du ò ṣé-é so kọ́.,Two gbẹ̀du drums are too much to hang on one’s shoulders.,Some propositions are simply too much for anyone to tackle.,part2.docx,,
YOR0864,"""Ng óò wọ́ ọ kágbó"" ẹ̀hìn-in r ni yó fi lànà.",‘‘I will drag you through the bush’’ will have to clear a path with his own back.,(Whoever is determined to make trouble for others must be prepared to take some trouble himself.,part2.docx,,
YOR0865,Nítorí ará ilé la ṣe ńdá ṣòkòtò ará oko dára.,It is with the town dweller in mind that one makes the bush person’s trousers well.,"One’s products are one’s advertisement, regardless of whether the recipient knows their quality.",part2.docx,,
YOR0866,Nítorí-i ká lè simi la ṣe ńṣe àì-simi.,It is to be able to rest that one forgoes rest.,One labors in the present to provide for one’s future.,part2.docx,,
YOR0867,Nítorí ọjọ́ tí ó bá máa dáràn la ṣe ńsọmọ lórúkọ.,It is in anticipation of the day a child will get into trouble that one gives it a name.,Each individual has a name and is therefore an independent agent responsible for his or her own actions.,part2.docx,,
YOR0868,Nítorí ọ̀la la ṣe ńṣòní lóore.,It is with tomorrow in mind that we do favors for today.,What one sows determines what one reaps.,part2.docx,,
YOR0869,Nítorí ọlọgbọ́n la ṣe ńdá ẹ̀wù aṣiwèrè kanlẹ̀.,It is with the wise person in mind that one makes the idiot’s garment full length.,One who cares about his or her reputation will perform obligations well even when the recipient has no power over him or her.,part2.docx,,
YOR0870,Nǹkan mẹ́ta la kì í pè ní kékeré: a kì í pe iná ní kékeré; a kì í pe ìjà ní kékeré; a kì í pe àìsàn ní kékeré.,Three things one must never treat as of little consequence: one must never treat fire as of little consequence; one must never treat a quarrel as of little consequence; and one must never treat an illness as of little conse quence.,Attend to every potential problem early before it gets out of hand.,part2.docx,,
YOR0871,O bá ẹfọ̀n lábàtà o yọ̀bẹ sí i; o mọ ibi ẹfọ̀n-ọ́n ti wá?,You come upon the carcass of a buffalo in the marshes and you pull out your butcher ing knife; do you know where the bush cow came from?,People should not lay claim to things whose procurement they know nothing about.,part2.docx,,
YOR0872,Ó dé orí akáhín àkàràá deegun.,"In the mouth of a toothless person, bean fritters become like bones.",To the shiftless person even the easiest task is onerous.,part2.docx,,
YOR0873,Ó dé ọwọ́ aláròóbọ̀ ó di níná.,"When goods get into the hands of the retailer, they become objects to haggle about.",A shopkeeper is a difficult person to obtain a good bargain from.,part2.docx,,
YOR0874,O kò rí àkàṣù ò ńpata a sẹ́fọ̀ọ́.,You have not found corn loaf and yet you are readying the vegetable stew.,Said of a person too eagerly anticipating a favor that might not materialize.,part2.docx,,
YOR0875,Ò ḿbá obìnrin ẹ jà ò ńkanrí mọ́nú; o máa nà á lóògùn ni?,You quarrel with your wife and you put on a baleful look; do you propose to use an evil charm on her?,One should moderate one’s response to annoyances.,part2.docx,,
YOR0876,"‘‘Ó ḿbọ̀, ó ḿbọ̀!’’ ẹ̀wọ̀n là ńso sílẹ̀ dè é.‘‘","Watch out, watch out, for here it comes!’’ For such a thing one would best prepare a snare.","If the thought of something fills one with apprehension, one should plot to defeat it.",part2.docx,,
YOR0877,"O lọ sÍjẹ̀bú kan, o ru igbá àṣẹ bọ̀ wálé.",You made only one trip to Ìjèbú and you returned with a calabash of charms.,Said of a person on whom the impact of an experience is all out of proportion,part2.docx,,
YOR0878,Ó ní ibi tí tànpẹ́pẹ́ ńgbèjà ẹyìn mọ.,There is a limit to the protection that black stinging ants can offer palm fruits.,There is a limit to the help one can expect from others.,part2.docx,,
YOR0879,Ó ní ohun tí àgbá jẹ tẹ́lẹ̀ ikùn kò tó sọ pé èyí yó òun.,The elder ate something to line his stomach before he said that what [little] was before him would suffice to sate his hunger.,The prudent person prepares himself or herself for all eventualities.,part2.docx,,
YOR0880,Ó ní ohun tí àgbá jẹ tẹ́lẹ̀ ikùn kò tó sọ pé ìyà-á yó òun.,The elder ate something to line his stomach before he said his suffering was enough food for him.,"Even when one is prostrated by grief, one does not ignore one’s need to survive. ",part2.docx,,
YOR0881,Ó ní ohun tí ìbòsí ràn nínú ìjà.,Raising an alarm or calling for help goes only so far to aid someone in a fight.,"No matter what help a person in trouble re ceives, he or she will still be in for some grief.",part2.docx,,
YOR0882,"Ó pẹ́ títí aboyún, oṣù mẹsàn-án.",The longest respite for the pregnant woman is nine months.,"Sooner rather than later, the day will arrive when one must fulfill one’s obligation or pay one’s debt.",part2.docx,,
YOR0883,O rí àgbébọ̀ adìẹ lọ́jà ò ńta geere sí i; ìba ṣe rere olúwa rẹ̀ ò jẹ́ tà á.,"You see an adult chicken at the market and you eagerly go for it; if it was of any value, would the owner sell it?",People should think carefully before they assume obligations.,part2.docx,,
YOR0884,"O só pa mí mo pọ́nnu lá, o bojúwẹ̀hín mo dọ̀bálẹ̀, o tíwọ́ bọ̀gbẹ́. gbogbo; o fẹ́ẹ́ mí ni?",You foul the air in my face and I lick my lips; you glance back and I prostrate myself before you and yet you stretch your hand into the bush; would you tie me up?,"Said by a long-suffering person who has quietly taken a great deal of abuse, when the abuser persists in his or her ill treatment.",part2.docx,,
YOR0885,O wà lọ́rùn ọ̀pẹ ò ḿbá Ọlọ́run ṣèlérí.,You are perched at the lofty neck of the palm tree and you are bandying words with God.,Said of a person who taunts more powerful adversaries even when he or she is in a vulnerable position.,part2.docx,,
YOR0886,Obìnrin bẹẹrẹ: òṣì bẹẹrẹ.,"Innumerable wives, innumerable prob lems.",Whoever adds wives to wives adds problems to problems.,part2.docx,,
YOR0887,"Obìnrin tó gégi nígbó Orò, ó gé àgémọ",A woman who cuts wood in the grove of Orò has cut her last.,Whoever tempts a fate that is known to strike unfailingly has tempted her last.,part2.docx,,
YOR0888,"Òbò-ó ní ìtìjú ló mú òun sápamọ́ sábẹ́ inú, ṣùgbọ́n bí okó bá dé, òun á sínà fún un.","The vagina says it is coyness that caused it to hide below the belly, but if a penis shows up, it will open the way for it.",Modesty does not indicate a lack of ability or willingness to act decisively.,part2.docx,,
YOR0889,"Odídẹrẹ́ ni wọn ò lè tí ojú òun yan òun mọ́ ẹbọ; bí wọ́n bá ńdífá, òun a sá wọlé.","The parrot says no one will prescribe it as a sacrifice in its presence; when it sees people consulting the oracle, it will go hide in its closet.",The smart person should always distance himself or herself from disaster.,part2.docx,,
YOR0890,Odídẹrẹ́ ńwolé hóró-hóró bí ẹnipé yó kòó sílé; àgbìgbò nọ̀wọ̀ràn ńwohò igi bí ẹnipé kò tibẹ̀ jáde.,The parrot eyes the cramped house as though it would enter; the big-headed bird ágbìgbò eyes the hole in the tree as though it did not emerge from there.,"Some people fail to appreciate their assets, while others envy them what they have.",part2.docx,,
YOR0891,Òfèèrèfé ò ṣé-é fẹ̀hín tì.,A chasm is nothing to lean on.,One should not trust in emptiness.,part2.docx,,
YOR0892,Ogun àgbọ́tẹ́lẹ̀ kì í pa arọ. ,A long-foreseen war does not kill a cripple.,One must take advantage of foreknowledge to protect oneself.,part2.docx,,
YOR0893,"Ohun gbogbo, ìwọn ló dùn mọ.",All things are good or pleasing only to a point.,One should observe moderation in all things.,part2.docx,,
YOR0894,Ohun gbogbo kì í pẹ́ jọ olóhun lójú.,It is never long before a thing becomes invaluable to the owner.,"A person always attaches excessive value to his or her possessions. Trust a person to exaggerate their value, especially when they are damaged or coveted by others.",part2.docx,,
YOR0895,Ohun gbogbo kì í tó olè.,Nothing ever satisfies a thief.,Greed and covetousness are the marks of a thief.,part2.docx,,
YOR0896,Ohun gbogbo là ńdiyelé; ṣùgbón kò sẹ́ni tó moye ara-a rẹ̀; ẹ̀jẹ̀ ò fojú rere jáde.,"Everything has its price, but no one knows his or her own worth; bloodshed never has a good cause.",People should not devalue their own lives by exposing themselves to unnecessary danger.,part2.docx,,
YOR0897,Ohun tí a bá máa jẹ a kì í fi runmú.,One does not sniff at what one will even tually eat anyway.,Don’t sneer at what you will eventually embrace.,part2.docx,,
YOR0898,"Ohun tí à bá ṣe pẹ̀sẹ̀, ká má fi ṣe ikánjú; bó pẹ́ títí ohun gbogbo a tó ọwọ ẹni.",That which one should do slowly and carefully one should not do in a hurry; sooner or later everything comes within one’s reach.,One should not shirk present responsibilities in the pursuit of a distant goal.,part2.docx,,
YOR0899,Ohun tí a bá tẹjúmọ́ kì í jóná.,Whatever one trains one’s eyes upon will not get charred.,Matters to which one devotes one’s undivided attention will not go awry.,part2.docx,,
YOR0900,Ohun tí a fi ẹ̀sọ̀ mú kì í bàjẹ̀; ohun tí a fagbára mú ní ńníni lára.,Whatever one handles gently will not be ruined; it is what one attempts with force that causes grief.,"A gentle approach will accomplish much, whereas a forceful approach is likely to complicate matters.",part2.docx,,
YOR0901,Ohun tí a fún ẹlẹ́mọ̀ṣọ́ ní ńṣọ́.,It is what one gives to a caretaker to look after that he looks after.,One would best focus only on the task assigned.,part2.docx,,
YOR0902,Ohun tí a ó pé yó dẹrù ní ńdiṣẹ́.,It is always something one does not expect to be a load that eventually becomes a huge task.,Matters that one considers of little sig nificance have a way of becoming insoluble problems.,part2.docx,,
YOR0903,Ohun tí a rí la fi ḿbọ párá ẹni; bí igi tíná ḿbẹ lẹ́nu ẹ̀ kọ́.,One uses whatever one can find to fill gaps in one’s roof; that does not apply to a faggot spewing flames.,Every seemingly sensible generalization has exceptions.,part2.docx,,
YOR0904,Ohun tí ajá rí tó fi ńgbó ò tó èyí tí àgùntán fi ńṣèran wò.,That which a dog sees and barks at is nothing compared to what the sheep contemplates in silence.,Some people make mountains out of other people’s molehills.,part2.docx,,
YOR0905,Ohun tó bá wu olókùnrùn ní ńpa á.,Whatever the invalid craves is what spells his or her death.,Whatever one is addicted to is likely to prove one’s undoing.,part2.docx,,
YOR0906,Ohun tó bá wu ọmọ-ọ́ jẹ kì í run ọmọ nínú.,Whatever a child craves will not give him or her a stomachache.,One is always willing to endure sacrifices in order to have whatever one craves.,part2.docx,,
YOR0907,Òjijì là ńrọ́mọ lọ́wọ́ alákẹdun.,It is all of a sudden that one sees a baby in the arms of the colobus monkey.,One need not announce ahead of time what feat one will perform.,part2.docx,,
YOR0908,"Òjò kan kì í báni lábà ká jìjàdù ọ̀rọ̀-ọ́ sọ; bí ẹ̀gbọ́n bá sọ tán, àbúrò á sọ.","When people are trapped in a hut by a downpour, there is no sense in fighting to get a word into the discussion; after the older person has spoken, the younger per son will speak.","When there is a surfeit of a commodity, there is no sense in scrambling to get some of it.",part2.docx,,
YOR0909,"Òjò ńrọ̀, Orò ńké; atọ́kùn àlùgbè tí ò láṣọ méjì a ṣe ògèdèǹgbé sùn.","The rain is falling, and the call of the secret cult is sounding loudly outside; the shuttle that lacks a change of clothing will sleep naked.","If one has not made provisions for rainy days, when they come one must suffer the attendant hardship.",part2.docx,,
YOR0910,Ojú abẹ ò ṣé-é pọ́nlá.,The edge of a razor is not a thing to lick.,Never engage in dangerous behavior.,part2.docx,,
YOR0911,Ojú àwòdì kọ́ ladìẹ ńre àpáta.,It is not in the watchful presence of a kite that a chicken strolls to a rock.,One does not engage in culpable activity in the presence of those charged with upholding discipline.,part2.docx,,
YOR0912,Ojú kan làdá ńní.,A machete can have only one edge.,One should be true to one calling or relationship and not philander.,part2.docx,,
YOR0913,Ojú kan náà lèwe ńbágbà.,It is at the same place that the youth will come up on the elder.,Sooner or later the youth becomes an elder; patience is all.,part2.docx,,
YOR0914,Ojú ní ńkán ọkọlóbìnrin; àlè méjì á jà dandan.,The husband of the wife is only being unduly hasty; in time two concubines will inevitably quarrel.,One should not be overly anxious for results that are inevitable anyway.,part2.docx,,
YOR0915,"""Ojú ó fẹ́rakù"" tó ta ajá ẹ̀ lókòó; ó ní bó bá jẹ́ bẹ́ẹ̀ ni wọn ńtà á wọn a máa tún ara wọn rí.","We-might-see-each-other-again’’ sold his dog for 20 cowries; he said if that is how things are sold, they might well see each other again.","If someone sells you an item at a ridiculously low price, you may expect to see that person again",part2.docx,,
YOR0917,Ojú ológbò lèkúté ò gbọdọ̀ yan.,In the presence of the cat the mouse must not saunter.,One cannot afford to be careless in the presence of powerful enemies.,part2.docx,,
YOR0918,"Ojú tí kì í wo iná, tí kì í wo òòrùn; ojú tí ḿbáni dalẹ́ kọ́.",Eyes that cannot stand lamplight and that cannot stand sunlight are not eyes that will last until the twilight of one’s life.,"From early indications, one can tell what friendships or possessions will prove lasting.",part2.docx,,
YOR0919,Ojú tí yóò báni dalẹ́ kì í tàárọ̀ ṣepin.,The eyes that will last one until nighttime will not start oozing matter at the dawn.,Relationships that will last will not become onerous right at the start.,part2.docx,,
YOR0920,Ojúkòkòrò baba ọ̀kánjúà.,Covetousness [is] the father of envy.,The envious and the covetous are similar.,part2.docx,,
YOR0921,Òkèlè gbò-ǹ-gbò-ó fẹ ọmọ lójú toto.,A huge morsel forces the child’s eyes wide open.,Aperson who bites off more than he can chew will suffer in the process of trying.,part2.docx,,
YOR0923,Òkèlè kan ní ńpa àgbà.,Only one morsel kills an elder.,"The smallest thing, if not accorded the proper attention, can be the death of even the most powerful person.",part2.docx,,
YOR0924,"Òketè baba ogun: bí a ṣígun, olúkúlùkù ní ńdi òketè-e lọ́wọ́.","Large bundle, father of all wars: when preparing for war, each person prepares his bundle to take along.","For all tasks, adequate preparations are mandatory.",part2.docx,,
YOR0925,Òkété tó bọ́ ìrù-ú mọ̀ pé ìpéjú ọjà ọrún òun ló sún.,The giant bush rat that has its tail stripped by a trap knows that it is its visit to the fifth-day market that was postponed.,One should take a near-disaster as a warning.,part2.docx,,
YOR0926,Òkìpa ajá la fi ḿbọ Ògún.,It is a mature and sizable dog that one sacrifices to Ògún.,One should use material proper for the occasion.,part2.docx,,
YOR0927,Òkò àbínújù kì í pẹyẹ,A stone thrown in anger does not kill a bird.,Whatever one does in anger is likely to go awry.,part2.docx,,
YOR0928,Òkò tí ẹyẹ́ bá rí kì í pẹyẹ.,A missile that a bird sees will not kill the bird.,"If one sees danger approaching, one will take precautions.",part2.docx,,
YOR0930,Òkóbó ò lè fi alátọ̀sí ṣẹ̀sín.,The eunuch cannot make fun of the person with gonorrhea.,A person who has a blemish should not make fun of other people’s blemishes.,part2.docx,,
YOR0931,Òkú àjànàkú là ńyọ ogbó sí; ta ní jẹ́ yọ agada séerin.,It is a dead elephant one approaches with a cutlass; who would dare draw a machete to attack an elephant [that is alive]?,One dares taunt a powerful adversary only when he has been neutralized.,part2.docx,,
YOR0932,Okùn àgbò kì í gbèé dorí ìwo.,It is never long before a ram’s tethering rope slips to its horns.,Seemingly minor difficulties soon become unmanageable problems.,part2.docx,,
YOR0933,Olójútì logun ńpa.,It is those who worry about their image who die in war.,Discretion and a thick skin are sometimes much better than valor.,part2.docx,,
YOR0934,Olóògbé ó jẹ́wọ; atannijẹ bí orun.,The dozing person does not confess; nothing deceives like sleep.,One can always feign sleep to avoid engaging in discussions.,part2.docx,,
YOR0935,Olóòlà kì í kọ àfín.,The facial scarifier does not scarify an albino’s face.,There are some tasks that are beyond the scope of experts.,part2.docx,,
YOR0936,"Olórìṣá gbé ààjà sókè, wọ́n ní ire ni; bí ire ni, bí ibi ni, wọn ò mọ̀.",The cult priest raises his divining wand and the worshipers proclaim the omen good; whether it is good or bad they do not know.,It is foolhardy to presume to know what is in other people’s minds.,part2.docx,,
YOR0937,Olè kì í gbé gbẹ̀du.,No thief steals a gbẹ̀du drum.,One should not attempt a risky business one has no hope of pulling off.,part2.docx,FIX,
YOR0938,Omi là ńkọ́-ọ́ tẹ̀ ká tó tẹ iyanrìn.,Water is the first thing one’s foot encounters before it encounters the sand.,One should attend to the most urgent matters first.,part2.docx,,
YOR0939,"Òní, adìẹ mí ṣìwọ̀; ọ̀la, adìẹ mí ṣìwọ̀; ọjọ́ kan la óò fẹ́ áìwọlé adìẹ kù.","Today, my chicken has gone to roost in the wrong place; tomorrow, my chicken has gone to roost in the wrong place; someday soon the errant chicken will disappear permanently.","Little errors, if not checked, will result in a major blunder.",part2.docx,,
YOR0940,"Òní, babá dákú; ọ̀la, babá dáku; ọjọ́ kan ni ikú yóò dà baba sígbè.","One day, the patriarch collapsed; the next day the patriarch collapsed; one day death will throw the patriarch.",Frequent close calls with death will eventually lead to real death.,part2.docx,,
YOR0941,"Òní, ẹṣín dá baba; ọ̀la, ẹṣín dá baba; bí baba ò bá yé ẹṣin-ín gùn, ọjọ́ kan lẹṣin óò dá baba pa.","One day, the horse threw the patriarch; the next day the horse threw the patriarch; if the patriarch does not stop riding the horse, one day the horse will throw him to his death.",One should take warning from little disasters.,part2.docx,,
YOR0942,"Onígbàjámọ̀ ńfárí fún ọ, ò ńfọwọ́ kàn án wò; èwo ló máa kù fún ọ níbẹ̀.","The hair scraper is scraping your head, and you are feeling your scalp with your hand; what do you expect will be left for you there?","Once the end is clear, one should stop being anxious about developments.",part2.docx,,
YOR0943,"Onílé ńrelé wọ́n ní oǹdè ńsá; oǹdè ò sá, ilé ẹ̀ ló lọ.",The homeowner heads for home and they say the guard is on the run; the guard is not on the run but merely heading home.,A strategic retreat to regroup is not the same as giving up the fight.,part2.docx,,
YOR0944,"Ònímónìí, ẹtú jìnfìn; ọ̀lamọ́la, ẹtú jìnfìn; ẹran mìíràn ò sí nígbó ni?","Today, the antelope falls into a ditch; tomorrow, the antelope falls into the ditch; is there no other animal in the forest?","If the same person gets into trouble every time, the person needs to look to himself or herself.",part2.docx,,
YOR0945,Onínúfùfù ní ńwá oúnjẹ fún onínúwòròwòrò.,Always it is the hot-tempered person that finds food for the even-tempered person.,The even-tempered person will always have the advantage of the hot-tempered person.,part2.docx,,
YOR0946,Oníṣu ní ḿmọ ibi iṣú gbé ta sí.,The owner of the yams is the one who knows where the mature yams are.,One should not presume to know more about an affair than the person most intimately involved.,part2.docx,,
YOR0947,Onísùúrù ní ńṣe ọkọ ọmọ Aláhúsá.,Only the patient person will win the daughter of the Hausa man.,Patience overcomes all obstacles.,part2.docx,,
YOR0948,Oókan ni wọ́n ńta ẹṣin lọ́run; ẹni tí yó lọ ò wọ́n; ṣùgbọ́n ẹni tí yó bọ̀ ló kù.,"Horses sell for only one cowrie in heaven; there is no shortage of people who will go there, but who ever returns from there?","Setting out on dangerous ventures is the easiest thing in the world, but their repercussions prove to be unspeakable.",part2.docx,,
YOR0949,Oókan-án sọni dahun; eéjì-í sọni dàpà.,One cowrie makes one a miser; two cowries make one a spendthrift.,One who has little seems a miser; one who has plenty becomes careless with money.,part2.docx,,
YOR0950,Oore ọ̀fẹ́ gùn jùwàásù.,The benediction is longer than the sermon.,Said of people who are long-winded.,part2.docx,,
YOR0951,"Oore tí Agbé ṣe lọ́fà, ó dagbe",The favor Agbe did in ọ̀fà town reduced him to begging.,One should learn from Agbe’s example and be prudent in doing favors.,part2.docx,,
YOR0952,"Oore tí igúnnugún ṣe tó fi pá lórí, tí àkàlá ṣe tó fi yọ gẹ̀gẹ̀, a kì í ṣe irú ẹ̀.","The sort of favor the vulture did by going bald, the sort of favor the ground hornbill did by developing a goiter, one does not do it",One should not do favors that will result in one's own ruin.,part2.docx,,
YOR0953,"Ooré pọ̀, a fìkà san án.",The favor was excessive; it was repaid with wickedness.,Too great a favor provokes enmity.,part2.docx,,
YOR0954,Orí ejò ò ṣé-é họ imú.,The head of a snake is nothing to scratch one’s nose with.,Never expose yourself to unnecessary danger.,part2.docx,,
YOR0955,Orin ní ńṣíwájú ọ̀tẹ̀.,Singing goes before plotting.,People about to engage in a plot will first spar to sound one another out.,part2.docx,,
YOR0956,"Orin tí a kọ lánàá, tí a ò sùn, tí a ò wo, a kì í tún jí kọ láàárọ̀.","The song that we sang yesterday, without sleep, without respite, we do not resume singing in the morning.",Yesterday’s problems should be gone with yesterday.,part2.docx,,
YOR0957,Òrìṣà kékeré ò ṣé-é há ní párá.,A small god is not a thing to hang from the rafters.,Some things may seem insignificant yet must not be taken lightly.,part2.docx,,
YOR0958,Òròmọ-adìẹ ò màwòdì; ìyá ẹ̀ ló màṣá.,The young chick does not know the eagle; it is its mother that knows the kite.,The young are neither as experienced nor as careful as the old.,part2.docx,,
YOR0959,"Òṣé ní ńṣíwájú ẹkún; àbámọ̀ ní ńgbẹ̀hìn ọ̀ràn; gbogbo àgbà ìlú pé, wọn ò rí oògùn àbámọ̀ ṣe.","Hissing goes before crying, and had-one but-known comes at the conclusion of an unfortunate matter; all the elders in the town assembled, but they could find no antidote for had-we-but-known.",One can only regret an error once it has been committed; there is no undoing it.,part2.docx,,
YOR0960,"Oúnjẹ tí a ó jẹ pẹ́, a kì í bu òkèlè-e rẹ̀ tóbi.",Food that one expects to last one does not eat in huge handfuls.,Wise husbandry is the medicine for lasting prosperity.,part2.docx,,
YOR0961,Owó ò bá olè gbé.,Money does not live with a thief.,A thief and money are incompatible neighbors; never trust a thief with money.,part2.docx,,
YOR0962,Òwúyẹ́ a-ṣòrò-ó-sọ bí ọ̀rọ̀.,A hush-hush matter [is] difficult to utter as speech.,The matter under reference is so delicate it almost does not bear speech.,part2.docx,,
YOR0963,Oyún inú: a kì í kà á kún ọmọ-ọ tilẹ̀.,One does not count a pregnancy as a child already delivered.,One should not treat anything hoped for as though it were already in hand.,part2.docx,,
YOR0964,Ọ̀bánijà ní ḿmọ ìjagun ẹni.,Only those we struggle with know our strategies.,Only through close association does one know other people.,part2.docx,,
YOR0965,"Ọ̀bàyéjẹ́, tí ńrú gángán wọ̀lú.","Purveyor of general disaster, who carries a gángan drum into town.",Apostrophe addressed to trouble makers.,part2.docx,,
YOR0966,‘‘Ọbẹ̀ lọmú àgbà’’ ló pa onígbaǹso Ògòdò.,‘Stew is the breast milk of adults’’ is what killed the calabash repairer of Ògòdò town.,Addiction kills.,part2.docx,,
YOR0967,"Ọ̀bẹ ṣìlò-ó ḿbáni ṣeré a ní kò mú, bí eré bí eré ó ńpani lọ́wọ́.","The ṣìlò knife is playing with one, and one says it is not sharp, just as in play it slashes one’s hand.","Be careful not to underestimate people who do not advertise themselves; otherwise, they will have you prostrate before you know what is happening.",part2.docx,,
YOR0968,Ọbẹ̀ tóo sè tílé fi jóná wàá sọ ọ́.,"The sort of stew you cooked and set the house on fire, you will explain.",You must explain the unheard-of behavior that resulted in such a disaster.,part2.docx,,
YOR0969,Ọ̀bẹlẹ̀wò bẹlẹ̀wò; bí ewúrẹ́ yó bàá dùbúlẹ̀ a bẹ ilẹ̀ ibẹ̀ wò.,"Inspector of the ground inspects the ground; if a goat wishes to lie down, it first inspects the ground.",Look well at the lay of the land before engaging in any new venture.,part2.docx,,
YOR0970,Ọ̀daràn ẹyẹ tí ńmusàn.,Habitual criminal bird eats oranges.,Addressed to any person whose actions are likely to lead to a disaster.,part2.docx,,
YOR0973,Ọ̀dárayá tí ńfi ẹ̀gbẹ́ na igi.,Sprightly person hurls himself sidewise against a tree.,Said of a too-cheerful person whose excess energy is getting on others’ nerves.,part2.docx,,
YOR0974,Ọdẹ a-fi-fìlà-pa-erin: ọjọ́ kan ni òkìkí-i rẹ̀ ḿmọ.,The hunter who would kill elephants with his cap: his fame lasts only one day.,Whoever promises to do the impossible enjoys fame only as long as it takes for the impossibility to be manifest.,part2.docx,,
YOR0975,"Ọ̀gá-a má fi ẹsẹ̀ yí ẹrẹ̀ , gbogbo ara ní ńfi yí i.",The never-soil-your-foot-with-mud dandy eventually soils his whole body.,Too much squeamishness is its own undoing.,part2.docx,,
YOR0976,Ọ̀gán ìmàdò ò ṣéé kò lójú.,A full-grown warthog is not something to confront.,One would be wise to avoid dangerous people.,part2.docx,,
YOR0977,Ọ̀gẹ̀dẹ̀ ḿbàjẹ́; a ní ó ńpọ́n.,The banana is rotting; people say it is ripening.,It does not help to rationalize a brat’s behavior with silly explanations.,part2.docx,,
YOR0978,Ọ̀gọ̀ ńgbé ọ̀gọ rù.,A fool carries a cudgel around.,A person is cultivating the means to his or her own ruin.,part2.docx,,
YOR0979,"Ọ̀gbágbá wọlẹ̀, ó ku àtiyọ.",The iron stake has been driven into the ground; the problem now is how to pull it out.,Some ventures that are easy at the start prove mightily intractable down the line.,part2.docx,,
YOR0980,Ọgbọ́n àgbọ́njù ní ńpa òdù ọ̀yà.,It is excessive cunning that kills the mature cane rat.,Too much cleverness brings trouble.,part2.docx,,
YOR0981,"Ọgbọ́n àgbọ́njù ní ńsọ ẹni diwin; bí oògún bá pọ̀ lápọ̀jù a sọni di wèrè; bóbìnrín bá gbọ́n àgbọ́njù, péńpé laṣọ ọkọ ẹ̀ ḿmọ.","Excessive cleverness turns one into a phantom; too much magical charm turns the owner into an imbecile; if a woman is too cunning, her husband’s clothes wind up ill-fitting.",People who are too cunning are headed for trouble; a man who marries too cunning a woman is headed for trouble.,part2.docx,,
YOR0982,"Ọgbọ́n ọdúnnìí, wèrè ẹ̀míì.","Today’s wisdom, next year’s madness.",What seems wise now may appear like lunacy in hindsight.,part2.docx,,
YOR0983,Ọgbọ́n pẹ̀lú-u sùúrù la fi ḿmú erin wọ̀lú.,It is with cunning and patience that one brings an elephant into town.,The most difficult tasks can be accomplished with wisdom and patience.,part2.docx,,
YOR0984,"Ọjọ́ tí a ó bàá nù, gágá lara ńyáni.",The day one is destined to be lost one is never able to contain one’s excitement.,Disaster attends overenthusiasm.,part2.docx,,
YOR0985,Ọjọ́ tí a to ọkà a ò to ti èkúté mọ́ ọ.,"The day one arranged the corn in the granary, one did not think in terms of the rat.",One hardly ever plans for trouble.,part2.docx,,
YOR0986,"Ọjọ́ tí àgbẹ̀ ṣíṣe-é bá di kíyèsílẹ̀, ká ṣíwọ́ oko ríro.","The day farming entails being careful not to hurt the soil, one should stop farming.","If the basic condition for a trade is interdicted, one should no longer engage in that trade.",part2.docx,,
YOR0987,"Ọjọ́ tí elétutu-ú bá máa fò, ìjà pere kì í rìn.","On the day the white flying ants wish to swarm, the worms that prey on them keep still.",Only cunning will deliver one’s prey into one’s hands.,part2.docx,,
YOR0988,Ọ̀kánjúwà baba àrùn.,"Covetousness, father of all diseases.",There is no disease like greed.,part2.docx,,
YOR0989,Ọ̀kánjúwà baba olè; àwòròǹṣoṣò-ó wo ohun olóhun má ṣẹ̀ẹ́jú.,"Covetousness, father of thievery; bug-eyed greedy person stares at another person’s property without blinking.",Covetousness leads to stealing.,part2.docx,,
YOR0990,"Ọ̀kánjúwà èèyàn-án dé àwùjọ, ó wòkè yàn-yàn-àn-yàn.","The covetous person arrives in a gathering, and his eyes dart about restlessly.",The covetous person is always on the lookout for something.,part2.docx,,
YOR0991,Ọ̀kánjúwà kì í mu ẹ̀jẹ̀ ẹlòmíràn; ẹ̀jẹ̀ ara ẹ̀ náà ní ḿmu.,The greedy person does not drink other people’s blood; he drinks only his own.,Greed recoils on the greedy.,part2.docx,,
YOR0992,Ọ̀kánjúwà ò ṣéé fi wá nǹkan.,Impatient envy is not a good state in which to seek anything.,One should be patient in seeking one's own fortune.,part2.docx,,
YOR0993,"Ọ̀kánjúwà pẹ̀lú olè, déédé ni wọ́n jẹ́.",Covetousness and thievery are similar to each other.,Covetousness is as bad as stealing.,part2.docx,,
YOR0994,"Ọ̀kánjúwà-á pín ẹgbàafà nínú ẹgbàaje; ó ní kí wọ́n pín ẹgbàá kan tó kù, bóyá igbiwó tún lè kan òun.","The insatiable person receives 12,000 cowries out of 14,000; he asks that the remaining 2,000 be shared, [so] perhaps 200 of them will come to him.",Greed knows no limits.,part2.docx,,
YOR0996,"Ọkọ̀ ńjò, ọkọ̀ ńjò! Ìgbà tó bá rì, kò parí ná?","The boat is leaking, the boat is leaking! After it sinks, won’t matters end?",There is little one can do about a problem whose outcome is inevitable.,part2.docx,,
YOR0997,Ọ̀kọ̀ọ̀kan lọwọ́ ńyọ.,Broomstraws drop off one by one.,Huge problems usually build up gradually.,part2.docx,,
YOR0998,Ọkùnrin tó fẹ́ òjòwú méjì sílé ò rẹ́ni fi ṣọ́le.,A man who marries two jealous women has no one to tend his home in his absence.,Jealousy is a terrible quality in a spouse.,part2.docx,,
YOR0999,Ọ̀kùn-ún mọ̀nà tẹ́lẹ̀ kójú ẹ̀ tó fọ́.,The millipede knew the way before it went blind.,The old knew how to live before they became frail.,part2.docx,,
YOR1000,"‘‘Ọ̀la ni mò ńlọ,’’ tí ńfi koto ṣe àmù. ‘‘","""Tomorrow I take my leave"" uses a shallow pot as his water jar.",Shortsighted people make little provision for the future.,part2.docx,,
YOR1001,‘‘Ọlá ò jẹ́ kí nríran’’; ọmọ Èwí Adó tí ńtanná rìn lọ́sàn-án,"‘Greatness won’t let me see’’: the son of the Èwí, king of Adó, lights a lamp to walk with in broad daylight.",One should not allow one’s good fortune to go to one’s head.,part2.docx,,
YOR1002,Ọ̀làjà ní ńfi orí gbọgbẹ́.,It is the person who separates two fighters who gets gashed on the head.,The peacemaker is likely to suffer for his pains.,part2.docx,,
YOR1004,Ọlọ́dẹ kì í torí atẹ́gùn yìnbọn.,A hunter does not fire off his gun because of the wind.,One should be deliberate and attentive in pursuing one’s profession.,part2.docx,,
YOR1005,Ọlọgbọ́n bẹẹrẹ-ẹ́ pète ìgárá.,The excessively cunning person is trying his hand at stealing.,Too much cunning is like thievery.,part2.docx,,
YOR1006,"Ọmọ adìẹ́ fò, a ní ‘‘Ẹrán lọ àkẹ́ẹ̀!’’","A chick flies up, and we exclaim, ‘‘A game animal has escaped, alas!’’",Do not blow matters out of all credible proportion.,part2.docx,,
YOR1007,Ọmọ inú ayò ò ṣéé bá bínú.,The seeds in an ayò game are not things to be angry at.,One should not blame one’s misfortune on innocent people.,part2.docx,,
YOR1008,"Ọmọ orogún ẹ-ẹ́ kú, o ní ẹní rí ẹ lọ́run ò purọ́; bí tìẹ́ bá kú ńkọ́.","The child of your rival wife dies, and you say the person who saw you in heaven did not lie; what if your own child dies?",One should not go overboard in sharing other people’s sorrow.,part2.docx,,
YOR1010,"Ọmọrí odó pani lọ́tọ̀, ká tó wí pé ká kùn ún lóògùn.","A pestle is a lethal weapon in itself, let alone after rubbing poison on it.","Overkill is pointless; if a situation is dangerous enough as it is, one should not aggravate it by acting provocatively.",part2.docx,,
YOR1011,Ọ̀mùtí ò mu agbè já.,The drunkard does not drink the gourd through.,There is a limit to the pleasure a drunk can get from a bottle.,part2.docx,,
YOR1012,Ọ̀nà ẹ̀bùrú dá ọwọ́ olúwa-a rẹ̀ tẹlẹ̀.,A shortcut causes a person to land on his palms.,There are perils to taking paths one is not familiar with.,part2.docx,,
YOR1013,Ọ̀nà ìgbàlẹ̀ a máa já sọ́run.,The road to the secret grove of the egúngún cult may lead to heaven.,People who do the forbidden may pay dearly for their temerity.,part2.docx,,
YOR1014,"Ọ̀nà là ńṣì mọ̀nà; bí a ò bá ṣubú, a kì í mọ ẹrù-ú dì.","It is by missing one’s way that one learns the way; if one does not fall, one does not learn how to tie one's load properly.",Errors and failures are opportunities to learn.,part2.docx,,
YOR1015,Ọ̀ràn ọ̀gẹ̀dẹ̀ ò tó ohun tí à ńyọ àdá sí. ,The problem posed by the banana tree is nothing that calls for a machete.,Do not make too much of a minorcrisis.,part2.docx,FIX,
YOR1016,Ọ̀nà ni yó mùú olè; ahéré ni yó mùú olóko.,The road will eventually expose the thief; the farm hut will eventually expose the farmer.,"When the habitual wrongdoer comes to grief, it will be in the course of his wrong doing.",part2.docx,,
YOR1017,"Ọ̀nà ọ̀fun, ọ̀nà ọ̀run: méjèèjì bákannáà ni wọ́n rí.","The pathway of the throat, the pathway to heaven: the two are very much alike.",One’s throat may lead to one’s death.,part2.docx,,
YOR1018,"Ọ̀pá àgbéléjìká, a-tẹ́hìn-lójú.",The walking stick that is carried on the shoulder has its eye pointed backward.,Said of people who pay no attention to their future.,part2.docx,,
YOR1019,Ọ̀pọ̀ oògùn ní ńru ọmọ gàle-gàle.,It is a great deal of medicine that possesses a child and robs it of all self-control.,A person who lacks moderation is like someone overpowered by bad medicine.,part2.docx,,
YOR1020,"Ọ̀pọ̀lọ́ lejò ḿbùjẹ, tí à ńwí pé ilẹ̀-ẹ́ rorò?",Is it because a snake is biting a toad that one says the earth portends disaster?,Do not make too much of insignificant events.,part2.docx,,
YOR1022,Ọ̀ràn ńlá-ńlá ní ḿbá àpá; ọ̀ràn ṣẹ́kú ṣẹ́kú ní ḿbá oṣè.,Only huge problems befall the mahogany bean tree; only minor problems befall the baobab tree.,Different people have different levels of vulnerability.,part2.docx,,
YOR1023,"Ọ̀ràn ò dun gbọ̀ọ̀rọ̀; a dá a láàárọ̀, ó yọ lálẹ́.","Problems have hardly any effect at all on the pumpkin shoot; broken off in the morning, it reappears the following night.",Said of people who are unimpressed by correction or punishment.,part2.docx,,
YOR1024,Ọ̀ràn ọkà-á ní ìba; ayé ní òṣùwọ̀n.,A matter pertaining to corn has a limit; life has its measure.,To everything there is a proper limit.,part2.docx,,
YOR1025,"Ọ̀rọ̀ ò pọ̀, àkàwé-e rẹ̀ ló pọ̀.",The matter in question is not overwhelming; it is the elaboration of it that is almost forbidding.,Creating a problem is easy; explaining it is not quite as easy.,part2.docx,,
YOR1026,Ọ̀rọ̀ púpọ̀ ò kún agbọ̀n; irọ́ ní ḿmú wá.,A lot of words will not fill a basket; they will only lead to lies.,Brevity is wise in discussions; wordiness leads to invention.,part2.docx,,
YOR1028,"Ọ̀rọ̀ tí ò ní ohùn fífọ̀, dídá kó yẹ ẹ́.",A matter that does not have a means to voice itself had better be silent.,Matters that should not be mentioned should be left unbroached.,part2.docx,,
YOR1029,Ọ̀ṣọ́ oníbùjé ò pé isán; ọ̀ṣọ́ onínàbì ò ju ọdún lọ.,The beauty bestowed by tattooing with the juice of the bùjé plant does not last nine days; a prostitute’s beauty does not last more than a year.,Fast living plays havoc with people’s looks.,part2.docx,,
YOR1030,Ọ̀tọ̀ọ̀tọ̀ là ńtẹ ẹrẹ̀; ọ̀tọ̀ọ̀tọ̀ là ńtẹ eruku.,One step after the other is the manner to walk through mire; one step after the other is how one walks through dust.,"With great care, one can extricate oneself safely from any problem.",part2.docx,,
YOR1031,"Ọ̀wọ́n yúnlé, ọ̀pọ̀-ọ́ yúnjà.",Expensive commodities come to the home; inexpensive ones go to the market.,"If one overprices one’s goods, one will find no takers.",part2.docx,,
YOR1032,Pala-pálà kì í ṣe ẹran àjẹgbé; ẹ ṣáà máa mu àgúnmu.,Stockfish is not a meat one eats without repercussions; keep on drinking herbal remedies.,One pays for one’s indiscretions by and by.,part2.docx,,
YOR1033,Paramọ́lẹ̀-ẹ́ kọ ọ̀ràn àfojúdi.,The serpent refuses to betrifled with.,"Certain situations are not to be taken lightly, lest they result in painful repercussions.",part2.docx,,
YOR1034,Pẹ̀lẹ́-pẹ̀lẹ́ léjò-ó fi ńgun àgbọn.,It is very carefully and patiently that a snake climbs the coconut palm.,Dangerous and difficult tasks should be attempted with care and patience.,part2.docx,,
YOR1035,"Pẹ̀tẹ̀ pẹ̀tẹ̀ ọ̀rọ̀, àtà-sí-ní-lára-má-wọ̀n-ọ́n.",The soiling caused by speech stains a person and cannot be removed.,Injury once spoken cannot be recalled. ,part2.docx,,
YOR1036,"Pípẹ́ ni yó pẹ̀ẹ́, agbọ̀n á bo adìẹ.","It may take long, but the coop will eventually cover the chicken.","One may put it off a while, but one cannot avoid one's fate. ",part2.docx,,
YOR1037,Pípẹ́ ni yó pẹ̀ẹ́ akólòlò á pe baba.,"It may take long, but the stammerer will eventually manage to say ‘‘Papa.’’",With perseverance the most difficult task will be accomplished.,part2.docx,,
YOR1038,"Pípẹ́ ni yó pẹ̀ẹ́, akọ̀pẹ yó wàá sílẹ̀.","It may take a while, but the palm-wine tapster will descend from atop the palm tree.","With patience, what one desires will eventually happen.",part2.docx,,
YOR1039,"Pípẹ́ ni yó pẹ̀ẹ́, amòòkùn yó jàáde nínú odò.","It may take a while, but the underwater swimmer will eventually surface.","If one is patient, what is bound to happen will eventually happen.",part2.docx,,
YOR1040,"Pípẹ́ ni yó pẹ̀ẹ́, èké ò mú rá.","It may take a while, but the deceitful person will not be undiscovered.",Truth will unfailingly triumph in the end.,part2.docx,,
YOR1041,"Pípẹ́ ni yó pẹ̀ẹ́, ẹní lọ sódò á bọ̀ wálé.","It may take a while, but the person who went to the stream will return home.",There is no journey that does not end sometime.,part2.docx,,
YOR1042,"Pípẹ́ ni yó pẹ̀ẹ́, Ọ̀rúnmìlà yó jẹ àgbàdò dandan.",It may take a while but Ọ̀rúnmìlà will surely eat corn.,What one deserves will unfailingly come one’s way in the end.,part2.docx,,
YOR1043,Rò ó kóo tó ṣe é; ó sàn ju kóo ṣé kóo tó rò ó.,Think it through before you do it; that is better than doing it before you think it through.,Plan ahead.,part2.docx,,
YOR1044,"Rọra dì, ká lè bá ọ sá.",Pack judiciously that we may accompany you while you escape.,A person who wants other people’s help must lighten his or her baggage.,part2.docx,,
YOR1045,Sà á bí olóògùn-ún ti wí.,Invoke it exactly as the maker of the charm instructed.,"Always follow instructions, and do not presume to know better than your instructor.",part2.docx,,
YOR1046,Sùúrù loògùn ayé.,Patience is the talisman for living.,Patience solves all problems.,part2.docx,,
YOR1047,Sùúrù ò lópin.,There is no end to the need for patience.,One must never tire of exercising patience.,part2.docx,,
YOR1048,Sùúrù-ú lérè.,Patience has its profits. ,Patience is a useful quality to cultivate.,part2.docx,,
YOR1049,"Ṣà ǹgbákó ró, a ní kò róo re, Ṣàǹgbàkù-ú gbè é lẹ́sẹ̀.","Ṣàǹgbákó makes a sound and we say the sound is foul, and then Ṣàǹgbàkù lends its voice in its support.",Do not choose to do things that others before you have been condemned for doing.,part2.docx,,
YOR1050,"Ṣe-ká-rí-mi, alájá tó so ẹ̀gi mọ́rùn.",Exhibitionist: a dog owner who ties a sheep’s mane around his own neck.,Do not go to too great lengths to call people's attention to yourself.,part2.docx,,
YOR1051,‘‘Ṣé kí nfìdí hẹ?’’ làfòmọ́ fi ńdi onílé. ,"""May I perch here awhile?"" is the ruse by which the climber-parasite becomes a permanent resident.","Give people an inch, and they are likely to take several miles.",part2.docx,,
YOR1052,"Ṣe-ǹ-ṣe dìwọ̀fà, bó ṣe é yó dẹrú-u wọn.","The habit that made a person a pawn,] if the person persists in it, will make him or her a slave.",One should desist from pursuits that have proved unprofitable.,part2.docx,,
YOR1053,Ṣe-ǹ-ṣe ewúrẹ́ làgùntàn ńfiyè sí.,The habit of the goat is what the sheep pays attention to. ,One would be wise to learn from the behavior and plight of fools.,part2.docx,,
YOR1054,"""Ta á sí i"" kì í bá ni wá ọfà.","""Shoot at it"" does not help one find arrows.",People are ever eager to goad one to action but never to help one carry out the task.,part2.docx,,
YOR1055,"Ta ní rán Abẹ́lù wọ ọkọ̀, tó ní ọkọ̀ọ́ ri òun?","Who sent Abẹ́lu into a boat, as a result of which action he says he was drowned?",People who get into trouble by their own actions should complain to no one.,part2.docx,,
YOR1056,"""Tàná là ńjà lé lórí"" ló pa Baálẹ̀ẹ Kòmọ̀kan.",It is yesterday’s matter that we are fighting over’’ is what killed Chief Know-Nothing.,It is wise to let the past alone.,part2.docx,,
YOR1057,"Tantabùlù, aṣòróówọ̀ bí ẹ̀wù àṣejù.",An unbecoming thing is as unpleasant to wear as a garment of disgrace.,Disgrace is not a pleasant thing to live with.,part2.docx,,
YOR1058,Wẹ́rẹ́ wẹ́rẹ́ nikán ńjẹlé.,"Slowly, slowly is the manner in which termites consume a house.",Inconspicuous and imperceptible problems in time become huge disasters.,part2.docx,,
YOR1059,Tìjà tìjà ní ńṣe ará Ọ̀pọ́ndá.,Incessant proneness to fighting is the affliction of Ọ̀pọ́ndá people.,Said of people who are always out for a fight.,part2.docx,,
YOR1060,Tọ̀sán tọ̀sán ní ńpọ́n ìtalẹ̀ lójú; bílẹ̀-ẹ́ bá ṣú yó di olóńjẹ.,"It is the persistence of daylight that imposes suffering on the mud-floor worm; when night falls, it will find food.",Patience will bring what one lacks.,part2.docx,,
YOR1061,"Wàrà ò sí lónìí, wàrà-á wà l la.","No cheese today, but there will be cheese tomorrow.",Today’s want will be followed by tomorrow’s plenty.,part2.docx,,
YOR1062,Wòròwórònikán ńjẹlé.,"Slowly, slowly is the manner in which ter mites consume a house.",Inconspicuous and imperceptible problems in time become huge disasters.,part2.docx,,
YOR1063,Wíwò-ó tó ìran.,Watching is enough for a spectacle.,One would do well just to watch spectacles and avoid becoming part of them.,part2.docx,,
YOR1064,"Wó ilé ẹ kí mba ọ kọ, ẹrù ikàn kan ní ńpa fún ní.",Demolish your house and I will help you rebuild it’’: he will give one only one bundle of thatching grass.,Never trust people who goad you into trouble with promises of help down the road.,part2.docx,,
YOR1065,"Wò bìà-á yọ́ tán, ó pe ẹgbẹ́ ẹ̀ wá.","The greedy person fed to satiation, and he summons his friends.",The freeloader always seeks opportunities to take as much as possible from his or her benefactor.,part2.docx,,
YOR1066,"Wọ́n ní, ‘‘Ìbàrìbá, ọmọ ẹ-ẹ́ jálè.’’ Ó ní ‘‘A gbọ́ tolè tó jà; èwo lokùn ọrùn-un ẹ̀.","People said, ""‘Ìbàrìbá person, your child stole something"" She responded, ‘‘That he stole something I can understand, but I can not understand the rope around his neck.’’","Punishment should fit the offense, not be disproportionate.",part2.docx,,
YOR1067,"Wọ́n purọ́ fún ọ, o ò gbà; o lè dé ìdí òótọ́?",People lie to you and you do not accept the lie; can you ever know what the truth is?,"Since one can seldom be sure what the truth is, one would save oneself a great deal of grief by not always insisting on it.",part2.docx,,
YOR1068,Wọ́n torí ajá ńlóṣòó lọ fowó rọ̀bọ.,"Because the dog sits on its haunches, they went and spent their money on purchasing a monkey. ",One should not pass up something useful for something useless simply because the latter looks better.,part2.docx,,
YOR1069,"Yíyọ́ ẹkùn, tojo kọ́; ohun tí yó jẹ ní ńwá.",The leopard’s stealthy gait is not a result of cowardice; it is simply stalking a prey.,Do not mistake people’s gentle nature for spinelessness.,part2.docx,,
YOR1070,"Yọkọlú-yọkọlú, kò ha tán bí? Ìyàwó gbọ́kọ ṣánlẹ̀, ọkọ́ yọké.","All your strutting and bragging, where is it now? The wife threw the husband down so hard that he grew a hump on his back. ",Said of braggarts who have been taken down a few notches.,part2.docx,,
YOR1071,"A hán ìkokò lọ́wọ́ ọ̀tún, a hán ìkokò lẹ́sẹ̀ òsì; ó ku ẹni tí yó kò ó lójú.","We lop off the hyena’s right forelimb; we lop off the hyena’s left hind limb; the question is, who will face it now?",Inflicting such injuries on the hyena is no victory; it only makes the animal more dangerous.,part2.docx,,
YOR1072,A kì í dá ẹ̀rù okó ńlá ba arúgbó.,One should not attempt to scare an old [woman] with a huge penis.,A person who has seen everything is not easily frightened.,part2.docx,,
YOR1073,A kì í dùbúlẹ̀ ṣubú.,One does not fall from a prone position.,Hunger cannot make one faint and fall if one goes to sleep.,part2.docx,,
YOR1074,A kì í fi ojoojúmọ́ rí olè jà kó dà bí-i tọwọ́ ẹni.,One is never so fortunate at daily thievery that it matches owning one’s own things.,Self-sufficiency is far better than fortunate opportunism.,part2.docx,,
YOR1075,A kì í fi ojú olójú ṣòwò ká jèrè.,One never trades with other people’s eyes and profit.,There is nothing like attending to one’s business oneself.,part2.docx,,
YOR1076,A kì í fi ojúbọ̀rọ̀ gba ọmọ lọ́wọ́ èkùrọ́.,One does not easily or casually take the child from the palm nut,It takes effort to accomplish a good end.,part2.docx,,
YOR1077,A kì í mọ ibi tí à ńlọ kí ọrùn ó wọ ẹni.,"One does not, despite knowing where one is going, suffer a constricted neck from one’s heavy load.","If one knows the size of the task, one should regulate one’s effort accordingly.",part2.docx,,
YOR1078,"A kì í sọ pé ọjà-á nígbà; bó bá nígbà, kíníṣe tí wọ́n tún ńná a?","One does not say there is a time for the market; if it were so, why would people con tinuously patronize it?",Any time is a good time to trade.,part2.docx,,
YOR1079,A kì í ṣe ọ̀tẹ̀ ẹranko gán-ń-gán; bí a bá he ìgbín àdá là ńnà á.,"One does not conduct one’s feud with an animal in a halfhearted manner; if one finds a snail, one hits it with a machete.",Give your all to every enterprise you embark upon.,part2.docx,,
YOR1080,A kì í walẹ̀ fún adìẹ jẹ.,One does not scratch the ground for the chicken to find food.,Each person is responsible for his or her own welfare.,part2.docx,,
YOR1081,"À ńpa ẹ̀kukù, ẹ̀kukù ńrúwé; à ńyan nínú aṣẹro, aṣẹro ńdàgbà; à ńkébòsí Ògún, ara Ògún ńle.","The more one weeds kukù, the more it sprouts leaves; the more one tramples aṣẹro, the more it grows; the more one rails against Ògún, the more he thrives.","Because the two plants are hardy and virtually indestructible, and Ògún is the formidable god of metals and war, the proverb bespeaks resilience and invulnerability.",part2.docx,,
YOR1083,"""A ò mọ̀yí Ọlọ́run yó ṣe"" kò jẹ́ ká bínú kú.",We know not what God will do’’ keeps one from committing suicide.,Often it is hope that keeps people going.,part2.docx,,
YOR1084,"A pa ẹmọ́ lóko ilá, a jù ú sí ọ̀kẹ́ ílasa; ilé ẹmọ́ lẹmọ́ lọ.",A giant rat is killed on an okra farm and thrown into a sack containing okra leaves; the giant rat has arrived at its home.,The resourceful person will find a way to adapt to any situation.,part2.docx,,
YOR1085,"Ààrẹ àgòrò tó bá gbójú, tòun tolúwa-a rẹ̀ lẹgbẹ́ra.",A subordinate military officer who is audacious is the equal of his superior.,Audaciousness will get one one’s way.,part2.docx,,
YOR1086,Abẹ́rẹ́ á lọ kí ọ̀nà okùn tó dí.,The needle will pass before the way of the thread is blocked.,"Unlike the thread’s, the passage of the needle through the cloth is ever smooth.",part2.docx,,
YOR1087,Abiyamọ ọ̀tá àgàn; ẹní ńṣiṣẹ́ ọ̀tá ọ̀lẹ.,"Nursing mother, enemy of the barren woman; working person, enemy of the idler.",The mother incurs the envy of a barren woman; the hard worker incurs the hatred of the idler.,part2.docx,,
YOR1088,"Aboyún bí, ìhá tù ú.",The pregnant woman delivered; her sides are much eased.,Relief comes in time to the persevering sufferer.,part2.docx,,
YOR1089,Abẹ̀wẹ̀ ńwá ọ̀tá fúnra ẹ̀.,He who summons others to render him communal help seeks enemies.,It is best to be self-sufficient.,part2.docx,,
YOR1090,"Àdán tó sùn sídìí ọsàn ò rí he, áḿbọ̀sì oódẹ tó ní òún jí dé.","Bat, who slept by the orange tree, found no orange to pick, let alone the parrot which said it came over very early at dawn.",The more persistent person will surely be re warded before the less persistent.,part2.docx,,
YOR1093,A-fàkàrà-jẹ̀kọ́ ò mọ iyì ọbẹ̀.,He-who-eats-corn-meal-with-bean-fritters does not know the virtues of stew.,Whoever leads a sheltered life misses out on some great experiences.,part2.docx,,
YOR1094,Afẹ́fẹ́ kí í fẹ́ kí omi inú àgbọn dànù.,The wind does not blow against the liquid inside a coconut and cause it to spill.,Certain people are not susceptible to certain disasters.,part2.docx,,
YOR1095,Àfẹjútoto ò mọ ọkùnrin.,Glaring wildly does not bespeak manliness.,Action is more persuasive than appearance.,part2.docx,,
YOR1096,Àfẹ́ká là ńfẹ́ iná.,Blowing from all directions is how one blows at a fire [to kindle it].,One should apply one’s best effort to any task.,part2.docx,,
YOR1097,Agẹmọ ò ṣé-é jẹ lẹ́nu.,The chameleon is not a thing to eat in one’s mouth.,Certain propositions are beyond the pale.,part2.docx,,
YOR1098,Àgùdà ò jẹ lábẹ̀-ẹ Gẹ̀ẹ́sì.,The Catholic missionary is not in the pay of the British administration.,An assertion of nondependence on a supposedly higher authority.,part2.docx,,
YOR1099,Àgbà tí kò tó ọmọdé-é rán níṣẹ́ ní ńsọ pé kó bu omi wá ká jọ mu.,It is an elder who lacks the authority to send a child on an errand who tells the child to go fetch water so they can drink it together.,One who is sure of his or her authority does not need to sweeten orders with incentives.,part2.docx,,
YOR1100,Àgbàbọ́ ò di tẹni,A foster child does not become one’s own child.,There is nothing like having one’s own.,part2.docx,,
YOR1101,"Àgbàbọ́-ọ ṣòkòtò, bí kò fúnni lẹ́sẹ̀ a ṣoni; rẹ́mú-rẹ́mú ni ohun ẹni ḿbáni mu.","Borrowed trousers, if they are not too tight around the legs, will be too loose; one’s own things fit one exactly.",Borrowed articles are never like one’s own.,part2.docx,,
YOR1102,Àgbàká lèéfí ńgba igbó.,It is completely that smoke fills the forest.,Whatever is worth doing is worth doing diligently and thoroughly.,part2.docx,,
YOR1103,Àgbàká lẹsẹ̀ ńgba ọ̀nà.,It is completely that the feet take over a path.,Indulge not in half measures.,part2.docx,,
YOR1104,"Àgbaǹgbá ṣe bẹ́ẹ̀, ó làwo lórí san-san.","Despite all difficulties, the animal àgbaǹgbá sprouts prominent horns on its head.",Perseverance overcomes all difficulties.,part2.docx,,
YOR1105,Àgbàrá kọ́ ni yó gbèé omi lọ.,It is not the flood that will make away with the river.,The upstart cannot prevail against the well-established person.,part2.docx,,
YOR1106,Àgbàtán ni gẹ̀gẹ̀ ńgba ọ̀fun.,It is completely that goiter takes over the neck.,One cannot stop matters from run ning their course.,part2.docx,,
YOR1107,Àgbẹ̀ gbóko róṣù.,A farmer remains on the farm and sees the moon.,The conscientious farmer spends long periods on the farm; persistence is the key to success.,part2.docx,,
YOR1108,Àgbinsínú legbin ńgbin; àkùnsínú lẹkùn ńkùn; hùn hùn hùn ẹlẹ́dẹ̀ ínú ẹlẹ́dẹ̀ ní ńgbé.,Groaning internally is how an antelope groans; rumbling internally is how a leopard rumbles; the grunts of a pig stay inside the pig.,"People may grumble, but they dare not voice their complaints openly.",part2.docx,,
YOR1109,Agbójúlógún fi ara-a rẹ̀ fóṣì ta.,He-who-places-his-hopes-on-inheritance delivers himself to destitution.,One should secure one’s own living.,part2.docx,,
YOR1110,Àgbólà ni tàgbọ̀nrín; ọjọ́ tí àgbọ̀nrín bá gbó ni ọjọ́ ikú-u rẹ̀ ńyẹ̀.,"Baying-and-surviving is the fate of the deer; whenever a deer bays, on that day its death is averted.",Every reverse portends good fortune in the end.,part2.docx,,
YOR1111,Àìdúró là ńpè níjó.,Not standing still is what is described as dancing.,"Continuous striving deserves praise, whatever the outcome.",part2.docx,,
YOR1112,Àìtó ehín-ín ká ni à ńfọwọ́ bò ó.,It is not-having-attained-the-age-for-losing one’s-teeth that makes one cover [the mouth] with one’s hand.,One should not be reticient in asserting oneself. ,part2.docx,,
YOR1113,Ajá ilé ó mọdẹ-ẹ́ ṣe.,A domesticated dog does not know how to hunt.,Pampering kills initiative.,part2.docx,,
YOR1114,Àjà kì í jìn mọ́ ológbò lẹ́sẹ̀.,The snare does not snare a cat’s paw.,Some people are immune to certain perils.,part2.docx,,
YOR1115,Ajá wéré-wéré ní ńpa ikún.,It is an agile dog that kills a squirrel.,The world belongs to the quick.,part2.docx,,
YOR1116,Ajá wo ẹyẹ láwòmọ́jú.,The dog looks at birds with eyes full of disdain.,"Against adversaries beyond one’s powers, one must be satisfied with futile gestures.",part2.docx,,
YOR1117,Ajé sọ ọmọ nù bí òkò.,Wealth throws a person away like a stone.,The search for wealth takes one into distant lands.,part2.docx,,
YOR1118,Àjẹgbé nigún ńjẹbọ.,Eating without adverse effects is the vulture’s way of consuming sacrificial offerings.,Some people can engage in daring and dangerous behavior with impunity.,part2.docx,,
YOR1119,"Ajìnfìn, má ta ojú ilé; ọ̀pọ̀lọ̀ jìnfìn má ta ojú àtijáde.","You who have fallen into the dungeon, do not be impatient to arrive home; when the toad drops into a pit, it cannot be impatient to get out.",Certain predicaments one does not get out of in a hurry.,part2.docx,,
YOR1120,A-jókò-ó-kunkun ò jẹ́ kí a-jókòó-jẹ́jẹ́ ó-jókòo.,The sit-tight person denies the tentative sitter a place.,The meek will not inherit the earth.,part2.docx,,
YOR1121,Àjùmọ̀bí ò kan ti àrùn; kí alápá mú apá-a rẹ̀ kó le.,Familial obligations do not extend to diseases; let each person look well to his or her arms.,Relatives will not bear your disease for you.,part2.docx,,
YOR1122,A-ká-ìgbá-tà-á náwó ikú.,He-who-plucks-the-African-locust-bean tree-seeds-to-sell spends death’s money.,Whoever engages in a dangerous venture more than earns his or her pay.,part2.docx,,
YOR1123,Àkànṣe lọfà ìmàdò; jagan oró ò ran èse.,The arrow for a warthog is a major project; an ordinary poison has no effect on the cat.,Certain tasks call for deliberate and extraordinary efforts.,part2.docx,,
YOR1124,Àkèekèé ní òún kúrò ní kòkòrò-o kí nìyí?,Scorpion says that its status transcends what-type-of-insect-is-this?,Stature and importance are not always commensurate; some people should not be underestimated.,part2.docx,,
YOR1125,Àkèekèé rìn tapó-tapó.,The scorpion travels accompanied by venom.,The stalwart is never unprepared to answer a call.,part2.docx,,
YOR1126,"Akíkanjú-kankan, ogun ní ńlọ; abù wàwà, ọjà ní ńná; àkànní òbúkọ, bó bá tòṣì a máa rí jẹ.","For the exceptionally brave person the proper profession is warring; for the gregarious person, trading; the illustrious he-goat, even when it is poor, finds enough to eat.",Proper application of one’s talent makes one prosper.,part2.docx,,
YOR1127,Àkótán ni gẹ̀gẹ̀ ńkó ọ̀fun.,It is completely that goiter takes over the throat.,Calamities give no quarter. ,part2.docx,,
YOR1128,"Àkùkọ-ọ́ kọ, ọ̀lẹ́ pòṣé.","The cock crows, and the lazy person hisses.",The coming of the morning is an annoyance to the lazy person.,part2.docx,,
YOR1129,Alágẹmọ-ọ́ ti bímọ-ọ rẹ̀ ná; àìmọ̀-ọ̀jó kù sọ́wọ́-ọ rẹ̀.,The chameleon has given birth to its young; inability to dance is the responsibility of the child.,A parent has done his or her part by having a child; the child’s fortunes are the child’s responsibility.,part2.docx,,
YOR1130,Alágbàró ò yege; aláṣọ á gbà á bó dọ̀la.,She who borrows a wrapper skirt to wear is not home free; the owner of the cloth will take it back tomorrow.,There is nothing like having one’s own.,part2.docx,,
YOR1131,Alákatam̀pò ojú ò lè ta ẹran pa.,A person with crossbows in his eyes cannot kill an animal.,Even the most vicious of looks cannot kill.,part2.docx,,
YOR1132,"Aláǹgbá tó já látorí ìrókò tí kò fẹsẹ̀ ṣẹ́, ó ní bẹ́nìkan ò yìn un òun ó yinra òun.","The lizard that fell from atop the ìrókò tree without breaking its limbs says if no one admires his feat, he will do the admiring himself.",One should be self-confident enough not to need validation by others.,part2.docx,,
YOR1133,Alára ní ńgbára-á ga; bádíẹ́ bá máa wọ̀ọ̀dẹ̀ a bẹ̀rẹ̀.,"It is the owner of the body that elevates the body; when a chicken wishes to enter the porch, it stoops.",One should sound one’s own trumpet and not be unduly humble.,part2.docx,,
YOR1134,A-lèjà-má-lè-jà-pẹ́: ẹlẹgbẹ́ ojo.,He-who-can-fight-but-cannot-fight-for long: the equal of a coward.,Ability to start a fight is nothing like the ability to see it through.,part2.docx,,
YOR1135,Àlejò orí ni kókó.,The lump is only the head’s visitor.,One should learn to live with afflictions.,part2.docx,,
YOR1136,Apá lará; ìgbọ̀nwọ́ niyèkan.,One’s arms are one’s relatives; one’s elbows are one’s siblings by the same mother.,Even more reliable than one’s relatives and siblings are one’s own resources.,part2.docx,,
YOR1137,Àpáàdì-í gbóko kò rà.,The potsherd lives on the farm but does not decay.,Resilience is a fortunate quality to have.,part2.docx,,
YOR1138,Àpagbé lOrò ńpagi,Killing-without-recourse is Orò’s way of killing trees.,"When unanswerable disaster befalls a person, there is neither recourse nor response.",part2.docx,,
YOR1139,Apárí ní ńfojú di abẹ.,It is a bald person who may be disdainful of the razor.,The bald person has no use for razors.,part2.docx,,
YOR1140,Apẹ́ẹ́jẹ kì í jẹ ìbàjẹ.,A person who waits patiently for a long time before eating will not eat unwholesome food.,Those who are patient will have the best of things.,part2.docx,,
YOR1141,Àpọntán kò wí pé kí odò má sun.,Scooping a spring dry does not stop more water from collecting.,"If one’s resources are limitless, some use will not exhaust them.",part2.docx,,
YOR1142,Ara kì í wúwo kí alára má lè gbe. ,A body cannot be too heavy for the owner to lift. ,"Whatever others might feel, a person is never put off by himself or his own habits.",part2.docx,,
YOR1143,"Ara-à mí gba òtútù, ó gba ọ̀nini.",My body can endure chills and can endure coldness.,I am long-suffering.,part2.docx,,
YOR1144,Àràbà ńlá fojú di àáké.,The huge silk-cotton tree belittles the axe.,It takes a mighty person to defy a powerful force.,part2.docx,,
YOR1146,Ariwo àjìjà ní ńdọ́run.,It is only the noise of the whirlwind that reaches heaven.,"One’s enemies may be clamorous, but all they are capable of is noise.",part2.docx,,
YOR1147,Asúrétete ní ńwojú ọjọ́.,It is the person in a hurry who studies the complexion of the day.,"When one has important tasks at hand, one pays particular attention to impinging conditions.",part2.docx,,
YOR1148,Àṣá ò gbádìẹ níkọ̀kọ̀; gbangba làṣá ńgbádìẹ.,The kite does not snatch chicks in secret; it snatches them openly.,"What one dare do, one does openly. ",part2.docx,,
YOR1149,Àṣá ò lè balẹ̀ kó gbéwúrẹ́.,The kite cannot swoop down and carry off a goat.,Whoever attempts the impossible deceives himself or herself.,part2.docx,,
YOR1151,Àṣá wo ìgbín kọ̀rọ̀; ìkaraun-un rẹ̀ ò jẹ́ kó gbé e.,"The kite looks slyly at the snail, but its shell stops the bird from snatching it.","When the prey’s defenses are impenetrable, the predator can only glare.",part2.docx,,
YOR1152,Àṣá wọ̀bọ kò rọ́wọ́ gbé e.,The kite watches the monkey but has no hands to carry it off.,A monkey is no prey to a kite.,part2.docx,,
YOR1153,"Àṣírí ìkokò, ajá k ni yó tùú u.",The secrets of the hyena’s being will not be revealed through the actions of the dog.,The stalwart’s comeuppance will not happen at the hands of a no-account person.,part2.docx,,
YOR1154,Àtẹ́lẹwọ́ ẹni kì í tanni.,One’s palm does not deceive one.,One’s trust is best placed in one’s own resources.,part2.docx,,
YOR1155,Àyè kì í há adìẹ kó má dèé ìdí àba-a rẹ̀.,The space is never so tight that a chicken will not be able to reach its incubating nest.,No obstacle should keep one from one’s duty.,part2.docx,,
YOR1156,"Bí a bá ńpa èpo oṣè, ṣe ní ḿmáaá sanra sí i.","The more one peels the bark of the baobab, the fatter it becomes.","The more a certain person is misused, the more successful he or she becomes.",part2.docx,,
YOR1157,Bí a kò bá jìyà tó kún agbọ̀n; a ò lè jẹ oore tó kún ahá.,"If one does not experience enough suffering to fill a basket, one cannot enjoy enough good to fill a cup.",Suffering precedes pleasures.,part2.docx,,
YOR1158,"Bí ebí bá ńpa ọ̀lẹ, à jẹ́ kó kú.","If a lazy person is suffering from hunger, he or she should be left to die.",Shiftless people deserve no sympathy.,part2.docx,,
YOR1159,"Bí ẹnìkan ò kíni ‘‘Kú-ù-jokòó,’’ kíkí Ọlọ́run-ún ju ti igba èèyàn lọ.","If a person does not extend greetings to you, God’s greetings are worth more than those of two hundred people.","Being snubbed by people matters nothing, as long as God does not snub you.",part2.docx,,
YOR1160,"Bí ẹrú yó bàá jẹ ìfun, ibi ẹ̀dọ̀ ní-í tí ḿbẹ̀rẹ̀ ",A slave that would eat intestines must begin with the liver,One must endure unpleasantness before achieveing one's ends.,part2.docx,,
YOR1161,"Bí ẹkẹ́-ẹ tálákà ò tó lówùúrọ̀, á tó lálẹ́.","If a poor person’s forked stake is not long enough in the morning, it will be long enough at night.",The things one rejects when the choice is abundant will become acceptable when there is no choice.,part2.docx,,
YOR1162,"Bí a kò bá ṣe bí ẹlẹ́dẹ̀ lọ́nà Ìkòròdú, a ò lè ṣe bí Adégbọrọ̀ lọ́jà ọba.","If one does not act like a pig on the way to Ikòròdú, one cannot act like Adégbọr at the king’s market.","Before one can live in luxury, one must soil one’s hands with work.",part2.docx,,
YOR1163,"Bí ẹ̀yá bá dẹkùn, ẹran ní ńpajẹ.","When the cub becomes a grown leopard, it kills animals for food.","When the child becomes an adult, he adopts adult ways.",part2.docx,,
YOR1164,"Bí ìbí bá tẹ̀, bí ìbí bá wọ́, oníkálukú a máa ṣe baba nílé ara-a rẹ̀.","If the pedigree is bent, if the pedigree is crooked, each person will play the father in his own home.","In difficult times, each per son has the solace and security of his own home.",part2.docx,,
YOR1165,"Bí ilẹ̀-ẹ́ bá mọ́, ojú orun lọ̀lẹ ńwà.","When day breaks, the lazy person will still be asleep.",Lazy people will not rouse themselves to do an honest day’s work.,part2.docx,,
YOR1166,"Bí iná kò bá tán láṣọ, ẹ̀jẹ̀ kì í tán léèékánná.","If lice are not completely gone from one’s clothing, one’s nails will not be free of blood.","If the causes of one’s problems are not removed, the problems will persist.",part2.docx,,
YOR1167,"Bí ìṣẹ́ bá ńṣẹ́ d láṣẹ̀ẹ́jù, kó lọ sígbó erin: bó bá pa erin ìṣẹ́-ẹ rẹ̀ a tán; bí erín bá pá a, ìṣẹ́-ẹ rẹ̀ a tán.","If a youth is in the grip of excessive privation, he should go after an elephant: if he kills an elephant, his privation will be over; if an elephant kills him, his privation will be over.","People in desperate straits should resort to desperate remedies; whatever the outcome, they will be no worse off than before.",part2.docx,,
YOR1168,"Bí iwájú ò bá ṣeé lọ sí, ẹ̀hìn a ṣeé padà sí.","If one cannot go forward, one will be able to retreat.","If a goal proves impossible of achievement, one can at least abandon it.",part2.docx,,
YOR1169,"Bí màlúù-ú tó màlúù, ọ̀pá kan ni Fúlàní fi ńdà wọ́n.","However numerous the cattle might be, it is with only one staff that the Fulbe man herds them.",The good worker needs no elaborate tools.,part2.docx,,
YOR1170,‘‘Bí mo lè kú ma kú’’ lọmọkùrín fi ńlágbára; ‘‘Ng ò lè wáá kú’’ lọmọkùnrín fi ńlẹ.‘‘,"If I must die, let me die’’ is what makes a man strong; ‘‘I simply will not court death’’ is what makes a man lazy or cowardly.",Daring makes the man; caution unmakes the man.,part2.docx,,
YOR1171,"Bí ó pẹ́ títí, akólòlò á pe baba.","However long it may take, the stammerer will eventually say, ‘‘Father.’’","With perseverance, the most difficult task will eventually be accomplished.",part2.docx,,
YOR1172,"Bí ó pẹ́ títí, àlejò á di onílé.","In time, a sojourner becomes a native.",Persistence leads to success.,part2.docx,,
YOR1173,Bí ó ti wuni là ńṣe imàle ẹni; bó wu Lèmámù a fẹlẹ́dẹ̀ jẹ sààrì.,"One practices one’s Islam as one pleases; if the imam wishes, he may break his fast with pork.",One lives one’s life as one sees fit.,part2.docx,,
YOR1174,"Bí Ògún ẹní bá dánilójú, à fi gbárí.","If one is sure of one’s Ògún cult object, one taps one’s head with it. ","If one is sure of one’s position, one confidently swears by anything.",part2.docx,,
YOR1175,"Bí ojú kò pọ́nni bí osùn, a kì í he ohun pupa bí idẹ.","If one’s eyes do not become as red as cam wood stain, one does not come by some thing as red as brass.","Unless one endures some hardship, one does not reap great benefits.",part2.docx,,
YOR1176,"Bí ojú owó ẹni ò yóni, ènì ò lè yóni.","If what one bought for money does not fill one, neither will a little extra thrown into the bargain.",A person who cannot survive on his main occupation cannot survive on his sideline.,part2.docx,,
YOR1177,"Bí ojúmọ́ mọ́ lékèélékèé a yalé ẹlẹ́fun, agbe a yalé aláró, àlùkò a yalé olósùn.","When day dawns, the cattle egret makes for the home of the dealer in chalk; the blue touraco heads for the home of the indigo dealer; the purple àlúkò bird seeks out the dealer in camwood resin.",Diligent people never dally in pursuing their trade.,part2.docx,,
YOR1178,"Bí ọwọ́ kò sin ilẹ̀, tí kò sin ẹnu, ayo ní ńjẹ.","If the hand does not cease going down and going to the mouth, satiation results.","If one keeps at a task, it will eventually be accomplished.",part2.docx,,
YOR1179,"Bí Ṣàǹgó bá ńpa àràbà, tó ńpa ìrókò, bíi tigi ńlá kọ́.","Even though Ṣango kills the silk-cotton tree and kills the ìrókò tree, no such fate can be fall the huge tree.",A boast that the person being referred to is mightier than even the mightiest other person around.,part2.docx,,
YOR1180,Dàńdógó kì í ṣe ẹ̀wù ọmọdé. ,Dàńdógo is not a garment for the young.,Certain feats are beyond certain people.,part2.docx,,
YOR1181,"Dídán là ńdán ọ̀ràn wò; bí olówó ẹní kú, à lọ ṣúpó.","One should give everything a try; if one’s owner dies, one goes to claim his wife.",One should attempt even the impossible.,part2.docx,,
YOR1182,Dídán lẹyẹlé ńdán kú,A perpetually shining appearance is what characterizes the pigeon even until death.,Either an observation that a person’s reputation cannot be tarnished or a wish that it never become tarnished.,part2.docx,,
YOR1183,Díẹ̀-díẹ̀ leku ńjawọ.,It is bit by bit that rats eat leather.,"With slow and steady application, even a difficult task will be done.",part2.docx,,
YOR1184,Díẹ̀-díẹ̀ lẹyẹ ńmu ọsàn.,It is bit by bit that a bird eats an orange.,Easy does it. ,part2.docx,,
YOR1185,Díẹ̀ díẹ̀ ní ńtànṣẹ́.,Gradual efforts complete a task.,The biggest task is accomplished with gradual and steady attention.,part2.docx,,
YOR1186,Ebè kan ṣoṣo àkùrọ́ kúrò ní Mo fẹ́rẹ̀ẹ́ ṣíwọ́.,A single heap on the farm does not warrant ‘‘I am just about done.’’,The first step is not nearly the completion of a long journey.,part2.docx,,
YOR1187,Ebi ni yó kọ̀ọ́ wèrè lọ́gbọ́n.,It is hunger that will force sense into the imbecile.,Even an imbecile must heed hunger.,part2.docx,,
YOR1188,Dùndún fọ̀ràn gbogbo ṣàpamọ́ra.,The talking drum endures all matters without complaint.,It is best to be stoically resilient.,part2.docx,,
YOR1189,"Ebí ńpa ejò, ahún ńyan.","The snake is hungry, and the tortoise saunters by.","If one is invulnerable, one may strut.",part2.docx,,
YOR1190,Ebi ò jẹ́ ká pa ọwọ́ mọ́; ebí ṣẹnú papala.,Hunger keeps one from folding one’s hands; hunger causes the mouth [or cheeks] to shrink.,One must work in order to eat.,part2.docx,,
YOR1191,Èdì kì í mú ọjọ́ kó má là.,No charm can act upon the day and keep it from dawning.,"What is inevitable will come to pass, willy-nilly.",part2.docx,,
YOR1192,Èébú kì í so.,Insults do not attach to one’s body like pods.,Insult ignored is insult defused.,part2.docx,,
YOR1193,"Eégún tí ńjẹ orí ẹṣin, orí àgbò ò lè kò ó láyà.",The masquerader who is accustomed to eating horse heads will not be daunted by ram heads.,A person who has faced down serious challenges will not be defeated by a slight inconvenience.,part2.docx,,
YOR1194,Èèwọ̀ ni tọwọ̀; a kì í figi ọwọ̀ dáná.,"As far as the broom is concerned, it is taboo; one does not make kindling of broom sticks.","Come what may, a threatening or threatened disaster will not happen.",part2.docx,,
YOR1195,"Èèyàn ìbáà kúrú, ìbáà búrẹ́wà, gbèsè ò sí, ìtìjú ò sí.","Whether a person be short or ugly, if there is no debt, there can be no disgrace. ","As long as one is debt-free, other details of one’s personal circumstances are of little consequence.",part2.docx,,
YOR1196,Èkó ilá gba ara ẹ̀ lọ́wọ́ ọ̀bẹ.,Okro that has gone fibrous has delivered itself from the knife.,"At some point, one outgrows some dangers.",part2.docx,,
YOR1197,"Èminrin ńjẹni, ò tó ìyà.",Being bothered by sandflies is no misfortune.,"Whatever one’s problems, they can always be worse.",part2.docx,,
YOR1198,Èpè ìbínú ò pa odì.,An angry curse does not kill an enemy.,One gets only psychological satisfaction from cursing one’s enemy.,part2.docx,,
YOR1199,Èpò ìbúlẹ̀ kì í pa irẹ́.,Creeping weeds cannot kill the silk-rubber tree.,A puny person is no threat to a mighty person.,part2.docx,,
YOR1200,Erín jẹ̀ jẹ̀ jẹ̀ kò fọwọ́ kọ́ aṣá; ẹfọ̀n-ọ́n jẹ̀ jẹ̀ jẹ̀ kò ki ẹsẹ̀ wọ pòòlò; ẹyẹ kékèké ńfò lókè wọn ò forí gbági.,The elephant forages a long time without cutting its hand on a spear; the buffalo forages a long time without falling into a trap; numerous small birds fly across the sky without colliding with trees.,"Despite the ubiquitousness of danger, one can be safe.",part2.docx,,
YOR1202,Eṣinṣín ńpọntí; ekòló ńṣú ọ̀lẹ̀lẹ̀; kantí kantí ní ká wá kan dí agbè lẹ́nu kí ǹkankan má kòó sí i.,"The fly is procuring wine while the worm is cooking bean meal, and the sugar fly asks them to find something to cork the gourd so nothing will enter into it.",The idler seeks to find more work for those already fully and usefully employed.,part2.docx,,
YOR1203,"Eṣú jẹ oko tán eṣú lọ; eṣú lọ Wata, ilé-e rẹ̀.","The locusts are done feeding; the locusts have departed; the locusts have gone to Wata, their home.","When one’s task is com pleted, one returns to one’s home. Or, the marauder has done his damage and has gone back where he came from.",part2.docx,,
YOR1204,Ewúrẹ́ ńṣọdún; àgùtán gbàlù sẹ́hìn; òbúkọ-ọ́ ní ká sin òun lọ sílé àna òun.,The goat is celebrating an event; the sheep is in a procession with drums; and the he goat asks to be accompanied to its in-law’s home.,A person who has made no investment should not expect to reap the benefits of the venture.,part2.docx,,
YOR1205,Ewúrẹ́ ò lè rí ewé ọdán òkè fi ṣe nǹkan.,A goat can in no wise take the fig tree’s leaves aloft for any purpose.,Certain people are beyond the reach of othjer people's machination.,part2.docx,,
YOR1206,Ewúro ò fi tojo korò.,The bitterleaf did not become bitter as a result of cowardice. ,"One does what one must, regardless of the actions or wishes of others.",part2.docx,,
YOR1207,Ẹbọ jíjẹ kì í pa igún.,The consumption of sacrificial offerings will not kill the vulture.,One cannot be hurt by one’s natural calling.,part2.docx,,
YOR1208,Ẹgbẹ̀rún eèrà ò lè gbé ṣúgà; wọ́n ó kàn tò yí i ká lásán ni.,A thousand ants cannot lift [a cube of ] sugar; they can only mill around it in vain.,Some tasks are beyond certain people.,part2.docx,,
YOR1209,Ègbèrún ẹja ó lè dẹ́rù pa odò.,A thousand fishes will not overload a river.,It is futile to attempt to overwhelm an invincible person.,part2.docx,,
YOR1210,"Ẹjọ́ ẹlẹ́jọ́, lọ́yà ńrò ó, ámbọ̀ǹtorí ẹjọ́ ara-a rẹ̀.","The lawyer argues other people’s cases, much more his own.",One who is conscientious on behalf of others can be expected to be even more conscientious on his or her own behalf.,part2.docx,,
YOR1211,Ẹlẹmùnún ò mú eégún.,An apprehender does not apprehend a masquerader.,Certain people are beyond anyone’s control.,part2.docx,,
YOR1212,"Ẹ̀lúlùú ní kàkà kí òun má dun ọbẹ̀, òun á rúnwọ rúnsẹ̀ sí i.","The lark-heeled cuckoo vows that rather than not being delicious in the stew, it will crush its arms and legs in pursuit of that end.","One vows that even up to the cost of one’s life, one will give everything one has to achieve an end.",part2.docx,,
YOR1213,"Ẹní bá ńjẹ òbúkọ tó gbójú, yó jẹ àgùtàn tó yọ̀ wo.",Whoever is used to eating full-grown he-goats will eat lambs that have sprouted horns.,A person known for daring deeds can always be expected to defy custom; one cannot cure people of ingrained habits.,part2.docx,,
YOR1214,Èní bá ńṣiṣẹ́ kì í ṣọ̀lẹ; bórí bá túnniṣe a kì í tẹ́ bọ̀rọ̀.,"Whoever has a job should not malinger; if Providence smiles, one can hardly fail.",Dili gence in one’s pursuit will certainly result in prosperity. ,part2.docx,,
YOR1215,Ẹní bá yẹ ọ̀nà Ìjẹ̀bú tì ni yó yẹ̀ ẹ́ tán.,The same person who weeds the road to Ìjẹ̀bú without carrying off the weeds will eventually remove them.,"The shirker will sooner or later be forced to do his or her duty; one should do a thing efficiently, not halfheartedly.",part2.docx,,
YOR1217,Ẹni èèyàn ò kí kó yọ̀; ẹni Ọlọ́run ò kí kó ṣọ́ra.,Whoever is shunned by people should rejoice; whoever is shunned by God should look out.,God’s favor is preferable to that of other people.,part2.docx,,
YOR1218,Ẹní máa jẹ oyin inú àpáta kìí wo ẹnu àáké.,Whoever will eat the honey in a rock does not worry about the edge of the axe.,One should be prepared to make the sacrifices necessary to achieve a worthy goal.,part2.docx,,
YOR1219,Ẹní máa jẹun kunkun a tìlẹ̀kùn kun-kun.,Whoever wishes to eat heartily must lock his door firmly.,"To prevent intrusion into one’s affairs, one should keep them well guarded.",part2.docx,,
YOR1220,Ẹní máa rí àtisùn akàn á pẹ́ létí isà.,Whoever wishes to see a crab go to sleep will stay long by its hole.,Whoever seeks the impossibe will wait forever.,part2.docx,,
YOR1221,Ẹní máa rí àtisùn-un pẹ́pẹ́yẹ á jẹ gbèsè àdín.,Whoever wishes to see ducks go to sleep will go into debt paying for [fuel] oil.,Whoever awaits the impossible will wait forever.,part2.docx,,
YOR1222,Ẹni ọ̀lẹ́ pá re ọ̀run òṣì; ẹni iṣẹ́ pa-á re run ẹ̀yẹ.,Whoever dies from poverty dies a miserable death; whoever dies from work dies a noble death.,Better to die on one’s feet than to give in to reverses.,part2.docx,,
YOR1223,Ẹni tí à ḿbọ́ ò mọ̀ pé ìyàn-án mú.,A person fed by others is never aware that there is famine.,A person who has no responsibilities does not appreciate the efforts of those who do.,part2.docx,,
YOR1224,Ẹni tí iṣẹ́ ńpa-á yá ju ẹni tí ìṣẹ́ ńpa.,A person dying fom overwork is better than a person dying of destitution.,Better to suc cumb to overwork or occupational hazards than to succumb to poverty.,part2.docx,,
YOR1226,"Ẹni tí kíkí-i rẹ̀ ò yóni, àìkí-i rẹ̀ ò lè pani lébi.",A person whose greetings do not fill one’s stomach cannot cause one to starve by with holding the greetings.,A person whose benevolence has little effect on one’s fortune cannot affect one with malevolence.,part2.docx,,
YOR1227,Ẹni tí ńgbẹ́lẹ̀ ní ńsìnkú; ẹni tí ńsunkún ariwo ló ńpa.,The person digging a grave is the one performing his or her funerary duties; the person crying is merely making a noise.,Tangible help is better than useless sympathetic gestures.,part2.docx,,
YOR1228,Ẹni tí ó bá pẹ́ lẹ́hìn ni à ńyọ́ omi ọbẹ̀ dè.,Those who arrive late are the ones who find the watery residue of the stew awaiting them.,"Timeliness earns one the best choice, tardiness the worst.",part2.docx,,
YOR1229,Ẹni tí ó bá wo ojú ìyàwó ní ńmọ̀ pé ìyàwó ńsunkún.,Only a person who looks at the bride’s face knows that the bride is crying.,It is futile to seek sympathy when no one is paying attention.,part2.docx,,
YOR1230,Ẹni tí ó fò sókè-é bẹ́ ijó lórí. ,Whoever leaps up decapitates dance.,Nothing more can be expected from a person who has given the ultimate effort.,part2.docx,,
YOR1231,Ẹni tí ó forí sọlẹ̀-ẹ́ gbìyànjú ikú.,Whoever dives headfirst to the ground has made a creditable attempt at suicide.,One should acknowledge people’s sincere efforts.,part2.docx,,
YOR1232,Ẹni tí ó gbálẹ̀ ni ilẹ̀ ḿmọ́ fún.,It is for the person who sweeps the floor that the floor is clean.,Those who exert themselves are the ones who reap rewards,part2.docx,,
YOR1234,Ẹni tí ọ̀ṣọ́ bá wù kó ṣòwò; ẹni ajé yalé-e rẹ̀ ló gbọ́n.,Whoever likes fineries should engage in a trade; it is the person blessed by riches who is wise.,Good things come only to the industrious.,part2.docx,,
YOR1235,Ẹní yára lÒgún ńgbè,Ògún is on the side of the swift.,The swift are justified in taking advantage of the tardy.,part2.docx,,
YOR1236,Ẹnú dùn-ún ròf ; agada ọwọ́ dùn-ún ṣánko.,The mouth cooks vegetable stew most expertly; the hand emulating a machete cuts a field most effortlessly.,"A person's mouth may boast of anything, and his or her hand may claim to be able to do anything until put to the test.",part2.docx,,
YOR1238,Ẹnu iṣẹ́ ẹni ni a ti ḿmọ ẹni lọ́lẹ́.,It is at one’s occupation that one proves oneself an idler.,One reveals one’s mettle at one’s place of employment.,part2.docx,,
YOR1239,Ẹnu òfìfo kì í dún yànmù-yànmù.,Empty mouths do not make chewing noises.,"If one has not filled others’ mouths with food, one cannot expect them to be full of one’s praise.",part2.docx,,
YOR1240,"Ẹ̀rù kì í ba igbó, bẹ́ẹ̀ni kì í ba odò; ẹ̀rù kì í ba ọlọ lójú ata.","The forest knows no fear, and neither does the river know fear; the grindstone never shows fear in the face of pepper.",A worthy person should not give way to fear.,part2.docx,,
YOR1241,Ẹ̀rù kì í ba orí kó sá wọnú.,The head is never so frightened that it disappears into the shoulder.,One should be brave enough to meet one’s fate.,part2.docx,,
YOR1242,Ẹ̀rù ogun kì í ba jagun-jagun.,Fear of battle never afflicts a warrior.,One should be bold in pursuing one’s goals.,part2.docx,,
YOR1243,Ẹsẹ̀ kì í wúwo kí ẹlésẹ̀ má lè gbé e.,The feet are never so heavy that the owner cannot lift them.,Each person must live with his or her own peculiarities.,part2.docx,,
YOR1244,Ẹṣin kì í dani kí á má tún gùn ún.,Do not refrain from mounting a horse that has thrown you.,A failure should not stop you from making further attempts.,part2.docx,,
YOR1245,Ẹṣin kì í já kó já èkejì-i rẹ̀,A horse does not get loose and stop to free its companion.,Each person must look to his or her own salvation.,part2.docx,,
YOR1246,Ẹ̀sọ̀ ẹ̀sọ̀ ni ìgbín fi ńgbà gun igi.,"Slowly, slowly is the way a snail climbs a tree.","With dogged persistence, one accomplishes the most difficult of tasks.",part2.docx,,
YOR1247,Ẹ̀tẹ́ bá ọ̀lẹ.,Disgrace comes upon the shiftless.,Disgrace attends shiftlessness.,part2.docx,,
YOR1248,Ẹyẹ ò sọ fún ẹyẹ pé òkò ḿbọ̀,A bird does not tell a bird that a stone is on its way.,Each person looks out for his or her own safety.,part2.docx,,
YOR1249,Fi gọ̀gọ̀ sílẹ̀ fún ọ̀dáwé; fi ọkọ sílẹ̀ fún onílara.,Leave the hooked stick alone for the leaf plucker; leave the husband alone for the jealous woman.,One should simply shun persons who will not share what they have.,part2.docx,,
YOR1250,Fífẹ́ la fẹ́ ẹ̀fọ́ tí à ńpè-é ní ọ̀rẹ́ ẹ̀kọ; ti ilé ogè-é tó ogè-é jẹ.,It is only because one loves spinach that one calls it a friend of corn loaf; what the dandy has at home is enough food for him or her.,That one delights in another person’s company is not to say that one cannot do without it.,part2.docx,,
YOR1251,"""Fọ ẹ̀kọ ká jọ mu ú,"" kò tó ọkọlóbínrin-ín ṣe ni.","""Prepare the corn pap and let us eat it together"" is an indication that the speaker lacks what it takes to be a husband.",One should not be tentative in exercising one’s authority.,part2.docx,,
YOR1252,Gbẹ́dó-gbẹ́dó kan ò lè fi ọ̀gẹ̀dẹ̀ ṣe nǹkan.,No carver of mortars can do a thing to the banana stem. I,Certain people and certain objects have nothing to fear from certain types of adversaries.,part2.docx,,
YOR1253,Ìbẹ̀rù ejò ó jẹkà tẹ ọmọ ejò mọ́lẹ̀.,Fear of the snake keeps one from stepping on the young of the snake.,One usually benefits from the stature or position of one’s parents or protector.,part2.docx,,
YOR1254,"Ibi tí a ní kí gbégbé má gbèé, ib ní ńgbé.","The spot one cautions the gbégbé plant not to inhabit, there it will surely inhabit.","One will fulfill one’s destiny, whatever others might do to prevent it.",part2.docx,,
YOR1256,Idà kì í lọ kídà má bọ̀.,The sword never departs without returning.,Said in the context of a prayer that a person departing on a journey might return safely.,part2.docx,,
YOR1257,Ìdẹra ò kan àgbà.,Ease has nothing to do with age.,Industry pays off more surely than longevity.,part2.docx,,
YOR1258,Igi kì í dá lóko kó pa ará ilé.,A tree does not snap in the forest and kill a person at home.,Disaster cannot befall a person who is not in an exposed position.,part2.docx,,
YOR1259,Igúnnugún pa guuru mádìẹ; kò leè gbe.,"The vulture rushes at the chicken, but it cannot carry it off.",One should not attempt what one knows one cannot accomplish.,part2.docx,,
YOR1263,Igba ẹranko kì í dènà de ẹkùn.,Two hundred animals will not lie in ambush for a leopard.,Exercise prudence and recognize an adversary that is more than your match.,part2.docx,,
YOR1264,Ìgbà yí làárọ̀? Arúgbó ńkọgba.,Is it just morning now? The old man is striv ing to make two hundred heaps a day.,The efforts that would have been commendable if timely are now worthless.,part2.docx,,
YOR1265,Ìgbà yí làárọ̀? Arúgbó ńṣoge.,Is it just morning now? The old person is grooming himself or herself.,Never wait until it is too late before you look to your well-being.,part2.docx,,
YOR1266,Ìgbé a gbé ìyàwó kò ṣéé gbé owó.,The strategy one adopts in acquiring a wife will not do with regard to money.,What suffices in one situation may not be applicable in another.,part2.docx,,
YOR1267,Igbe kí-ni-ngó-jẹ-sùn ní ḿpọ̀lẹ.,The cry ‘‘What shall I eat for supper?’’ is what kills the lazy person.,The lazy person would rather put effort into lamenting his or her fate than into gainful employment.,part2.docx,,
YOR1268,Ìgbín kì í tẹnu mọ́gi kó má gùn ún.,The snail will not fasten onto a tree and fail to climb it.,"Once one takes on a job, one should see it through.",part2.docx,,
YOR1269,Ìgbín kọ mímì ejò.,The snail rejects the fate of being swallowed by a snake.,There are some perils to which one is immune.,part2.docx,,
YOR1270,"Ìjà ò mọ ẹ̀gbọ́n, ó sọ àbúrò dakin.",Fighting knows not who is the elder; it makes a hero of the younger.,"In certain situations, prowess is more important than age.",part2.docx,,
YOR1271,Ìje òun oore ní mú ọmọ siṣẹ́.,Competition and reward are the inducements for a child to work hard.,It is the wish to at least keep up with others or the hope for a reward that makes one work hard.,part2.docx,,
YOR1272,Ìjẹkújẹ kì í pa ahanrandi.,Careless eating does not kill the worm ahanrandi.,One can do what one pleases without fear of repercussion.,part2.docx,,
YOR1273,Ikán ò lè rí ṣe lára ìgànná.,The termite can have no adverse effect on a wall.,Certain things are invulnerable to certain disasters.,part2.docx,,
YOR1274,Ikọ̀ tí ò mọ iṣẹ́-ẹ́ jẹ́ nÍ ńjẹ́ ẹ lẹ́ẹ̀mejèe.,It is the messenger who does not know how to deliver a message properly that delivers it seven times over.,Incompetence imposes additional burdens on a person.,part2.docx,,
YOR1275,"Ìkòkò tí yó jẹ ata, ìdí ẹ̀ á gbóná.",The pot that wishes to eat pepper [stew] will first endure scalded bottoms.,Good things come only after great labor or suffering.,part2.docx,,
YOR1276,Ilá kì í ga ju akórè lọ kó má tẹ̀ ẹ́ ká.,The okro plant is never so much taller than the harvester that he or she cannot bend it to harvest.,The conscientious worker will always find the means to complete the task.,part2.docx,,
YOR1277,"Ilé tí a tó lọ sùn lọ́sàn-án, a kì í tó òru lọ sùn ún.","A house one has the right to sleep in during the day, one does not wait for the cover of night to go sleep in it.",One should not be coy about doing what one has the right to do.,part2.docx,,
YOR1278,"Ilé tí a tóó kun, a kì í bo ìtùfù-u rẹ̀.","A house one is in a position to burn, one does not conceal the torch to set it ablaze.",One need not be coy in doing what one has the authority or standing to do.,part2.docx,,
YOR1279,Ìlẹ̀kẹ̀ ọ̀pọ̀lọ́ ò yí olè lójú.,Frogs’ eggs do not attract the attention of the thief.,"If one has nothing for others to covet, one is safe from envy.",part2.docx,,
YOR1280,Ìlẹ̀kẹ̀-ẹ́ gbé orí àtẹ wú ọ̀lẹ.,Beads remain on the display tray and from there attract the admiration of the feckless person.,The feckless person can admire desirable things but will not have the means to purchase them.,part2.docx,,
YOR1281,"Ìlérí adìẹ, asán ni lójú àwòdì.",The chicken’s boasts are unavailing before the kite.,The puny person who threatens a formidable person fools himself or herself.,part2.docx,,
YOR1282,Ìlọrin ò lóòṣà; ẹnu lòòṣà Ìlọrin,The Ìlórin person has no god; his or her mouth is his or her god.,The person under reference is all mouth and no substance.,part2.docx,,
YOR1283,"Ìmúmúnàá abìdí sembé-sembé; ìmúmú nàá ò dáná rí, tiná-tiná ní ḿbá kiri.",Firefly with its rear ablaze: the firefly has never kindled a fire but carries fire with it wherever it goes.,Said of people who want results without making any effort.,part2.docx,,
YOR1284,Iná kì í jó kí ògiri sá.,Fire does not rage and cause a wall to flee.,Certain entities are invulnerable to certain dangers.,part2.docx,,
YOR1285,Iná kì í jó kó wọlé akàn.,A fire does not rage and enter the home of the crab.,An incantatory observation invoking immunity for a person from some danger.,part2.docx,,
YOR1286,Ìpa à ńpoṣè ara ló fi ńsan.,Our attempt to kill the oṣè tree only makes it fatter.,Some people prosper in spite of their enemies’ machinations.,part2.docx,,
YOR1287,Ìpẹ̀ta lọṣẹ àpọ́n.,The sap of the violet tree is what the bache lor uses for soap.,A person who lacks the means to provide properly for himself or herself must be resourceful at making do.,part2.docx,,
YOR1288,Ìpilẹ̀ ọrọ̀-ọ́ lẹ́gbín.,The beginning of wealth is chock-full of filth.,Success comes after great effort and much headache. ,part2.docx,,
YOR1289,"Ìpọ́njú lọmọdé fi ńkọ́Fá, ìgbẹ̀hìn-in rẹ̀ a dẹni.","A child’s learning of Ifá is full of privations, but the outcome is a life of ease.",The ease that comes in the end makes up for the effort to achieve one's goal.,part2.docx,,
YOR1290,"Ire tí ọwọ́-ọ̀ mi ò tó, ma fi gọ̀gọ̀ fà á.","The good my hand cannot reach, I will pull down with a hooked stick.",I will spare no effort in pursuit of my goals.,part2.docx,,
YOR1291,Ìríkúrìí kì í fọ́ ojú.,Evil sights do not make the eyes go blind.,There is nothing in the offing that one cannot withstand.,part2.docx,,
YOR1292,"Irínwó ẹfọ̀n, ẹgbẹ̀rin ìwo; ogún-un Fúlàní, ójì-i bàtà: Ògídíolú ò wẹ̀hìn tó fi lé Adalo lùgbẹ́.",Four hundred buffaloes with eight hundred horns; twenty Fulbe men and forty shoes: Ògídíolú did not look back until he had chased Adalo into the bush.,Comment on aformidable man who does not flinch before any enemy.,part2.docx,,
YOR1293,Ìròjú baba ọ̀lẹ.,Shirking work [is the] father of laziness.,The person who will not work is worse than a lazy person.,part2.docx,,
YOR1294,"Ìrókò o-nígun-mẹ́rìn-dín-lógún ò tó erin-ín gbémì, áḿbọ̀ǹtorí ìtóò a-lára-bóró bóró",,A person not defeated by a formidable obstacle will certainly not be stopped by a minor irritant.,part2.docx,,
YOR1295,Ìrònú ìkokò ní yó pa ajá.,Worrying about the wolf is what will kill the dog.,Some people are already vanquished by the mere anticipation of a struggle.,part2.docx,,
YOR1296,Ìrọ́jú ni ohun gbogbo; ojoojúmọ́ ní ńrẹni.,Perseverance is everything; one gets tired daily.,One should not fold up in the face of the first trial. ,part2.docx,,
YOR1297,Ìsàlẹ̀ ọrọ̀ l'ẹ́gbín.,The dregs of wealth are filthy.,Wealth comes only after one has endured a great deal of rubbish.,part2.docx,,
YOR1298,"Isán ḿbọ́jú, ìtàlá ńwẹsẹ̀.","Nine days wash the face, thirteen days wash the feet.",Said of a person who takes an eternity to do simple things.,part2.docx,,
YOR1299,Ìṣẹ́ kí í ṣe ohun àmúṣeré; ìyà kì í ṣe ohun àmúṣàwàdà.,Destitution is not something to treat with levity; mysery is nothing to joke about.,One should not trifle with one’s problems.,part2.docx,,
YOR1300,Iṣẹ́ loògùn ìṣẹ́.,Work is the antidote for destitution.,One must work in order to better one’s condition.,part2.docx,,
YOR1301,Ìṣẹ́ ní òun ó kòówó; ìyà-á ní òun ó sìngbà; réderède-é ní òun ó ṣe onígbọ̀wọ́: ta ní jẹ́ rere nínú-u wọn?,Destitution proposes to trade its services for money; suffering proposes to pawn itself for money; wretchedness proposes to stand surety for them: which of them has anything going for it? ,In a community of losers no one person can be expected to turn the situation around.,part2.docx,,
YOR1302,"Iṣẹ́ ajé le, ó tó ọpa.","Gainful employment is tough, as tough as a supple pole. ",Gainful work is not easy.,part2.docx,,
YOR1303,Ìṣẹ́ ńṣẹ́ ọ ò ńrojú; ta ni yó fùn-ún ọ ni oògùn-un rẹ̀?,Destitution grips you and you sit scowling; who will give you the antidote?,One should take practical steps to solve one’s problem rather than sit around moping.,part2.docx,,
YOR1304,"Ìṣẹ́ ò gbẹ́kún, ebí jàre ọ̀lẹ.",Destitution does not yield to tears; hunger has a claim on the shiftless.,One does not end destitution by simple lamentation; whoever does not work is a fair victim to hunger.,part2.docx,,
YOR1305,Iṣẹ́ ọ̀gẹrọ̀ lọ̀lẹ́; kò jẹ́ wá iṣẹ́ agbára.,The lazy person knows how to do only things that call for little effort; he or she never seeks out work that demands strength.,Said of those who always look for the easiest way out of a dilemma.,part2.docx,,
YOR1306,"Ìṣẹ́ tó ṣẹ́ ọmọ lógún ọdún, ìyà tó jẹ ọmọ lọ́gbọ̀n oṣù, bí kò pa ọmọ, a sÍ lẹ́hìn ọmọ.","The poverty that has plagued a child for twenty years, the suffering that has been the fate of a child for thirty months, if it does not kill the child should leave the child in peace.",Perseverance puts an eventual end to all suffering.,part2.docx,,
YOR1307,"Iṣẹ́-ajé-ò-gbé-bòjì, ọmọ ẹ̀ Òjíkùtù.",Gainful-work-does-not-keep-to-the-shade; his or her child is named First-up-at-dawn.,Success in life calls for self-sacrifice.,part2.docx,,
YOR1308,Iṣu àtẹnumọ́ kì í jóná; ọ̀kà àtẹnumọ́ kì í mẹrẹ; àwòdì kì í gbé adìẹ à-tẹnu-kunkun-mọ́.,The yam one does not stop speaking about will not get burned; the corn meal one speaks constantly about does not become too well done; a chicken that is the subject of constant caution does not get snatched up by a hawk.,Anything that is the subject of constant attention will not be ruined.,part2.docx,,
YOR1309,Iṣu ẹni kì í fini pe ọmọdé kó má ta.,"One’s yam will not, because one is only a youth, refuse to grow to maturity.",Even a youth can accomplish much if he or she makes an effort.,part2.docx,,
YOR1310,Iṣú wà lọ́wọ́ ẹ; ọ̀bẹ́ wà lọ́wọ́ ẹ.,"The yam is in your hand, and the knife is in your hand.","Said to encourage one to do what he or she has to do without further delay, especially when all requisite conditions have been met.",part2.docx,,
YOR1311,"Ìwà ọ̀lẹ ḿba ọ̀lẹ lẹ́rù; ọ̀lẹ́ pàdánù, ó ní aráyé ò fẹ́ràn òun.",The lazy person’s character fills him or her with fear; the lazy person loses all and complains that the world hates him or her.,Each person is more the architect of his or her own fortune than the victim of others’ machinations.,part2.docx,,
YOR1312,Ìwòyí èṣí ewùrà-a baba-à mí ti ta: ìrègún rere ò sí ní bẹ̀.,By this time last year my father’s water-yam had grown huge’’: that is nothing good to reminisce about.,"One should look to the present instead of dwelling on past achievements, and others’ at that.",part2.docx,,
YOR1313,Ìyà tó ńjẹ ọ̀lẹ ò kéré: a-lápá-má-ṣiṣẹ́.,The malaise that afflicts the lazy person is not trifling: [it is] one-who-has-arms-that-will-not-work.,Laziness is a great affliction.,part2.docx,,
YOR1314,"Ìyànjú là ńgbà; bí a ò gbìyànjú, bí lẹ là ńrí; ojoojúm ní ńrẹni.",One simply makes an effort; if one does not make an effort one seems like a shiftless person; one copes with weariness daily.,"In spite of weariness, one must still make a decent effort at one’s calling.",part2.docx,,
YOR1315,"Ìyáwọ́, ìyásẹ̀ lajá fi ńpa ehoro; wàrà wàrà lẹkùn ńgùn.",Nimble hands and nimble feet make it possible for a dog to kill a rabbit; the leopard attacks its prey with lightning speed.,One should be brisk about what one has to do.,part2.docx,,
YOR1316,Jagajìgì ò mọ ogun; ogun ńpa elégbèje àdó.,"Loading the body down with charms has no effect in a war; war kills even the per son carrying 1,400 juju gourdlets. K",One should trust in one’s arms rather than in one’s charms.,part2.docx,,
YOR1317,"Kàkà kí ilẹ̀ kú, ṣíṣá ni yó ṣàá.","Rather than die, the earth will only become bare.","One may be inconvenienced by one’s enemies’ machinations, but one will not be destroyed by them.",part2.docx,,
YOR1318,"Kí á gbé ọkọ́ so sájà ká pète imẹ́lẹ́, ojúgun-ún yó tán ó fíkùn sẹ́hín.","Hiding the hoe in the loft and contriving to shirk work, the shin ate its fill and developed a stomach at its back.",Said of people who shirk work but eagerly partake of the rewards.,part2.docx,,
YOR1319,Kí á ránni níṣẹ́ ò tó ká mọ̀ ọ́ jọ́.,To be sent on an errand is nothing compared to knowing how to carry it out.,The good servant is the one who can perform his or her tasks well.,part2.docx,,
YOR1320,Kí a re odò ká sùn; kí ni ará ilé yó mu?,"If we go to the river and sleep there, what will the people left at home drink?",We must not fail those who depend on us.,part2.docx,,
YOR1321,"Kí á tó bí ọmọdé, ẹnìkan là ḿbá ṣeré.","Before the child was born, one had someone as a playmate.","Message to someone that before he or she came around, one got along rather well and would do so again if that person were to disappear from the scene.",part2.docx,,
YOR1322,Kì í kan ẹni ká yẹrí.,"When a duty is one’s turn, one does not duck it.",One must step up and carry out one’s responsibility when the time comes.,part2.docx,,
YOR1323,Kì í rẹ òòrẹ̀ kó rẹ sinsin ìdí ẹ̀.,"The porcupine may tire, but never the quills at its rear.",One can never be so tired that one will leave oneself defenseless.,part2.docx,,
YOR1324,Kì í tán nígbá osùn ká má rìí fi pa ọmọ lára.,The calabash of camwood is never so empty that one does not find enough in it to rub on a baby.,One may lack many things but never the means to fulfill one’s obligations.,part2.docx,,
YOR1325,Kí ni eégún ńwò tí kò fi òwúrọ̀ jó?,What was the masquerader looking at that he did not take advantage of the morning to dance?,One should not dawdle but rather do things at the mosyt opportune moment,part2.docx,,
YOR1326,Kí ní ḿbẹ nínú isà tí yó ba òkú lẹ́rù.,What is there in the grave to frighten a corpse?,There is nothing in the offing that one cannot cope with.,part2.docx,,
YOR1327,Kí ni ọmọ ẹyẹ ó ṣe fún ìyá ẹ̀ ju pé kó dàgbà kó fò lọ?,What will a nestling do for its mother other than become mature and fly away?,People who are powerless to help one cannot hurt one by witholding their support.,part2.docx,,
YOR1328,Kí òyìnbó tó dé la ti ńwọ aṣọ.,"Long before the white man came, we were wearing clothes.",One got along pretty well before a certain person came on the scene.,part2.docx,,
YOR1329,"Kíkú ajá, ng kò ní omitooro ẹ̀-ẹ́ lá; àìkú ẹ̀ ng kò ní pè é rán níṣẹ́.","When the dog dies, I will not lick the stew made with it; alive, I will not send it on an errand.",One has absolutely no use for the person at whom the proverb is directed.,part2.docx,,
YOR1330,Kìnìún ò níí ṣàgbákò ẹkùn.,A lion does not face peril from a leopard.,The stronger person has nothing to fear from the weaker.,part2.docx,,
YOR1331,"Kò ka ikú, àdàbà sùú-sùú tí ńj láàrin àṣá.","It fears not death, the pigeon that forages among hawks.",Said of people who habitually court danger.,part2.docx,,
YOR1332,Kò sí alápatà tí ńpa igún.,There is no butcher who slaughters the vulture for sale.,"Certain actions are forbidden. Or, one is beyond the power of one’s enemies.",part2.docx,,
YOR1333,"Kò sí bí igbó ṣe lè ta kókó tó, erin óò kọjá.","No matter how knotty the bush might be, the elephant will find a way through it.",No obstacle can stop a resourceful and formi dable person.,part2.docx,,
YOR1334,Kò sí èrè nínú-u ‘‘Gba owó kà.’’,There is no profit in ‘‘Take this money and count it [for me].’’,One cannot depend on profiting from others’ industry.,part2.docx,,
YOR1335,"Kò sí ewu lóko, àfi gìrì àparò.",There is no danger on the farm except for the sudden noise of partridges taking to the air.,An incantatory wish that all dangers will stay well away from oneself or some subject of one’s wishes.,part2.docx,,
YOR1336,"Kò sí ẹni tí Ọlọ́run ò ṣe fún, àfi ẹni tó bá ní tòun ò tó.","There is no one to whom God has not been generous, only those who will say he has not been generous enough.",Everyone has something to be thankful for.,part2.docx,,
YOR1337,Kò sí ibi tí kò gba ọ̀gọ̀; ọ̀lẹ layé ò gbà.,There is no place where a fool is not welcome; the world rejects only shiftless people.,"People may be foolish, but they had better not be shiftless.",part2.docx,,
YOR1338,Kò sí ibi tí ọwọ́-ọ̀jà erin ò tó.,There is no place an elephant’s trunk cannot reach.,There is no place beyond a person’s reach or influence.,part2.docx,,
YOR1339,Kò sí ikú tí kò rọ adìẹ lọ́rùn,There is no manner of death that is inconvenient for the chicken.,One is game for whatever propositions another might make.,part2.docx,,
YOR1340,Kò sí ohun tí ńti òkè bọ̀ tí ilẹ̀ ò gbà.,There is nothing dropping from above that the earth cannot withstand.,There is no eventuality that one cannot cope with.,part2.docx,,
YOR1341,Kò sí oúnjẹ tí ḿmú ara lókun bí èyí tí a jẹ sẹ́nu ẹni lọ.,There is no food that nourishes one’s body like what one puts in one’s own mouth.,The only thing one can be sure of is what one has in one’s possession.,part2.docx,,
YOR1342,Kùtù-kùtù kì í jíni lẹ́ẹ̀méjì; kùtù-kùtù ní ńjẹ́ òwúrọ̀;; biri ní ńjẹ́ álẹ́.,Early dawn does not wake one twice; early dawn is the morning; deep darkness is night.,The morning comes only once; whoever wastes it will discover too late that night has fallen.,part2.docx,,
YOR1343,Labẹ́-labẹ́ ò bá tìjà wá odò; kanna kánná ò bá ti ẹ̀kọ wá oko.,The labẹ́-labẹ́ plant did not come to the river looking for a fight; the crow did not come to the farm in search of corn gruel.,One may be minding one’s business when one is provoked but should nevertheless be prepared to respond.,part2.docx,,
YOR1344,Labẹ́-labẹ́ ò bẹ̀rù ìjà.,The labẹ́-labẹ́ plant is not afraid of a fight.,One is prepared for whatever trouble might come one's way.,part2.docx,,
YOR1345,"Lékèélékèé gbàràdá, ó gba tẹlòmíràn mọ.",The cattle egret borrows wonders to per form and performs enough for itself and others.,Said of people who have done far more than anyone expected of them.,part2.docx,,
YOR1346,Lójú-lójú là ńwo ẹni tí a óò kéwì fún.,It is directly in the eyes that one looks at the subject of the praise poem one is performing.,One should squarely face the person with whom one has business.,part2.docx,,
YOR1347,"""Má kọjá mi Olùgbàlà"" kì í ṣe orin àkúnlẹ̀kọ.","""Pass me not by, dear Redeemer"" is not a song one sings on one’s knees.",The Redeemer helps only those who make an effort on their own behalf.,part2.docx,,
YOR1348,Máà gbíyè lógún; ti ọwọ́ ẹni ní ńtóni.,Place not your hopes in inheritance; the product of one's hand labor is what sustains one.,Whoever trusts in inheritance courts disasater.,part2.docx,,
YOR1349,"Ní teere, ní tèèrè, Ṣàngó ṣe bẹ́ẹ̀ ó jó wọjà.","Erratically, with almost imperceptible forward movement, just so Ṣango danced until he was at the market. ","If unimpeded or unattended to, a seemingly negligible development will eventually assume proportions one cannot ignore.",part2.docx,,
YOR1350,Màrìwò ò wí fúnra wọn tẹ́lẹ̀ tí wọ́n fi ńyọ.,Palm fronds do not consult with one another before they sprout.,Each person is responsible for his or her own decisions.,part2.docx,,
YOR1351,"Màrìwò ò wojú ẹnìkan, àfi Ọlọ́run.",Palm fronds look up to no one except God.,One’s trust is in God only.,part2.docx,,
YOR1352,"Mo di arúgbó ọdẹ tí ńtu olú, mo di àgbàlagbà ọdẹ tí ńwa ògò gò láàtàn; mo di ògbólógbòó akítì tí ńgba ìbọn lọ́wọ́ ọdẹ.",I have become an aged hunter reduced to gathering mushrooms; I have become an old hunter good only for digging palm weevils; I have become an aged monkey that snatches the gun from the hunter’s grip.,A helpless person pushed to the wall will somehow find the means to put up a fight.,part2.docx,,
YOR1353,‘‘Mo kúgbé’’ lehoro ńdún lóko; ‘‘Mo mówó rá’’ làparò ńdún lábà-a bàbà.,‘‘I have perished!’’ is the cry of the hare in the bush; ‘‘I have destroyed things worth a lot of money!’’ is the cry of the partridge in the guinea-corn field.,A worthless person can also be counted upon to destroy things of value.,part2.docx,,
YOR1354,Mo ṣe é tán ló níyì; a kì í dúpẹ́ aláṣekù.,‘I have completed the job’’ is what deserves praise; one does not thank people who leave a job only half done.,"Whatever one embarks upon, one should see it through.",part2.docx,,
YOR1355,Múlele múlèle: ilá tí ò mú lele ò léè so; ikàn tí ò mú lele ò léè wẹ̀wù ẹ̀jẹ̀.,High potency upon high potency: the okro that lacks high potency cannot fruit; the bitter tomato that lacks high potency cannot achieve the blood-red complexion.,Sharpness is a requisite quality for success.,part2.docx,,
YOR1356,"Ngó lọ, ngó lọ! Lòbìnrín fi ńdẹ́rù ba ọkùnrin; ""Bóo lè lọ o lọ"" lòkùnrín fi ńdẹ́rù ba obìnrin.","If you have a mind to leave, go ahead and leave!’’ is the retort a man throws at a woman.",Every person in a relationship has something he or she can hold over the others.,part3.docx,,
YOR1357,"Ní inú ẹ̀gún, ní inú-u gọ̀gọ̀, ọmọ ayò a ṣara bòró.","In the midst of thorns, in the midst of crooked twigs, the ayò seeds remain smooth.",A person who will thrive will do so in spite of adversities.,part3.docx,,
YOR1358,"Ní inú òfÍÌ àti ọ̀láà, ọmọ páńdọ̀rọ̀ ńgbó.","Despite being blown hither and thither in the gale, the fruits of the sausage tree survive to maturity.",Some people will thrive despite adversities.,part3.docx,,
YOR1359,Ní inú òwú la ti ḿbù ṣènì òwú.,It is out of one’s stock of cotton that one takes some for makeweight.,It is to one’s treasury that one resorts for investments to build the treasury further.,part3.docx,,
YOR1360,"Ní ọjọ́ eré nìyà ńdun ọ̀lẹ; kàkà kó wọlé kó jáde a fọwọ́ rọ igi, a pòṣé ṣàrà.","It is on the day of festivities that the lazy person is miserable; instead of going inside his room and emerging again [in other words, fetching gifts for the revelers], he leans his arms against a tree and hisses incessantly.",Shiftless people eventually reap the disgrace of their laziness when they are unable to do what is socially expected of them.,part3.docx,,
YOR1361,"Ò báà kúrú, ò báà párí, gbèsè ò sí, ẹ̀sín ò sí; onígbèsè ló lè fini ṣẹ̀sín.","One may be diminutive, and one may be bald, but without debt one has not earned ridicule; only one’s creditor has grounds to poke fun.","However much one might be devoid of accomplishments, as long as one stays out of debt, one’s dignity is intact.",part3.docx,,
YOR1362,Ó gbọ́ tiyán sògìrì mọ́dìí; ó gbọ́ toko sọ àdá nù.,On hearing about pounded yam he girded himself with cooked melon seeds for stew seasoning; on hearing about farm work he threw his cutlass away.,The lazy person will eagerly heedthe summons to eat but not to work.,part3.docx,,
YOR1363,Ó di ọjọ́ tí àkàrà ìyá kùtà ká tó mọ ọmọ tó lè jẹ̀kọ.,It is only on the day when the mother’s bean fritters do not sell that one knows which child can consume large quantities of corn meal.,One knows the good worker not at the time of boasting but when there is work to be done.,part3.docx,,
YOR1364,"O kò gun ẹṣin lọ́sàn-án, o ò gun èèyàn lóru, o ò du n kan kàrà-kàrà; báwo lo ṣe lè ní káyé má fọ̀ọ́?",You do not ride a horse by day; you do not ride people by night; and you do not make great exertions to achieve any goal. How could you have a say in saving the world from disaster?,A person who makes no effort cannot affect human affairs.,part3.docx,,
YOR1365,"O kò ṣá igi lọ́gbẹ́, o o ò sọ ògùrọ̀ lọ́fà, o dédìí ọ̀pẹ o gbẹ́nu sókè ò ńrẹtí; ọ̀fẹ́ ní ńro?",You did not slash the trunk with a cutlass; you did not shoot an arrow at the top of the palm-wine-producing palm tree; you come to the foot of the palm tree and raise your open mouth. Does it drip all by itself ?,Said of people who expect to reap benefits where they have not made any effort.,part3.docx,,
YOR1366,‘‘Ó kù díẹ̀ kí nwí’’: ojo ní ńsọni da.,‘I was just on the verge of speaking my mind’’: it only makes one into a coward.,One should either engage or refrain from making excuses.,part3.docx,,
YOR1367,"Ó ní ibi tí ó ńdé, itọ́-dídámì nínú ààwẹ̀.","It goes some way [in assuaging hunger], saliva swallowing during a fast.",Every little effort helps.,part3.docx,,
YOR1369,"Ó pa obì, ó yọ abidún-un rẹ̀.",He split the kola-nut pod open and also removed the bad among the seeds.,Said of a person who has fulfilled an obligation to the utmost.,part3.docx,,
YOR1370,"Obìnrin tẹ́ẹ́rẹ́ yẹ ọkọ ẹ̀ níjọ́ ijó, obìnrin tí gídÌgbá yẹ ọkọ ẹ̀ níjọ́ èbù; bó bá ru ọgọ́rùn-ún èbù tán a kó kébé-kébé níwájú ọkọ.","A slender woman is the joy of her husband on a day of dancing, but a hefty woman is her husband’s joy on the day of yams quartered for planting; after she has toted a hundred yam pieces, she walks smartly [toward the farm] ahead of her husband.",Good looks are not all that make a good wife.,part3.docx,,
YOR1371,"Obìnrin tí yó fẹ̀ẹ́ alágbára, ọkàn kan ní ḿmú.",A woman who would marry a formidable man must have an unwavering mind.,"Once one has made a decision on an important matter, one should remain resolute.",part3.docx,,
YOR1372,"Òbúrẹ́wà ẹni, tòrìṣà ni; àìràṣọlò, tolúwarẹ̀ ni.",A person’s ugliness is the god’s doing; the person’s lack of clothing is his or her own fault.,"One must take responsibility for some conditions, but cannot be blamed for others.",part3.docx,,
YOR1373,Odídẹrẹ́ kì í kú sóko ìwájẹ.,The parrot never dies in the grazing field. ,"A prayer that just as the parrot always returns home from grazing, the subject of the prayer will return safely from a business venture away from home.",part3.docx,,
YOR1374,Odò kì í kún bo ẹja lójú.,A river does not so swell as to be over the head of the fish.,A statement that an adversary at his most powerful can never pose a threat.,part3.docx,,
YOR1375,Odò tí a bá mọ orísun ẹ̀ kì í gbéni lọ.,A river whose source one knows does not carry one away.,A person whose beginning one knows cannot pose a great threat.,part3.docx,,
YOR1376,Odó tó bá tojú ẹni kún kì í gbéni lọ,A river that swells in one’s presence does not carry one away.,A danger that one sees in the making can be avoided.,part3.docx,,
YOR1377,Ogun kì í rí ẹ̀hìn ogun.,An army does not see the rear of an(other) army.,One should face one’s adversary squarely.,part3.docx,,
YOR1378,"Ogún ọdún tí ebí ti ńpa ọ̀gà, ìrìn-in fàájì ó padà lẹ́sẹ̀-ẹ rẹ̀.","In all the twenty years that the chameleon has been in the throes of hunger, its dignified gait has not deserted it.",The dignified person never allows himself or herself to be ruffled by adversity.,part3.docx,,
YOR1379,Ògbógbó àwọ̀n ní ḿbi ajáko.,It is a mighty net that can trip the civet cat.,It takes extraordinary efforts or capabilities to accomplish extraordinary tasks.,part3.docx,,
YOR1380,Ohun kan ladìẹ ńjẹ kágbàdo tó dé.,The chicken had something to eat before there was corn.,A statement that one does not depend on somebody else since one survived before his or her arrival,part3.docx,,
YOR1382,Ohun tí a bá gbìn la ó kàá.,What one plants is what one reaps.,Every action has its proper reward. ,part3.docx,,
YOR1383,Ohun tí a bá gbín sẹ́hÌn la ó padà bá.,Whatever one sows behind one is what one will return to find.,One reaps whatever one sows. ,part3.docx,,
YOR1384,Ohun tí a fún ẹ̀ṣọ́ ṣọ́ ni ẹ̀ṣọ́ ńṣọ́.,Whatever one hands to a warrior to look after is what he looks after.,One should concentrate on the duty entrusted to one.,part3.docx,,
YOR1385,Ohun títán lọdún eégún.,The annual egúngún festival is not endless.,Every condition ends sometime.,part3.docx,,
YOR1386,"Ohun tó ṣe ìjímèrè tó fi gungi ẹ̀gẹ̀, bí kò bá rí ohun tó jù bẹ́ẹ̀l ọ kò ní sọ̀kalẹ̀.","Whatever it was that sent the brown monkey climbing to the top of the thorny acacia tree, unless it sees something even more terrifying, it will not climb down.",It takes a threatened catastrophe to make one look kindly on minor inconveniences.,part3.docx,,
YOR1387,"Ohun tó ṣe ìwọ̀fà tí kò fi wá sóko olówó, bójú bá kan ojú yó sọ fún olówó-o rẹ̀.","Whatever caused the pawned worker to stay away from the creditor’s farm, when the two come face to face, he or she will have some explaining to do.",Whoever shirks his or her duty will eventually have to explain why.,part3.docx,,
YOR1388,Òjìji ò bẹ̀rù ọ̀fìn.,The shadow has no fear of the gully.,One has no need to fear a harmless adversary.,part3.docx,,
YOR1389,Òjìjí ṣe lẹ́gẹ́-lẹ́gẹ́ má wòó.,The shadow lacks substance but it never crashes.,Apparent fragility may mask real resilience.,part3.docx,,
YOR1390,"Òjò ìbá rọ̀, kí ladẹ́tẹ̀ ìbá gbìn? Ọwọ́ adẹ́tẹ̀ ò ká ẹyọ àgbàdo mẹ́wàá.","Were it to rain, what would the leper have planted? A leper’s palm cannot scoop ten grains of corn.",Said of people who blame their deficiencies on flaws in Nature.,part3.docx,,
YOR1391,"Òjó jìyà gbé; alágbára-á bú u, ó gun àjà; a tọ̀ ọ́.","Òjó is victimized without recourse; a bully insults him, he goes to hide in the rafters, and his nemesis follows him there.",Said of poeple who are powerless to stop being victimized.,part3.docx,,
YOR1392,"Òjò pamí, òjò pa ère-è mi; òjò ò pa ẹwà ara-à mi dànù.","The rain may beat me, and the rain may beat my statue; the rain cannot wash away my good looks.",Adversity will not get the better of me.,part3.docx,,
YOR1393,"Òjòjò ọ̀lẹ ò tán bọ̀rọ̀, ọ̀lẹ́ bà á tì ó dáná orí.",A lazy person’s illness is not soon over; the lazy person finds no way out and prepares a fire to warm his head.,"A lazy person will use every excuse to avoid any obligation, and when he cannot avoid it, his fulfillment of it is always pitiable.",part3.docx,,
YOR1394,"Òjò-ó pa odídẹ àlùkò ńyọ̀, àlùkò-ó rò pé ìkó bàjẹ́; òjó mú ìkó wọṣọ.","Rain beats the parrot and the touraco re joices, thinking that the parrot’s tail feather is ruined; the rain only makes the tail feather brighter.",The occurrence one’s adversaries hoped would destroy one only improved one’s fortunes.,part3.docx,,
YOR1395,"Òjò-ó pọnmi fún ọ̀lẹ, kò ṣẹ́gi fún ọ̀lẹ.","The rain provides water for the lazy person, but it does not fetch firewood for the lazy person.","Parasites can have only so much done for them, never everything.",part3.docx,,
YOR1396,"Ojú abaníjẹ́ pọ́n, kò lè tan fítílà.","The detractor’s eyes glow red, but they cannot light a lamp.",A detractor’s slanderous efforts are in vain.,part3.docx,,
YOR1397,"""Ojú àna-à mi ò sunwọ̀n""; kò ju kó gba ọmọ ẹ̀ lọ.","""The look on my parent-in-law’s face is baleful""; the worst he or she can do is take his or her daughter back.",There is a limit to which a benefactor’s withdrawal of his or her beneficence can hurt one.,part3.docx,,
YOR1398,Ojú kì í pọ́n iṣin ká má bàá wóró nínú ẹ̀.,The Akee apple is never so blighted that one does not find a seed in it.,"Whatever befalls, one will be left with some residual property.",part3.docx,,
YOR1399,Ojú kì í pọ́n iṣin kó má là.,The Akee apple is never so blighted that it does not eventually split open.,"Whatever misfortune might befall, one would be able to do those things that are second nature.",part3.docx,,
YOR1400,Ojú là ńrọ́; ògó ṣòro-ó ṣe.,One only tries one’s best; heroic deeds do not come easy.,One’s best is enough.,part3.docx,,
YOR1401,Ojú lakàn-án fi ńṣọ́ orí.,The crab watches after its head with its eyes.,One should have one’s eyes open to protect one’s interests.,part3.docx,,
YOR1402,Ojú mẹ́wàá kò jọ ojú ẹni.,Ten eyes are not like one’s own.,Seeing something oneself is far better than hearing a report of it from ten people.,part3.docx,,
YOR1403,Ojú olójú kì í gba ọ̀ràn fúnni wò.,Other people’s eyes will not look after matters for you.,No one else will take care of your affairs.,part3.docx,,
YOR1404,Ojú olójú ò jọ ojú ẹni; a-ṣọ̀ràn-deni ò wọ́pọ̀.,Other people’s eyes are nothing like one’s own; minders of other people’s business are few.,No one can look after one’s affairs as one would oneself.,part3.docx,,
YOR1405,Ojú pọ́n koko má fọ̀ọ́; ọ̀gẹ̀dẹ̀ pọ́n koko má rọ̀; ọ̀rán fini dùgbẹ̀-dùgbẹ̀ yunni nù; ọ̀ràn tí ńfinni ò leè pani.,The eyes go red but do not go blind; the banana goes brilliant yellow but does not rot; a problem rattles one to the foundations and lets one go; a problem that rattles one will not kill one.,Every problem soon comes to an end in time.,part3.docx,,
YOR1406,"Ojú rẹ̀gbin kò fọ́, a-jọ̀-pọ̀-Ìyà-má-rù.","The eye looks on a filthy sight and does not go blind, [like] one who sustains a succession of sufferings without wasting away.",With resilience one will overcome all problems.,part3.docx,,
YOR1407,"Ojú ti kókó, ojú ti eéwo; ojú ti aáràgbá ìdí pẹ̀lú.","The lump that attacks the head is shamed, the boil is shamed, and the hardened tissue on the buttocks is shamed also.",An assertion of defiance in the face of adversity.,part3.docx,,
YOR1409,Ojú tó ti rókun ò níí rọ́sà kó bẹ́rù.,The eyes that have seen the ocean will not tremble at the sight of the lagoon.,"Once one has survived a grave peril, small incon veniences will not be unduly impressive. ",part3.docx,,
YOR1410,Ojúmọ́ kì í mọ́ kí ọwọ́ má yùn-ún ẹnu.,Never a day dawns that the hand does not make a trip to the mouth.,Certain obligations are unavoidable.,part3.docx,,
YOR1411,Òkè lẹyẹ ńfọhùn.,It is from aloft that the bird sounds off.,It is time for one to rise up.,part3.docx,,
YOR1412,"Òkè méjì kì í bínú ẹni; bí a bá gun ọ̀kan, à sì máa rọ ọ̀kan.","One cannot be bedeviled by two hills; if one ascends a hill, one descends a hill.",Every hill one must climb has a descent on the other side.,part3.docx,,
YOR1413,Ojúoró ní ńlékè omi; òṣíbàtà ní ńlékè odò.,The water lettuce always winds up on the surface of the water; the waterlily always winds up on the surface of the stream.,"Just as those plants remain on top of their habitats, so one will remain triumphant over one’s adversaries.",part3.docx,,
YOR1414,Òkìkí ajá kì í pa oṣù,A dog’s howling will not kill the moon.,The threats of ineffectual enemies amount to nothing.,part3.docx,,
YOR1415,Òkìkí ò poṣù; ariwo ò pagún; ibi ẹ rí ẹ kíbòsí-ì mi lọ.,"Being widely reputed does not kill the moon; being noised about does not kill the vulture; wherever you please, make a noise about me.",A statement that one is not bothered by people who spread stories about one.,part3.docx,,
YOR1416,Oko etílé ladìẹ́ lè rò.,The chicken is good at cultivating only the soil close by the home.,Said of people who boast when in the safety of their rooms but can do nothing once outside.,part3.docx,,
YOR1417,Òkò kan igi; Òkò padà sẹ́hìn kí o rebi o ti wá.,"Stone, hit a tree; stone, retrace your steps and return to whence you came.",Something of an incantation to send evil wishes back toward those who sent them.,part3.docx,,
YOR1418,Òkú ò moye à ńràgọ̀.,The corpse does not know the cost of the shroud.,The person who does not have to pay the bills does not care how expensive the things he wastes are.,part3.docx,,
YOR1420,Òkú ọ̀lẹ ó ní pósí.,A lazy person’s corpse does not merit a coffin.,"One does not receive in death a treatment one’s life has not earned. Or, one reaps what one sows.",part3.docx,,
YOR1421,Olójú kì í fojú sílẹ̀ kí tàlùbọ́ kó wọ̀ ọ́.,The owner of the eyes will not neglect them and watch foreign matter lodge in them.,One does not simply look on as one’s interests are jeopardized.,part3.docx,,
YOR1422,Olówó kì í fi owó ẹ̀ fún abòṣì na.,The rich person will not give his or her money to a poor person to spend.,Generosity has its limits.,part3.docx,,
YOR1423,Olówó mọ òwò.,The rich person is an expert at trading.,Success comes from expertise.,part3.docx,,
YOR1424,Omi adágún ò lè gbé màlúù lọ,A stagnant pool cannot carry off a cow.,Some adverse situations are annoyances only and pose no danger.,part3.docx,,
YOR1425,"Omi ló dànù, agbè ò fọ́.",It is the water that is spilled; the water gourd is not broken.,"A proverb usually used to console parents who have lost a child: the child is likened to the water, and the mother to the vessel.",part3.docx,,
YOR1426,Omi ḿbẹ látọ́.,There is water in the long-necked calabash.,One has resources that others may not know about.,part3.docx,,
YOR1427,Olúmọ Ẹ̀gbá ò ṣéé gbé.,The Olúmọ of the Ẹ̀gbá territory is impossible to carry.,Some tasks are absolutely impossible.,part3.docx,,
YOR1428,Omi ṣẹ́lẹ̀rú ò mu akèrègbè.,The water from a new spring will not cover a gourd to the top.,An upstart cannot defeat a veteran.,part3.docx,,
YOR1429,"Omí wọ́ yanrìn gbẹrẹrẹ, bẹ́ẹ̀ni omi ò lọ́wọ́, omi ò lẹ́sẹ̀.","Water drags the sand about, and yet water lacks hands and lacks legs.",One may not have a great deal but can nevertheless perform wonders.,part3.docx,,
YOR1430,"Oní ló ḿmọ, ìjà ọ̀lẹ.",It will all end sometime today’’: a lazy person’s motto in a fight.,The idler or shirker forced to perform some task is always eager for the day’s end.,part3.docx,,
YOR1431,Oníbàjẹ́ ó lódó; ẹnu gbogbo lodó-o wọn.,Detractors of others have no pestles; their mouths are their pestles.,Detractors have no weapons other thanb their mouths.,part3.docx,,
YOR1432,Oníbànà ní ńtjú òrobó; onídẹ ní ńtọ́jú awẹde.,It is he who has copper ornaments who must procure oranges; whoever has brass ornaments must procure the herb awẹdẹ.,Each person must see to procuring whatever he or she needs.,part3.docx,,
YOR1433,Onígbèsè èèyàn-án ti kú; a ò tÍÌ sìnkú ẹ̀ ni.,"The habitual debtor is already dead, except that he has not yet been buried.",Someone always in debt is no better than a dead person.,part3.docx,,
YOR1434,OníṢàngó ò mẹni tí òún ńwà lóògì dànù.,The Ṣango worshiper knows not whose ground corn he is spilling.,One does not care who is affected by one’s actions.,part3.docx,,
YOR1435,Oníṣe kì í fìṣe ẹ̀ sílẹ̀ re ibi; ó ńre àjò ó mú ìṣe ẹ̀ lọ́wọ́ gírígírí.,"The owner of a habit will not go on a journey and leave his habit at home; when he goes, he takes his habit along with him.",One cannot escape from one’s character.,part3.docx,,
YOR1436,Oníṣòwó wà lóòrùn; náwónáwó wà níbòji.,The person who does the trading is in the sun; the person who spends the money is in the shade.,A criticism of people who ex pend no effort but take advantage of other people’s exertions.,part3.docx,,
YOR1437,Oníṣú fiṣu ẹ se ẹ̀bẹ; ojú ti atèèpojẹ.,The owner of the yams makes yam pottage out of the yams; the person who eats the yam scrapings off the peels is shamed.,The parasite is shamed when the host finds a way to shut him out.,part3.docx,,
YOR1438,Oògùn kì í gbé inú àdó jẹ́.,A magical charm does not work from within its gourdlet.,One cannot expect any benefit from one’s resources without deploying them.,part3.docx,,
YOR1439,"Oòrùn ò kan àtàrí, ọwọ́ ò dá.",The sun has not risen directly above the head; working hands cannot cease their toil.,The day is for working.,part3.docx,,
YOR1440,"Oòrùn ò pa ọ́, òjò ò pa ọ́, o ní ò ńṣiṣẹ́ ajé.",The sun does not beat you; the rain does not beat you; yet you say you are engaged in a gainful pursuit.,Profitable labor is seldom pleasurable.,part3.docx,,
YOR1441,Orí adẹ́tù ńpète àrán; orí adáràn-án ńpète àtijọba.,The head that wears a cloth cap strives to wear a velvet cap; the one that wears a velvet cap strives to become a king.,Everyone hopes for a better tomorrow.,part3.docx,,
YOR1442,Orí iṣẹ́ laago ńkú lé.,It is while at work that a clock dies.,A vow never to stop working until death.,part3.docx,,
YOR1443,Orí kì í tóbi kólórí má lè gbé e.,A head is never so heavy that the owner cannot carry it.,One should always be capable of taking care of one’s affairs.,part3.docx,,
YOR1444,Orí ńlá kì í pá tán.,A huge head does not go completely bald.,"The more one has in abundance, the more cushion one has against reverses.",part3.docx,,
YOR1446,Orí olórí kì í báni gbẹ́rù.,Other people’s heads will not carry one’s load.,Each person must bear his own burden.,part3.docx,,
YOR1447,Òrìṣà tí ńgbọ̀lẹ ò sí; apá ẹni ní ńgbeni.,No god comes to the aid of shiftless people; only their arms aid them.,One’s well-being is in the muscular strength of one’s arms.,part3.docx,,
YOR1448,Òru ni ìnàhìn àgbẹ̀.,Nighttime is a farmer’s time to stretch the back.,"As long as the day lasts, there will be work to do.",part3.docx,,
YOR1449,Òṣìṣẹ́ lọ̀tá ọ̀lẹ.,The industrious person is the enemy of the shiftless person.,People with flaws hate those who might show them up.,part3.docx,,
YOR1450,Òṣìṣẹ́ wà lóòrùn; ẹní máa jẹ́ wà níbòji.,The laborer is in the sun; the person who will reap the fruit is in the shade.,Quite often those who do the work are not the ones who gain the benefits of the labor. ,part3.docx,,
YOR1451,Òwò àdá kì í pa àdá; òwò ọkọ́ kì í yọ ọkọ́ lẹ́nu.,A machete’s trade does not kill the machete; a hoe’s trade does not cause problems for the hoe.,A person’s forte does not constitute a problem for him or her.,part3.docx,,
YOR1452,"Owó ò mọ ẹ̀gbọ́n, ó sọ àbúrò dàgbà.",Wealth does not know who is the elder; it makes a senior of the younger person.,Suc cess does not depend on age or maturity.,part3.docx,,
YOR1453,Owó ò níran àfi ẹni tí kò bá ṣiṣẹ́.,"Money has no lineage, except for the person who will not work.",Money does not restrict itself to certain families; only the shiftless are shunned by money.,part3.docx,,
YOR1454,Owó olówó leégún ńná.,Other people’s money is what the masquerader spends.,The parasitic person always relies on other people’s largesse.,part3.docx,,
YOR1455,"Òwò tí a bá máa ṣe àṣelà, a kì í rí àpá lára ẹni.",The trade that one will pursue and that will make one prosper does not leave scars.,A pursuit that is destined to make one prosperous will not cause unbearable hardship.,part3.docx,,
YOR1456,"Òwò tí a fowó rà, owó la fi ńpa.","Merchandise that one buys with money, one earns money for.",One does not give away merchandise for which one paid money.,part3.docx,,
YOR1457,Òwò tí a ó ṣe là ńtọ́jú; Òjí fabẹ họra.,The trade one will pursue is the one one protects; Òjí scratches his body with a razor.,The gadgets people favor give away their trade.,part3.docx,,
YOR1458,Òyìnbó baba ọ̀nájà; ajé baba téní-téní.,The white man is the past master of trading; money is the guarantee of fashionableness.,Without money one cannot be fashionable.,part3.docx,,
YOR1459,Òyìnbó ta ọjà ta orúkọ; Ègún tajà ta èdìdì.,The white man sells merchandise with the name brand still attached; the Ègún person sells cloth still in its bundle.,"One deals with matters wholesale, as it were, not retail.",part3.docx,,
YOR1460,"Ọba tó fi iyùn bọlẹ̀, ọba tó wú u, àwọn méjèèjì la ó máa sọ orúkọ-ọ wọn.","The king who buries coral beads, the king who digs them up: both will have their names remembered by posterity.","Whoever performs an unprecedented feat, whatever it might be, will be remembered by posterity.",part3.docx,,
YOR1461,"Ọba tó sọ ẹgàn di erùfù, ọba tó sọ erùfù dẹgàn: àwọn méjèèjì la ó máa sọ orúkọ-ọ wọn.","The king who turned a forest into a sandy plain, the king who turned a sandy plain into a forest: both their names will be re membered by posterity.",Whoever performs a great feat will be remembered.,part3.docx,,
YOR1462,"Ọbẹ̀ tó dùn, owó ló pa á.",A delicious stew was procured with money.,Nothing good happens without money.,part3.docx,,
YOR1463,"Ọbẹ̀-ẹ́ tutù tán, a dawọ́ bù ú lá.","The stew having cooled, one hollows one’s palm to eat it.","When the back of a difficult task has been broken, people are eager to tackle it.",part3.docx,,
YOR1464,Ọ̀dájú ló bí owó; ìtìjú ló bí gbèsè.,It is brazenness that gives birth to wealth; it is excessive reticence that gives birth to poverty.,Nothing succeeds without some audaciousness.,part3.docx,,
YOR1465,Ọdọọdún làgbẹ̀ ńníyì.,It is every year that the farmer receives praise.,"Statement or prayer that some person will receive perennial praise, just as the annual harvest brings praise to the farmer.",part3.docx,,
YOR1466,"Ọdúnnìí ọdẹ́ pa erin; ẹ̀ẹ̀míràn ọdẹ́ pa ẹfúọ̀, ọdún mẹ́fà ọdẹ́ p òló; ọlá ńrewájú, tàbí ọlá ńrẹ̀hìn?",This year the hunter kills an elephant; the next year the hunter kills a buffalo; two years hence the hunter kills a grass mouse: is his glory increasing or decreasing?,"One should always strive for greater accomplishments, not lesser.",part3.docx,,
YOR1467,Ọ̀gẹ̀dẹ̀ dúdú ò ṣéé bùṣán; ọmọ burúkú ò ṣéé lù pa.,An unripe plaintain is not something to eat; a useless child is not something to beat to death.,Certain problems one simply has to live with.,part3.docx,,
YOR1468,"Ọjà tí a fowó rà, owó la fi ńpa.",One makes money from goods one purchased with money.,Do not make gifts of commodities purchased for trade. ,part3.docx,,
YOR1469,Ọ̀-jẹ-wọ̀mù wọ̀mù-kú-wọ̀mù wọ̀mù lorúkọ tí àpà ńjẹ́.,One-who-eats-recklessly-and-dies-recklessly is the name one calls a wonderful person.,Wasteful people will never learn the value of things.,part3.docx,,
YOR1470,Ọgbọ́n òyìnbó ti ojú òkun là wá; aṣọ kí ni ó borí akẹsẹ?,"The white man’s wisdom shines even across the seas; what cloth, though, is better than akẹsẹ cloth?","Despite the appeal of foreign goods, local wares are preferable.",part3.docx,,
YOR1471,Ọjọ́ a bá kọ́ ọ̀lẹ là ńkọ́ inú rírọ́.,The day one learns laziness is the day one should learn how to endure a painfully empty stomach.,The lazy person should not expect to be fed by others.,part3.docx,,
YOR1472,Ọjọ́ a bá rí ìbí nìbí ńwọlẹ̀.,The day one sees the afterbirth is the day it enters the earth.,"Once one perceives a threat, one can deal decisively with it.",part3.docx,,
YOR1473,Ọjọ́ eré lọ̀ràn ńdun ọ̀lẹ.,It is on the day of relaxation that the lazy person experiences regret.,People who did not save for a rainy day will be sorry when those who did save enjoy the benefits of their foresight. ,part3.docx,,
YOR1474,Ọjọ́ tí a dóko là ńjìjà ilẹ̀.,The day one gets to the farm is the day one fights over boundaries.,Do not procrastinate.,part3.docx,,
YOR1475,Ọjọ́ tí a ńkọ́ṣẹ́ là ńkọ́ ìyára.,The day one learns a trade is the day one learns to be quick at it.,Whatever one does should be done thoroughly and expertly.,part3.docx,,
YOR1476,"Ọlẹ́ bà á tì, ó kó sílé Ifá.","The lazy person fails at everything, whereupon he becomes an Ifá acolyte.",The lazy person finds easy tasks to do.,part3.docx,,
YOR1478,"Ọ̀lẹ, baba àrùn.","Laziness, father of all diseases.",Laziness is worse than any disease.,part3.docx,,
YOR1479,Ọ̀lẹ èèyàn ò rí ayé wá.,A lazy person has found no world to come to.,The lot of a lazy person in this world is misery.,part3.docx,,
YOR1480,"Ọ̀lẹ fẹ́ àrùn kù, ó bú pùrù sẹ́kún.","[If] the lazy person cannot find a disease to contract, he bursts into tears.",A lazy person would rather catch a disease than submit to work.,part3.docx,,
YOR1481,"Ọ̀lẹ fi ọ̀ràn gbogbo ṣe ""hòo.""",The lazy person replies ‘‘yes’’ to all propositions.,You will get no argument from a lazy person.,part3.docx,,
YOR1482,"Ọ̀lẹ́ jogún ìbànújẹ́, ó ní òún jogún ìran òun.",The lazy person inherits unhappiness; he says he has inherited the fate of his lineage.,"The lazy person has himself to blame, not his destiny.",part3.docx,,
YOR1483,Ọ̀lẹ́ jogún ìbáwí.,The lazy person inherits recriminations.,The lazy person is a tempting scapegoat.,part3.docx,,
YOR1484,"Ọ̀lẹ́ kákò,, ó di òjòjò.","The lazy person curls up, and his condition becomes a serious ailment.",The simplest tasks become impossible undertakings for the lazy person.,part3.docx,,
YOR1485,Ọ̀lẹ́ kún àárẹ̀ lọ́wọ́.,Laziness lends weariness a hand.,Laziness is often a contributor to weariness.,part3.docx,,
YOR1486,Ọ̀lẹ́ mọ èèwọ̀ ìjà: ó ní bàbá òún ní kóun má jà lọ́nà oko.,The coward knows the preventive for fighting: he says his father has ordered him not to fight on the way to the farm.,The coward will use every excuse to get out of a fight.,part3.docx,,
YOR1487,"Ọ̀lẹ́ ní ọjọ́ tí ikú bá pa òun, inú òhun á dùn. Ikú ní òun ó jẹ̀ẹ́ kí ojú ẹ̀ rí màbo.","The lazy person says on the day he dies, he will be happy. Death says he will visit him [the lazy person] with suffering that is out of this world.",There is no way for the lazy person to avoid suffering.,part3.docx,,
YOR1488,Ọ̀lẹ́ ní ọjọ́ tí òún bá kú òun ó yọ̀; ohun tí ojú ọ̀lẹ́ máa rí kó tó kú ńkọ́?,"The coward says he will rejoice on the day he dies, but what about the woes he will experience before he dies?","Death may offer the coward a respite, but he will suffer before death comes.",part3.docx,,
YOR1489,Ọ̀lẹ́ ò yẹẹ́ nì lọ́mọ.,A lazy person is not something one wants as a child.,Who wants a lazy child?,part3.docx,,
YOR1490,Ọ̀lẹ́ wáṣẹ́ rírọ̀ ṣe.,The lazy person seeks out an easy task to do.,Trust the lazy person to find the easiest tasks.,part3.docx,,
YOR1491,"Ọlọgbọ́n kì í kú sóko ọ̀lẹ; bí ọlọgbọ́n bá kú sóko ọ̀lẹ, ọ̀ràn náà-á nídìí.","The wise will not die on a farm for the lazy; if a wise person dies on a farm for the lazy, there must be some explanation.",The resourceful person will always find a way out of a predicament.,part3.docx,,
YOR1492,Ọlọ́mú dá ọmú ìyá ẹ̀ gbé.,Each child must lift its mother’s breast by itself.,Every person to his or her own resources.,part3.docx,,
YOR1493,Ọlọ́run yó pèsè; kì í ṣe bí èsè oríta.,"The Lord will give alms, but not the sort one comes upon at crossroads.","One wishes for good gifts from God, not just any sort of leavings.",part3.docx,,
YOR1494,"Ọmọ tí yó jẹ̀ẹ́ àṣàmú, kékeré ní ńtií ṣẹnu ṣámú-ṣámú",A person who will become exemplary begins showing precociousness from childhood.,Childhood shows the adult.,part3.docx,,
YOR1495,Ọmọ tó káwọ́ sókè ló fẹ́ ká gbé òun.,It is the child who raises its arms that induces people to lift it.,"If you want people to come to your aid, first lift a finger on your own behalf.",part3.docx,,
YOR1496,Ọmọ tó ṣípá fúnni là ńgbé jó.,It is the child who lifts its arms that one picks up and dances with.,One makes friends with people who offer friendship.,part3.docx,,
YOR1497,Ọmọdé ò mọ ibi tí à ńpọn òun rè.,A child does not know where the person who carries it on her back is headed.,People who depend on others do not know what those others have in mind for them.,part3.docx,,
YOR1498,Ọ̀mu ní ńgbé ọ̀mu mì.,It is drunkenness that swallows [or drowns] a champion drinker.,Only an intrepid contestant can match another intrepid contestant.,part3.docx,,
YOR1499,Ọ̀nà kì í dí mọ́ aládàá.,The path does not close on a man carrying a machete.,No problem is insoluble for a resourceful person.,part3.docx,,
YOR1500,Ọ̀ràn búburú kì í bá ikún nílé.,An evil event never finds the squirrel at home.,A statement that one will never be around when disaster occurs.,part3.docx,,
YOR1501,"Ọ̀ràn fini dùgbẹ̀-dùgbẹ̀ yinni nù; ọ̀ràn fini dùgbẹ̀-dùgbẹ̀ bí ẹnipé kò ní í tán; ọ̀ràn ṣe wá tán; ojú á tẹlẹ́gàn, a sì ti ẹni tí ńyọnusọ.","A problem shakes one up vigorously and lets one go; a problem shakes one up vigorously as though it will never end; the trouble will end, deflating the ill wishers and also those who will not mind their own business.","However terrible one’s problems, they will cease and leave one in better shape than one’s enemies would like.",part3.docx,,
YOR1502,Ọrùn kì í wọ òṣùká; ẹlẹ́rù lọrùn ńwọ̀.,The pad placed on the head to soften the friction of the load on the head does not suffer from the weight; the person carrying the load is the one whose neck suffers under the weight.,Commiserators and people lending a hand do not suffer the troubled person’s pain; the troubled person is the one who bears it all.,part3.docx,,
YOR1503,Ọwọ́ atẹ́gùn ò ká gẹdú.,The wind is no match for timber.,Even powerful forces come up against objects they cannot move.,part3.docx,,
YOR1504,Ọwọ́ ẹni la fi ńtú ìwà ara ẹni ṣe.,One’s own hands are what one uses to mend one’s fortune.,Each person’s fortune is in his or her own hands.,part3.docx,,
YOR1505,Ọwọ́ ẹni ni yó yòóni.,One hands are what feed one to satiation.,Your hands are your best resources.,part3.docx,,
YOR1506,Ọwọ́ ní ńtún ara ṣe.,The hands are the agents for grooming the body.,One’s well-being is in one’s hands.,part3.docx,,
YOR1507,Ọwọ́ tó dilẹ̀ là ńfi lérán.,It is on an idle hand that one rests one’s chin.,It is when one has nothing to do that one engages in mischief.,part3.docx,,
YOR1508,Ọyẹ́ ni yó kìlọ̀ fún onítòbí.,It is the harmattan that will teach the person who has only a loincloth a lesson.,People who do not provide for the rainy day will pay when the storm does come.,part3.docx,,
YOR1509,"Pa á ní ńjẹ́ ọgbẹ́, tiiri ní ńjẹ ọfà; bí a bá ta á ṣe là ńwá a; bí a ò bá wá a a dẹran Ìdin.","A sharp report is what accompanies a machete wound; a flying motion is the characteristic of an arrow; if you hit your prey, you should go in search of it; if not, it becomes meat for maggots.",Always follow through in your pursuits.,part3.docx,,
YOR1510,"Páńdọ̀rọ́-ọ́ já, ará rọ ìyá ẹ̀.","The fruit of the sausage tree drops, [and] its mother knows relief.",Relief is sweet after one’s burden has been lifted.,part3.docx,,
YOR1511,"Pà-pà lójú lẹ́ẹ̀kínní, pà-pà lójú lẹ́ẹ̀kejì: bójú náà ó bá fọ́, bàì-bàì ní ńdà.","A blow to the eye the first time and a blow to the eye a second time: if the eye does not go blind, it will see only dimly.",Continual attacks will eventually leave their mark on the victim.,part3.docx,,
YOR1512,Ṣàngó ò lè pa igi ńlá.,Ṣango cannot destroy a huge tree.,The substantial and well-established peron is better able to withstand adversity than weaklings.,part3.docx,,
YOR1513,Ṣe kóo ní; àbá ò di tẹni; èèyàn ò ṣoògùn ọrọ̀.,Work in order to have; intentions do not be come possessions; no one makes money by magic.,"Labor, not idle thought, produces wealth.",part3.docx,,
YOR1514,"Ṣiṣe-é rorò, jíjẹ ọ̀fẹ́.",Working is difficult; one would rather free load.,Few people enjoy labor; all would like to live the good life for free.,part3.docx,,
YOR1515,Ṣòkòtò gbọọrọ ò dọlà; abíni lÉkòó ò dowó.,Long trousers do not amount to wealth; being born in Lagos does not ensure riches.,Wealth does not come from dressing well or living in a big city.,part3.docx,,
YOR1516,"Ṣòkòtò tí ńṣiṣẹ́ àràn, oko ní ńgbé.",The pants that do the work that purchases the velvet fabric stay on the farm. ,The real workers and producers of wealth are likely to be less in the public eye than their beneficiaries.,part3.docx,,
YOR1517,Tàkúté tí yó pa Aláginjù á pẹ́ lóko kí wọ́n tó gbé e wálé.,The snare that will capture the lord of the wilderness will stay long in the bush before returning home.,Whoever attempts the impossible is in for long frustration.,part3.docx,,
YOR1518,Tàpò-tàpò là ńyọ jìgá; tewé-tewé là ńyan ẹ̀kọ.,With their sac and all is how to remove chiggers; with its wrapping-leaves is the way to buy corn meal.,"One must do things thoroughly, not by halves.",part3.docx,,
YOR1519,Tẹ̀tẹ̀ ẹ̀gún ti lómi tẹ́lẹ̀ kójò tó rọ̀ sí i.,The prickly spinach was succulent before the rain fell on it.,A statement that one does not depend on largesse from other people.,part3.docx,,
YOR1520,"Títa ríro là ńkọlà, bó bá jinná a di tẹni.","Facial scarification causes with a great deal of pain; when it heals, its beauty becomes one’s pride.",Good things come with some pain.,part3.docx,,
YOR1521,Tojú tìyẹ́ làparò-ó fi ńríran.,It is with both its eyes and its feathers that the partridge sees.,A statement that someone is all eyes.,part3.docx,,
YOR1522,"Tọ̀sán tóru, imú ò gbélẹ̀; bó bá dákẹ́, à jẹ́ pé ó pín.","Day or night, the nose does not rest; if it stops, that means the end.",Some things are so reliable that they never fail.,part3.docx,,
YOR1523,Wàhálà ló bí ìrọra; òṣì ló bí wàhálà.,Struggle gives birth to ease; destitution gives birth to struggle.,He who exerts himself will find ease in the end; he who avoids exertions is doomed to struggle in the end.,part3.docx,,
YOR1524,Wèrè èèyàn ní ńru ẹrù wòran; ẹní ru ẹrù wòran ni wèrè èèyàn ńwò.,Only an imbecile carries a heavy load and stops to watch a spectacle; such a heavily laden spectacle watcher is the sort of spec tacle that attracts the attention of imbeciles.,Only a fool neglects pressing duties to dawdle.,part3.docx,,
YOR1525,Wíwẹ̀ là ńwẹ̀ ká tó jàre ọyẹ́.,Only by taking a cold shower can one shake off the chill of the harmattan.,The solution to a problem may require some initial unpleasantness.,part3.docx,,
YOR1526,"Wọ́n ní, Àparò aṣọ ẹẹ́ ṣe pọ́n báyìí? Ó ní ìgbà wo laṣọ òun ò níí pọ́n. Kóun kọ igba láàárọ̀, kóun tó họ ilẹ̀ kùrẹ̀-kùrẹ̀ lábùsùndájí. Ìgbà wo lòun ó ràáàyè fọṣọ?","People asked the partridge, ‘‘Why is your clothing so dirty?’’ He responded, ‘‘Why would my clothing not be dirty? Given the time it takes me to make a hundred heaps in the morning, and the time I need to scratch the ground at dawn, what time is left for me to wash my clothes?’’",The shiftless can always find excuses to explain their predicament.,part3.docx,,
YOR1528,"Yán sí i, yán sí i ní ńpa alákàrà lẹ́rÌn ín.","""Sell more to me, sell more to me"" is what brings smiles to the face of the bean-fritters seller.",Good fortune always makes people happy.,part3.docx,,
YOR1529,Yànmù-yanmu là ńjọ̀gẹ̀dẹ̀.,Gracelessly is the way one eats bananas.,Certain activities do not permit gracefulness.,part3.docx,,
YOR1530,Yànmùyánmú ńṣe fújà láìlápa.,The mosquito brags despite its lack of arms.,Insignificant pests can still be the source of considerable annoyance.,part3.docx,,
YOR1531,"Yí mi sébè, kí nyí ọ sí póró oko.","Throw me on the heaps, and I will throw you into the furrows. ","To whatever attack you mount against me, I will respond in kind.",part3.docx,,
YOR1532,"A kì í pè lẹ́rú, ká pè é lóbí.",One does not call it a slave and also call it a child of the house.,One must be clear about one’s attitude toward a thing or person; ambivalence causes trouble.,part3.docx,,
YOR1533,A kì í pè é lẹ́rù ká pè é lọ́ṣọ̀ọ́.,One does not call it a burden and also call it an adornment.,"An event is either a boon or a disaster, never both.",part3.docx,,
YOR1534,A kì í rí ẹṣin ní ìso.,One does not find a horse on tether.,Too easy and too convenient a find suggests stealing.,part3.docx,,
YOR1535,A kì í rí i ká tún sọ pé a ò ri mọ́.,One does not see a thing and then say one does not see it.,Always stand by your word.,part3.docx,,
YOR1536,A kì í ró aṣọ ajé sídìí ká dájọ́ òdòdò lẹ́bi.,One does not wear the ritual loincloth for presiding over a trial-by-ordeal and judge the righteous guilty.,One must not violate the oath one is sworn to observe.,part3.docx,,
YOR1537,A kì í so ẹran mẹ́ran kó kàn án pa.,One does not tie a goat with another goat and keep one from butting the other to death.,One must not injure a person committed to one’s protection.,part3.docx,,
YOR1538,A kì í sọ̀rọ̀ ìkọ̀kọ̀ kó má diyàn ní gba-n gba.,One does not conspire in secret without having the matter eventually cause a public argument.,Whatever is done in secret soon becomes exposed.,part3.docx,,
YOR1539,"A kì í ṣe ẹlẹ́jọ́ ní ""Ngbọ́""?","One does not ask the main litigant, ‘‘How about it?’’",Do not expect impartial witnessing from an interested party.,part3.docx,,
YOR1540,Àbàtá pani; àbàtá pani; ká ṣá sọ pé odò-ó gbéni lọ.,"He died in the mire, he died in the mire; let us simply say that the person drowned.",One should prefer plain talk to euphemisms.,part3.docx,,
YOR1541,Àbẹ̀tẹ́lẹ̀ n ńfọ́jú onídàájọ́.,It is bribery that blinds a judge.,Bribery beclouds judgment.,part3.docx,,
YOR1542,Adánu tí ńjẹ ilá: ó ní ‘‘Ẹ ò rí ilẹ̀ báyìí?’’,"Cleft-lipped person eating okro complains, ‘‘Can you believe what a mess the floor is?’’",The culprit complains about a condition as though he or she had nothing to do with it.,part3.docx,,
YOR1543,Àdàpè olè ní ńjẹ́ àfọwọ́rá,"It is simply a euphemism for theft to say àfọwọ́rá [literally, causing to disappear through the operations of the hand].",The use of a euphemism does not change the nature of a thing.,part3.docx,,
YOR1544,Àdàpè olè ní ńjẹ́ ọmọ-mi ńfẹ́wọ́.,"It is a euphemistic description of stealing to say, ‘‘My child’s hands are uncontrollably nimble.’’",One should face facts and not skirt them.,part3.docx,,
YOR1545,"Adẹ́tẹ̀ẹ́ sọ́rọ̀ méjì, o fìkan purọ́; ó ní nígbàtí òún lu ọmọ òun lábàrá, òún ja léèékánná pàtì.","The leper said two things, one of them being a lie; he said after he had struck his child with his palm, he also pinched him severely with his fingernails.",One fools only oneself when one claims to have done the impossible.,part3.docx,,
YOR1547,Afasẹ́gbèjò ńtan ara-a rẹ̀ jẹ.,He who would collect rainwater in a sieve deceives himself.,The shiftless person hurts himself more than others.,part3.docx,,
YOR1548,"Afatarẹ́nilójú, alè-e baále.",One-who-smears-one’s-eyes-with-pepper: one’s husband’s concubine.,The illicit lover of a woman’s husband is no friend of hers.,part3.docx,,
YOR1549,Afẹ́nilóbìnrin ò ro ire síni.,He-who-has-an-affair-with-one’s-wife harbors no good will toward one.,One knows one’s friends by their behavior.,part3.docx,,
YOR1550,"Afìkọ̀kọ̀jalè, bí ọba ayé ò rí ọ; tọ̀rún rí ọ.","You-who-steal-in-secret, if an earthly king does not see you, the heavenly king sees you.",Nothing is hidden from God.,part3.docx,,
YOR1551,"Afọ́jú àjànàkú, kò mọ igi, kò mọ èèyàn.",A blind elephant does not know a man from a tree.,Fate is no respecter of persons.,part3.docx,,
YOR1552,Àfọwọ́rá ní ńjẹ́ olè.,Employing-the-hands-to-make-things disappear is called stealing.,Euphemistic circumlocution does not relieve a crime of its true nature.,part3.docx,,
YOR1553,Agada ò morí alágbẹ̀dẹ.,The sword cannot tell the smith’s head from others.,Natural justice does not play favorites.,part3.docx,,
YOR1555,Àgbàká lodi ńgba ìlú.,It is completely that a fortification wall encircles a town.,Brook no half measures.,part3.docx,,
YOR1557,"A-gbẹ́jọ́ ẹnìkan-dájọ́, òṣìkà èèyàn.",He-who-decides-a-case-after-hearing-only one-side [is] the dean of wicked persons.,Justice requires considering both sides of a case.,part3.docx,,
YOR1558,"Àgbọ́ìgbọ́tán Ègùn, ìjà ní ńdá sílẹ̀.",Imperfect understanding of Ègùn [a language spoken to the west of Yoruba] brings nothing but dissension.,Half-knowledge is a bad thing.,part3.docx,,
YOR1559,"Àì-fẹ́-àlejòó-ṣe là ńwí pé ""Ọ̀rẹ́ ọ̀rẹ́-ẹ̀ mí dé""; ká ṣáà ti wí pé, ""Ọ̀rẹ́-ẹ̀ mí dé.""","Reluctance-to-extend-hospitality makes one say, ‘‘My friend’s friend has arrived’’; one should simply say, ‘‘My friend has arrived.’’","If one’s friend’s friend is one’s friend, one should not stress that the friend is once removed; one should avoid doubletalk.",part3.docx,,
YOR1560,Àìfẹ̀sọ̀ké ìbòsí ni kò ṣéé gbè.,It is an alarm that is raised without moderation that finds no helpers.,"If the person who raises an alarm puts people off by his or her methd, they will not come to his or her aid",part3.docx,,
YOR1561,Àgbẹ̀ gbóko róṣù.,A farmer stays on the farm and sees the moon.,The conscientious farmer spends long periods on the farm; persistence is the key to success.,part3.docx,,
YOR1562,Ajá ní òun ìba má dèé oko rí òun ìbá sọ pé ọ̀run ni wọ́n ti ńkálá wá.,"The dog says that if it had never been to a farm, it would have thought that okra came from heaven.",People are inclined to hoodwink the innocent or the ignorant.,part3.docx,,
YOR1563,Ajá ti erée rẹ̀ẹ́ bá dánilójú là ńdẹ sí ehoro.,It is a dog in whose speed one has faith that one sics on a hare.,One entrusts important tasks only to those one can trust.,part3.docx,,
YOR1565,"Àjàlá, ta ní nà ọ́? Ìwọ náà kọ́ un? ","Àjàlá, who whipped you? It is none other than you, isn’t it?",An evildoer is often also a dissembler.,part3.docx,,
YOR1566,Àjànàkú kúro ni ‘‘A rí ǹkan fìrí’’; bí a bá rérin ká wí.,"The elephant is more than something of which one says, ‘‘I caught a fleeting glimpse of something’’; if one saw an elephant, one should say so.",Don’t hedge when discussing the obvious.,part3.docx,,
YOR1568,Àjò àìwuniíyún là ńdÍfá sí.,It is about a journey one does not want to make that one consults the oracle.,"Where there is no desire, excuses are easy to find.",part3.docx,,
YOR1569,"A-kápò-má-ṣọdẹ: ọ̀tá ẹranko, ọ̀tá èèyàn.",He-who-carries-a-hunting-bag-but-does not-hunt: enemy alike of man and beast.,Be not a dog in the manger.,part3.docx,,
YOR1570,Àkàsọ̀ faratilẹ̀ faratilé; bí ẹni tí a fẹ̀hìntì ó bàá yẹni a wí fúnni.,"A ladder rests on the ground and leans on the house; if the person one leans on must remove his support, he should give warning.",A person one trusts should be completely trustworthy.,part3.docx,,
YOR1571,Akọ asín kì í gbọ́ ohùn ọmọ-ọ rẹ̀ kó dúró; abiyamọ kì í gbọ́ ẹkún ọmọ-ọ rẹ̀ kó má tara ṣàṣà,A male asín rat does not hear the cry of its young and remain still; a nursing mother does not hear the cry of her baby without responding anxiously.,One must take one’s chief responsibilities seriously.,part3.docx,,
YOR1572,Alákatam̀pò ò mọ irú ẹran.,The user of a crossbow does not know what sort of game he shoots at.,Some people lack a sense of discrimination.,part3.docx,,
YOR1574,Alápatà ò mọ irú ẹran.,The butcher does not know what the animal is.,A butcher is indifferent to the type of animal he butchers.,part3.docx,,
YOR1575,"Amọ̀rànbini Ọ̀yọ́, bí o bá gbé kete lérí, wọn a ní oko lò ńlọ tàbí odò.","People-who-know-the-answer-yet-ask-the question, natgives of Ọ̀yọ́: if they see you carrying a water pot, they ask whether you are on your way to the farm or the stream.","If the answer is plain to see, one does not ask the question.",part3.docx,,
YOR1576,Apajájẹ-ẹ́ nÍ ẹ̀rù adìẹ ḿba òun.,The-person-who-kills-and-eats-dogs claims to be afraid of chickens.,A hardened criminal pretends to have scruples about mere peccadilloes.,part3.docx,,
YOR1577,Apani kì í jẹ́ mú idà kọjá nípàkọ́ òun.,A murderer never permits the passage of a sword behind his skull.,The criminal is ever suspicious of other people’s intentions.,part3.docx,,
YOR1578,Àpèjúwe lalágbẹ̀dẹ ńrọ.,The blacksmith manufactures from a description.,"Unless a person speaks his or her mind, others cannot know what the person has in it.",part3.docx,,
YOR1579,Ará Ìbàdàn kì í ságun; à ó rìn sẹ́hín ni wọ́n ńwí.,"Ibadan people do not run from war; what they say is, ‘‘We will fall back a little.’’",There are ways of avoiding battle without seeming to do so.,part3.docx,,
YOR1580,"Arítẹnimọ̀ọ́wí, ó fi àpáàdì ràbàtà bo tirẹ̀ mọ́lẹ̀.",He-who-eagerly-speaks-of-one’s-problems covers his own with a huge potsherd.,People will talk about others’ problems while carefully hiding their own.,part3.docx,,
YOR1581,Àrókanlẹ̀ laṣọ ayaba; àwàkanlẹ̀ ni ti yàrà.,"Wrapping-from-waist-to-the-floor is the style of the queen’s wrapper; digging-down to-the-deepest-bottom is the requirement of yàrà, the dry moat.","Whatever one has to do, one must be thorough and not satsified with half measures.",part3.docx,,
YOR1582,"Arúgbó oǹdágbèsè, ó ní mélòó ni òun ó dùúró san níbẹ̀?","The old person who incurs debt says, how much of it will he be around to repay?",A person whose days are numbered can afford to take on long-term obligations.,part3.docx,,
YOR1583,"Asárélówó ḿbẹ lọ́nà ogun; Apọ̀ṣẹ̀ṣẹ̀ m̀bẹ lọ́nà èrò; Bó-pẹ́-títí-ng-ó-lá ḿbẹlábà, ó ńjẹ ẹ̀sun iṣu.","He-who-hurries-after-riches is on his way to battle; He-who-has-in-abundance is off on his travels; By-and-by-‘‘I-will-be-rich’’ is back in his hut, eating roasted yams.","Wealth comes to those who exert themselves, not to those who wait for it to find them.",part3.docx,,
YOR1585,Aṣeburúkú tẹsẹ̀ mọ́nà.,The evildoer makes a brisk exit.,The evildoer would not wait for his nature to catch up with him.,part3.docx,,
YOR1586,"A-ṣọ̀tún-ṣòsì-má-ba-ibìkan-jẹ́, irọ́ la ó bàá níbẹ̀.",One-who-is-tight-with-the-right-and-tight with-the-left-without-alienating-either: what one will find in that characterization is a lie.,There is no way to support both sides of a quarrel without betraying one side.,part3.docx,,
YOR1587,Àwárí lobìnrin ńwá nǹkan ọbẹ̀.,Seeking-until-finding is how a woman looks for ingredients for stew.,The dutiful person does not permit difficulties to keep her from accomplishing her duty.,part3.docx,,
YOR1589,Bí a bá ká okó mọ́ obìnrin nídìí á ní kùkú ni.,"If one catches a penis in a woman’s vagina, she will argue that it is only a corncob.",Trust a woman to deny even the obvious.,part3.docx,,
YOR1590,"Bí a bá ńyọ́lẹ̀ dà, ohun abẹ́nú a máa yọ́ni ṣe.","If one engages secretly in treachery, secret disasters come.",Crimes committed in secret do not go unrequited.,part3.docx,,
YOR1591,Bí abẹ́rẹ́ bí abẹ́rẹ́ lèèyàn ńṣèké; ọj tó bá tóbi tó ọkọ́ tí a fi ńroko ní ńpani.,"Like a needle, like a needle, one compiles falsehood; the day it is as big as the hoe one uses on a farm, that is the day it kills one.",Small falsehoods eventually grow into a habit powerful enough to kill.,part3.docx,,
YOR1592,"Bí ẹnú bá jẹ, ojú á tì.","If the mouth has eaten, the eyes shut down.","If one has received some favor from a person, one’s eyes will be closed to the person’s faults.",part3.docx,,
YOR1593,"Bí ìgbín ńfà, ìkaraun a tẹ̀lé e.","When the snail crawls, its shell follows.",The dependent person always sticks close to his or her support.,part3.docx,,
YOR1594,"Bí ìkà-á bá ńrojọ́, ìkà kọ́ ni yó da.","If the wicked person states a case, it is not the wicked person who will judge it.",The wicked will not prevail in the face of impartial judges.,part3.docx,,
YOR1595,"Bí o finú ṣìkà tí o fòde ṣòótọ́, ọba séríkí á rín ọ rín ọ.","If you hide wickedness inside you while displaying a kindly disposition, God above will laugh hard at you.",No secret act of wickedness is concealed from God.,part3.docx,,
YOR1596,"Bí o rí i, wà pé o ò rí; ọkọ́ fún ọ lówó, àlé gbà á ná.","If you saw it, you would say you did not; your husband gave you money and your lover spends it.",An unfaithful woman deserves no trust.,part3.docx,,
YOR1597,"Bí ó ti wù kó pẹ́ tó, olóòótọ́ ò níí sùn sípò ìkà.","However long it takes, a truthful person will not wind up in the bed made for the wicked.","Whatever happens in the short run, in the long run the truthful person will be vindicated.",part3.docx,,
YOR1598,"Bí obìnrín bá máa dán èké wò, a da aṣọ dúdú bora.","When a woman wishes to engage in mischief, she wears dark clothing.",A woman’s furtiveness portends mischief.,part3.docx,,
YOR1599,Bí ojú bá sé ojú; kí ohùn má yẹ ohùn.,"If eyes no longer see eyes, let the voice not miss the voice.","Though separated by distances, people should keep agreements they made.",part3.docx,,
YOR1600,"Bí olókùnrùn yó bàá kú, kó má purọ́ mọ́ àlapà; omitooro kì í korò.","If an invalid is approaching death, he should not lie about the melon-seed loaf; stew is never bitter.","If one must make excuses for one's flaw,s, one should make them plausible.",part3.docx,,
YOR1601,"Bí o ní ọ̀pọ̀ oògùn, tí o ní èké, kò níí jẹ́; orí ẹní jẹ́ ó ju ewé lọ; ìpín jà ó ju oògùn lọ.",".If you have a great deal of medicine and you are false, it will not work; one’s head works better than any herb; one’s destiny is far more effective than any medicine.",Evil intentions make one’s medicine ineffective; the best hope lies in one’s head and one’s destiny.,part3.docx,,
YOR1602,Bí òru bí òru ní ńṣe aláṣọdúdú.,"Longing for nighttime, longing for night time is the tendency of the person in dark clothing.",A person engaged in secret business is always secretive.,part3.docx,,
YOR1603,"Bí ọgbọ́n bá tán nínú, a tún òmíràn dá.","When an elder has exhausted all his wisdom, he turns to another’s wisdom.",An elder is never at a loss for what to do.,part3.docx,,
YOR1604,"Bí ọmọdé bá mọ igbá-di-ogóje, kò lè mọ èrò-kò-wájà.","If a youth knows two-hundred-becomes one-hundred-forty, he cannot know traders refuse-to-come-to-the-market.",A person who knows how to cheat those who deal with him will not know how to win them back when they refuse to deal with him.,part3.docx,,
YOR1605,"Bí ọmọdé bá ri oyin, a ju àkàrà nù.","When a child sees honey, he throws away bean fritters.",The inconstant person’s concern is limited to the latest attraction.,part3.docx,,
YOR1606,Dúkìa tí a fi èrú kójọ kò mú ká dolówó.,The treasure one gathers by foul means will not make one rich.,Wealth garnered unfairly does not last.,part3.docx,,
YOR1607,‘‘Ebí ńpa mí’’ ò ṣéé fìfé wí.,‘‘I am hungry’’ is not a message that whistling can convey.,A person in need of help must not be coy or cryptic in asking for it.,part3.docx,,
YOR1608,"Eegun tí a bá so m ajá l rùn, kì í ṣán an.",A dog does not eat a bone tied to its neck.,One may not take advantage of a person or thing entrusted to one’s care.,part3.docx,,
YOR1609,Èké lojú ó tì bó dọ̀la.,The devious will reap shame in the future.,Wickedness will receive its just deserts in due time.,part3.docx,,
YOR1610,Èké mọ ilé-e rẹ̀ ó wó; ọ̀dàlẹ́ mọ tirẹ̀ ó bì dànù.,"The devious person builds a house, and it collapses; the treacherous person builds one, and it tumbles in ruins.",Evil people will not profit from their enterprises.,part3.docx,,
YOR1611,Elékèé lèké ńyé; oun a bá ṣe ní ńyéni.,Only a devious person knows what he or she is about; each person alone is privy to what he or she has done.,One can never be sure about a devious person.,part3.docx,,
YOR1612,Eléwe-é ní iyènú; àìní mọ ìwà-á hù.,A person who has children must be responsible; one who does not must know how to behave.,One should live up to one’s responsibilities.,part3.docx,,
YOR1613,Èlùbọ́ lo wáá rà; ọmọ ẹrán ṣe dénú igbá?,You came to buy yam flour; how did a kid find its way into your calabash?,The alibi offered by a culprit [subject of the proverb] is full of holes.,part3.docx,,
YOR1614,"Èké Ìbídùn, tí ńkí eégún ‘‘Kú àtijọ́.’’",[It is a] lying Ìbídùn who greets a masquerader with ‘‘It’s been quite a while!’’,The subject of the comment [here named Ìbídùn] is prone to telling blatant lies.,part3.docx,,
YOR1615,"Èrò ò kí baálẹ̀, baálé ló ńkí.","The guest does not pay homage to the chief, only to the host.","One’s first obligation is to one’s immediate benefactor, not to a remote authority, however great.",part3.docx,,
YOR1616,"Etí, gbọ́ èkejì kí o tó dájọ́.","Ear, hear the other side before passing judgment.",One should not form an opinion after hearing only one side of an argument.,part3.docx,,
YOR1617,Etí tó gbọ́ àlọ ni yó gbọ̀ọ́ àbọ̀.,The same ears that heard about the departure will hear about the return.,Whoever is privy to the genesis of an affair will [must] be privy to its conclusion.,part3.docx,,
YOR1618,Ewúrẹ́ nÍ òun ò mọlé odì; ẹni Òún bá ṣẹ̀ kó bi Òun.,The goat says it does not set aside any house as an enemy’s; whoever it has offended should ask it why.,"One wants no enemies; if one has offended anyone, that person should ask why.",part3.docx,,
YOR1619,"Ẹgẹ́ ò ṣákìí; ẹní bá bọ́ sábẹ́-ẹ rẹ̀, a pa á kú pátá-pátá.","The ẹgẹ́ trap never misses; whatever passes beneath it, it strikes dead.","A certain person, or thing, can be relied upon to do what is expected of him, her, or it.",part3.docx,,
YOR1620,Ẹ̀ẹ̀mejì letí ọlọ́jà ńgbọ́rọ̀.,The ears of the king hear everything twice.,Whoever will judge a case must hear it twice from both sides of the dispute.,part3.docx,,
YOR1621,"Ẹ-kòÌ-fẹ́-mi kù, tó tà ajá-a rẹ̀ lókòó.","You-have-not-seen-the-last-of-me, who sold his dog for 20 cowries.",A person duped without his or her knowledge will be back for redress once the fact dawns on him or her.,part3.docx,,
YOR1622,Ẹ̀là lọ̀rọ̀; bí a ò bá là á rírú ní ńrú.,"Statements must be clarified; if they are not, they become muddy.",One must always be clear in one's speeches or intentions.,part3.docx,,
YOR1623,Ẹ̀là lọ̀rọ̀; bóbìnrín bá jókòó a laṣọ bòbò.,"Statements must always be clarified; when a woman sits, she covers her genitals with her wrapper.",One must always be clear in one's speeches or intentions.,part3.docx,,
YOR1624,Èlérìí ní ńyanjú ẹjọ́; èlérìí kì í ṣe elégbè.,It is a witness that clears up a case; a witness is not a partisan.,People called to bear witness in a case should be impartial.,part3.docx,,
YOR1625,Ẹni a kò fẹ́ nilé-e rẹ̀ ńjìnna lójú ẹni.,It is a person one does not love whose house is distant in one’s estimation.,One can always find an excuse for not doing what one does not wish to do.,part3.docx,,
YOR1626,"Ẹní bá sùn là ńjí, a kì í jí apirọrọ.","One wakes only those that sleep, not those pretending to sleep.","Deal with people who are in earnest, not with gamesters.",part3.docx,,
YOR1627,Ẹní gbé àrùn pamọ́ kọjá ore oníṣègùn.,Whoever conceals a disease is beyond help from a doctor.,People in need of help should not conceal the fact.,part3.docx,,
YOR1628,"Ẹni tí a nà ní kùm̀mọ̀ mẹ́fà, tó ní kan ṣoṣo ló ba òun, níbo nìyókùú sọnù sí?","[If] a person is hit six times with a club and says only one blow landed, where did the other blows disappear?",A person who tries to minimize obvious misfortune deceives no one.,part3.docx,,
YOR1629,"Ẹni tí ó bá mọ ìṣe òkùnkùn, kó má dàá òṣùpá lóró; ohun a ṣe ní ńmúni-í rìnde òru; òkùnkùn ò yẹ ọmọ èèyàn.","Whoever knows what darkness can do must not antagonize the moon, [since] one’s actions [sometimes] send one abroad at night; roaming around in the dark is not a becoming habit.",It is best to cultivate those forces that might serve one well in the future.,part3.docx,,
YOR1630,"Ẹni tí ó fẹ́ẹ́ kúure, kó hùwà rere.","Whoever wishes to die a decent death, let him or her live decently.","As one lives, so one dies, and so one is remembered.",part3.docx,,
YOR1631,Ẹni tí ó gbépo lájà ò jalè bí ẹni tó gbà á sílẹ̀ fún un.,The person who removes oil from the rafter is less a thief than the person who helps him set it on the floor.,The abettor is more a culprit than the perpetrator.,part3.docx,,
YOR1632,Ẹni tí ó gbọ́n tó ńpurọ́; ẹni tó mọ̀ràn tó ńṣèké; ẹni tó mọ̀ pé nǹkan ò sí tó ńtọrọ; èwo ló sàn nínú àwọn mẹ́tẹ́ẹ̀ta?,"The person who is wise and yet lies, the person who knows the truth and yet dissembles, the person who knows one has nothing and yet asks for something: which is any good among the three?","The liar, the dissembler, and the one who would embarrass you are all equally evil.",part3.docx,,
YOR1634,Ẹni tí ó ṣe ojú kò da bí ẹni tó ṣe ẹ̀hìn.,The person who honors one in one’s presence is nothing like the person who honors one in one’s absence.,It is what people say of you or do on your behalf in your absence that matters.,part3.docx,,
YOR1635,Ẹnìkan kì í yọ̀ kí ilẹ̀ ó sẹ́.,"When a person slips, the earth may not deny responsibility or knowledge.","For whatever one does, one should be willing to accept responsibility.",part3.docx,,
YOR1636,Ẹnu òpùrọ́ kì í ṣẹ̀jẹ̀.,The liar’s mouth does not bleed.,Lies have no telltale labels attached.,part3.docx,,
YOR1637,"Ẹnu-u rẹ̀ ní ńdá igba, tí ńdá ọ̀dúnrún.",His or her mouth is the same one that proposes two hundred and proposes three hundred.,"An unreliable person’s mouth is ever running, and what comes out of it is not to be trusted.",part3.docx,,
YOR1638,"Ẹran tí a kì í jẹ, a kì í fi ehín pín in.","Meat that one does not eat, one does not bite into with one’s teeth.",One should be unequivocal in one’s commitments or avoidances.,part3.docx,,
YOR1639,Ẹ̀tàn kì í ṣe ọgbọ́n.,Deceit is no wisdom.,Deceit is not a reliable strategy to count on.,part3.docx,,
YOR1640,"Ẹ̀wà yí kò dùn, ẹ̀wà yí kò dùn, àáṣó ìpàkọ́ ḿmì tìtì.","These beans are not delicious, these beans are not delicious, yet the coiffure at the occiput is shaking vigorously.","A person’s actions toward a person or thing belie his or her detracting comments; if one claims to dislike something or someone, one’s actions should not say the opposite.",part3.docx,,
YOR1641,"Ẹyẹlé ní òun ò lè bá olúwa òun jẹ, kí òun bá a mu, kí ó di ọjọ́ ikú-u rẹ̀ kí òun yẹrí.","The pigeon says it cannot share its owner’s food and drink, and then, when the day of his death arrives, ducks its head.","If one shares the good times with a person, one should be prepared to share the bad times also.",part3.docx,,
YOR1642,"Fi inú ṣìkà, fi òde ṣòótọ́; ẹni tí ḿbini kò níí ṣàì bini.",Hide wickedness in you and affect a benevolent comportment; the one who calls people to account will not forget.,God sees all hidden acts of wickedness and metes out punishment to their perpetrators.,part3.docx,,
YOR1643,"Gba-n-gba là ńṣe gbàǹgbà; bẹ́ṣín bá kú, ìta gbangba là ńsin Í sí.","One performs one’s great feats in the open; if a horse dies, one buries it in a wide-open space.",One should not attempt to keep weighty matters under wraps.,part3.docx,,
YOR1644,Gba-n-gba làṣá ńta.,The hawk always spreads its wings to the fullest.,"Whatever one has in mind, one should lay it out fully in the open.",part3.docx,,
YOR1645,Gba-n-gba lÒgèdègbé ńṣawo.,Ògèdègbé always performs his rituals in the open.,A great person need not hesitate to do whatever he or she has a mind to do.,part3.docx,,
YOR1646,"Ìbáà tínrín, okùn òtítọ́ kì í já; bí irọ́ tó ìrókò, wíwó ní ńwó.","Even if it is flimsy, the thread of truth never snaps; even though a lie might have the girth of an ìrókò tree, it inevitably crashes.",Truth will inevitably triumph over lies.,part3.docx,,
YOR1647,"Ibi tí a ti na ọmọ ọba là ḿbèrè, a kì í bèrè ibi tí ọmọ ọbá ti pọ́n lẹ́gbẹ̀ẹ́.",What one should ask is where the prince was attacked and flogged; one does not ask where the prince got the welts on his side.,"When matters require urgent attention, one should not speak in riddles or prevaricate.",part3.docx,,
YOR1648,Igbó kannáà lọdẹ ńdẹ.,It is in the same forest that a hunter hunts [or all hunters hunt].,"One should stick to that which one knows. Or, the manners and behaviors of members of a fraternity should be consistent and uniform.",part3.docx,,
YOR1649,Ìjòkó là ḿbá eèbà.,The oil pot is ever found in a sitting position.,The constancy of the pot is worth emulating.,part3.docx,,
YOR1650,Ìkòkò kì í ṣelé ìgbín; ṣe ló dè ìgbín mọ́lẹ̀.,The pot is no shelter for the snail; all it does is trap the snail.,One should not try to pass off as a favor an injury one is causing a person.,part3.docx,,
YOR1651,Ìlú tí a bá rè là ḿbá pé.,The citizens one goes abroad with are those in whose ranks one remains.,One should not desert one’s colleagues midway through an enterprise.,part3.docx,,
YOR1652,Ìmàlé gbààwẹ̀ ó lóun ò gbétọ́ mì; ta ní ńṣe ẹlẹ́rìí fún un?,The Muslim fasts and swears he did not swallow his saliva; who is to corroborate his story?,There is no point is paying attention to a claim that cannot be verified.,part3.docx,,
YOR1653,"Ìmàlé sọ̀rọ̀ òjó kù, ó ní Ọlúrun-ún jẹrìí òun.",The Muslim says something and thunder rumbles; he says the Almighty is corrobo rating his statement.,Said of someone who claims a neutral occurrence as evidence support for his or her position.,part3.docx,,
YOR1654,Ìmùlẹ̀ ò gbọdọ̀ tan ara wọn jẹ; ìmọ̀ ẹnìkan ò yàn.,Those who enter into a covenant must not betray one another; one person’s counsel is not enough by itself.,One must not break covenants.,part3.docx,,
YOR1655,Ìpẹ́pẹ́rẹ́ ìgò méje; bí kò bá pé méje ara kì í gbà á.,Seven trifling bottles; fewer than seven and one cannot endure the thought.,"If a matter is really of no importance, one should not dwell on it.",part3.docx,,
YOR1656,"Irọ́ ni ""Má jọgunìkan ó gbọ́""; òótọ́ ni ""Ẹni o rí o bí.""","""Breathe not a word of it to anyone"" denotes a lie; ""Ask anyone you please"" indicates the truth.",It is a only a lie that one wants no witness to; one will gladly proclaim the truth.,part3.docx,,
YOR1657,"Ìrókò tó bá gbàbọ̀dè, bíbẹ́ ni.",Whichever ìrókò tree becomes involved in treachery gets felled. ,"Whoever engages in treachery will be destroyed, no matter his or her status.",part3.docx,,
YOR1658,"'Jẹ́ kí nfìdí hẹ́ ẹ"" -ẹ́ gbàjókó; àfòmọ́ di onílé.","""Permit me to perch by you"" takes the whole seat; the parasite becomes the host.",Said of people who take over by wiles what belongs to others.,part3.docx,,
YOR1659,"Kí a baà lè pẹ́ níbẹ̀, abuké ní bí òún bá kú, kí wọ́n ti ẹ̀hìn tú ìfun òun.","Just to delay people deliberately, the hump back says when he dies his intestines should be removed from the back.",Said of people resorting to transparent delaying tactics.,part3.docx,,
YOR1660,"Kí á gà, kí á gò, èdè ni ò yédè.",Sitting and refusing to budge from one’s position results from lack of communication.,It is when people fail to compromise that problems defy solution.,part3.docx,,
YOR1661,"Kí á rí ká rà, ká rà ká má san: à-rà-àì san èkejì olè.","To see and buy, to buy and not pay: buying without paying [is] the twin of stealing.",One should pay for whatever one buys.,part3.docx,,
YOR1662,"Kí olówó wá, kí aláwìn wá; à-rà-àì-san ni ò sunwọ̀n.","Let the purchaser with cash come, and let the purchaser on credit come; only buying without [eventually] paying is bad.",What is important is not so much when but that one fulfill one’s obligation.,part3.docx,,
YOR1663,"""Kò dùn mí, kò dùn mí""; àgbàlagbà ḿbú ọpa lẹ́ẹ̀mẹfà nítorí iyán àná.","‘‘I am not upset, I am not upset!’’ Yet a grown man swears angrily six times because of last night’s pounded yam.",A person’s protestation of indifference is belied by agitated behavior.,part3.docx,,
YOR1664,Kò sí ohun tí a ò lè fi òru ṣe; ẹ̀rù ọ̀sán là ḿbà.,There is nothing one cannot do in the dead of night; the light of day alone is what one fears.,The cover of darkness is a perfect protection for any sort of enterprise.,part3.docx,,
YOR1665,Kò ṣeku kò ṣẹyẹ ò jẹ́ kí àjàò sanwó òde.,Being neither a rat nor a bird keeps àjàò (a birdlike animal) from having to pay poll tax.,It is impossible to be really sure of a person who will not commit to any side in a dispute.,part3.docx,,
YOR1666,Má sẹ̀ẹ́ kí ọ̀ràn má pọ̀.,Do not deny your responsibility; that way the problem will be minimized.,Refusing to accept one’s responsibility only aggravates one’s difficulties.,part3.docx,,
YOR1667,‘‘Mo kò ó’’ kì í ṣe àìní àpèjúwe.,‘‘I met him’’ is an incomplete statement without further elaboration.,One should say enough to make one’s message understood.,part3.docx,,
YOR1668,"Nì palaba, ní wonko, ẹ̀rẹ̀kẹ́ á ṣèkan.","Either sunken or swollen, the cheeks will be one or the other.","If one is not one way, one must be the other way; one cannot be no way at all.",part3.docx,,
YOR1669,Nígbàtí ọwọ́ ò tẹ ìjàdù là ńní kò sí ohun tí à ńjẹ tí kì í tán.,It is when one has come up empty in a scramble for food that one says there is nothing one eats that is not finished sooner or later.,An affectation of indifference is often disguised disappointment.,part3.docx,,
YOR1670,"""Ó fò sókè ó pẹ́títí,"" irọ́ ló ńpa.","""He jumped up and stayed aloft almost for ever"": that is a lie.",One should control the urge to exaggerate.,part3.docx,,
YOR1671,"Ó jọ gàtè, kò jọ gàtè, ó fẹsẹ̀ méjèèjì tiro rìn.","It may seem like staggering, and it may not seem like staggering, but he is tipping forward on tiptoes.",A euphemism does not make an action anything other than what it is.,part3.docx,,
YOR1672,"O kò pọ̀ ọ́, bẹ́ẹ̀ni oò gbé e mì.","You do not spit it out, and yet you do not swallow it.",Said of a person who will neither accept nor reject a proposition.,part3.docx,,
YOR1673,"""Ó mọ́ mi lọ́wọ́"" ní ńdi olè.","""It is an exact fit for my hand"" leads to thievery.",One should not grow too attached to other people’s possessions.,part3.docx,,
YOR1674,"Ó ńṣe apá kúlú-kúlú bí ẹni ká gbé e jó, ó sì ńṣẹnu hàmù-hàmù bí èyí tí yó gbèéni mì.","It wiggles its arms as though it would have one dance with it, and yet it is working its mouth as though it would swallow one.",Said of a person who mixes friendly gestures with threatening ones.,part3.docx,,
YOR1675,"Ó pẹ́ títí ni ""A-bẹnu-bí-ẹnu-ọ̀bọ""; ká ṣá sọ pé, ""Ìwọ Lámọnrín, ọ̀bọ ni ọ́.""","It is mere circumlocution to say, ‘‘A person has a mouth like a fool’s’’; one should rather say, ‘‘You, so-and-so, you are a fool.’’",Be confident enough to speak without hedging.,part3.docx,,
YOR1676,"Ó ta ọfà sókè, ó ṣí odó borí.",He shot an arrow toward the sky and covered his head with a mortar.,"Said of a person who causes problems and goes into hiding, leaving others to suffer the consequences.",part3.docx,,
YOR1677,"Obì-í bọ́ lọ́wọ́ alákẹdun ó ní òún fún ará ilẹ̀; bí kò fún ará ilẹ̀, yó sọ̀kalẹ̀ wá mú u?","Kola nut drops from the grip of a monkey, which says it makes a gift of the nut to ground dwellers; if it does not make a gift of it to ground dwellers, would it come down to fetch it?",One can tell when necessity is being disguised as virtue.,part3.docx,,
YOR1678,Obìnrin abàlèmẹ́fà: àlè mẹ́fà ò mọ ara wọn.,A woman who has six lovers: the six lovers never know about one another.,Women are past mistresses of deceit.,part3.docx,,
YOR1679,Obìnrín bímọ fúnni kò pé kó má pani; obìnrin ò bímọ fúnni kò pé kó má pani.,That a woman has had your child does not mean she cannot kill you; that a woman has not had your child does not mean she may not kill you.,Intimacy is no protection against a woman.,part3.docx,,
YOR1680,Obìnrín pẹ́ lọ́jà ó fìgbójú wọlé.,A woman who tarried too long at the market returns home with a brazen face.,An offender will try to ward off criticism by first going on the offensive.,part3.docx,,
YOR1681,"Obìnrín re ilé àlè, ó fi ilé ìyá ẹ̀ tan ọkọ jẹ",A woman goes to her lover’s house and uses her mother’s home to deceive her husband.,Legitimate pursuits ofen serve as cover for illegitimate ones.,part3.docx,,
YOR1682,"Odídẹrẹ́ ẹyẹ òkun, àlùkò ẹyẹ ọ̀sà; bí a bá jẹun gbé, ká má jẹ̀ẹ́ùn gbé.","The parrot is a bird of the sea, and the king fisher a bird of the lagoon; even though we may forget that we once partook of the food, let us never forget what we covenanted.","However far we may roam, and however long, we should never forget promises made.",part3.docx,,
YOR1683,"Òfìífìí là ńrí, a ò rí òkodoro; òkodoro ḿbọ̀, baba gba-n-gba.","All we see is shadows, not clarity; but clarity will come, father of all openness.","The truth may be long hidden, but in the end it will emerge into the open.",part3.docx,,
YOR1684,Ògèdèm̀gbé irọ́ kì í dáni síyẹ̀wù; gba-n gba ní ńdáni sí.,An audacious lie does not trip one in one’s closet; it exposes one in a public place.,One’s transgressions are likely to catch up with one in the most embarrassing circumstances.,part3.docx,,
YOR1685,Ohun tí a ó fẹ́ kéèyàn ó mọ̀ là ńṣe lábẹ́lẹ̀.,It is what one wishes to keep a secret that one does in private.,One who has nothing to hide should not do things in secret.,part3.docx,,
YOR1686,"Ojo díẹ̀, akin díẹ̀; ìyà ní ńkó jẹni.",A little cowardice [or] a little bravery: all it brings one is trouble.,One should decide whether one will be bold or cowardly; inconsistency in such matters results in suffering.,part3.docx,,
YOR1687,Òjò ọ̀gànjọ́ ò pa ẹni rere; bí kò pa jalè jalè a pa yíde-yíde.,"A midnight rain does not beat a decent person; if the person it beats is not a habitual thief, he or she will be a habitual [night] wanderer.",Honest people are seldom caught in compromising positions.,part3.docx,,
YOR1688,Ojú gba-n-gba là ńta awọ gbà-ǹ-gbà.,It is out in the open that one spreads a huge skin.,A matter that is of great consequence to all should be discussed in the presence of all.,part3.docx,,
YOR1689,Ojú kì í fẹ́nikù kó hu ibi.,"The eyes do not, because they do not see one, engage in evil against one.",Never take advantage of people’s absence to do them ill.,part3.docx,,
YOR1690,Ojú lobìnrín mọ̀.,Women know only the face.,The only time one can rely on women is when one is present.,part3.docx,,
YOR1691,Ojú lọ̀rọ̀-ọ́ wà.,Discourse is in the eyes.,Look the person with whom one is holding a dialogue in the eyes.,part3.docx,,
YOR1692,Ojú olóbì la ti ńjèrè obì,It is in the presence and with the knowledge of the kola-nut seller that one receives a gratuitous addition to one’s purchase.,"If one has a right to something, one should not take it surreptitiously.",part3.docx,,
YOR1693,Ojú tó ti mọni rí kì í wípé òun ò mọni mọ́.,The eyes that used to recognize us cannot say they no longer recognize us.,"Whatever happens, one should not refuse to acknowledge one’s friends.",part3.docx,,
YOR1694,"Òkété ní ọjọ́ gbogbo lòún mọ̀, òun ò mọ ọjọ́ mìíràn.",The large bush rat says it knows every day but not some other day.,"If one makes a promise, it should be firm and definite, not vague.",part3.docx,,
YOR1695,Olófòófó ò gbẹ́gbàá; ibi ọpẹ́ nì ḿmọ.,The tattler does not earn six pence; thanks are all he gets.,Tattling is not a profitable or appreciated habit.,part3.docx,,
YOR1696,Olóòótọ́ ìlú nìkà ìlú.,The honest person in a town is the ogre of the town.,Honesty seldom makes one popular.,part3.docx,,
YOR1697,Olóòótọ́ kì í sùn sípò ìkà.,The honest person will not sleep in the place prepared for the wicked person.,The honest person will in the end be vindicated.,part3.docx,,
YOR1698,Òǹrorò lẹ̀gbọ́n òfófó.,Lack of compassion is the elder of backbiting.,A person who lacks compassion will think nothing of spreading false news about others.,part3.docx,,
YOR1699,Òtítọ́ dọ́jà ó kùtà; owó lọ́wọ́ là ńra èké.,"Truth arrives at the market but finds no buy]er; it is with ready cash, though, that people buy falsehood.",People appreciate falsehood more than truthfulness.,part3.docx,,
YOR1700,Òtítọ́ kì í kú ká fi irọ́ jọba.,The truth does not die to be replaced as king by the lie.,The lie cannot match the truth in esteem.,part3.docx,,
YOR1701,Òtítọ́ kì í ṣìnà; irọ́ ní ńfòrí gbọgbẹ́.,Truth never goes awry; it is falsehood that earns a gash on the head.,Truth will not bring misfortune; falsehood leads to trouble.,part3.docx,,
YOR1702,Òtítọ́ korò; bí omi tooro nirọ́ rí.,Truth is bitter; falsehood is like meat stew.,It is more difficult to be truthful than to lie.,part3.docx,,
YOR1703,Òtítọ́ lolórí ìwà.,Truthfulness is the chief of attributes.,There is no better attribute than truthfulness.,part3.docx,,
YOR1704,Òtítọ́ ní ńtú ẹrù ìkà palẹ̀.,It is truth that unpacks the load of the wicked for all to see.,Truth will triumph over the wicked.,part3.docx,,
YOR1705,Owó lobìnrín mọ̀.,Women care only about money.,"Whatever women do, they do only for money.",part3.docx,,
YOR1706,"Ọbẹ̀-ẹ́ dún, ọbẹ̀ ò dùn, iyán tán nígbá.","The stew is delicious, the stew is not delicious; the pounded-yam meal is completely gone from the dish.",Said of people who complain about something yet will not let go of it.,part3.docx,,
YOR1707,"Ọ̀kánkán là ńṣe ìbí; ìkọ̀kọ̀ là ńṣe ìmùlẹ̀; bí a tọ́jú ìmùlẹ̀ tán, ká tọ́jú ìbí pẹ̀lú; bí a bá kú ará ẹni ní ńsinni.","One conducts affairs with one’s kin with forthrightness; one enters into covenants [with nonrelatives] in secret; as one attends to one’s secret compacts, one should also attend to affairs with one’s kin; on the day one dies, it is one’s kin who attend to the funeral.",Never neglect your relatives in favor of others.,part3.docx,,
YOR1708,"Ọ̀mọ̀rán bèèrè ọ̀ràn wò; Àjàpá ní, ""Ẹni tí wọ́n pa lánàá, kàà kú tán?""","The sage asks for information; Àjàpá the trickster asks, ‘‘About the person who was killed yesterday, is he already dead?’’","If you know the answer to a question already, don’t ask it.",part3.docx,,
YOR1709,Ọ̀nà irọ́ kì í pẹ́ẹ́ pin.,The path of deceit soon ends.,Deceit is soon exposed.,part3.docx,,
YOR1710,"""Ọ̀ràn yí ò dùn mí"": ẹ̀ẹ̀kanṣoṣo là ńwí i. ","""This matter does not hurt me"": stating it only once suffices.","If one is indifferent to something, it should not dominate one’s conversations.",part3.docx,,
YOR1711,"Ọ̀rọ̀ ìkọ̀kọ̀, ní gba-n-gba ní ḿbọ̀.",Secret matters have open exposure as their ultimate destination.,Whatever is done in secret will eventually be brought to light.,part3.docx,,
YOR1712,Ọ̀rọ̀ ò pariwo.,The matter in question does not make a noise.,The matter under discussion poses little problem.,part3.docx,,
YOR1713,Ọ̀tá ẹni kì í pòdù ọ̀yà.,One’s enemy never kills a huge cane rat. ,One is always tempted to minimize the accomplishments of one’s enemies.,part3.docx,,
YOR1714,"Pátá-pátá là ńfọ́jú, kùm̀bọ̀-kumbọ là ńdẹ́tẹ́; ojú à-fọ́-ì-fọ́-tán ìjà ní ńdá sílẹ̀.","One’s blindness should be absolute, and one’s leprosy should pervade the whole body; half-blindness only brings dissension.","One’s condition should be definite, not ambiguous or undetermined.",part3.docx,,
YOR1715,Pátá-pátá leégún ńfaṣọ borí.,It is completely that the masquerader covers his head with his shroud.,One must be thoroughgoing in whatever one does. ,part3.docx,,
YOR1716,"Pẹ̀hìndà kí o ríṣe èké, fara pamọ́ kí o rí bí aṣení ti ńsọ.","Turn your back, and you will discover how the deceitful person behaves; hide, and you will find out what the detractor is saying.","If one could surprise them, one would discover the true nature of one’s enemies.",part3.docx,,
YOR1717,Pípọn niyì idẹ; ẹ̀jẹ̀ niyì oògun.,Redness is the glory of brass; efficaciousness is the glory of medicine.,Truth to one’s nature and fulfillment of one’s obligations are the determinants of one’s worth.,part3.docx,,
YOR1718,Pọ̀ǹgbà-pọngba là ḿbá odi.,Firmly planted and unshakable is the way one finds the city fortification.,An injunction to be firm and unshakable.,part3.docx,,
YOR1719,"Purọ kóo níyì; bí a bá jáni tán, ẹ̀tẹ́ nÍ ńdà.","Lie and become renowned; once you have been found out, the result is disgrace.",The glory that results from deceit does not last.,part3.docx,,
YOR1720,Rìkíṣí pa wọ́n pọ̀ wọ́n dọ̀rẹ̀; kò lọ́jọ́ kò lóṣù ọ̀rẹ́ bàjẹ́.,"Intrigue brought them together and they became friends; it did not take days, let alone months, before the friendship ended.",People united in friendship by intrigue soon become enemies.,part3.docx,,
YOR1721,"Rìkíṣí pin, alábòsí lọ.","When the intrigue is terminated, the devious person takes his leave.","When the intrigue is exposed, the career of the devious person is over.",part3.docx,,
YOR1722,Sàráà baba ẹbọ.,Alms are the ultimate sacrifice. ,It is blessed to give alms.,part3.docx,,
YOR1723,Ṣìgìdì ò l nu fọhùn; ir ńpur fúnr.,Ṣìgìdì ò lẹ́nu fọhùn; irọ́ ńpurọ́ fúnrọ́.,The earthen idol has no mouth to speak; lies are lying to lies.,part3.docx,,
YOR1724,"Ṣìgìdì tí ò sọ̀rọ̀, a ò mẹni tí ńgbè.","[Since] the earthen idol does not speak, no one knows whose side it is on. T",No one can ascribe any position to a person who is cagey.,part3.docx,,
YOR1726,Ta la domi sí lára? Ta lòrìṣà ńgùn?,Who is the one on whom water was poured? Who is the one being mounted by the god?,The person receiving all the attention can not pretend not to be the one in need of attention.,part3.docx,,
YOR1727,Ta leṣinṣin ìbá gbè bí kò ṣe elégbò?,Who else will the flies flock after if not the person with open sores?,Opportunistic people can be expected to stick with those who offer them the most benefits.,part3.docx,,
YOR1728,Ta ló dè ọ́ tí ò ńkakọ?,Who has tied you down and thus forced you to confess your guilt?,Said to stop the mouths of people who protest too much as a result of a guilty conscience.,part3.docx,,
YOR1729,Wá jẹun. n ò jẹ. Ó fọgọ́rùn-ún okèlè tọ́ ọbẹ̀ wò.,"Come join me at my meal.’’ ‘‘Thank you, but no.’’ Still he eats a hundred mouthfuls, just to taste the stew.","If you intend to decline an invitation, match your action to your words.",part3.docx,,
YOR1730,"Wọ́n ní, ‘‘Àwòko, o bú ọba.’’ Ó ní ìgbà wo lòún ráàye bú ọba, kóun tó kọ igba lówùúrọ̀, igba lọ́sàn-án, igba lálẹ́, kóun tó fi àyìndà-yindà lù ú?","They said, ‘‘Mockingbird, you are accused of insulting the king.’’ It asked, when would it have time to insult the king, seeing that it must sing two hundred songs in the morning, two hundred in the afternoon, and two hundred at night, mixing it all up with some frolicsome notes?",The person in trouble will resort to ludicrous alibis to escape punishment.,part3.docx,,
YOR1731,"Wọ́n ní kárúgbó gba ọmọ pọ̀n, ó ní ṣe bí wọ́n mọ̀ pé òun ò léhín; wọ́n ní kó pa ọmọ jẹ ni? ","The old woman is asked to carry a child on her back, and she says but they know she has no teeth; was she asked to eat the child? ",Said of people whose comment on a proposition is wildly irrelevant.,part3.docx,,
YOR1733,A kì í fi àìmọ̀nà dá pàdé-m̀-pàdé.,One does not play the rendezvous game without knowing one’s way.,One should not enter into competition handicapped by ignorance.,part3.docx,,
YOR1734,Abúni ò tó abẹ̀rín; bẹ́ẹ̀ni abẹ̀rín ò mọ ẹ̀hìn ọ̀la.,The person who insults one is not as bad as the person who derides one; yet the person who derides one does not know what the future may bring.,Fortunes and circumstances may be reversed in time.,part3.docx,,
YOR1735,Adìẹ́ yẹ̀gẹ̀; a ṣe bí ó ṣubú.,The chicken lists to one side; we think it has fallen.,Never be too quick to celebrate the demise of a nemesis.,part3.docx,,
YOR1736,"Àfẹ́ẹ̀rí kan ò ju ká rí igbó ńlá bọ́ sí lọ; ẹbọ kan ò ju ọ̀pọ̀ èèyàn lọ; ""Òrìṣá gbé mi lé àtète"" kan ò ju orí ẹṣin lọ.",There is no disappearing trick better than the availability of a dense forest to disappear into; there is no sacrifice more efficacious than having many people on one’s side; there is no ‘‘The gods have elevated me’’ that is higher than the back of a horse.,Practical and realistic moves are more reliable than mysterious expectations.,part3.docx,,
YOR1737,A-fi-tirẹ̀-sílẹ̀-gbọ́ tẹniẹlẹ́ni: Ọlọ́run ní mba gbọ́ tirẹ̀.,He-who-neglects-his-affairs-to-care-for others’-affairs: it is God that takes care of his affairs.,God takes care of the benevolent.,part3.docx,,
YOR1739,Àgbò ò ṣéé mú; ọ̀dá ò ṣéé mú; ohun gbogbo ní ńtóbi lójú ahun.,A ram is too much to give; a gelded animal is too much to give; everything is excessive in the sight of a miser.,Expect no favor from a miser.,part3.docx,,
YOR1740,Àì-fi-kan-pe-kan ní ḿba kan jẹ.,It is failure-to-count-anything-as-significant that ruins things.,Minimizing problems results in disaster.,part3.docx,,
YOR1741,"Àìmète, àìmèrò, lọmọ ìyá mẹ́fà-á fi ńkú sóko ẹgbàafà.","Lack of resourcefulness and lack of thoughtfulness cause six siblings to die as pawns for only 12,000 cowries.",Pooling resources and wisdom ensures better results than going alone.,part3.docx,,
YOR1742,Àjẹ́gbà ni ti kọ̀ǹkọ̀.,Croaking-in-relays is the mark of frogs.,It is in the nature of sheep to follow and to lack initiative.,part3.docx,,
YOR1743,Akẹ́yinjẹ ò mọ̀ pé ìdí ńro adìẹ.,The person who gathers eggs to eat does not know that the chicken’s orifice hurts.,One should never be so preoccupied with one’s own pleasures that one does not care what they cost others.,part3.docx,,
YOR1744,"A-lágbára-má-mèrò, baba ọ̀lẹ́.",He-who-has-strength-but-lacks-discretion [is the] father of laziness.,A powerful but thoughtless person is worse than the laziest person.,part3.docx,,
YOR1745,"A-láì-mète-mèrò ọkọ tó fi adìẹ ìyàwó bọ orí ìyálé; bí baálé bá jẹ́ Ìkà, èwo ni tòrìṣà?","The shiftless, thoughtless husband makes the junior wife’s chicken a sacrifice to the senior wife’s head; if the husband is wicked, what about the god?",God will not accept offerings or prayers tainted with wickedness.,part3.docx,,
YOR1746,Aláràjẹ ò mọ ọdún; a-biṣu-úta-bí-igi.,He who purchases the food he eats cares not what the season is; his yams always flourish like trees.,The consumer does not know what the producer goes through.,part3.docx,,
YOR1747,Arúgbó ṣoge rí; àkísà-á lògbà rí.,The old person was once a dandy; the rag was once in fashion.,Those who are favored should remember that times and circumstances do change.,part3.docx,,
YOR1749,Àṣírí-i náwó-náwó kì í tú lójú ahun.,The big spender is never disgraced in the presence of the miser.,The free spender will always be honored in the community.,part3.docx,,
YOR1750,Aṣiwèrè ló bí ìyá ọ̀bọ.,It was an imbecile that gave birth to the mother of the monkey.,The fool belongs in the same lineage as the imbecile.,part3.docx,,
YOR1751,"A-ti-ara-ẹni-roni, ajá ọdẹ.",A-creature-that-applies-another’s circumstances-to-itself: a hunter’s dog.,The hunter’s dog would do well to place itself in the shoes of the animals it hunts.,part3.docx,,
YOR1752,Ayídóborí tafà sókè: ojú Olúwaá tó wọn.,Those who cover their heads with mortars and shoot arrows into the sky: God’s eyes encompass them all.,God sees all acts of selfishness and wickedness toward others.,part3.docx,,
YOR1754,"Bí a bá rí òkú ìkà nílẹ̀, tí a fi ẹsẹ̀ ta á; ìkà-á di méji.","If one sees the corpse of a wicked person on the ground and one kicks it, there are then two wicked people.","If one returns evil for evil, one joins the ranks of the evil.",part3.docx,,
YOR1755,Bí o ṣe rere yó yọ sí ọ lára; bí o kò ṣe rere yó yọ sílẹ̀.,"If your deeds are good, the benefits return to you; if your deeds are not good, they will be apparent to all.",Neither good nor evil goes for nought.,part3.docx,,
YOR1756,"Bí ó ti ńdun ọmọ ẹyẹ, bẹ́ẹ̀ ló ńdun ọmọ èèyàn.","As the young of birds know pain, so do the young of humans.","Others feel hurt, just as we do.",part3.docx,,
YOR1757,"""Èrò tètè jí;"" ""Èrò jẹ́ ilẹ̀ ó mọ̀"": tèrò là ńrò.","Traveler, get up early’’; ‘‘Traveler, wait until light’’: it’s all out of solicitousness for the traveler’s welfare.",Good intention does not guarantee good reception; the person of whose welfare one is being solicitous may resent one’s attention.,part3.docx,,
YOR1758,Ẹ ní ká má tafà; kí ni a ó fi lé ogun? Kànnà-kànnà la fi lé Boko.,"You forbid us to shoot arrows, so with what shall we repell invaders? In the past the Boko were repelled with catapults.",It is unhelpful to deprive people of the tools they need for what they must do.,part3.docx,,
YOR1759,Ẹní fowó lògbà ló káyé já.,It is the person who uses his or her money to enjoy life who lives well.,Money is to be used to enjoy life.,part3.docx,,
YOR1760,Ẹní lówó kó ṣe bí ọba; àrà wo lahún fẹ́ẹ́ fi owó dá.,Whoever has riches should act like a king; what kind of feat can a miser perform with money?,The best thing to do with wealth is use it to live well.,part3.docx,,
YOR1761,Ẹní mọ owó-ó lò lowó ḿbá gbé.,It is the person who knows how to use wealth that wealth attaches to.,Wealth follows only those who know how to use it.,part3.docx,,
YOR1762,"Ẹni tí a ṣe lóore tí kò dúpẹ́, bí ọlọ́ṣà-á kóni lẹ́rù ni.",A person for whom one does a favor but who shows no gratitude is like a robber who has stolen one’s goods.,Ingratitude is comparable to robbery.,part3.docx,,
YOR1763,Ẹni tí ó bá máa bímọ á yọ̀ fọ́lọ́mọ.,Whoever would have children of her own must rejoice with those who already have.,Those who seek good fortune must not begrudge those who are already fortunate.,part3.docx,,
YOR1764,Ẹni tí ó bèèrè ọ̀rọ̀ fẹ́ ìdí-i rẹ̀ ẹ́gbọ́.,Whoever asks about a matter genuinely wishes to know its causes.,"If a person asks for help with a problem, one should appreciate the gesture and comply.",part3.docx,,
YOR1765,"Ẹni tí ó gòkè, kó fa ọ̀rẹ́-ẹ rẹ̀ lọ́wọ́; ẹni tó rí jẹ, kó fún ọ̀rẹ́-ẹ rẹ̀ jẹ.","Whoever has reached the top, let him or her pull a friend by the hand; whoever has food to eat, let him or her share it with a friend.","If one has succeeded, one should give aid to those still struggling.",part3.docx,,
YOR1766,Ẹni tí ó so Ìlẹ̀kẹ̀ parí ọ̀ṣọ́; ẹni tó fúnni lọ́mọ-ọ́ parí oore.,The person who adorns herself with beads has done the ultimate in self-beautifying; the person who gives one a child [in marriage] has done the ultimate in favor.,There are certain gestures that cannot be surpassed.,part3.docx,,
YOR1767,Ẹni tí ó ṣe ìbàjẹ́ èèyàn-án ṣe ìbàjẹ́ ara-a rẹ̀.,Whoever defames others defames himself or herself.,The evil one does to others reflects on oneself.,part3.docx,,
YOR1768,"Ẹyẹlé fi ẹ̀sín-in rẹ̀ pamọ́, ó ńṣe ẹ̀sín adìẹ.",The pigeon hides its own disgrace and goes ridiculing the chicken. ,A person full of flaws insists on finding fault with others.,part3.docx,,
YOR1769,Igbá olóore kì í fọ́; àwo olóore kì í fàya; towó tọmọ ní ńya ilé olóore.,The calabash of a kindhearted person never breaks; the china plate of a kindhearted person never cracks; both riches and children ever converge in the home of a kindhearted person.,Good always attends those who are good.,part3.docx,,
YOR1770,Igba onípẹ̀lẹ́ kì Í fọ́; àwo onípẹ̀lẹ́ kì Í fàya.,The calabash belonging to a patient person never breaks; the china plate belonging to a patient person never cracks.,Patient people never come to grief. ,part3.docx,,
YOR1771,Ilé olóore kì í wó tán; tìkà kì í wó kù.,"The home of a kindhearted person never collapses completely; the home of a wicked person always collapses, leaving nothing standing.","Good will attract good, and evil will attract evil.",part3.docx,,
YOR1772,Ilé ọ̀ṣọnú àyàyó; ta ní jẹ́ yalé ahun káhun.,To visit the home of a generous person is to be plied with food aplenty; who would think of visiting a miser?,One’s generosity or miserliness makes one friends or loses one friends.,part3.docx,,
YOR1773,"Inú búburú, oògùn òṣì.",Ill will [is the] medicine that ensures misfortune.,Misfortune will surely attend a person who harbors ill will toward others.,part3.docx,,
YOR1774,"Inúure kì í pani, wàhálà ní ńkó báni.",Good will toward others does not kill; it only gets one into trouble.,One should be wary of kindness to others.,part3.docx,,
YOR1775,"""Iyán dára, ọbẹ̀-ẹ́ dùn"" ló pa Akíndélé lóko Ìgbájọ; ""Òrìṣà, nkò fún ọ ní èdì jẹ"" ló pa abọrìṣà Ìkirè.","""The pounded yam is good and the stew is delicious"" killed Akíndélé on his farm at Ìgbájọ; ‘‘God, I will not give you some food to eat"" is what killed the priest at Ìkiré.",Closed-fistedness and stinginess bring people nothing but misfortune.,part3.docx,,
YOR1776,Ìyàwó jẹ ọkà jẹ igbá.,The wife ate the yam-flour meal and ate the calabash with it.,One should show consideration and exercise care in using others’ property.,part3.docx,,
YOR1777,"Kí á ṣá a ṣá a, kí á gbọ̀n ọ́n gbọ̀n ọ́n; ká fi oko eéran sílẹ̀ ló dá eéran lára.","One may slash at it and slash at it, and one may shake the sand from its roots forever, but nothing affects the eéran grass like being abandoned.",The best treatment for a recalcitrant person is to shun him or her.,part3.docx,,
YOR1778,"""Kí ní yìí ò pọ̀""; n ò lè fún ọ níbẹ̀; olúwarẹ̀ ahùn ni.","""This thing is not plentiful; I cannot give you any of it"": the person is a miser.","However little one has, one should be willing to spare some for others.",part3.docx,,
YOR1779,"""Kiní yìí tí o fún mi ò pọ̀"": ahun ní ńjẹ́bẹ́.","""This thing that you have given me is not plentiful"": that statement indicates a greedy person.",One should not be too demanding of one’s benefactors.,part3.docx,,
YOR1780,Kò mú ti ọwọ́ ẹ̀ wá ò gba tọwọ́ ẹni.,He-will-not-bring-what-he-has will not have what one has,A person who will not share what he or she has will not have a share of others' possessions either.,part3.docx,,
YOR1782,Kò sí kò sí; bẹ́ẹ̀ní ọmọ wọn ńyó.,"""We have nothing, we have nothing!"" Yet their children always have full stomachs.",Said of people who are too tightfisted to help others.,part3.docx,,
YOR1783,Kò tó ǹkan ní ńsọni dàhùn.,"""There is not much of it"" is what turns one into a miser.",Only a miser does not have enough to share with others.,part3.docx,,
YOR1784,Náwó-náwó kì í ṣàpà.,The big spender is not a prodigal.,There is nothing wrong with spending one’s money.,part3.docx,,
YOR1785,"O jẹbẹ, o mubẹ, o babẹ̀ jẹ́.","There you ate, there you drank, and there you fouled.",Don’t besmirch a place that has been good to you.,part3.docx,,
YOR1786,"""O kú iṣẹ́"" ò lè bí aráyé nínú.","""Greetings to you at work"" cannot invite people’s anger.",A courteous act does not expose one to trouble.,part3.docx,,
YOR1787,"""Ó kún mi lójú,"" ẹ̀kọ Arogun; ọ̀kan ṣoṣo ni mo rà, igba ènì ló fi sí i.","""Its impression on me is tremendous’’: such is Arogun’s corn meal; I bought only one, but she gave me two hundred as makeweight [or extra measure].",Said of people who have gone well beyond the call of duty.,part3.docx,,
YOR1789,"‘‘Mú wá, mú wá’’ lapá ẹyẹlé ńké.",‘‘Bring! Bring!’’ is the sound of the pigeon’s wings. ,"Some people know only how to take, never how to give.",part3.docx,,
YOR1790,Obì kékeré kọjá òkúta ńlá.,A small kola nut is superior to a large stone.,A small gift is better than none at all.,part3.docx,,
YOR1791,"Obìnrin tó bímọ tó bí olómitútù, wàhálà ọkọ ẹ̀-ẹ́ dínkù; kò ní já ewé mọ́, bẹ́ẹ̀ ni kò ní wa egbò.","A woman who bears a child that requires only cold water for all cures has saved her husband much worry; he will never again go searching for medicinal leaves, nor will he go digging roots.",A considerate woman is the joy of her husband.,part3.docx,,
YOR1792,Obínrin-ín bímọ fún ọ o ní o ò rínú ẹ̀; o fẹ́ẹ́ kó o nífun ni?,"A woman has a child by you, and you still say you do not see her inside [know her mind]; would you have her expose her intestines?","People’s actions are enough, without accompanying words, to prove the extent of their commitment.",part3.docx,,
YOR1793,"Ògún ò rọ ike; àgbẹ̀dẹ ò rọ bàtà; oko ò ṣòro-ó ro, àgbẹ̀dẹ ò pa ọkọ́ tà.","Ògún [god of metals] does not fashion ivory; the blacksmith does not make shoes; were farming not a difficult pursuit, the blacksmith would not manufacture hoes for sale.",One should appreciate people for their efforts and not belittle their accomplishments.,part3.docx,,
YOR1794,Ohun tí ḿbá ahun náwó ḿbẹ lápò-o ẹ̀.,What will help a miser spend his money is right there in his or her pocket.,The person who does not willingly share what he or she has will somehow find himself or herself being deprived of it.,part3.docx,,
YOR1795,Òjò pa ewé-e kòkò; bó lè ya kó ya.,"The rain beats the coco-yam leaf; if it will tear, let it tear.","When one has no invest ment in a property, one is likely to be care less in using it. Also, one will do what one pleases, and damn the consequences.",part3.docx,,
YOR1796,"Ojú la rí là ńkọrin òkú, òkú ò forin sáyé kó tó lọ.",It is out of regard for onlookers that one sings in praise of the dead; the dead did not prescribe a song before departing this life.,"One does certain things out of a sense of propriety, not because one must.",part3.docx,,
YOR1797,Ojú ní ńrójú ṣàánú.,Eyes are what look on eyes and fill with kindness.,"When the eyes actually see suffering, they cannot avoid compassion.",part3.docx,,
YOR1798,"Ojú ọba ayé ló fọ́; tọ̀rún là kedere, ó ńwo aṣebi.","Only the king of this earth is blind; that of heaven is wide-eyed, watching evildoers.",God sees all acts of wickedness that may be hidden from earthly authorities.,part3.docx,,
YOR1799,Òkúlú ní tà ni ó ro tóun fún? Òkúlú tì wá ro tiẹ̀ fun Òkulú.,Òkulu asks with whom should he lodge his complaint? Did anybody lodge his complaint with Òkulu?,"If one has been unhelpful to others, one should not expect any help from them.",part3.docx,,
YOR1800,Onígẹ̀gẹ̀ ìṣájú ba tìkẹhin jẹ.,The goitered person going in front ruins the fortunes of the one coming behind.,A person’s misdeeds compromise those coming after him.,part3.docx,,
YOR1801,Oore kì í gbé; ìkà kì í dànù; à-ṣoore jindò ní mmúni pàdánù oore.,A good deed does not go for nought; a wicked deed is never lost; drowning while doing a favor is what makes the good person lose out on the rewards for his goodness.,"Every kindness, like every wickedness, is rewarded; one should be prudent, though, in doing favors.",part3.docx,,
YOR1802,Oore tí a ṣe fádìẹ ò gbé; bó pẹ́títí a ṣomi tooro síni lẹ́nu.,The favor that one does a chicken is not for nought; in due course it will make stew to delight one’s mouth.,There will always be a return for whatever favor one does for others.,part3.docx,,
YOR1803,Òṣónú ò bí èjìrẹ́; onínúure ní ḿbí ẹdun.,An ill-natured woman will not give birth to twins; only good-natured people give birth,Only good people are fortunate enough to have twins.,part3.docx,,
YOR1804,Owó ló ńpe ìná owó.,Money is what calls for spending money.,The availability of money creates the need to spend it.,part3.docx,,
YOR1805,"Ọ̀gá Ìwátà, eṣú ò mọ olóòótọ́; eṣú dé, eṣú jẹ oko olóore.",Big shot of Ìwátà town; the locusts do not know who is honest; the locusts arrive and the locusts eat up the good person's farm.,Vandals care not wjhich property belongs to good people and which to bad people,part3.docx,,
YOR1807,Ọ̀mùtí kì í ṣàpà; owó ẹ̀ ló ńná.,The drunkard is not a prodigal; it is his money that he is spending.,One can spend one’s money as one wishes.,part3.docx,,
YOR1808,Ọ̀ràn-an-yàn ò sí nínúu iyánrán.,There is no compulsion in voluntary work.,Volunteering is not an obligation.,part3.docx,,
YOR1809,Ọtí gbélé ahun ó kan.,Wine stays in the home of the miser until it goes sour.,The miser would rather see things go bad than share them.,part3.docx,,
YOR1810,Ọ̀tọ̀ niṣẹ́ olókùnrùn.,The assignment for an invalid must be different from everybody else’s.,People should be employed only according to their capabilities.,part3.docx,,
YOR1811,Ọwọ́ híhá àhájù ní ńdínà ire mọ́ ni.,Excessive stinginess is what slams the door of fortune in one’s face.,Miserliness will divert good fortune away from the miser.,part3.docx,,
YOR1812,Pẹ̀gàn-pẹ̀gàn-án bọ́ sóde kò ní láárí; ẹni tí ò rówó ṣe fújà ní ńpẹ̀gàn ẹni.,He who derides others steps outside and does not amount to much; it is he who has no basis for bragging that derides others.,People who belittle others are themselves worthless.,part3.docx,,
YOR1813,Ṣe sílẹ̀: ẹrù-u rẹ̀ kì í pẹ́ níbodè.,He who extends kindness beforehand: his goods will not stay long at the frontier. ,Thegenerous person will always find helpers to ease his passage.,part3.docx,,
YOR1814,Ṣẹ̀gàn-ṣẹ̀gàn ò láṣọ méjì; pé-ń-pé laṣọ abúni ḿmọ.,The detractor of others does not possess a change of clothing; the garment of the in sulter of people is always skimpy.,People who make a habit of cutting others down never prosper either.,part3.docx,,
YOR1815,Ṣìkà-ṣìkà-á fi díẹ̀ ṣe ara ẹ̀.,The wicked person does a little wickedness to himself or herself.,Wickedness has some adverse effect on the perpetrator.,part3.docx,,
YOR1816,"Ṣìkà-ṣìkà-á gbàgbé àjọbí, adánilóró gbàgbé ọ̀la.",The wicked forget kinship; the person who hurts others forgets tomorrow.,People who inflict injury on others forget that the gods of kinship will inflict punishment on them and that they themselves may be at the receiving end in the future.,part3.docx,,
YOR1817,Ṣìkà-ṣìkà ò jẹ́ pe ara ẹ̀ níkà.,The wicked person will never describe himself as wicked.,"The wicked always strive to appear as decent, kind people.",part3.docx,,
YOR1818,Tewé tegbò ní ńṣàánú àfòmọ́.,Both the leaf and the root take pity on the climbing parasite.,A plea for consideration from all and sundry.,part3.docx,,
YOR1819,Tigi tọ̀pẹ̀ ní ńṣàánú àfòmọ́.,Both trees and palms take pity on the climbing plant.,A plea for mercy from all and sundry.,part3.docx,,
YOR1820,Tigi tọ̀pẹ̀ ní ńsàánú ìyèré lóko.,Both trees and palms extend kindness to the African black pepper plant.,A plea for kind ness from others.,part3.docx,,
YOR1821,"Tìkà toore, ọ̀kan kì í gbé.","Wickedness or kindness, neither goes for nought.",Wickedness and kindness will be rewarded unfailingly.,part3.docx,,
YOR1822,Tútù ní ńtẹnu ẹja wá.,Only coolness come out of the fish’s mouth.,Permit your mouth to say only soothing things.,part3.docx,,
YOR1823,Àì-lóbìnrin kò ṣé-é dákẹ́ lásán; ó tó ká pe gbogbo ayé kó bá ni gbọ́ ọ̀rọ̀ náà.,Not-having-a-woman is not a problem to keep secret; it merits appealing to the whole world to intervene in the matter.,A man without a woman needs drastic measures to resolve his problem.,part3.docx,,
YOR1824,"Àkẹ́bàjẹ́, ọmọ àgan-án-dáríjọ-bí.","Spoiled rotten, child-collectively-mothered by-barren-women.",Infertile women make poor mothers.,part3.docx,,
YOR1825,Àkẹ́jù tí ḿba ọmọ olówó jẹ́.,Excessive pampering ruins the child of a wealthy person.,Children of wealthy parents are likely to be spoiled with too much pampering.,part3.docx,,
YOR1826,Aṣèbàjẹ́ ńwá ẹni rere kúnra.,The evildoer seeks good people to associate with.,Evil people always seek the company of good people to burnish their image.,part3.docx,,
YOR1827,Àwòdì òkè ò mọ̀ pé ará ilẹ̀ ńwo òun.,The hawk in the sky does not know that ground dwellers are watching it.,"One may be unaware, but one’s machinations are not hidden.",part3.docx,,
YOR1828,"Bí eégún bá jóore, orí a yá àtọ́kùn-un rẹ̀.","If a masquerader dances well, his attendant is filled with pride.",The accomplishments of one’s relatives give one cause for pride.,part3.docx,,
YOR1829,"Bí eégún ẹní bá jóore, orí a yáni.","If one’s masquerader dances well, one is proud.",The accomplishments of one’s relatives give one cause for pride.,part3.docx,,
YOR1830,Bíbí ire ò ṣé-é fowó rà.,A good pedigree is not something one can buy with money.,Money cannot improve the circumstances of one’s birth.,part3.docx,,
YOR1831,Dídùn dídùn nilé olóyin; kíkorò nilé agbọ́n.,Sweetness is the constant characteristic of the honey seller’s home; bitterness is the permanent characteristic of the wasp’s home.,"The good person will always be at tended by goodness, the wicked person by wickedness.",part3.docx,,
YOR1832,Èèyàn-án dára ó ku ìwà; ilé dára ó ku ìgbé.,"A person may be attractive, but character still matters; a home may be gorgeous, but what matters is its livability.",Looks are not everything.,part3.docx,,
YOR1833,"Èèyàn-án rìn, òjìjí tẹ̀ lé e; kò ṣé-é mú, kò ṣé-é jù sápò.","A person walks along, and his or her shadow follows; it cannot be grabbed, and it cannot be slipped into the pocket.",No one can hide his or her character.,part3.docx,,
YOR1834,Ehín funfun lẹ̀ṣọ́ ẹ̀rín; ìwà rere l ṣ èèyàn.,The adornment of a smile is white teeth; the adornment of a person is good character.,Good character is more valuable than good looks.,part3.docx,,
YOR1835,Ehín ọ̀kánkán obìnrín kán; olórí ẹwà-á lọ.,A woman’s front teeth break; the main stay of [her] beauty is demolished.,"When one’s main asset is gone, one is as good as finished.",part3.docx,,
YOR1836,"Èké kú, a gbẹ́lẹ̀ ó kan òkúta.","The devious person dies, and while digging his or her grave one strikes a rock.",Even the earth bears witness against the wicked.,part3.docx,,
YOR1837,Èké ṣíṣe ò ní ká má lòówó; ìkà ṣíṣe ò ní ká má dàgbà; ṣùgbọ́n ọjọ́ àtisùn lẹbọ.,Being devious does not prevent one from prospering; being evil does not prevent one from living long; but it is one’s dying day that one needs to worry about.,"The devious and the evil may prosper and live long, but their end will be terrible.",part3.docx,,
YOR1838,Epo kì í tẹ́; iyọ̀ kì í tẹ́.,Palm oil never goes stale; salt never goes stale.,"Certain things never go out of season or favor. Also, this is a prayer that a person may never be disgraced.",part3.docx,,
YOR1839,"Èṣù ò níwà, a kọ́lé-e rẹ̀ síta.","Èṣù lacks good character; therefore, his house is built outdoors.","Also, this is a prayer that a person may never be disgraced.",part3.docx,,
YOR1840,Ẹgbàá ọ̀bùn ò tó ọ̀kan ṣoṣo ọ̀gá.,Two hundred filthy persons are no match for one person of good repute.,One decent individual is worth more than two hundred tasteless people.,part3.docx,,
YOR1841,Ẹ̀hìn ò sunwọ̀n: ajá mú awọ ẹkùn tẹ́ sùn.,The end is inauspicious: a dog sleeps on the hide of a leopard.,The way one is remem bered after death is a good indication of whether or not one lived and died well.,part3.docx,,
YOR1842,"Ẹní bá ṣẹ̀ jalè lẹ́ẹ̀kàn, bó bá fàrán ogún ọ̀kẹ́ bora, aṣọ olè ló wọ.","Whoever stole once, if he or she later drapes himself or herself in expensive velvet cloth, is draped in stolen goods.",A reputation once ruined is impossible to mend.,part3.docx,,
YOR1843,Ẹní bú ẹṣin lọ́bùn-ún jàre ẹṣin: ẹṣin ò bọ́jú lálẹ́; kò wẹsẹ̀ lówùúrọ̀; pẹ̀tẹ̀-pẹ́tẹ̀ èṣí ḿbẹ látẹ̀ẹ́lẹsẹ̀-ẹ ẹṣin.,Whoever calls the horse filthy is justified: the horse does not rinse its face at night; the horse does not wash its feet at night; there is year-old caked mud on the hooves of the horse.,"If one does not look well to one’s behavior, one deserves the contempt of others.",part3.docx,,
YOR1844,"Ẹní fi ẹnu ra iyì, ẹ̀tẹ́ ẹ̀ ḿbọ̀.",The disgrace of the person who bought glory with his or her mouth is near at hand.,Underserved glory is soon exposed.,part3.docx,,
YOR1846,Ẹní mọ ẹni ò dàbí ẹni a mọ̀.,A person who knows one is not like a person one knows.,"One can vouch for the character of a person one knows, not of a person who knows one.",part3.docx,,
YOR1847,Ẹni rere kì í kú sípò ìkà.,A good person does not die the death of an evil person.,Each person will be recompensed according to his or her character.,part3.docx,,
YOR1849,"Ẹni tó lórí rere tí kò níwà, ìwà-a rẹ̀ ni yó ba orí-i rẹ̀ jẹ́.",A person who is blessed with good fortune but lacks good character: his character will ruin his or her good fortune.,Evil character ruins good destiny.,part3.docx,,
YOR1850,"Ẹni tó lówó tí kò níwà, owó olówó ló ní.",The person who has riches but lacks good character has other people’s riches.,A rich person without good character soon loses his or her riches to others.,part3.docx,,
YOR1851,Ẹni tó pẹ́ lóko ọ̀pẹ ló ní ká dá àbá kábàá.,The person who stayed too long on the palm-wine farm is the one who encouraged all sorts of speculation about what he was up to.,"If one’s behavior is devious, people are justified in wondering about one’s character.",part3.docx,,
YOR1852,Ẹsẹ̀ igúnnugún tí mọ ọbẹ̀ jẹ́.,"The legs of vultures, which ruin the stew.",An abomination [is] like the legs of a vulture in a stew.,part3.docx,,
YOR1853,Ẹsẹ̀-ẹ́ pọ̀ lẹ́hìn-in kòrikò.,There is a multitude of feet in the wake of the wolf.,An illustrious person attracts a great following.,part3.docx,,
YOR1854,Ikú yá ju ẹ̀sín.,Death is preferable to disgrace.,One should die rather than besmirch one’s name.,part3.docx,,
YOR1855,Ilé dára ó ku ẹkẹ́; èèyàn-án dára ó ku ìwà.,"The house is beautiful but for its pillars; a person is handsome, but what of character?",Bad character nullifies any charm a person might have.,part3.docx,,
YOR1856,"""Ìṣe ẹ̀ ni"" ó jẹ́ ká mọ ikú àbíkú.","""That is his or her habit"" keeps one from knowing when an àbíkú is really dying.","One who cries ""wolf"" too many times will attract no one in times of trouble.",part3.docx,,
YOR1857,Ìwà kì í fi oníwà sílẹ̀.,Character will not forsake its owner.,One cannot shed one’s character.,part3.docx,,
YOR1858,Ìwà lẹ̀sìn.,Character is worship.,One’s worship and prayers are only as efficacious as one’s character is good.,part3.docx,,
YOR1860,Ìwà lòrìṣà; bí a ti hù ú sí ní ńgbeni sí.,"Character is a god; just as one lives it, so it succors one.",One’s fortune depends on one’s character.,part3.docx,,
YOR1861,Ìwà rere lẹ̀ṣọ́ èèyàn; ehín funfun lẹ̀ṣọ́ ẹ̀rín.,Good character is a person’s [best] adorn ment; white teeth are the adornment of a smile.,"A person’s most desirable trait is good character, just as a smile’s best aspect is white teeth.",part3.docx,,
YOR1862,Ká ròhìn ẹni ò tó ká bá ẹni bẹ́ẹ̀.,To have people say good things about one is nothing like being found to vindicate the report.,One’s real character is more important than what others say.,part3.docx,,
YOR1863,"""Kítìjú pa mí"" ààrẹ èpè ni.","""May I die of shame"": that is the chief of all curses.",No fate is worse than disgrace.,part3.docx,,
YOR1864,"Màá-ṣe-é-màá-lọ obìnrin, ojú-u pópó lòrìṣà-a rẹ̀ ńgbé",I-will-do-as-I-wish-and-go-my-way woman: the memorial shrine to her goddess belongs by the roadside.,A wife who cares not about her character is not worth keeping.,part3.docx,,
YOR1865,Méjì là ńwé èèyàn; bí ò ṣe yíyìn a ṣe bíbú.,"There are two ways of speaking about people; if it is not in praise, it will be in castigation.","One has either a good reputation or bad, never neutral.",part3.docx,,
YOR1866,"‘‘Mo bí, mo bí’’ kì í ṣe ọmọ rere.","""I have just had a baby; I have just had a baby!"" does not make for good breeding.",Frequent births are less desirable than painstaking child rearing.,part3.docx,,
YOR1867,"Ó di orí ẹni ó bàjẹ́, àì-mọ̀wà-á-hù ni.","[If] all was ruined during one’s watch, that spells a defect in character.",A person of good character will not be responsible for social disasters.,part3.docx,,
YOR1868,"Obìnrin tí kò níwà, ìyá ẹ̀ ní ḿbá ṣorogún.",A woman without good character will have only her mother as co-wife.,A woman without good character is unlikely to find a husband.,part3.docx,,
YOR1869,Obínrin tó bímọ tí ò gbọ́n fabẹ́ jóná.,A woman who gives birth to a child that lacks wisdom only singed her genitals.,A child who grows up lacking wisdom is the bane of his or her mother.,part3.docx,,
YOR1870,"Òbúkọ-ọ́ dé, òórùn-ún dé.",The he-goat has arrived; stink has arrived.,"When evil people arrive at a gathering, dissension ensues.",part3.docx,,
YOR1871,Odò gbẹ má gbẹ́ orúkọ.,Rivers dry up but not their names.,One’s deeds will survive one.,part3.docx,,
YOR1872,Ojú ìkà la ti ńfi ọmọ olóore jọba.,It is in the presence of the wicked person that the son of the good person is crowned king.,The wicked will live long enough to see the good prosper.,part3.docx,,
YOR1873,Olè kì í gbọ́ orúkọ ẹ̀ kó dúró.,A thief does not hear his name and stand in place.,A person who has something to hide is always worried about being exposed.,part3.docx,,
YOR1874,Oníwàpẹ̀lẹ́: a-báni-gbé-tuni-lára.,A mild-mannered person [is] one with whom cohabitation envelops one in ease.,A mild-mannered person is a joy to live with.,part3.docx,,
YOR1875,Òrìṣà nìwà; bí a ti hù ú ló ṣe ńgbeni.,Character is a god; it aids one according to how one uses it.,One’s character determines one’s fortune.,part3.docx,,
YOR1876,Orúkọ ẹni ní ńjẹ́rìí ẹni lókèèrè.,One’s name is one’s most effective advocate abroad.,Your reputation determines what people who do not know you go by.,part3.docx,,
YOR1877,Orúkọ lẹ̀gbọn oyè,A name is the elder of a chieftaincy title.,A good name is better than an important position.,part3.docx,,
YOR1878,Orúkọ tí a sọ ọmọ ní ḿmọ́mọ lára.,It is the name a child is given that sticks to the child.,People behave later in life the way they were brought up.,part3.docx,,
YOR1879,Òyìnbó ńlọ ó ṣu sága.,The white man takes his leave; he shits on the chair.,Said of persons who leave a mess of problems behind when they depart a place.,part3.docx,,
YOR1880,Ọmọ́ tán lára ọmọ tí ńjẹ eérú.,There is no longer anything worth calling a child in a child that eats ashes.,A youth whose habits are filthy and bestial is worthless.,part3.docx,,
YOR1881,"Pála-pàla nilé ìgbín, igbó rere nilé ahun.","The home of the snail is ever disorganized, but the home of the tortoise is a tidy bush.",One can always expect to find certain people in an orderly state.,part3.docx,,
YOR1882,"Sán ọ̀bẹ sùn, fi apó rọrí; ìwà ọmọ ní ṣe ọmọ jẹ òkígbẹ́.",Tie a knife on you before you sleep; use a quiver as your pillow: your character forces you to resort to charms for rendering cut lasses harmless against your flesh.,People whose characters are evil have good reason to fear attack from others.,part3.docx,,
YOR1884,Tìwà tìwà là ńràjò.,It is in the company of one’s character that one goes on a journey.,No one leaves his or her character at home when venturing abroad.,part3.docx,,
YOR1885,Yíyẹ ní ńyẹ ẹyẹlé; dídẹ̀ ní ńdẹ àdàbà lọ́rùn.,The fate of the pigeon is always to enjoy good report; the fate of the dove is always to be at peace.,A way of wishing people peace and good regard.,part3.docx,,
YOR1886,TẸ̀gbá tẸ̀sà ló mọ Láfì lágẹmọ; gbogbo ayé ló mọ Tẹlẹ̀mú lólè.,Both the Ẹ̀gbá and the Ẹ̀sà people know that Láfì is like the chameleon; the whole world knows Tẹlmú as a thief. ,Said of aperson whose bad character is common knowledge.,part3.docx,,
YOR1887,Akíríboto kì í lójú awẹ́; ẹ̀là ìlẹ̀kẹ̀ kì í lójú àtókùnbọ̀.,One-piece kola nut has no cleavage lines; a split bead has no string hole.,A defective thing or person is not as well off as a whole thing or person.,part3.docx,,
YOR1888,Àlàáfíà baba ẹ̀ṣọ́; ojúrírí baba ara líle.,"Well-being, father of commanding presence; peace of mind, father of well-being.",Without well-being there is no good impression; without peace of mind there is no well-being.,part3.docx,,
YOR1889,Àlàáfíà baba ọ̀rẹ́.,"Well-being, father of friendship.",Nothing conduces to friendship like well-being.,part3.docx,,
YOR1890,Anìkànrìn ejò là ńfàdá pa.,It is a snake that travels alone that one kills with a machete.,The lone traveler is vul nerable to opportunistic attacks.,part3.docx,,
YOR1891,Ara líle loògùn ọrọ̀.,A healthy body is the medicine for wealth.,Health is wealth.,part3.docx,,
YOR1892,"Aràrá kì í yin Ọlọ́run, àfi bó bá rárọ tí ńrákò.",A dwarf does not show gratitude to God until he sees a crawling cripple.,"Until seeing people who are worse off, one does not appreciate one’s own good fortune.",part3.docx,,
YOR1893,Aṣunú ò mọ̀-ọ́ láyọ̀; ó dìgbà tó bá rí ẹni tí kò lè ṣu.,The person who has diarrhea does not know his or her good fortune until seeing some one who cannot relieve himself or herself.,"Until seeing others who are worse off, one makes too much of one’s misfortune.",part3.docx,,
YOR1894,Bírí lolongo ńyí; a kì í bá òkùnrùn ẹyẹ lórí ìtẹ́.,The orange waxbill is always sprightly; one never finds an invalid bird in a nest.,The person addressed is ever healthy or will ever be healthy.,part3.docx,,
YOR1895,Ohun à ńjẹ kọ́ là ńtà.,What one eats is not what one sells.,One should satisfy one’s needs before thinking about disposing of the excess.,part3.docx,,
YOR1896,Olókùnrùn ẹ̀ṣọ́ kì í ru ẹkù; kí alára tún ara mú,A sickly warrior does not carry rope snares; everyone should prepare properly for the task at hand.,People who have important duties to perform should gird up their loins accordingly.,part3.docx,,
YOR1897,A kì í nìkan gbé agán kẹ́sẹ́-ẹ rẹ̀ má wọ̀ọ́lẹ̀.,One does not carry a masquerader’s shroud by oneself and succeed in keeping its train off the ground.,One can succeed in certain ventures only with the aid of others.,part3.docx,,
YOR1898,A kì í nìkan jayé.,One does not enjoy life alone.,A person without other people is nothing.,part3.docx,,
YOR1899,Abẹ́rẹ́ kí í nù tòun tòwú nídìí.,A needle is never lost with a thread in its eye.,"As the thread will reveal where the needle is, a person with relatives will always have people interested in his or her fate.",part3.docx,,
YOR1900,Abímitán ò da n kan; ara la fi ńré.,"""I am well born"" guarantees nothing; all it permits is flaunting.","It is personal qualities, not birth, that determine one’s fortune.",part3.docx,,
YOR1901,"Abiyamọ, a-bẹ̀hìn-jíjà.",Nursing mother with a fighting back.,"The child she carries fights, and fights for her",part3.docx,,
YOR1902,Àgbà ò lówó a ní kò gbọ́n; olówó ńṣe bí ọba lóko.,"An elderly man has no money, and we say he lacks wisdom; the rich man is like a king on his farm.",Money is everything.,part3.docx,,
YOR1903,"Àgbà tí ńfọ̀ ní káà láìlówólọ́wọ́, akọ ajá ní ńgbó.",An elder sounding off in the back yard with out money in his possession is like a barking male dog.,Money makes the person.,part3.docx,,
YOR1904,Àgbàtọ́ ò jọ obí; ọmọ-ọlọ́mọ ò jọ tẹni.,A foster child is not like a child one gave birth to; other people’s children are not the same as one’s own.,There is no substitute for one’s own possession.,part3.docx,,
YOR1905,Agbọ̀ràndùn bí ìyá ò sí; ẹni tó ní baba ló tó ara-á ré.,There is no commiserator like one’s mother; only those who have fathers dare to be im pudent.,"With the backing of a powerful patron, one can attempt anything.",part3.docx,,
YOR1906,Àìkọ́wọ́rìn ejò l m aráyé fi ńfàdá pa wọ́n.,The failure-to-travel-in-groups habit of snakes makes it easy for humans to kill them with machetes.,Those who hang together will not hang separately.,part3.docx,,
YOR1907,Àìlẹ́bíyéye làìní aáwọ̀ lọ́rùn.,Not-having-numerous-relatives explains not having quarrels to attend to.,Many relatives make many quarrels.,part3.docx,,
YOR1908,"Àìlówó ló sí; bí a bá lówó ló w, tajá tẹran ní ọmọ bá ni tan.","Lack of money is lack of friends; if you have money at your disposal, every dog and every goat will claim to be related to you.","Money makes the person, socially.",part3.docx,,
YOR1909,Àìlówólọ́wọ́ kì í ṣàìsàn; àìníṣẹ́ lọ́ràn.,Lack of money is no disease; it is lack of work that is a disaster.,"As long as one has a job, one has hope.",part3.docx,,
YOR1910,Àìmọ èèyàn lọjà ò tà.,It is not-knowing-people that makes one unable to sell one’s wares.,To know people is to be a successful trader.,part3.docx,,
YOR1911,Àìsí ẹnìkẹta ni ẹni méjì-í fi ńja àjàkú.,It is the absence of a third person that makes it possible for two people to fight to the death.,Communal living minimizes the effects of personal conflicts.,part3.docx,,
YOR1912,Ajá tó lẹ́ni lẹ́hìn á pbọ; èèyàn tó lẹ́ni lẹ́hìn á jàre ẹjọ́.,A dog that has people behind it will kill a monkey; a person with people behind him will win lawsuits.,"With people behind one, one can accomplish the impossible.",part3.docx,,
YOR1913,"Ajániláyà bí àì-lówó-lọ́wọ́, àìlówó baba ìjayà, owó ní ńtúniṣe.","Frightful-thing-like-lack-of-ready-money, lack-of-money [is] father of frights; it is money that repairs a person’s fortunes.",Lack of money is a frightful condition.,part3.docx,,
YOR1914,Ajé nìyá ògo.,Wealth is the mother of glory.,Money makes all things possible.,part3.docx,,
YOR1915,Ajé tún ọmọ bí.,Wealth brings rebirth.,"However one was born, wealth makes one over.",part3.docx,,
YOR1916,Àjòjì ó rẹ́ni jẹ́rìí-i rẹ̀.,The stranger has no one to bear witness for him or her.,A stranger cannot hope for vindication against an indigene.,part3.docx,,
YOR1917,Àjọrìn ní ńyẹ èrò.,Traveling in company best suits the wayfarer.,There is glory in numbers.,part3.docx,,
YOR1918,Àkọ́bí ẹni ní ńrọni.,It is one’s firstborn that is one’s support.,One’s heir is also one’s security in old age.,part3.docx,,
YOR1919,"A-kọrin-láì-lélégbè, bí ẹní lu agogo lásán.",He-who-sings-and-lacks-a-supporting chorus [is] the same as one who merely beats a gong.,A chorus enhances a solo performance.,part3.docx,,
YOR1920,Alááyan ní ńjẹun ogun.,It is the industrious person who enjoys the bounty of war.,To the valiant belong the spoils.,part3.docx,,
YOR1921,"Alágẹmọ ò rẹ́ni wá wòran òun; ẹní bá gbọ́ ṣẹ́ṣẹ́, èèyàn ní nsáré.","The chameleon has no audience to watch it; if one hears footsteps, it is people that are running.",People should know the limits of their capability and act accordingly.,part3.docx,,
YOR1922,Ará ilé ẹni ò ṣeun; èèyàn ẹni ò sunwọ̀n; a ò lè fi wé àlejò lásán.,The members of one’s household have not done well by one; one’s relatives are not good-natured; yet one cannot liken them to mere strangers.,"Whatever one may have against one’s own people, they are still pref erable to strangers.",part3.docx,,
YOR1923,Àtàm̀pàkò ni oníkìmí ìka; baba ọmọ-ọ́ kú ọmọ-ọ́ dẹyọ.,The thumb is the pillar among fingers; a father dies and the children are disunited.,"As thumb to fingers, so is a father to his children: remove the one and the others are dispersed.",part3.docx,,
YOR1924,Àtàm̀pàkò ò sí ìká dẹ̀tú; baba ọmọ́ kú ọmọ́ dẹyọ.,The thumb is missing and the fingers be come unbunched; the father dies and the children become individuals.,"Without the thumb, the fingers cannot be bunched; with out a father the children are dispersed.",part3.docx,,
YOR1925,Àtàrí ni ó jẹkóòrùn ó pa àgbọ̀n ìsàlẹ̀.,It is the skull that keeps the sun off the chin below.,"As the chin is beholden to the skull, one is beholden to one’s benefactor.",part3.docx,,
YOR1926,Àtẹ́wọ́ lará; ìgbọ̀nwọ́ niyèkan.,One’s palms are one’s relatives; one’s elbows are one’s siblings of the same mother.,The most reliable things are one’s own resources.,part3.docx,,
YOR1927,"Bí a bá mú iná kúrò lóko, àfi àgbẹ̀ tí yó jọ̀gẹ̀dẹ̀; bí a bá mú ti Ìbíkúnlé Olókè kúrò, Balógun Ògbóríẹfọ̀n, à di agíraṣe.","If one removed fire from the farm, only farmers satisfied with a diet of bananas would be unconcerned; but for Ìbíkúnlé Olókè, General Ògbórí Ẹfọ̀n, we could achieve nothing. ","Deprived of their founts of power, people are ineffective.",part3.docx,,
YOR1928,"Bí a kò bá ní ohun àgbà, bí èwe là ńrí.","If one does not have the accouterments of elders, one seems a mere youth.",An elder is not an elder without the means to be one.,part3.docx,,
YOR1929,"Bí a kò bá rẹ́ni fẹ̀hìntì bí ọ̀lẹ là ńrí; bí a kò bá rẹ́ni gbójúlé, à tẹra mọ́ṣẹ́ ẹni.","With no one to lean on, one seems a lazy person; with no one to rely on, one faces one’s duties with devotion.","The person with powerful support seems better than his or her peers; lacking such support, one should redouble one’s efforts.",part3.docx,,
YOR1930,"Bí a kò lówó, à léèyàn; bí a kò léèyàn à lóhùn rere lòrun.","If one lacks money, one should have people; if one lacks people, one should be pleasant in one’s speech.","If you lack a social as set, make up for it in other ways.",part3.docx,,
YOR1931,"Bí ebí bá kúrò nínú ìsẹ́, ìsẹ́ bùṣe.","If hunger is removed from poverty, poverty comes to an end.",Whoever has food to eat is not poor.,part3.docx,,
YOR1932,"Bí eégún ò bá mọ Òdèré, tí kò m Àṣàkẹ́, atọ́kùn-ún rẹ̀ ní ńwi.","If a masquerader cannot recognize Òdèré and cannot recognize Àṣàkẹ́, his attendant has to tell him.",One’s aides are there to make up for one’s deficiencies.,part3.docx,,
YOR1933,"Bí eégún yó lọ, a di ìròjú fún atọ́kùn.","When the time comes for the masquerader to depart, the attendant begins to grieve.",One is saddened at losing one’s benefactor and patron.,part3.docx,,
YOR1934,"Bí ẹni ńlá ò bá tán, ọ̀ràn ńlá ò lè pani.","If there is no scarcity of great people, a great problem cannot kill one.","As long as one has powerful patrons, difficult problems will not defeat one.",part3.docx,,
YOR1935,"Bí ìbí ò tẹ̀, bí ìbí ò wọ́, ẹni tí a bá níwájú tó baba-á ṣe fúnni.","If the pedigree is not bent, if the pedigree is not crooked, the person ahead of one is enough to play the role of father.","Unless there is dissension in the family, the elders in it exercise responsibility over the youth.",part3.docx,,
YOR1936,"Bí ìtì ò wó, ọwọ́ kì í ba ìṣẹ́pẹ́.","If the trunk does not fall, the twigs are not endangered.",One is safe as long as one’s protector is around.,part3.docx,,
YOR1937,"Bí ìyá ò sí, ta ní jẹ́ ṣe ọmọ ọlọmọ lóore.","If there is no mother, who would show kindness to another person’s child?",A child can look only to its mother for protection.,part3.docx,,
YOR1938,"Bí ìyàwó ọ̀lẹ́ bá dàgbà, olówó ni yó gbé e.","When the woman betrothed to a lazy person matures, the rich man marries her.",The idle will be left empty-handed.,part3.docx,,
YOR1939,"Bí kò bá sí owó, baba ẹnìkan ò ju baba ẹnìkan lọ.","In the absence of money, one person’s father is no greater than another person’s father.",Money determines status.,part3.docx,,
YOR1940,Bí kò sí igi lẹ́hìn ọgbà ọgbà á wó; bí kò sí akọ nínú-u bàtá bàtá ò níí le.,"Without a post behind the fence, the fence will collapse; without masculine forces in bàtá drumming, the music is not gripping.","Without his or her main support, a person is nothing.",part3.docx,,
YOR1941,"Bí kò sí towó, kí la ó fòwò ṣe?","Were it not for the matter of money, what would one want with trading?",The need for money gets one into a trade.,part3.docx,,
YOR1942,"Bí kò sí tỌya, ogun a ti kó Irá, bí kò sí tOlúfọ̀n, ogun a ti kó Ifọ̀n lọ.","But for the goddess Ọya, Irá would have been sacked in a war; but for the god Olúfọ̀n, Ifọ́n would have been destroyed.","Thanks to one’s protector, one survives.",part3.docx,,
YOR1943,"Bí ó ku òní ku ọ̀la kí òùngbẹ pa awọ́nrínwọ́n, òjò yó rọ̀.","If it is only a matter of days before the iguana dies of thirst, rain will fall.","For those the gods favor, rescue will come before disaster.",part3.docx,,
YOR1944,"Bí ó ku òní ku lá kí ọmọ olódò-ó kú fún òùngbẹ, ọ̀ṣọ̀rọ̀ òjò á rọ̀.","If it is only a matter of days before the child of the river goddess dies of thirst, a torrential rain will fall.",The favored of the gods will always be rescued before disaster falls.,part3.docx,,
YOR1945,"Bí òkété bá dàgbà, ọmú ọmọ-ọ rẹ̀ ní ḿmu.","When the giant rat becomes old, it sucks from its child’s breast.","In one’s old age, one depends on one’s children.",part3.docx,,
YOR1946,"Bí olówó sọ̀rọ̀, tó ṣèké, ajé a ní kò purọ́.","If a rich person speaks and lies, money will say he or she has not lied.",A rich person can get away with any lie.,part3.docx,,
YOR1947,Bí òtútù ńpa ìwọ̀fà wọn a ní ó kó ìṣe-e rẹ̀ dé; bí ó ńpa olówó wọn a ní kó rọ́jú kó ata sẹ́nu.,"When the pawn has a fever, people say he is up to his usual tricks; when the owner is thus afflicted, they urge him to make an effort to eat.",The poor cannot expect the consideration the rich enjoy.,part3.docx,,
YOR1948,"Bí owó bá sì nínú ọ̀rọ̀, a súni pa.","If money is removed from a matter, it bores one to death.",Money gives weight to matters.,part3.docx,,
YOR1950,"Bíọ́-bíọ́ tí apó ńdá, ọrán ló gbójúlé.",The quiver’s boasting is due to its confidence in the backing of the bow.,A person who is sure of his backers can boast as much as he likes.,part3.docx,,
YOR1951,Bọ̀rọ̀kìnní ju ọlọ́rọ̀ lọ.,The popular rich man is superior to the merely wealthy. ,To be well regarded is better than to be rich.,part3.docx,,
YOR1952,Ìbí-ì rẹ-ẹ́ sẹ nù ò ńyọ̀; o ò mọ̀ pé irú ẹ ló ńrá.,Your pregnancy aborts and you rejoice; you are not aware that it is your kind that is perishing.,What in the short run is a boon might turn out in the long run to be a disaster.,part3.docx,,
YOR1953,Ire kì í dé ká má gbọ̀ọ́ ohùn-un gudu gudu.,Good fortune does not arrive without being trailed by the sound of the gudugudu drum.,Good fortune must be greeted with rejoicing.,part3.docx,,
YOR1954,Òwúsúwusù-ú mú ojú ọ̀run bàjẹ̀; gùdẹ̀ gùdẹ̀ ò jẹ́ kóòrùn ó ràn.,The fog besmirches the face of the sky; the clouds keep the sun from shining.,An unfortunate matter keeps happiness or cheerfulness at bay.,part3.docx,,
YOR1956,Wẹ̀ níwọ̀n; ajé ní ńwẹni.,Limit how often you take a bath; it is wealth that grooms a person.,Wealth beautifies more efficiently than a lot of grooming.,part3.docx,,
YOR1957,A kì í délé ayò ká má bàá ọmọ.,One never arrives at the home of the ayò game without finding children.,A prayer for a blessing of children in abundance.,part3.docx,,
YOR1958,Àgbà ló tó Orò-ó lọ̀; ọba ló tó ehín erin-ín fun.,Only a [male] elder is qualified to invoke Orò; only a king is qualified to blow a horn carved out of elephant tusk.,Certain tasks are for august people only.,part3.docx,,
YOR1959,Àgbà mẹ́ta ní ḿmọ ìdí ẹẹ́ta.,It takes three elders to know the mystery behind three.,It takes the pooled wisdom of many elders to resolve deep matters.,part3.docx,,
YOR1960,Àgbà ní ńkọ́ àpò àgbà.,Only an elder may hang the satchel of an elder [on his shoulder].,Certain privileges are restricted to elders.,part3.docx,,
YOR1961,Àgbà ó sí ìlú bàjẹ́; baálé ilé kú ilé dahoro.,"Without elders a town is ruined; the patri]arch of the compound dies, and the household becomes an empty shell.",Elders hold a community together.,part3.docx,,
YOR1962,"Bí a kò kú, a ó jẹ ẹran tó tó erin.","If one does not die, one will eat as much as an elephant's meat.",Whoever has life has things to accomplish.,part3.docx,,
YOR1963,"Bí a kò kú, ìṣe ò tán.","If one does not die, one’s accomplishments are not over.","As long as one has life, one has feats to accomplish.",part3.docx,,
YOR1964,"Bí orí pọẹ́ nílẹ̀, á di ire.","If a head remains long on earth, it becomes fortunate.","If one lives long enough, one will prosper.",part3.docx,,
YOR1965,"Bí ọmọdé ò kú, àgbà ní ńdà.","If a youth does not die, he becomes an elder.",In time even a youth assumes the mantle of an elder.,part3.docx,,
YOR1966,Iná kú feérú bojú; ọ̀gẹ̀dẹ̀ kú fọmọ ẹ̀ rọ́pò; olóyè-é kú foyè sílẹ̀ lọ.,The fire dies and covers its face with ashes; the banana tree dies and replaces itself with an offshoot; a chief dies and leaves his title behind.,"When a person dies, survivors inherit his or her place and property.",part3.docx,,
YOR1967,Ìyàwó dùn-ún gbé; ọm dùn-ún kó jáde.,"Marriage is a pleasurable activity, and so is christening a child.",Marrying and christening are pleasures.,part3.docx,,
YOR1968,"Obìnrin tó jí ní kùtùkùtù tó ní Ọlọ́run ni yó mọ oye ọmọ òun, ó gbégbá ìrégbè.",A woman who at the dawn of her life vows that only God will know how many children she will bear has placed a load of trouble on her own head.,Children are not an unmixed blessing for women.,part3.docx,,
YOR1969,"Ọjọ́ tí a bá kú, ọwọ́ ò gba okòó; ọmọ ẹni ní ńjogún ẹni.",The day one dies one’s hand cannot hold a coin; one’s children inherit one’s property.,One cannot take earthly possessions into the grave but must leave them to one’s survivors.,part3.docx,,
YOR1970,"Ólọ́mọ́ kúrò ní ""kí ló bí?""","A person who has a child is not a person who can be asked, ""What did you sire?""",A child is a child; whoever has one cannot be taunted with childlessness.,part3.docx,,
YOR1972,"Ọmọ bẹẹrẹ, òṣì bẹẹrẹ","A multitude of children, a multitude of misery",Children are desirable but not in excess.,part3.docx,,
YOR1973,Ọmọ ẹni kì í di méjì kínu kanni.,One’s mind does not become sour because one has had a second child.,People always rejoice at having children.,part4.docx,,
YOR1974,Ọmọ ẹni là ḿbí; ẹrú ẹni là ńrà lọ́jà.,One gives birth to one’s children; one buys one’s slave in the market.,No one can buy children in the market.,part4.docx,,
YOR1975,Ọmọ kì í nù bí ẹranko.,A child does not become lost like an animal.,One must place great value on one’s children.,part4.docx,,
YOR1976,Ọmọ́ mọ ìyá ẹ̀; talágbàtọ́ nìyà.,A child knows its mother; the foster mother’s lot is misery.,A child will never treasure a foster mother as much as a natural mother.,part4.docx,,
YOR1977,Ọmọ ò láyọ̀lé; ẹni ọmọ́ sin ló bímọ.,Children are not to be rejoiced over; only those whose children bury them really have children.,The most valuable service one may expect from one’s children is that they attend to one’s funeral.,part4.docx,,
YOR1978,Ọmọ ọlọ́mọ-ṣòro-ó pè rán níṣẹ́.,Another person’s child is not easy to send on an errand.,There is nothing like having one’s own children.,part4.docx,,
YOR1979,"""Ọmọ- mí kú"" yá ju ""Ọmọ mí nù"" lọ.","""My child is dead"" is far better than ""My child is lost.""","One may lose a child to death, but it is unspeakable parental irresponsibility simply to lose a child.",part4.docx,,
YOR1980,"Ọ̀rọ̀ tí aboyún bá sọ, ẹni méjì ló sọ ọ́.",Whatever a pregnant woman says is said by two people. ,A pregnant woman’s words should not be taken lightly.,part4.docx,,
YOR1981,"Tọmọ tó máa kú, tọmọ tó máa yè, ká yọ̀ fọ́lọ́mọ.","Whether the child will survive or not, let us rejoice with a person who has a baby. ",Childbirth is always an occasion for joy.,part4.docx,,
YOR1982,A kì í fi eku kan rẹ ọmọ méji.,One does not placate two children with one rat.,An otherwise sufficient commodity divided too many ways satisfies no one.,part4.docx,,
YOR1983,A kì í fi ẹ̀jẹ̀ dúdú sínú tutọ́ funfun jáde.,One does not leave red blood inside and spit out white saliva.,Never let people think you love them when in fact you wish them ill.,part4.docx,,
YOR1984,A kì í láhun níyì.,One cannot be both stingy and respected.,Only generosity earns respect.,part4.docx,,
YOR1985,Àìsí owó là ńpa ọ̀ọ́dúnrún mọ́; kí ni irínwó baba ìgbiwó tó-ó ṣe?,"It is lack of money that makes one hoard 300 cowries; what can 400 cowries, the father of 200 cowries, accomplish?",Those who have little make too much of little things.,part4.docx,,
YOR1986,Àìsí owó là ńtìlẹ̀kùn m dúnrún; kí ni irínwó baba ìgbiwó tó-ó ṣe?,"It is lack of money that makes one keep 300 cowries under lock; what can 400 cowries, father of 200 cowries, accomplish?",The im port is the same as that of the preceding entry.,part4.docx,,
YOR1987,"Àìsí owó ni, ""Jẹ́ kílẹ̀ ó mọ́""; ajé kì í gbowó ká ní ó dọ̀la.","It is lack of money that makes one say, ""Wait until morning""; if the terms are agreeable, one does not wait until morning.",Lack of money makes one temporize even when the market is in one’s favor.,part4.docx,,
YOR1988,Àjẹ́kù là ńmayo.,Leaving remnants is the indicator of satiation.,How one lives will show how well off one is.,part4.docx,,
YOR1989,Ajé-ṣàlúgà! Ó fi ẹni iwájú sílẹ̀ ṣe ẹni ẹ̀hìn ní pẹ̀lẹ́.,Almighty wealth! It skips over the person in front to offer salutations to the person behind.,Wealth is no respecter of age.,part4.docx,,
YOR1990,Ajíjìfà ní ńní tìtì ìpàkọ́.,It is a person who wakes to free booty that develops an overhanging nape.,Those who labor for their food are not plagued with obesity.,part4.docx,,
YOR1991,Àkẹ̀hìnsí ọlá ò sunwọ̀n.,The reverse side of greatness is unattractive.,"A fall from greatness, or turning one’s back on greatness, is unfortunate.",part4.docx,,
YOR1992,Àkísà-á ba ẹni rere jẹ́.,Rags demean illustrious people.,A ragged attire overrides innate qualities.,part4.docx,,
YOR1993,"A-kó-èésú-má-dàá, ẹrùngbà olè.",He-who-collects-the-pool-in-turn-but-does-not-make-a-contribution: same as a thief.,Reaping without sowing is akin to stealing.,part4.docx,,
YOR1994,"A-pèèpò-lẹ́hìn-àgbà, àgbà ḿbọ̀ wá.","You-who-clear-the-weeds-behind-an-elder, your old age approaches.",Those who do favors for old people should be reminded that they too will some day grow old.,part4.docx,,
YOR1995,Àrùn tí ńjẹ́ rnárun ò sí; ebi ní ńmú ara-á yi.,There is no sickness called nettle rash; it is hunger that makes one develop welts.,Hunger is a disease not to be belittled.,part4.docx,,
YOR1996,Àṣírí ẹ̀kọ kì í tú lójú ewé.,The secrets of corn meal’s being will not be exposed in the presence of leaves.,"As long as one has champions, one will not be disgraced.",part4.docx,,
YOR1997,Àtètèdáyé ò kan tàgbà; orí ẹni ní ńgbéni ga.,Primogeniture has nothing to do with elderliness; it is the head that elevates one.,Age is no guarantee of status.,part4.docx,,
YOR1998,"Bí a bá lówó lọ́wọ́ tó tó ti ṣẹ̀kẹ̀rẹ̀, ìwà rere ni nǹkan.","Even if one has as much money as the beaded gourd, it is good character that matters.",Character is more important than wealth.,part4.docx,,
YOR1999,Bí òtútù ńpa ọ̀lẹ à jẹ́ kó kú; kíkú tàìkú ọ̀lẹ ò ṣe n kan fúnni.,"If a lazy person has a fever, one lets him die; neither a live nor a dead lazy person does anything for one.",A lazy person is not worth troubling over.,part4.docx,,
YOR2000,Bóomọ́ yọ láàrin bàbà.,Red corn shows amid guinea corn.,A good person sticks out among bad people.,part4.docx,,
YOR2001,Èkó ò dùn lójú ẹni tí ò lówó lọ́wọ́.,The city of Lagos offers no pleasures in the view of a penniless person.,"Without money, one is shut out of many pleasures.",part4.docx,,
YOR2002,Ẹni ajé ya ilé-e rẹ̀ ló gbọ́n.,It is the person whose home riches have found that is wise.,Whoever has prospered may boast that he or she is wise.,part4.docx,,
YOR2003,Ìṣẹ́-ẹ bàtà kì í ṣẹ́ òyìnbó.,The dearth of shoes never afflicts the white man.,One never lacks a thing for which one is the source.,part4.docx,,
YOR2004,"Ìṣẹ́ owó kì í ṣẹ́ Dàda, Dàda olówó ẹyọ.","The dearth of money never afflicts Dàda, Dàda who is blessed with coins.",One will never lack whatever is part of one's essence.,part4.docx,,
YOR2007,Ìṣẹ́ ò mú ọkọláyà kó má ran ọmọ; akúṣẹ̀ẹ́ kì í ní ará.,Destitution does not afflict the husband and spare his children; the poverty-ridden person does not have relatives.,"The destitution of the head of the household affects all members of the household; on the other hand, the poor person does not have many friends.",part4.docx,,
YOR2008,Náwó-náwó ò ná sẹ́gi; òtòṣì ò ná erèé dàgbà; Ìràtà tí ńṣẹ́gi tà nínú ìgbẹ́ : owó ni gbogbo wọ́n jọ ńná.,The big spender does not use beads for money; the poor person did not grow up spending peas; the person who gathers fire wood from the forest for sale: all of them spend money.,"Rich or poor, no one can do without money.",part4.docx,,
YOR2009,Òde ò sú aláṣọ-ọ́ lọ.,Public functions do not faze a person with many clothes.,No eventuality can overwhelm a person with abundant resources.,part4.docx,,
YOR2010,"Òkú tó bá láṣọ, Ifẹ̀ ní ńsin ín.",A dead person who owns a wealth of clothes is buried by Ifẹ̀ itself.,The community itself sees to the funeral of an illustrious person; the problems of a popular person arouse the concern of everyone.,part4.docx,,
YOR_REC_0,"Olówó lará mọ̀; ará ò mọ ìṣẹ́, èrò tí ò lówó, ará fa ìwé ẹ̀ ya.",Kin acknowledges only the rich; no kin claims a poverty-ridden person; the way farer who has no money for kin rips up his papers.,"Everybody associates with a rich person, but nobody knows a poor person",part4.docx,,
YOR2011,Olówó layé mọ̀,Humankind knows only the rich.,The poor do not count in this world.,part4.docx,,
YOR2012,Olówó lọba lÉkòó.,The rich man is king in Lagos.,Lagos is an ideal playground for the rich.,part4.docx,,
YOR2013,Olówó sòkè dilẹ̀.,The rich person turns a hill into a plain.,"Nothing is beyond a rich person, not even drastically altering the face of Nature.",part4.docx,,
YOR2014,Òrìṣà bí ajé ò sí; ajé ní ńgbéni ga.,There is no god like money; it is money that makes people great.,Money can accomplish anything.,part4.docx,,
YOR2015,"Òṣì ní ńjẹ ""Ta ní mọ̀ ọ́ rí?"" Owó ní ńjẹ ""Mo bá ọ tán.""","Poverty is what explains ""Who knows you?"" Wealth explains, ""I am related to you.""","No one knows a poor person, but everybody claims kinship to a rich person.",part4.docx,,
YOR2016,"Owó ilé yọ, gbèsè ḿbínú.","The household money makes its appearance, and debt becomes angry.",One’s enemies are never happy to see one escape misfortune.,part4.docx,,
YOR2018,Owó lẹ́gbọ́n; ọmọ làbúrò.,Money is the elder sibling; a child is the younger sibling.,Having wealth makes having children easier.,part4.docx,,
YOR2019,"Owó ló wọ́n, ìyàwó ò wọ́n.",Only money is hard to come by; a wife is not hard to come by.,"If one has money, finding a wife is a simple matter.",part4.docx,,
YOR2021,"Owó ní nígbà tí òun ò sí nílé, ta ní ńdámọ̀ràn lẹ́hìn òun.","Money asked, when it was not at home, who dared to make plans in its absence?","Without money, all plans are useless.",part4.docx,,
YOR2022,"Owó ò sí, èèyàn ò sun wón.","[If] money is lacking, a person is unattractive.",Wealth is beauty.,part4.docx,,
YOR2023,Owó òtòṣì ní ńgbé òkè ẹrù; tolówó a máa gbé ìsàlẹ̀ igbá.,It is a poor man’s money that stays at the top of the load; the rich person’s money rests at the bottom of the calabash.,"A poor man wants to be able easily to see and reach his money, but the rich person can afford to be more carefree.",part4.docx,,
YOR2024,"Owó yẹ ilé, Ògún yẹ odò.",Money fits a home quite well; Ògún is at home by the river.,Money is a desirable thing in a home.,part4.docx,,
YOR2026,Ọbẹ̀ lọmú àgbà.,Stew is the breast milk of adults.,"Adults have their own nourishment, even if it differs from children’s.",part4.docx,,
YOR2027,"Ọjà tí ò tà, owó ló ńwá.",Goods that will not sell are only in need of money.,All things are possible if there is money.,part4.docx,,
YOR2028,Ọmọ ẹwà kan ò sí; ọmọ aṣọ ní ḿbẹ.,"There is no such thing as a child that is a creation of beauty, but there is something like a child that is a creation of clothing.","Clothing, rather than facial beauty, determines the impression one makes on others.",part4.docx,,
YOR2029,Ọ̀pọ̀ irú kì í ba ọbẹ̀ jẹ́.,A surfeit of locust-bean seasoning does not ruin a stew.,One cannot have too much of a good thing.,part4.docx,,
YOR2030,"Ọ̀ràn tí ẹgbà-á wọ̀, ó kúrò láwàdà","A problem complicated by as much money as 2,000 cowries is no longer a joking matter. T",Matters that involve significant amounts of money are not to be trifled with.,part4.docx,,
YOR2031,Ta la gbé gẹṣin tí kò ṣèpàkọ́ lùkẹ?,Who would be placed on the horse and not cock his head haughtily?,One should forgive the arrogance of fortunate people.,part4.docx,,
YOR2032,"Tí alágbádá ó fi kú, yíyan ni yó máa yan.","Until the time the owner of elaborate garments dies, he will keep strutting.",One should not be bashful about displaying one’s wealth.,part4.docx,,
YOR2033,Wọ́n ṣe bí òtòṣì ò gbọ́n bí ọlọ́rọ̀; wọ́n ní ì bá gbọ́n ì bá lówó lọ́wọ́.,"People think the poor person lacks the wisdom the wealthy person has; they say if one had wisdom, one would be rich.",It is folly to equate wealth with wisdom.,part4.docx,,
YOR2034,Ẹ̀mí gígùn lèrè ayé.,Longevity is the reward of living.,Longevity is most to be desired by all.,part4.docx,,
YOR2035,Ẹ̀mí gígùn ní ńsànyà.,It is longevity that makes up for suffering.,Longevity makes all suffering worthwhile.,part4.docx,,
YOR2036,"Kí èèm ó mọ ní Ìbèṣè, kó má ṣe dé Ìjánà.",May the disaster stop at Ìbèṣè and not get to Ìjánà.,May trouble stop before it reaches our frontier.,part4.docx,,
YOR2037,Ọjọ́ alẹ́ là ńtọrọ.,"It is nighttime [i.e., old age] that one should pray for. ",Old age is everybody’s desire.,part4.docx,,
YOR2038,Pípẹ́ láyé lèrè ayé.,Longevity is the profit of living.,Longevity is the reward for having lived a good life.,part4.docx,,
YOR2039,Agẹmọ kì í kú ní kékeré.,The chameleon does not die young.,A prayer for longevity.,part4.docx,,
YOR2041,Àfòm ò légbò; igi gbogbo ní ḿbá tan.,The climbing plant has no roots; it claims relationship with every tree. B,A feckless person is ever in search of benefactors.,part4.docx,,
YOR2042,"Bí ilé kan ilé, tí ọ̀dẹ̀dẹ̀- kan ọ̀dẹ̀dẹ̀, bí a kò fẹ́ni níbẹ̀, a ò tó abẹ́rẹ́.","If houses adjoin and living rooms abut, if one is not wanted there, one is not worth so much as a needle.",Being neighbors amounts to nothing if there is no mutual regard.,part4.docx,,
YOR2043,Elègbè [or elégbè] ní ḿmú orin dùn.,It takes a chorus to make a song melodious.,It is good to have backers.,part4.docx,,
YOR2044,Eṣinṣin tí ḿbá ọdẹ rìn á mu j yó,A fly that keeps a hunter company will drink blood to its fill.,The fortunes and misfortunes of one’s associates will surely rub off on one.,part4.docx,,
YOR2045,"Ètí-i baba nílé, ètí-i baba lóko, èèyàn ní ńjẹbọrọ.","""Father’s ears encompass the house, father’s ears reach to the farm"" spells ""people""’",A person who is privy to what goes on every where has people everywhere.,part4.docx,,
YOR2046,Ẹ̀mí àbàtà ní ḿmú odò ṣàn; ọlá-a baba ní ḿmú ọmọ yan.,It is due to the life in the marshes that the river flows; it is owing to the greatness of the father that the son struts about.,The successful person has some backing that must be acknowledged.,part4.docx,,
YOR2047,"Èni tí a bú lẹ́hìn tó gbọ́, a-betí-í-lu lára-bí-ajere.","A person who is insulted in absentia but hears about the insult anyway: his or her entire body is all ears, as a sieve is all holes.","If one cannot be everywhere, one should make sure one has people everywhere.",part4.docx,,
YOR2048,Èní tí kò lówó a léèyàn; èyí tí kò léèyàn ẹni tí kò léèyàn a láápọn.,A person who lacks money should have people; a person who lacks people should be gregarious.,"Good connections can make up for lack of money; but if one also lacks good connections, one had better be gregarious or personable.",part4.docx,,
YOR2049,Ẹni tí kò ní adèsọ̀ kì í pàtẹ.,A person who has no one to watch a stall should not display his or her wares there.,"If one lacks helpers, one should be judicious in the extent of one’s undertakings.",part4.docx,,
YOR2050,"Ẹni tí kò ní ""Ẹ bá mi pè é!"" kì í dákú.","A person who does not have ""Help me revive him!"" does not faint.","If one does not have a champion, one should stay out of trouble.",part4.docx,,
YOR2051,Ẹni tó fi ilé sílẹ̀-ẹ́ sọ àpò ìyà kọ́; ẹni tí ó sọ ọkọ́ nù-ú kọ́ àpò ebi.,Whoever moves away from home drapes the satchel of suffering on his or her shoulder; whoever loses a hoe drapes the satchel of hunger.,To move from one’s home is to expose oneself to hardship; to lose the means of making a living is to expose oneself to hunger.,part4.docx,,
YOR2052,"Fóró-fóró imú ìyàwó, ó sàn ju yàrá òfìfo lọ.",A bride with a gaping nose is better than an empty bedroom.,To have something blemished is much better than to have nothing at all.,part4.docx,,
YOR2053,"Ìhín ilé, ọ̀hún ilé; òjò kì í rọ̀ kó pa ọmọ adìẹ.","Here a home, there a home; the rain does not fall and drench a chick.",One should not submit to suffering when relief is everywhere around.,part4.docx,,
YOR2054,Ikú tí kò níí pani ní ńgbé aláwo rere koni.,It is the death that has no intention of killing one that brings an expert diviner man one’s way.,One should be grateful if one has people to warn one about impending dangers.,part4.docx,,
YOR2055,"Ìlẹ̀kùn tí kò ní alùgbàgbà, kó jókòó ẹ̀ jẹ́jẹ́; ẹni tí ò ní baba kì í jìjà ẹ̀bi.",A door without a knocker should keep its peace; a fatherless child does not fight an unjust fight.,People who have no strong backing should not court trouble.,part4.docx,,
YOR2056,"Ìràwọ̀ sán sán sán, a-lọ́mọ lẹ́hìn-bí òṣùpá.","Brilliantly twinkling star, with a multitude of followers like the moon.",Comment on an illustrious person who has a huge following.,part4.docx,,
YOR2057,Ìyàwó dùn lọ́sìngín.,Marriage is pleasant when it is new.,No pleasure compares to that of a honeymoon.,part4.docx,,
YOR2058,Jọ̀jọ̀ àgbò ní ḿmú àgbò níyì; ọlá-a baba ní ḿmú ọmọ yan.,It is the ram’s dewlap that lends it dignity; it is the father’s greatness that gives the son reason to strut.,One who has good grounds for doing so may walk proudly.,part4.docx,,
YOR2059,"Ká jà ká re Ọ̀yọ́, ká mọ ẹni tó lọba.","Let us quarrel and go to Ọ̀yọ́, and we will see on whose side the king is.",Boast that one would have the powers-that-be on one’s side in any quarrel.,part4.docx,,
YOR2060,"Ká ríni lókèèrè ká ṣàríyá, ó yóni ó ju oúnjẹ lọ.",To see one from afar and greet one cheer fully satisfies far better than food ever could.,Fellowship is far better than material gifts.,part4.docx,,
YOR2061,Ká ṣíni létí ò jẹ́ kágbà ó ṣìṣe láàrin ilé.,Being quietly advised keeps an elder from committing a blunder within his household.,Even elders will do well to heed advice.,part4.docx,,
YOR2062,"Kàkà kí gbajúmọ̀ ó jẹ ọ̀pọ̀lọ́, ẹni tí yó pa kọ̀ǹkọ̀ fun yó jàáde.","Rather than the popular person finding himself reduced to eating a toad, someone will emerge to kill a frog for him.",The well regarded person will always have people to come to his or her aid in times of need.,part4.docx,,
YOR2063,Kò sí ohun tó dàbí-i ká wáni wálé.,There is nothing that compares with being visited at home.,It is a great honor to be visited in one’s home.,part4.docx,,
YOR2064,Lára èèyàn lowó wà.,Riches are inseparable from people.,Whoever has people around him is rich indeed.,part4.docx,,
YOR2065,"Orí olókìkí ò jẹ́ asán; wọ́n ńkígbe ẹ̀ nílé, wọ́n ńkígbe ẹ̀ lógun.","The lot of a valorous person is not simple; he is called upon at home, and he is called upon in battle.",A great person is subject to demands from all sides.,part4.docx,,
YOR2066,Oṣùpá gbókè mỌ̀yọ́; ọbá gbélé mọ ará oko.,The moon remains on the firmament and knows all about Ọ̀yọ́; the king remains at home but knows all about the farm dweller.,An influential person does not have to be present at a place to know what goes on there.,part4.docx,,
YOR2067,Owó fífún ò tó èèyàn.,A gift of money is not equal in value to a [gift of a] person.,Human presence or company is worth more than money.,part4.docx,,
YOR2068,Owó kan ò ró ṣẹkẹ; èèyàn mẹ́ta ò dúró ní méjì méjì,A solitary coin does not clink; three people cannot stand in twos.,One cannot make sufficiency out of deficiency.,part4.docx,,
YOR2069,"Ọlọ́rọ̀-ọ́ kú, ẹ̀hìn-in rẹ̀-ẹ́ kún.",The wealthy person dies and his wake is congested.,A wealthy person has many mourners.,part4.docx,,
YOR2070,Wèrèpè-é gba ara ẹ̀ gba igi oko.,The cow-itch protects itself and protects other trees in the forest.,Closeness to a powerful person is good protection.,part4.docx,,
YOR2071,A kì í ba Ọlọ́run ṣòwò ká pàdánù.,One does not trade with God and come up a loser.,Any venture that takes God into account will surely prosper.,part4.docx,,
YOR2072,"A kọ́lé bíríkótó, a ní kí òrìṣà gbà á; bí kò bá gbà á, kó lọ sígbẹ̀ẹ́ kó lọ ṣá ẹkẹ́, kó lọ sọ́dàn lọ họ okùn, kó mọ bí agara-á ti ńdáni.","We build a modest shrine and implore the god to accept it; if he does not accept it, let him go into the forest to cut stakes, let him go into the grassland for vines, so that he might appreciate the pains we have taken.","A god must not be too demanding of his worshipers, for if pushed too far they will rebel.",part4.docx,,
YOR2073,Àtidádé Olókun ò ṣẹ̀hìn òkun; àtidádé Ọlọ́sà ò ṣẹ̀hìn ọ̀sà; àti dádée kìnnìún ò ṣẹ̀hìn Olúigbó.,"The crowning of the Olókun, goddess of the sea, will not be in the absence of the sea; the crowning of the Ọlọ́sà, goddess of the lagoon, will not be in the absence of the lagoon; the crowning of the lion will not be in the absence of the deity of the forests.",Nothing can be accomplished without God’s help.,part4.docx,,
YOR2075,Ayé ó fẹ́ kà rẹrù ká sọ̀; orí ẹni ní ńsọni.,The world would not wish to see one set down one’s heavy burden; only one’s head relieves one of the burden.,One cannot count on the good will of the world; one can count only on one’s protective spirit.,part4.docx,,
YOR2076,"Bí alàgbà-á bá júbà fÓlúwa, Ọ̀nà á là.","If the elder pays homage to God, the path opens.","Nothing is possible without God, and nothing is impossible with God.",part4.docx,,
YOR2077,Eégún ṣé-é jó; òòṣà-á ṣé-é jó; ti Olódùmarè-é yàtọ̀.,"A masquerader can be set alight; a god [or idol] can be set alight; God, though, is a different matter.",Only God is beyond peril at the hands of humans.,part4.docx,,
YOR2078,Igba ẹkẹ́ ní ńfọwọ́ tilé; igba alámù ní ńfọwọ́ ti ògiri; Olú-fọwọ́-tì ni Ṣàngó; gbogbo ayé ní ńfọwọ́ ti ọba.,Two hundred poles hold up a house; two hundred lizards support a wall with their hands; Chief-lends-support is Ṣango’s name; the whole world lends support to the king.,Used in the context of prayer or incantation to invoke the support of the powers that control the universe.,part4.docx,,
YOR2079,"Kàkà kí ebí pa ọmọ awo kú, ìpèsè ni yó yòó o.","Rather than the child of the priest dying of hunger, he or she will feed to satisfaction on goods provided for sacrifice.",Providence will not permit the referent to suffer want.,part4.docx,,
YOR2081,"Kọ̀lọ̀kọ̀lọ̀ ìbá kú, adìẹ ò sunkún; kọ̀lọ̀kọ̀lọ̀ ò gba adìẹ sìn.","Were the fox to die, the chicken would not shed a tear; the fox never fostered a chick.",One does not mourn an enemy’s disaster.,part4.docx,,
YOR2083,Múni-múni ò lè mú Olódùmarè.,The professional arrester cannot arrest the Almighty. ,God is beyond human punishment.,part4.docx,,
YOR2084,"""N ò níí sin Olúwa, n ò níí sin Ànábì""; ohun tí olúwarẹ̀ ó sìn ò níí tó èkùrọ́.","""I will not worship God, and I will not worship Allah""; what such a person will worship will not be so large as a palm kernel.",A person who is too picky will wind up having no pick at all.,part4.docx,,
YOR2085,Nítorí Ọlọ́run nìmàlé fi ńjẹ mọ́sà.,It is in deference to God that the Muslim eats fried corn cake.,Necessity obliges one to do things one would not do otherwise.,part4.docx,,
YOR2086,Ohun tí babá ṣe sílẹ̀ nìrègún ọmọ.,What the father provided is what the children inherit.,Children benefit from the industry of their father.,part4.docx,,
YOR2087,Ojú ilẹ̀ la ṣe dá a tí a ṣe rú u; bí ẹbọ́ bá máa jẹ́kí ilẹ̀ ó jẹ́rìí.,"It is in the presence of Earth that one consulted the oracle and offered the prescribed sacrifice; if the sacrifice will yield the promised result, let Earth bear witness.",The Earth will monitor and enforce oaths sworn in her presence.,part4.docx,,
YOR2088,Òkùtù ọ̀pẹ kì í wo ojú ẹlòmíràn bí kò ṣe ojú Ọlọ́run.,Young palm leaves do not raise their eyes to anyone other than God.,All affairs are best left to God.,part4.docx,,
YOR2089,Oore wo lòrìṣá ṣe fún abuké tó sọ ọmọ ẹ̀ ní Òrìṣá-gbè-mí?,What favor have the gods granted the humpback who names his child Òrìṣágbèmí [The gods have come to my aid]?,There is no point in offering gratitude in a direction from which no help has come.,part4.docx,,
YOR2090,"Òrìṣà, bí o ò le gbè mí, ṣe mí bí o ti bá mi.","God, if you will not save me, leave me as you found me!","If the person one looks to for help does not help, he or she at least should not leave one worse off than before.",part4.docx,,
YOR2091,Òrìṣà ní ńpeni wá jẹ ọkà; a kì í gbọ́ ọwọ́ orógùn lẹ́hìnkùlé.,It is the gods that summon one to come eat yam-flour meal; one does not hear the sound of the stirring stick from the back yard.,"If one chances on good fortune, one should give thanks to the gods.",part4.docx,,
YOR2092,"Òrìṣà tí a kẹ́, kẹ́, kẹ́, tí kò gbọ, tí a gẹ̀, gẹ̀, gẹ̀, tí kò gbà; ojú-u pópó ní ńgbé.","The god that one praises, praises, and praises but who does not listen, that one worships, worships, and worships but who refuses to heed, ends up in the streets. Ọ","If a supposed savior consistently fails you, discard it and find yourself another.",part4.docx,,
YOR2093,Ọlọ́run la kì í sú.,Only God never gets fed up with us.,"Unlike people, God is infinitely patient.",part4.docx,,
YOR2094,Ọlọ́run ní ńṣèdájọ́ a-fehín-pínran.,Only God can render justice to the person who uses his teeth to share out meat.,"God alone sees, and can reward, what people do in secret.",part4.docx,,
YOR2095,Ta ni tàkúté Olúwa ò leè mú?,Who is beyond being caught in God’s trap?,No one is beyond God’s judgment.,part4.docx,,
YOR2096,Tinú tẹ̀hìn ni labalábá fi ńyin Ọlọ́run.,It is with both its belly and its back that the butterfly praises the Lord. ,One should glorify God with all one has.,part4.docx,,
YOR2097,A kì í dúró nílùú ká fara hẹ.,One does not stay for long in a town and remain uninvolved.,One must live as a part of one’s community.,part4.docx,,
YOR2098,A kì í mọ alájá ká nà á lọ́pa.,One does not know a dog’s owner and yet rain blows on it with a rod.,One’s regard for a person should extend to that person’s interests. Compare the two following entries.,part4.docx,,
YOR2099,A kì í mọ alájá ká pè é ní títà.,One does not know the owner of a dog and yet announce that it is for sale.,"One should safeguard the interests of those one knows, even in their absence.",part4.docx,,
YOR2100,A kì í mọ alájá ká pé kẹ́kùn ó pa á jẹ.,One does not know the owner of a dog and yet wish that a leopard would eat it.,One should invoke no ill on things dear to people one knows.,part4.docx,,
YOR2101,A kì í sọ pé ó di ọjọ́ tí a bá bímọ ká tó sọ ọmọ níkòó.,One does not say it will not be until one has fathered a child that one raps a child on the head with one’s knuckles.,"Every adult shares the responsibility for disciplining all children, not only his or her own.",part4.docx,,
YOR2102,Abánigúnwà ní ḿmọ ìjagun ẹni.,It is he who shares one’s throne that knows one’s strategy in battle.,Only soulmates know each other’s minds.,part4.docx,,
YOR2103,Abánigbé ní ḿmọ ìṣe ẹni.,Whoever one lives with knows one’s habits.,The public image is not reliable.,part4.docx,,
YOR2104,"A-bánigbé-má-mọ́wà-ẹni, ọ̀tá ẹni ni.",He-who-lives-with-one-without-knowing one’s-habits: he is one’s enemy.,A housemate who does not know one’s ways cannot be trusted.,part4.docx,,
YOR2105,Abíni ò tó atọ́ni.,The parent is no match for the rearer.,Raising a child is more important than giving birth to a child.,part4.docx,,
YOR2106,"A-dáko-má-gbin-ọkà-á ní òún dá ikún lára; bíkún ò bá rí jẹ lóko-o rẹ̀, áá rí jẹ lóko ẹlòmíràn."," He-who-prepares-a-farm-and-does-not plant-corn says he is denying something to the squirrel;if squirrel finds nothing to eat on his farm, it will find something on an other person’s farm.",Obsessive attempts to injure others can and do backfire.,part4.docx,,
YOR2107,Adámú ò lè wà nílé ká má gbọdọ̀ ṣe han-han.,One does not stop saying han-han simply because there is a person with a nasal speech defect in the home.,There is a limit to the concessions one can make to those one lives with.,part4.docx,,
YOR2108,Àì-fojú-kan-ara-ẹni ó jẹ́ kí ọ̀tẹ̀ tán.,Not-seeing-each-other-face-to-face perpetuates a conspiracy.,Lack of personal contact prevents the ending of a feud.,part4.docx,,
YOR2109,Ajá tó ti ńríni yọ̀ kì í tún ríni gbó,A dog that once rejoiced on seeing one does not switch to barking on seeing one.,Radi cal changes in other people’s attitude to one are developments not to be wished for.,part4.docx,,
YOR2110,Àjànàkú yáwó tán kò singbà mọ́; erin-ín gbówó olówó wọgbó lọ.,The elephant pawned itself for money but did not serve as promised; the elephant took others’ money and disappeared into the bush.,The mighty person can get away with anything.,part4.docx,,
YOR2111,"Ajé ló mọ bí òun ó ti ṣe ọlọ́jà Odògbo, tí a pa ẹ̀kìrì ká fi wójò, tó nìkan kun ún tà.","Only the demon of prosperity knows what it will do with the chief of Odògbo; we killed a wild goat as an offering for rain, and he cut it for sale for himself.",A powerful person who betrays his trust must be left to the gods to deal with.,part4.docx,,
YOR2112,Àjèjé ọwọ́ kan ò gbégbá karí.,Asingle hand does not lift a calabash to the head [to be carried].,It takes two hands to lift a heavy load. Cooperation is best.,part4.docx,,
YOR2113,Ajẹ̀bimágbà ní ńkógun wọ̀lú.,It is he-who-is-guilty-but-refuses-to-accept the-guilt that brings warfare into a town.,Refusal to accept one’s guilt ruins communal harmony.,part4.docx,,
YOR2114,Aládùúgbò ẹni ni ọmọ ìyá ẹni.,One’s neighbor is one’s same-mother relative.,A neighbor is as close as any sibling.,part4.docx,,
YOR2115,Aláìláyà ò lè gbé ilé ńlá; bí a bá láyà ihòrò ní ńsinnií lọ,"A fainthearted person cannot live in a large house; if one has a lion heart, it leads one to the grave.","Whatever the inconvenience, one must learn to get along with people or else live as a hermit.",part4.docx,,
YOR2116,"Alájọbí ò sí mọ́, alájọgbé ló kù.",Kin is no longer to be found; only cohabitors remain.,"Kinship is no longer in fashion, only neighborliness.",part4.docx,,
YOR2117,Ànìkànjẹ ayé kì í dùn; jíjọjẹ ní ńdára.,Going through life by oneself is unpleasant; living life in company is pleasant.,Having riches is nothing like having people.,part4.docx,,
YOR2118,"Àńtètè, ó dá yànpọ̀n-yànpọ̀n sílẹ̀.",The cricket sows confusion among others. With the family 301,"When people like the cricket depart a place, they leave dissension and confusion in their wake.",part4.docx,,
YOR2119,Àpésan kì í tú ìlú.,Contributing to a common purse does not ruin a town.,A town that acts together stays together.,part4.docx,,
YOR2120,Àpọ́n yan ìyà ó ní òún yan ìyá; ta là bá kó iṣu méjì fún tí kò gúnyán konko fúnni?,A bachelor chooses suffering but says he chose his mother; to what person would one give two yams but would not make pounded yam?,"Whatever a mother can do for a man, a wife can do, and more.",part4.docx,,
YOR2121,Ará òde ò mọni lọrú; ará ilé ẹni ní ńnawọ́ ẹrú síni.,Outsiders do not know that one is a slave; people of one’s household are the ones who point one out as a slave.,"If those of one’s household do not dishonor one, outsiders will not.",part4.docx,,
YOR2122,"Aríjàmálàjà, ọ̀tá Ọlọ́run.",One-who-sees-a-fight-and-does-not-try-to stop-it: an enemy of God.,To fail to stop a fight is to offend God.,part4.docx,,
YOR2123,Àrò mẹ́ta kì í da ọbẹ̀ nù,A trident cooking hearth does not spill stew.,Many hands ensure success.,part4.docx,,
YOR2124,Àsopọ̀ ní ńmú ewúrẹ́ wẹ̀.,It is being-tied-together that forces goats to,Many hands ensure success.,part4.docx,,
YOR2126,Àwáyó fara ẹ̀ gbodì.,We-are-full makes enemies for himself.,A person who refuses favors on behalf of others makes enemies of those others.,part4.docx,,
YOR2127,Awo ní ńgbe awo nígbọnwọ́; bí awo ò bá gbe awo nígbọnwọ́ awo á tẹ́.,"Initiates of mysteries must rally round other initiates; if initiates do not rally round one another, they suffer disgrace.",Cooperation among group members protects their collective image.,part4.docx,,
YOR2128,"Bí a bá bu ìgbẹ́ lábùká, a ó rìí ẹran inú-u rẹ̀ pa.","If hunters encircle the bush, they will suc ceed in killing the animals therein.","If all available hands converge on a task, it will be accomplished.",part4.docx,,
YOR2129,"Bí a bá fa gbùùrù, gbùùrù a fagbó.","If one pulls the vine, the vine pulls the bush.","If one goes after an offender, one becomes entangled with his or her patron.",part4.docx,,
YOR2130,"Bí a bá ḿbú ẹtù, orí a máa f awó.","If one insults the guinea fowl, the guinea fowl gets a headache.","When one hears one’s close relative insulted, one feels insulted.",part4.docx,,
YOR2131,"Bí àṣá kò bá fẹ́ẹ́ fẹ́ àṣá níràn, ojú-u sánmà-á tó-ó fò fẹ́yẹ láì fara gbúnra.","If an eagle does not want to provoke an eagle, the sky is wide enough for birds to fly without bumping one another.","If one is spoiling for a fight, any excuse will do.",part4.docx,,
YOR2132,"Bí ẹjọ́ ò sunwọ̀n, ẹlẹ́jó là ńfún dá.","If a case is hopeless, one asks the owner to judge it.","If guilt is obvious, the guilty should be made to declare it.",part4.docx,,
YOR2133,"Bí ẹrú bá jọ ara-a wọn, à mọ̀ pé ilé kannáà ni wọ́n ti wá.","If slaves resemble one another, one surmises that they came from the same household.",People who share similar traits deserve to be lumped together.,part4.docx,,
YOR2134,"Bí ìbágbé ò bá wọ̀, ká yàgò fúnra.","If cohabitation does not work, let us give each other some space.","If people cannot be friends or husband and wife, they should part amicably.",part4.docx,,
YOR2135,"Bí ilé kò dùn, bí ìgbẹ̀ nìlú ńrí.","If the home is not pleasant, the town seems like a jungle.",The tone of the town depends on the condition of the homes in it.,part4.docx,,
YOR2136,"Bí obìnrín bá di méjì, imú ọkọ a di odó, a ní wọn ò tún yí imú lu òun mọ́.","When women number two, the husband’s nose becomes a mortar; she [the first wife] says that he no longer rolls his nose in her direction.",The erstwhile favorite never takes kindly to being supplanted by a new favorite.,part4.docx,,
YOR2137,"Bí ojú bá ko ojú, àlà yó tọ̀ọ́ nídìí ìgbá.","If eyes meet eyes, the boundary line will be straight at the base of the locust tree.","When all parties participate in dividing something among them, no one is cheated.",part4.docx,,
YOR2138,Bí ọmọ ò jọ ṣòkòtò a jọ kíjìpá.,"If a child does not resemble the trousers, he should resemble the wrapper.","If a child does not take after his father, he should take after his mother.",part4.docx,,
YOR2139,"Bí ọmọdé bá pa eku, a dá a jẹ, bó bá pa ẹyẹ, a dá a jẹ, ṣùgbọ́n ọjọ́ tó bá dáràn gòdògbà, a fà á wá sọ́dọ́ ọ bàbá-a r .","When a youth kills a rat, he eats it alone; when he kills a bird, he eats it alone; but when he is in serious trouble, he drags it home to his father.",A youth does not re member his parents until he needs their help.,part4.docx,,
YOR2140,Èèyàn bí ìyá ò sí; ta ní jẹ́ ṣe ọmọ-ọlọmọ lóore.,There is no being like a mother; whoever did another person’s child a favor?,A mother is the surest support a person can ever hope for.,part4.docx,,
YOR2141,"Ehín tó tayọ, wàhálà ẹnu ni.",A bucktooth is trouble for the mouth.,"One pays one way or another for one’s shortcomings. Or, the shortcomings of one’s relatives spell problems for one also.",part4.docx,,
YOR2142,Èkó ilá gba ara-a rẹ̀ lọ́wọ́ ọbẹ̀: ilá táa kókìkí ò so; gbọ̀ọ̀rọ̀ táa gbkẹ́lé ò fà; ọmọ ìf táa gbkẹ́lé ò ṣe bí a ti rò,Okro that goes to seed saves itself from being stewed: the okro one boasted about fails to fruit; the pumpkin one placed one’s hopes on sends out no trailers; the beloved child one relied on fails to do as one hoped.,One can hope for no rewards for one’s pains from an ungrateful child.,part4.docx,,
YOR2143,Èyí wù mí kò wù lọmọ ìyá méjì-í fi ńjẹun lótọ̀ọ̀tó,This appeals to me but not to you’’ is the reason why two children of the same mother eat separately. Ẹ,Even the closest of relatives may differ in taste.,part4.docx,,
YOR2144,Ẹ̀ ńgbàdúrà kẹ́ṣin ilé kú; ẹ ò níí lẹ́ṣin mìíràn níran yín mọ́.,You pray for the death of the household horse; there will never be another horse in your lineage. 304 relationships,Any household that wishes for the destruction of its most illustrious mem ber will never again be blessed with a worthy member.,part4.docx,,
YOR2145,Ẹ̀ẹ̀tán lelégbè ẹyìn; ọmọ bíbí inú ẹni lelégbè ẹni.,Young palm fruits are the support of ripe ones; one’s children are one’s support.,In their old age parents have their children to lean on.,part4.docx,,
YOR2146,Ẹ̀là ìlẹ̀kẹ̀ ò lójú àtokùnbọ̀; alágbẹ̀dẹ ò rójú ará,A split bead lacks a hole for a thread; the blacksmith has no time for relatives.,Some occupations leave no room for the obser vance of courtesies.,part4.docx,,
YOR2147,Ẹlẹbí ò sinmi; ẹni à bí ire ò ráyè,A person with a large family does not rest; a person of good birth has no time to himself or herself.,Whoever has a large family or is very popular has many obligations and great demands on his or her time.,part4.docx,,
YOR2148,Ẹni a bí wọn bí kì í wù wọ́n; ẹni ẹlẹ́ni ní ńyá wọn lára.,Their blood relatives never find favor with them; only strangers evoke their enthusiasm.,People always appreciate what is remote more than what is near at hand.,part4.docx,,
YOR2149,Ẹní bímọ ọ̀ràn ní ńpọ̀n ọ́n dàgbà.,Whoever mothers a problem child will bear it on her back until it is weaned.,"Oneself, and no one else, bears the consequences of one’s own actions.",part4.docx,,
YOR2150,Ẹni tí yó kùú kì í la odó yáná,A dying person does not split the mortar to kindle a fire to warm himself or herself.,"However desperate one’s circumstances, one should respect the interests of others.",part4.docx,,
YOR2151,Ẹni tó bá yọ ará ilé-re lẹ́nu yó jogún òfo.,Whoever makes himself or herself a nui sance to those of his or her household in herits nothing. F G,It pays to look well to one’s relations with one’s family.,part4.docx,,
YOR2152,Gángán ló báni tan; kò ṣéé fi bẹ rẹ́.,His relationship to one is very slight; even so it cannot be severed with a knife. I,The most distant relative still deserves to be acknowledged and treated as such.,part4.docx,,
YOR2153,Ìfẹ́ ní kókó ìpàkọ́; a kì í fi aṣọ kọ́ ọ.,The knot at the occiput is something one tolerates out of love; one cannot hang clothes on it.,One does or endures certain things without expecting material benefits from them.,part4.docx,,
YOR2154,Ìgbà ò lè di ìgbà òyìnbó ká fi àbúrò ẹni ṣaya.,"No matter to what extent the era has become a white man’s era, one cannot take one’s own sister as a wife",There are some values and habits that will survive the strongest foreign influences. Compare the next entry.,part4.docx,,
YOR2155,Ó gbogbo èdè àti ìtàn ti o jẹ́ ẹni tó gbogbo èdè àti ìtàn ti o jẹ́ ẹni tó gbogbo èd,There are some values and habits that will survive the strong est foreign influences.,Compare the next entry.),part4.docx,DROP,
YOR2156,Ìgbà ò lè di ìgbà òyìnbó kọ́mọ ẹní sọnù ká má wàá a.,"However strong the white man’s influence, if one’s child is lost, one will go searching for him or her.",A people’s values must survive the strongest foreign influences.,part4.docx,,
YOR2157,Ikú òde ní ńpa ọmọdé fún ìyá ẹ̀.,It is death from outside that kills a child for his or her mother.,A child not properly instructed at home will learn a lesson from strangers outside the home.,part4.docx,,
YOR2158,Ìlasa ò sunwọ̀n; ta ló bí ilá?,Okro leaf is no good; who gave birth to the okro?,"However great the offspring, he or she must yet acknowledge his or her parents.",part4.docx,,
YOR2159,Ilé là ńwò ká tó sọmọ lórúkọ.,One considers the home before giving a child [from it] a name.,A child’s character is a good indication of the sort of home he or she comes from.,part4.docx,,
YOR2160,Ilé la ti ńkẹsọ̀ọ́ ròde.,One adorns oneself with finery in one’s home before stepping outside.,One’s char acter follows one from home into the world outside.,part4.docx,,
YOR2161,Ilé làbọ̀sinmi oko.,The home is where one returns for rest after the farm.,"However long one wanders, one eventually returns home.",part4.docx,,
YOR2162,Ilé ni bọ̀yí máa bọ̀ sí,The home is the place the houseboy returns With the family 305 to in the end.,"One may try, but one cannot escape one’s destiny.",part4.docx,,
YOR2163,Ilé ọkọ lobìnrín ti ńtún ìpín yàn.,It is in the marital home that a woman’s destiny is revised.,A woman’s destiny be gins anew when she goes to her husband’s home.,part4.docx,,
YOR2164,Ilénikúwà ẹran Àjàyí; Àyànmọ́-ìpín ẹran Olúgbòde,"The-home-is-where-death-lurks, the name of Àjàyí’s goat; One’s-fate-is-set-at-one’s creation, the name of Olúgbòde’s goat.","If one’s home base is secure, one is safe from disaster; yet no one can avert his or her fate.",part4.docx,,
YOR2165,"Ipin lójú, ikun nímú, ará ilé ẹní mọ̀dí ẹ̀: àrùn lará ìta ńpè é.","Eyes oozing matter, mucus in the nose: those of one’s household know the cause, but strangers attribute them to disease.",Only those really close to a person know the real reasons for his or her condition.,part4.docx,,
YOR2166,Ìṣẹ̀ àpọ́n ò lórí; tabiyamọ ló sàn dí.,The bachelor’s privations are to no pur pose; those of a mother are somewhat better.,Suffering is tolerable as long as it is not purposeless.,part4.docx,,
YOR2167,Iṣẹ́ ḿbẹ lóko òkú tí a pè tí kò dáhùn,"There is work to be done on the farm of the dead person, who is called but does not re spond.","When a person becomes incapable of performing his or her duties, the relatives inherit the obligation to take them up.",part4.docx,,
YOR2168,Iṣu kì í ta kó gbàgbé ewé; àgbàdo kì í yọmọ kó gbàgbé ìrùkẹ̀rẹ̀; kí ni ngó jẹ gbàgbé ọmọ-ọ̀ mi?,The yam does not mature and forget the leaves; the corn does not ripen and forget the tassels; what would I eat that would make me forget my children?,"However successful one might be, ones’s children would still be uppermost in one’s mind.",part4.docx,,
YOR2169,Ìtàkùn ní ńṣe ikú pa ọ̀kẹ́rẹ́; obìnrin ní ńṣe ikú pa ọkùnrin.,Vines are the death of squirrels; women are the death of men.,"As dangerous as vines are to the squirrels, so dangerous are women to men.",part4.docx,,
YOR2170,"Ìtàkùn tó so igbá, tó so agbè, ló so elégéde.",The same vine that grew a calabash and grew a gourd also grew a pumpkin.,Said of people who are of the same stock but harbor enmity toward one another.,part4.docx,,
YOR2171,Iwájú la ti ńjogún; ẹ̀hìn la ti ńṣàgbà.,"One inherits from one’s front, and one sets an example at one’s back.","Deriving benefits from one’s elders, one is obligated to pass on some benefits to those who are younger.",part4.docx,,
YOR2172,Ìyá là bá ní; ará ò ṣe nǹkan fúnni.,One whould rather have a mother; relatives hardly do one any favor.,A mother is to be preferred over other kin.,part4.docx,,
YOR2173,"Ìyá ni wúrà, baba ni jígí; ọjọ́ ìyá kú ni wúrà-á bájẹ́; ọjọ́ tì bàbá kú ni jígí lọ.","Mother is gold, father is glass; the day the mother dies is the day the gold is ruined; the day the father dies is the day the glass is gone. J","One’s parents are of great value, but the mother is more precious than the father.",part4.docx,,
YOR2174,"Jọ mí jọ mí,’’ òkú òǹrorò ní ńsọni dà. ","Be just like me, be just like me!’’ makes one an intolerable tyrant.",One should allow others to be themselves.,part4.docx,,
YOR2175,Kí adití baà gbọ́rọ̀ la ti ńsọ lójú ọmọ ẹ́.,It is so that a deaf person might hear some thing that one says it in his or her child’s presence.,One way of making one’s opin ion known to a person one cannot or dares not speak to is to say it in the hearing of someone close to that person.,part4.docx,,
YOR2176,Kí ni a ó ṣe fún ọmọ àlè tí yó peni ní baba?,What could one do for a bastard that would induce him or her to call one ‘‘father’’?,A favor done for unworthy and ungrateful people is a favor done in vain.,part4.docx,,
YOR2177,Kòbánitan ò jogún ẹni.,He-[or-she]-is-not-related-to-one does not inherit from one. M,Those one has nothing to do with have no rights in one’s affairs.,part4.docx,,
YOR2178,Má ṣe fìwà jọ mí; ọmọ olè lolè ńjọ.,Do not take after me; a thief takes after a thief ’s offspring [or a thief ’s offspring takes after his parents].,One should take after one’s parents in character.,part4.docx,,
YOR2179,"""Ng ó ṣe iyá"" ò lè jọ iyá; ""Ng ó ṣe baba"" ò lè jọ baba; ""Wòsọ̀ dè mí"" ò lè jọ onísọ̀; ojú mẹ́wàá ò lè jọ ojú ẹni.",Watch the store for me’’ is not the same as the owner of the store; ten eyes are not like one’s own.,A substitute is never as good as the real thing.,part4.docx,,
YOR2180,Nínù là ńnu ọmọ ẹyẹ dàgbà.,"Until it matures, the young bird is fed by having food placed in its mouth.",People have the responsibility to care for their dependents until they are able to care for themselves.,part4.docx,,
YOR2181,Obìnrín délé ọkọ ó gbàgbé ọ̀rẹ.,"On arriving at her marital home, a woman forgets her suitors.","On leaving a stage in one’s life, one should abandon the habits of that stage",part4.docx,,
YOR2182,Obínrin tí kòì lórogún ò tíì màrùn tí ńṣèun,A woman who does not yet have a co-wife does not yet know what disease she has.,"Until one has enemies, one seldom knows one’s flaws.",part4.docx,,
YOR2183,"Òde là ńṣàgbà, ilé kan bí ìbó; bó pẹ́ títí, àtilé àtòde ní ḿbọ̀ wáá kàn","When one is abroad, one acts the venerable sage, even though one’s homestead is as sour as the sap of the ìbó plant; but sooner or later both the homestead and the outside become sour.",One cannot conceal one’s secret shame forever.,part4.docx,,
YOR2184,Odò kì í ṣàn kó gbàgbé ìsun,A river does not flow and forget its source.,"However far you may roam, always remem ber where you came from.",part4.docx,,
YOR2185,Òkò lọmọ: Ọlọ́run ní ńwí pé ká sọ síbi tó dára.,A child is [like] a stone: only God’s grace guides one to throw it to a propitious place.,It takes Providence to help one do right by one’s children.,part4.docx,,
YOR2187,Òkú ọlọ́mọ kì í sun à-sùn-gbàgbé.,The corpse of a person who left children behind does not forget itself in sleep.,An expression of the belief that dead people survived by young children will continue to care for them from their new abode.,part4.docx,,
YOR2188,Oǹsìn ní ḿmọ ìwà.,The servant is best placed to know [the mas ter’s] character.,Those dependent on you can best tell what sort of person you are.,part4.docx,,
YOR2189,Orí kì í pọ̀ lọ́jà ká má mọ tìyá ẹni.,Heads are never so plentiful in the market place that one does not recognize one’s mother’s.,One must always favor one’s kin.,part4.docx,,
YOR2190,Òrìṣà ilé ẹni kì í hunni.,One’s household god never turns on one.,"One should always be able to count on succor, not betrayal, from one’s own house hold.",part4.docx,,
YOR2191,Òrìṣà ò níkà; ará ilé ẹni ní ńroni pa.,The gods are not wicked; it is people from one’s household who kill one with defama tion.,One’s greatest enemies often come from one’s own household.,part4.docx,,
YOR2192,Orogún kì í jogún orogún.,Co-wives do not inherit from co-wives.,People with distinct interests should keep them distinct.,part4.docx,,
YOR2193,Ọkọ ẹni lodì ẹni.,One’s husband is one’s closest kin.,There should be no relationship more intimate than that between spouses.,part4.docx,,
YOR2194,Ọlá àbàtà ní ḿmú odò-ó ṣàn; ọlá-a baba ní ḿmú ọmọ yan.,It is the by the grace of the marshy land that a river flows; it is by the grace of the father that the son struts.,The person who has strong backers can afford to strut.,part4.docx,,
YOR2195,"Ọlanfẹ ni baba ẹyẹ, iyùn ni baba ìlẹ̀kẹ̀; ẹni tí a bá fẹ́ ìyá ẹ̀ lọmọ ẹ̀ ńwunni",The ọlanfẹ bird is the father of all birds; the coral bead is the father of all beads; it is the offspring of the person whose mother one loves that are attractive.,One’s love for a woman affects one’s feelings toward her children.,part4.docx,,
YOR2196,"Ọmọ àlè, ilé ní ńtú",A bastard does nothing but disrupt the household.,Illegitimate children ruin fami lies.,part4.docx,,
YOR2197,"Ọmọ́ bọ́ lọ́wọ́-ọ nínà, ó di à-wò-mọ́jú.","When a child outgrows whipping, he be comes a person one looks at and rolls one’s eyes in disgust.","When a child becomes an adult and still has not learned to behave well, one can only throw up one’s hands in resignation.",part4.docx,,
YOR2198,"Ọmọ ẹni ò ṣèdí bẹ̀bẹ̀rẹ̀, ká sòlẹ̀kẹ̀ mọ́ ọmọ ẹlòmíràn nídìí.","One does not, because one’s child’s waist is too fat, put waist beads around the waist of another person’s child.","One always loves one’s own children best, despite their flaws.",part4.docx,,
YOR2199,Ọmọ olúgelegele-é pa ìdí m búúbú,The olúgelegelé plant tidies up its base dili,Not Provided,part4.docx,,
YOR2200,Ọmọ ọlọ́mọ là ńrán níṣẹjẹ ‘‘dé tòru-tòru.’’,It is only another person’s child that one sends on a return-unfailingly-even-after nightfall errand.,One always feels more free to misuse other people’s property than one’s own.,part4.docx,,
YOR2201,Ọmọ ọlọ́mọ ní ńpa baba oníbaba.,It is another person’s child that kills another person’s father.,"Both the perpetrator and the victim of an evil deed have relatives to whom they relate differently. People often do evil to other, unrelated, people.",part4.docx,,
YOR2202,Ọmọ tí ó ní ẹlẹrù yó bàjẹ́,A child who fears no one will be rotten.,Any person who refuses to be disciplined is worth nothing.,part4.docx,,
YOR2203,Alébíowú means ‘‘one who lies contentedly like festering jealousy’’; Ajíb ládé means ‘‘one who rises ac companied with prosperity.’’,The two are to be pictured as in their characteristic morning poses.,Not Provided,part4.docx,DROP,
YOR2204,Abéégúndé means ‘‘One who arrives during the annual eégún festival.’’,Only those who belong to the cult may give such a name to their children; the sense of the proverb seems to be that those who do not be long to the cult may not give their own children such a name.,With the family 309,part4.docx,DROP,
YOR2205,Ọmọ tí ò níyàá kì í dégbò hìn.,A motherless child should not get a sore on his back.,"Unless you have people to help you out, do not get into trouble.",part4.docx,,
YOR2206,"Ọmọ tó bu ìyá lẹ́hìn jẹ, ẹni tí yó pọ̀n ọ̀n á ṣíṣẹ.",A child that bit its mother’s back: whoever will carry it on her back has her work cut out for her.,Children who cannot be dis ciplined by their parents pose even greater problems for their caretakers.,part4.docx,,
YOR2207,"Ọmọ tó bu ìyá ẹ̀ lẹ̀hìn jẹ, kò sí alágbàpọ̀n tó jẹ́ pọ̀n ọ́n.","The child that bit its mother’s back, no surrogate carrier will carry on her back.",Children that cannot be controlled by their parents will not easily find caretakers. Compare the preceding entry.,part4.docx,,
YOR2208,Ọmọ tó dára ti bàbá ẹ̀ ni; ọmọ burúkú tìyá ẹ̀ ni,A well-disciplined child is the father’s child; an ill-bred child is the mother’s.,It is up to the father to discipline the child; it is up to the mother to see that the child accepts the discipline.,part4.docx,,
YOR2209,"Ọmọ tó ní kíyàá òun má sùn, òun náà ò níí fójú kàn orun.",A child that is determined to keep its mother awake will itself not catch a glimpse of sleep,People intent on making trouble for others will not themselves remain untroubled.,part4.docx,,
YOR2210,Ọmọ yìí ṣe gbọ́n báyìí? Ó ní baba nísàlẹ̀ ni,How did this child come to be so wise?’’ It is only because he has a father somewhere. 310 relationships,A well-bred child is evidence of his father’s good influence.,part4.docx,,
YOR2211,"Ọmọdé tó yá tọ́rò lóde, owó ilé ló ná",A child who borrows three pence on the streets is actually spending household money.,Members of the household will ulti mately be held responsible for the actions of the minors in the household.,part4.docx,,
YOR2212,Ọ̀ràn tó bá bá ojú á bá imú.,The trouble that befalls the eyes will also af fect the nose.,Whatever afflicts those close to one afflicts oneself also.,part4.docx,,
YOR2213,"Ọ̀rẹ́ ẹni ní ḿbáni pilẹ̀ ọ̀rọ̀, ará ilé ẹni ní ḿbani kó o",It is a friend that helps one lay the foun dation of a venture; kinfolk help one carry it to fruition.,Kin are more valuable than friends.,part4.docx,,
YOR2214,"Órẹ́ kítí-kítí, iyèkan kàtà-kàtà: bọ́rẹ̀ẹ́ kítí-kítí bá kú, iyèkan kàtà-kàtà ní ńgbé e sin","The closest of friends, the most distant of relatives: when the closest friend dies, the most distant relatives are the ones who ar range the funeral.",The closest friend is not as important as even distant relatives.,part4.docx,,
YOR2215,"Ọ̀rọ̀ àgbà, bí kò bá ta ẹ̀dẹ́, ogun ní ńta.","The word that issues out of the mouth of an elder, if it does not hit at hunting, will hit at war.",There is always considerable substance and weight in what an elder says.,part4.docx,,
YOR2217,Ṣe igbá ilé jẹ́jẹ́; a ò mọ ìwà tí toko yó hù.,Handle the home calabash with care; no one knows how the farm calabash will behave. T,Be good to the things and people you al ready have; you can never be sure what you might end up with if you were to trade them for new ones.,part4.docx,,
YOR2218,"Tímọ́-tímọ́ letí ḿmọ́ orí, tìmọ́-tìmọ́ lalámọ̀ ńgún amọ̀.",Closely is the manner of the ear’s attachment to the head; smoothly is the way the clay worker pounds his clay. W,An admonition to people to remain intimate.,part4.docx,,
YOR2219,Wo isè dè mi kì í jọ onísọ̀; Ng ó sè baba fún ọ ó lè jọ baba.,Watch the stall for me’’ cannot be like the store owner; ‘‘I will be like a father to you’’ can never be like a father. With the family 311 On relationships within the community A,"Where kinship is concerned, substitutes can never be like the real thing.",part4.docx,,
YOR2220,A kì í bá ẹni gbé ká má mọ ojú ẹni.,One does not live with a person and yet not know how to deal with him or her.,To know a person well is to know that person’s habits and tastes.,part4.docx,,
YOR2221,A kì í bá ẹni tan ká tún fani nítan ya.,One does not claim kinship with a person and yet split the person’s thighs.,Sexual activities between blood relatives are taboo.,part4.docx,,
YOR2222,A kì í bá ọmọ ẹni ṣeré kó doko ẹgba.,One does not play with one’s child and then head for the bush of whips.,One should keep the play in playing and not turn it into a quarrel.,part4.docx,,
YOR2223,A kì í tóó bánigbé ká má tòó ọ̀rọ̀-ọ́ bánisọ.,One does not qualify to live with a person without also qualifying to talk to the person.,Friends and relatives have every right to counsel with a person.,part4.docx,,
YOR2224,A kì í yan àna ẹni lódì.,One does not refuse to speak to one’s family in-law.,Certain obligations must never be neglected out of pique.,part4.docx,,
YOR2225,Ààyè ọmọ là ńfẹ́; a kì í fẹ́ ókú ọmọ.,One courts a live person; one does not court a dead person.,One should spare no effort to keep one’s child alive.,part4.docx,,
YOR2226,"Adásínilọ́rùn, obìnrin ọ̀dọ̀gọ: ẹlérú ńwá ẹrú, ó ní kí wò n jẹkí ọkọ òun ti oko dẹ́ ná","Person-who-involves-one-in-trouble, idiotic woman: a slave owner comes searching for his missing slave, and she says he should wait until her husband returns from the farm.",A loose mouth is a dangerous thing for the owner and his or her kin.,part4.docx,,
YOR2227,Àkèekèe òjògán fìdí jà; ará ilé ẹni-í fojúdini.,The formidable scorpion fights with its tail; members of one’s household belittle one.,"Those most familiar with you are likely to show you disrespect. The scorpion’s fighting with its tail, rather than its arms, is here construedasasignofcontemptforthe adversary.",part4.docx,,
YOR2228,"Amúnibúni ẹran Ìbíyẹ; Ìbíyẹ-ẹ́ fọ́jú ọ̀tún, ẹran-an rẹ̀-ẹ́ fọ́ tòsì.","A-creature-that-makes-one-insult-anotherperson, Ìbíyẹ’s goat; Ìbíyẹ is blind in the right eye,and her goat is blind in the left","If the parent and the child share the same trait, one risks provoking the parent by remarking on the trait in the child",part4.docx,DROP,
YOR2229,Aṣenilóde ò tó tilé; ilé ni wọ́n ti ńṣeni.,The-enemy-outside is no match for the enemy at home; one is done in in one’s own home.,The enemy at home is more formidable than the enemy abroad.,part4.docx,,
YOR2230,Aṣiwèrè èèyàn ní ńkọṣẹ́ àbọ̀ ọjà.,Only an imbecile refuses to run an errand he or she can do on the way from the market.,One should not refuse to do a favor that entails no hardship or inconvenience.,part4.docx,,
YOR2231,Aṣusọ́nà ní ńfi ìyá-a rẹ̀ gbèpè,A child who shits on the path brings down curses on its mother. B,A child’s behavior is a reflection on its mother; a child’s misbehav ior exposes its parents to castigation.,part4.docx,,
YOR2232,Bàbá laláàbò; ìyá lonírànwọ́; orogún nikú,A father is a protector; a mother is a helper; a co-wife is death.,Two women who share the same husband are deadly enemies.,part4.docx,,
YOR2233,"Bí a bá wí pé kí ará ilé ẹni má lòówó, ará òdé ní ńyáni lọ́fà.","If one schemes so that one’s relatives may not prosper, outsiders eventually receive one as a pawn.",One who works to ensure that one’s people do not succeed becomes fair game for outsiders.,part4.docx,,
YOR2234,"Bí a kò bá fi oògùn pa ọmọ ìyá ẹni, ọmọ bàbá ẹni kì í sá fúnni.","If one did not kill one’s sibling by the same mother with poison, one’s sibling by the same father does not flee.","If one has done nothing to encourage them to do so, one’s close relatives will not avoid one.",part4.docx,,
YOR2235,"Bí a kò bá lè dijú kan ọmọ ẹni níkòó, ojú là ńlà sílẹ̀ tí wọ́n fi ńkàn án lọ́mọríodó lórí.","If one cannot close one’s eyes to rap one’s child on the head, one will watch with wide open eyes as others hit him on the head with a pestle.","If one will not discipline one’s child, others will, and much more mercilessly.",part4.docx,,
YOR2236,"Bí a kò bá sọ fún ọmọdé pé èèyàn lọkọ ìyá-a rẹ̀, a ní ta ní ńwá gba ìyá òun lẹ́kọ jẹ lójoojúm yìí?","If a child is not told that a certain person is its mother’s husband, the child asks who this person is who comes everyday to take food from its mother.","Without knowing the re lationship between two people, one cannot understand their actions.",part4.docx,,
YOR2237,"Bí àkùkọ́ bá kọ láyé, àwọn ẹgbẹ́ ẹ̀ á gbè é lọ́run.","If a cock crows on earth, its peers respond in heaven.",A company always backs up its leader.,part4.docx,,
YOR2238,"Bí ará ilé ẹní bá ńjẹ kòkòrò tí kò sunwọ̀n, tí a kò sọ fún un, hùrùhẹ̀rẹ-ẹ rẹ̀ ọ níí j ká sùn lóru.","If a member of one’s household is eating bad insects and is not cautioned, his or her hacking cough will not permit one any sleep during the night.","If one does not counsel one’s brother, one will share in his misfortune.",part4.docx,,
YOR2239,"Bí ẹni ẹní bá kú lókèèrè, à pẹta-a r wálé.","If one’s relative dies far away from home, the dead person’s relic is sent home.","How ever far a person wanders, something of that person must eventually return home.",part4.docx,,
YOR2240,"Bí ikú ilé ò pani, tòde ò lè pani.","If the death at home does not kill one, the death outside will not.","If one is secure at home, one will be secure abroad.",part4.docx,,
YOR2241,"Bí ó bá bá ojú, á bá imú pẹ́lú.",Whatever disaster befalls the eye will also befall the nose.,One shares in the fate of people close to one.,part4.docx,,
YOR2242,Bí orí kan-án bá sunwọ̀n á ran igba.,"If a head is blessed with good fortune, it will affect a hundred others.",To be associated with success is to benefit from the success.,part4.docx,,
YOR2243,Binisí-binisí: ọ̀tá ilé ò rí kòtò bini sí.,"Push-one-into, push-one-into: one’s house hold enemy can find no ditch to push one into. E",The enemy in your own home cannot openly hurt you.,part4.docx,,
YOR2244,Èèyàn ẹni là ńfi ààyè ọmọ hàn; nígbà tó bá dòkú gbogbo ayé ní ńyọrí-i rẹ̀.,"One presents one’s live child only to one’s kin; when it dies, the world makes itself scarce.",One shares good fortune only with those who will stand by in times of need.,part4.docx,,
YOR2245,"Egbò-ó kẹ̀, iná kẹ̀, ohùn èèyàn-án kẹ̀.","The ulcer grows bigger, the fire glows redder, and one’s voice grows hoarse.",The unrelenting misbehavior of others necessitates one’s continuous admonition.,part4.docx,,
YOR2246,"Èkúté ilé tó fàkọ̀ sílẹ̀ tó ńjọ̀bẹ, tẹnu ẹni ló fẹ́ẹ́ gbọ́.",The house mouse that spares the sheath but eats the knife is bent on provoking one.,A person who deliberately provokes another is spoiling for a fight.,part4.docx,,
YOR2247,"Ení tere, èjì tere lọjà-á fi ńkún.","The first solitary person, then the second solitary person: thus is the market filled.",A collection of solitary individuals makes a multitude. See the next entry.,part4.docx,,
YOR2248,"Ení tere, èjì tere, ọ̀pọ̀ wọ̀mù.","The first solitary person, then the second solitary person, eventually a multitude.",This a variant of the preceding entry.,part4.docx,,
YOR2249,Èpìpà ńpa ara-a rẹ̀ ó ní òun ńpa ajá.,The hard tick is committing suicide but be lieves it is killing the dog. Ẹ,The host’s death is the parasite’s also; one destroys oneself if one destroys one’s only support. A vul nerable person who does not lie low invites disaster.,part4.docx,,
YOR2250,Ẹni ẹlẹni ní ńkọlé fún ikán.,It is other people who build homes for the termite.,One may benefit from other people’s labors.,part4.docx,,
YOR2251,"Ẹní ní ìlú ò dùn, kó kẹ́rù kó gba oko lọ.",Whoever says the town is not pleasant should pack his or her luggage and head for the bush.,Antisocial people deserve to live by themselves in the forest.,part4.docx,,
YOR2252,"Ẹni tó ba ọmọ ọlọ́mọ lórí jẹ, òrìṣà inú ilé yó ba tirẹ̀ náà jẹ.",Whoever ruins the lot of an innocent person will have his own lot ruined by the god of the hearth.,The gods visit retribution on those who do evil to others.,part4.docx,,
YOR2253,"Ẹnìkan ní ńkésẹ̀ nílùú, tí a fi ńsọ wípé à ńlọ sílùú akésẹ̀.",Onlyonepersoninatownhastohavehis or her leg amputated before people will say they are on their way to the amputee’s town.,One person’s blight rubs off on all associated with him or her.,part4.docx,,
YOR2254,Gbódó rù mí kí ngbé àlàpà ru ọmọ-ọ̀ rẹ.,"Burden me with a mortar, and I will burden your child with a denuded wall.",A vow to pay like with like.,part4.docx,,
YOR2255,"Gbogbo ìká fojú ṣe ọ̀kan, àtàm̀pàkò-ó ṣe tiẹ̀ lọ́tọ̀.",All fingers face in one direction; the thumb alone goes its own way.,"In a consensual assembly, there is the loner who must go it independently. ",part4.docx,,
YOR2256,Ìbàdàn kì í gbe onílé bí àjèjì.,The city Ibadan is never as hospitable to its natives as to strangers.,Said of people who are kinder to strangers than to their friends or relatives.,part4.docx,,
YOR2257,Ifá ní ká jọ wò ó; mo ní ká jọ wò ó; ohun tí a bá jọ wò gigún ní ńgún.,Ifá says we should mind it together; I say we should mind it together; whatever all mind together will come out just right.,"(When all people pool their resources, everything comes out right.",part4.docx,,
YOR2258,Igi wọ́rọ́kú daná rú; èèyàn burúkú bàsè jẹ́,A crooked piece of wood scatters the fire; an evil person ruins a feast.,The presence of a contrary person in a group robs the group of any harmony.,part4.docx,,
YOR2259,"Igún pá lórí, kò kan alábẹ.",The vulture’s baldness has nothing to do with a barber.,Said of a certain person’s troubles which are not of others’ making.,part4.docx,,
YOR2260,"Igbó etílé òun ẹ̀gbin, àdàpọ̀ òwò òun ìyà; yàrá à-jùmọ̀ -gbé ìtalẹ̀ ni nínú.",The forest close by the town is doomed to cope with filth; a trading partnership ex poses one to suffering; a shared bedroom is a breeding ground for mud-earth-dwelling biting worms.,All relationships entail irri tants and require some capacity for accom modation.,part4.docx,,
YOR2262,Ìríni ni ìkíni; ìkíni ni ìjẹ́ni.,To see a person is to greet the person; to be greeted is to respond.,"The well-bred person greets people when he or she sees them, and the well-bred person responds to greetings.",part4.docx,,
YOR2263,Kí àdàbà sùú-sùú wí fú jẹdíẹdíẹ; kíyẹ ó wí fẹ́yẹ.,Let the pigeon talk to the woodpecker; let bird speak to another bird.,Each person should spread a matter under discussion to as many ears as possible.,part4.docx,,
YOR2264,Kò-gbélé-kò-gbọ́nà ní ńsìnkú àbíkú,He-does-not-live-in-the-home-and-he does-not-live-on-the-path is the one who buries the àbíkú.,The footloose stranger will always be called upon to help do things no one else wants to do.,part4.docx,,
YOR2265,Kọ̀ǹkọ̀ṣọ̀ ò dá ku èlùbọ́.,The sieve does not sift yam flour on its own.,No individual is self-sufficient.,part4.docx,,
YOR2266,"Lọ́jọ́ ikú ọ̀tà, gbogbo tà ní ńpé jọ.","On the day a merchant dies, all merchants gather.",It is right and fitting to do one’s duty by one’s comrades.,part4.docx,,
YOR2267,Má ta omi sí mi lára kì í dé odò; má fàrá kàn mi kì í wá ọjà.,Do not splash water on me’’ should stay away from the river; ‘‘Do not touch my per son’’ should stay away from the market.,People who would rather be alone should avoid gathering places.,part4.docx,,
YOR2268,"Mo ni ""Ajowò,"" wọ́n ni ""Ajowò""; ohun ti a ba jo wo gugun ni ńgún.","Let us mind it together,’’ and they responded, ‘‘Let us mind it together’’; what ever has everyone’s attention and care comes out straight.",Pooling resources ensures success.,part4.docx,,
YOR2269,"""Mo ti wi?"" ""Bẹ́ẹ̀ lo wi!"" Ẹ̀ẹ̀kannáà làwon méjèèji ngbonu sókè.",What did I say?’’ ‘‘So you said!’’ Both mouths speak in unison. N,Unanimous agree ment leaves no room for dispute.,part4.docx,,
YOR2270,‘‘Ng ò lè jẹ ìjẹkújè’’ kì í gbé àwùjọ ọ̀pọ̀ èèyàn,‘I will not eat rubbish’’ does not live in a crowd.,One must have a thick skin if one wishes to be part of a crowd.,part4.docx,,
YOR2271,"""Ng ò níí fẹ́, ng ò níí gbà"": ibi tó sùn sí lánàá, kò níí sùn síb lónìí","‘‘I will never agree, and I will never con cede’’: wherever he slept last night, he will not sleep there today. O",A disagreeable per son is not welcome company anywhere for long.,part4.docx,,
YOR2272,"Ò ńwòmí, mò ńwò ọ́; ta ní ṣeun nínú u wa?","All you do is look at me, and all I do is look at you; which of us is any use to the other?",A person who does not lift a hand to help another deserves no help from that other in return.,part4.docx,,
YOR2273,Ó pa wọ́n tán nínú ọmọ ataare; kí là bá tún fèèpo ṣe?,He has removed all the seeds from the alli gator pepper; what now can one do with the shell?,"Said of a person who has taken the best of some communal property, leaving others with little that is of any use.",part4.docx,,
YOR2274,Ojú ẹni là ḿbi aṣeni lóhun.,It is in the presence of witnesses that one challenges the person who caused one in jury.,One should make a point of exposing one’s detractor or injurer to the public.,part4.docx,,
YOR2275,Ojúlùmò níí jẹ́ kà na ìyá ọ̀gbà ẹni.,The community will not let one flog the mother of one’s comrade.,Communal sanctions prevent outrageous behavior. See the following proverb for comparison.,part4.docx,,
YOR2276,Ojúlùmò níí jẹ káhun ó sun ìgbẹ́.,The community will not let the miser sleep in the wild.,Even the antisocial person will benefit from communal solicitousness. Compare the preceding proverb.,part4.docx,,
YOR2277,Òkò là ńsọ sígúnnugún níyà míràn; ibi a gbé mọgún la ti ńṣegún lóore.,It is with stone missiles that the vulture is greeted in foreign lands; only where the vulture is known does it receive favorable treatment.,Only where people know one’s stature does one receive the respect one deserves.,part4.docx,,
YOR2278,Onílù-ú ò fẹ́ kó tú; abánigbé ló ńṣe é bẹ́ẹ̀.,The native of the town does not wish it to break up; it is the doing of the sojourner.,People with no stake in a venture might wish to destroy; not so those with a stake in it.,part4.docx,,
YOR2279,Orí kìí burú lọ́wọ̀ọ́.,One head is never [individually] unfortunate in a large company.,Misfortune does not single out a person from among a group.,part4.docx,,
YOR2280,‘‘Òun ló mọ̀’’ kì í mọ ní òun nìkan. ‘‘,That is his business’’ never confines itself to him. Ọ,A matter that concerns one person inevitably comes to concern others also.,part4.docx,,
YOR2281,Ọba ní ńgba a-láì-lárá.,The king is the defense of the person who has no kin.,The king is the ultimate protec tor of his people.,part4.docx,,
YOR2282,"Ọbẹ̀ tó dànù, òfò onílé, òfò àlejò.",The stew that spilled [is] a loss to the host and a loss to the visitor.,The destruction of anything valuable is a loss to everybody.,part4.docx,,
YOR2283,"Ọkọ́ kú, ọmọ ọba mẹ́ta-á pètè; Ọbẹ̀ẹ̀ mú epo, Lálá mú íyọ̀; Àjùwọ́n mú atà.","The husband died, and three princesses made their contribution [to the feast]; Ọb brought palm oil, Lálá brought salt, and Àjùwn brought pepper.",Said of people who are supposed to carry out a project but who cannot effectively coordinate their efforts.,part4.docx,,
YOR2284,"Ọmọdé gbọ́n, Ààrẹ́ gbọ̀n, la fi ńtẹ ilẹ. ifẹ̀"," A youth is wise, and the chief is wise: that is the principle by which people go about at Ifẹ̀.",A youth’s counsel is as worth entertain ing as a chief ’s.,part4.docx,,
YOR2285,"Ọmọdé ò jobì, àgbà ò joyè.",The youth does not eat kola nuts; the elder does not win the chieftaincy title.,"If you do not cultivate others, even those lesser than yourself, then you cannot expect any consideration from them.",part4.docx,,
YOR2286,"Ọ̀pẹ tó darí, igbà-á kọ̀ ọ́.",The palm tree whose top is bent to the ground is rejected by the climbing rope.,"If you pose no challenge, people won’t expend any effort in dealing with you.",part4.docx,,
YOR2287,Ọ̀pọ̀ èèyàn kì í wọ Orò kí Orò gbé wọn,A multitude of people cannot enter the Orò grove and be carried away by Orò.,There is strength and security in numbers.,part4.docx,,
YOR2288,Ọ̀pọ̀ èèyàn ní ńjẹ́ jànmáà.,It is a multitude of people that is called a congregation.,No one person can be a multitude.,part4.docx,,
YOR2289,Ọ̀pọ̀ leṣú fi ya igi lóko.,It is by means of their numbers that locusts tear down a branch on the farm.,There is strength in numbers.,part4.docx,,
YOR2290,Ọ̀ràn tó bá ṣe ojú ìlú ò fara sin.,Whatever happened in the presence of the whole town cannot be kept secret.,It is pointless to be secretive about something everybody already knows about.,part4.docx,,
YOR2291,"Ọ̀run ńya bọ̀, kì í ṣọ̀ràn ẹnìkan.",The sky falling down is not any one per son’s problem.,One should not be overly concerned at the threat of a danger that is general. See the following entry.,part4.docx,,
YOR2292,"Ọ̀run ńya bọ̀, ò ńyẹrí; ìwọ nìkan ni?",The sky is falling and you are ducking your head; are you the only one [in danger]?,There is no sense in trying to avoid a dan ger that is general. See the previous entry.,part4.docx,,
YOR2293,"Ọ̀ṣín mọ ìwẹ̀, inú ḿbí ẹyẹ oko.",The fish eagle knows how to swim; the other birds of the forest seethe with anger.,People are ever jealous of others’ accomplishments.,part4.docx,,
YOR2294,"Ọ́tọ̀ọ̀tọ̀ èyí làna ìgbín? Ìpére-é kú o ò sunkún, ìlákọ̀ṣẹ-ẹ́ kú o ò gbààwẹ̀, o bá ẹlẹ́tẹ lónà o tẹ̀ ẹ́ rẹ́, odò ńgbé ìṣáwùrú lọ o ní ‘‘Dẹ̀ẹ̀, dẹ̀ẹ̀, máa rà’’; ta lò ńṣe àna fún?",What sort of in-law are you to the snail? A small snail dies and you do not cry; tiny snails die and you do not abstain from eating; you see the grasshopper on the path and you step on it; the stream is carrying rounded small snails away and you say ‘‘Float gently away!’’ To whom do you perform in-law obligations?,Said of people who display no fellow feeling with anyone.,part4.docx,,
YOR2295,Float gently away!’’ To whom do you per form in-law obligations?,"The expression hánnìyàn (or, better, hàn- -yàn for han èèyàn) literally means ‘‘show people.’’[?]small snail dies and you do not cry; tiny snails die and you do not abstain from eat ing; you see the grasshopper on the path and you step on it; the stream is carry ing rounded small snails away and you say ‘‘",Said of people who display no fellow feeling with anyone.,part4.docx,DROP,
YOR2296,"Ọ̀tùn ì bá pọ̀ tó Ìbàdàn, à-múró-yaró ni ó jẹ́.",Ibadan but for the addiction of its people to vengeance.,Insistence on vengeance will disperse a community.,part4.docx,,
YOR2297,"Ọ̀tún wẹ òsì, òsì wẹ tún lọw fi ḿmọ́.",The right washing the left and the left wash ing the right is the way to get the hands clean.,Success in a venture depends on cooperation.,part4.docx,,
YOR2298,"Ọwọ́ epo layé ḿbáni lá, ayé kì í báni láwọ́ ẹ̀jẹ̀.",The world will join one in licking fingers dripping with palm oil but not in licking fingers dripping with blood.,"People will share your good fortune with you, but not your misfortune.",part4.docx,,
YOR2299,"Ọ̀wọ́ ni ọ̀wọ́ ikán, ọ̀pọ̀ ni ọ̀pọ̀ èèrùn.",The orderliness is the orderliness of termites; the multiplicity is the multiplicity of the swarming brown ants.,Said in describing a great multitude attending an event.,part4.docx,,
YOR2300,"Ọwọ́ ọmọdé ò tó pẹpẹ, ọwọ́ àgbà ò wọ kèrègbè; iṣẹ́ tí àgbà-á bá bẹ ọmọdé kó máṣe kọ̀ó; gbogbo wa la ní ohun tí a lè ṣe fúnra-a wa.","The youth’s hand cannot reach the rafters, and the elder’s hand cannot enter the gourd; the youth should not refuse to run the errand on which the elder sends him or her; each one of us can do something for the other.","Everybody needs someone some time; therefore, one should not refuse to aid others, even those one thinks one will never need.",part4.docx,,
YOR2301,Ọwọ́ púpọ̀ ní ńpa osùn.,Many hands are required to rub camwood powder on the body.,Many hands cooperat ing ensure that a task is thoroughly done.,part4.docx,,
YOR2302,"Pípé là ńpé gbọ́n, a kì í pé gọ̀.",People assemble to seek wisdom collectively; people do not assemble in order to become stupid.,"If people are willing to talk, others will be willing to listen.",part4.docx,,
YOR2304,"Sọ̀ọ̀r-sọ̀rọ̀-ọ̀ wà, bẹ́ẹ̀ ni ẹní máa gbọ́ ḿbẹ.","There is the loquacious person, and so also there is the person willing to listen.","If people are willing to talk, others will be willing to listen.",part4.docx,,
YOR2305,"Tẹ̀ mí ntẹ̀ ọ́, layé gbà.",Step on me and I will step on you is what life takes.,In life we must act toward others as they act toward us. Compare 3188.,part4.docx,,
YOR2306,Tijú fún mi kí ntijú fún ọ; ẹni tó tijú fúnni là ńtijú fún.,"Behave with decorum toward me, and I will behave with decorum toward you; only those who approach one with decorum earn decorum in return. 320 relationships",Act toward people the way you would like them to act toward you.,part4.docx,,
YOR2307,"Túlùú-túlùú, ẹyẹ Elém̀pe","Town disperser, the Elé pe bird.[?]Y",A person who carries rumors from people to people will cause dissension in the community.,part4.docx,,
YOR2308,Yánníbo-ó mú erèé rún; gbẹ̀gìrì-í ṣàn,Yánníbo chewed up the black-eyed peas; the black-eyed-pea stew is watery.,Said of people who ruin or deplete what was set aside for the benefit of a whole group.,part4.docx,,
YOR2309,"‘‘Yó bàá ọ,’’ kì í ba ẹnìkan mọ",‘A pox on you!’’ does not limit its effect to only one person.,Ill fortune invoked for specific people affects others close to them.,part4.docx,,
YOR2310,A kì í tán fún ẹni ilé jókòó.,One does not spread a mat for a member of the household to sit on.,Acquaintances should not insist on being waited upon like strangers.,part4.docx,,
YOR2311,A-bániṣe-mábàániṣe-mọ́: à bùṣà fáláṣejù kété-kété.,He-that-once-fraternized-with-one-but stops-doing-so: one would do well to give such a person a wide berth.,A friend turned enemy is a danger to be avoided.,part4.docx,,
YOR2312,A-bániwọ́ràn-bá-ò-rídá; ó fúnni léyìí tí kò wuni; ó pa ọmọ tún ọmọ rọ̀.,He-who-helps-one-find-trouble-when-one has-none gives what one does not want; he kills a child and returns to soothe the child.,"A person who involves one in difficulties by his actions is no friend, however much he might pretend to be. See the following entry.",part4.docx,,
YOR2313,Àdàpọ̀ owó ní ḿmú ìjà wá.,Saving money in joint accounts results in quarrels.,Certain things should not be a part of friendship.,part4.docx,,
YOR2314,Adébipani kì í ṣọ̀rẹ́ ẹni.,He who inflicts hunger on one is no friend.,Know your enemy.,part4.docx,,
YOR2315,Ajé ní ḿba ojú ọ̀rẹ́ jẹ́.,It is money that brings a frown to the brow of friendship.,Nothing ruins a friendship more surely than the intrusion of money.,part4.docx,,
YOR2316,Àpá kì í jọ̀lọ̀ kó dà bí ara ẹni; ká jà ká rẹ́ ọ̀ dà bí ọ̀rẹ́ ìpilẹ̀ṣẹ̀.,"However smooth a scar is, it is never the same as the original skin; a mended quarrel is not like original friendship.","Relationships may be mended, but it is better if they never need mending.",part4.docx,,
YOR2317,"A-ríre-báni-jẹ, àgbọ̀n ìsàlẹ̀; òkú kú láàárọ̀, àgbọ̀n-ọ́n yà kó tó dàlẹ́.","A-thing-that-shares-only-good-things-withone, the lower jaw; a person dies in the morning, and the jaw separates before nightfall.",Fair-weather friends are like the lower jaw that separates from the head as soon as the owner dies.,part4.docx,,
YOR2318,"Bí a bá gbá ilé gbá ọ̀nà, ọ̀dọ̀ ààtàn là ńdà á sí.","After one has swept the house and the path ways, one dumps the dirt at the rubbish heap.","However long a matter is discussed, its resolution devolves to the proper agent. Compare 4857.",part4.docx,,
YOR2319,"Bí ijó bá di ijó àgbà, ìlù a yípadà.","When the dance becomes a dance of elders, the drumming should change.",One must match one’s behavior to one’s circum stances.,part4.docx,,
YOR2320,"Bí ọmọdé láṣọ bí àgbà, kò lè lákìísà bí àgbà","A youth may have as many clothes as an elder, but he will not have as many rags as an elder. ","Though a youth may enjoy the same rank as an elder, he cannot match the elder in experience.",part4.docx,,
YOR2321,Ègbé ni fún ọmọ tó ní bàbá òún kéré.,Woe betide the child who says his or her father is insignificant.,Children who belittle their father deserve the worst fate possible.,part4.docx,,
YOR2322,Ègbọ́n iwájú: alugbọn baba.,One’s older brother [is a suitable] substitute father.,Respect others of your elders as you would your parents.,part4.docx,,
YOR2323,Ẹni tí a bá dé ìlú ò tó ẹni tí a dé ìlú mọ̀,The person with whom one came to a town is not as important as the person one came to know after arriving in the town. 322 relationships,A cur rent friend or benefactor is more important than a sometime friend or benefactor.,part4.docx,,
YOR2324,Ẹni tí a bá nídìí àbà ní ńjẹ baba.,The person one finds settled at the granary is the lord of the place. ,"One should give due ragard to those who have been to places, or accomplished things, before one’s time. Compare 3326 and 3456.",part4.docx,,
YOR2325,Ìjà ò mẹ̀gbọ́n,A quarrel does not know who is the elder.,In a quarrel one is likely to forget all pro prieties.,part4.docx,,
YOR2326,"Ìkonkoso-ó tiiri pa eku, ìwọ̀- tiiri pa ẹja, ọkàa bàbà-á tiiri wo olóko; bí ọmọdé ó bàá àgbà jẹun títiiri ní ńtiiri.","The mousetrap leans to one side to kill the mouse; the hook bends in order to kill the fish; the guinea corn leans sideways to watch the farmer; if a child will eat with an elder, it is proper for the child to lean to the side.",One must defer to one’s elders and superiors and not be too forward in their company.,part4.docx,,
YOR2327,Ipa àbálẹ́ lọkùn ńtò.,It is the path blazed by the needle that the thread follows. ,One should emulate one’s elders.,part4.docx,,
YOR2328,"""Ó ḿbọ!"" ló yẹ baba; bí baba bá dé, rán tán.","Watch out, here he comes’’ is what befits the patriarch; after he has arrived, there is no more threat. Ọ",Fear of what a person might do is often a more powerful deterrent than what the person is actually capable of doing.,part4.docx,,
YOR2329,"Ọmọdé fẹ́ẹ́ kú, o ní ẹnu àgbà ńrùn.",A child seeks death [when] he says the mouth of an elder stinks.,Disrespect for elders is a death wish.,part4.docx,,
YOR2330,Ọmọdé kì í wò ṣọ̀ṣọ̀ níbùjókòó àgbà,A youth does not stare when in the com pany of elders.,"Etiquette demands that youth avert its eyes from age, or at least look deferentially at it.",part4.docx,,
YOR2331,Ọ̀-pani-nítàn ní ńfi ojúlé ẹni hanni.,It is the person who tells one one’s own his tory that shows one the doorway to one’s own home.,We would do well to pay at tention to the words of the sages who know more than we do about our own lineage.,part4.docx,,
YOR2332,"Ọ̀rọ̀ tí a pé kí baba má gbọ̀ọ́, baba ní ńparí ẹ̀",A matter that one tries to keep from the ears of the patriarch will eventually come before the patriarch for resolution.,"The elders have a right to be privy to all important matters, because keeping order and peace is their responsibility.",part4.docx,,
YOR2333,"Ọ̀rọ̀ tí ọbá bá sọ, abẹ́ gé e.",Whatever the king says is severed by a razor.,The king’s word is final. See the previous entry.,part4.docx,,
YOR2335,"A kì í bá ẹrú mulẹ̀, ká bá olúwa mulẹ̀, ká má da ẹnìkan.",One cannot make a pact with the slave and make a pact with the master and not betray one of them.,One cannot enter into alliance with people whose interests are in conflict.,part4.docx,,
YOR2336,A kì í dúpẹ́ ara ènì.,One does not give thanks to oneself.,Grati tude is superfluous among close friends or relatives.,part4.docx,,
YOR2337,A kì í fi ibi sú olóore.,One does not return evil to one’s benefactor.,Never render evil for good.,part4.docx,,
YOR2338,A kì í fi òtítọ́ sínú gbàwìn ìkà.,One does not leave truthfulness inside to purchase wickedness on credit.,Never go out of your way to injure others.,part4.docx,,
YOR2339,A kì í fi ràn-an pápá lọ ẹja; a kì í fi ọ̀ràn-an odò lọ àfè.,One does not invite a fish to the grassland; one does not entice the field mouse to the stream.,Do not expect people to destroy themselves at your bidding.,part4.docx,,
YOR2340,A kì í gba àkàkà lọ́wọ́ akítì; a kì ígba ilée baba ẹni lọ́wọ́ ẹni.,One does not deny the monkey the habit of squatting; one does not wrest a person’s father’s home from him.,Respect others’ rights.,part4.docx,,
YOR2341,A kì í gbà lọ́wọ́-ọ ‘‘Mé rì í.’’,One does not take from ‘‘I do not have.’’,Never seek to take from the destitute the little they do have.,part4.docx,,
YOR2342,A kì í rí a-rẹ́-má-jà; a kì í rí a-jà-má-rèẹ́.,No one ever sees friends who do not quarrel; no one ever sees people who quarrel and never make up.,"Friendship and quarrels cannot go on forever, unbroken.",part4.docx,,
YOR2343,A kì í ṣe ọ̀rẹ́ èrò ká yọ̀; èrò yó relé bó dọ̀la.,One does not befriend a sojourner and re joice; the sojourner will leave for home come tomorrow.,Permanent ties are to be preferred to fleeting ones.,part4.docx,,
YOR2344,A kì í ṣìpẹ̀-ẹ ‘‘Nàró’’ fábuké.,One does not give the advice ‘‘Stand up straight’’ to a humpback.,Do not impose impossible conditions on others.,part4.docx,,
YOR2345,À ńdáhùn sí gbèsè; góńgó orí ẹ̀ la kì í kán.,"One may intervene in the discussion of a debt, but one does not break its spike.","Though one may discuss others’ debts, one has no obligation to settle them.",part4.docx,,
YOR2346,Abanijẹ́ ba ara ẹ̀ jẹ́,A detractor injures his own reputation.,A person who maligns other people re-flects badly on his own character. ,part4.docx,,
YOR2347,Abanijó níí gbayì.,A detractor will not earn a good reputation.,This is a variant of the previous entry.,part4.docx,,
YOR2348,"A-báni-jẹ-má-bàáni-ṣe, ìfà èèyàn; ẹní jẹ dídùn ní ńjẹ kíkan.",He-who-shares-one’s-food-but-does-not share-one’s-tasks [is a] freeloader; he who eats the sweet should also eat the sour.,People should not be fair-weather friends.,part4.docx,,
YOR2349,"Abánikú rọṣẹ wón; abánikú, ogun ní ḿbani lọ.",A friend who would die with one is rare; he who would do so accompanies one even to war.,Few friends will risk death by ac companying one to a war that they have no interest in.,part4.docx,,
YOR2350,Abánirẹ́ fi àfo ìjà sílẹ̀.,A person who befriends another should make allowances for quarrels.,It is realis tic to expect that a friendship will not be without occasional quarrels.,part4.docx,,
YOR2351,"Àdánù ńláńlá ni fún ẹni tó fẹ́ni, tí a ò fẹ́.",What a great loss it is for a person who loves you but that you do not love.,Unrequited love is a painful thing.,part4.docx,,
YOR2352,Àdàpọ̀mọ́ obìnrin ò ṣéé yanjú,A congress of women [or with women] is not easy to unravel.,Problems in cer tain relationships defy intervention from outside.,part4.docx,,
YOR2353,Adáríjini ní ńṣẹ̀tẹ́ ẹjọ́.,He who forgives takes the wind out of the case’s sails.,To forgive is to be magnani mous.,part4.docx,,
YOR2354,Adìẹ́ dà mí lóògùn nù; mo fọ́ ọ lẹ́yin.,The chicken spilled my medicine; I broke its eggs.,One pays back tit for tat.,part4.docx,,
YOR2355,A-dùn-ún-jẹ bí àjẹpọ̀.,"A delight to eat, like something one shares with others.",It is more delightful to share food than to eat alone.,part4.docx,,
YOR2356,"Afiniṣẹ̀sín àlè, ó ní òun ó jẹ ibàpẹ.",Concubine-who-would-disgrace-one says she would like some papaya.,True love and true friendship make no impossible demands. This is a variant of 3322.,part4.docx,,
YOR2357,Afínjú méjì kì í wo òjìji wọn nínú agada.,Two fops will not share the same mirror.,Arrogance leaves no room for rivalry.,part4.docx,,
YOR2358,"Àfiohunwéohun, àfọ̀rànwéọ̀ràn; fi ràn jì ká lè yinni.","Recalling-similar-matters-of-the-past, recalling-similar-problems-of-the-past, for give an offense and earn praise.",One should forgive and not keep recalling past offenses.,part4.docx,,
YOR2359,À-fi-ọ̀rọ̀-wé-ọ̀rọ̀ ò jẹ́ kí ọ̀rọ̀ tán bọ̀rọ̀ .,Allowing-a-current-matter-to-remind-one of-similar-matters-in-the-past prevents a quarrel from ending easily.,This is similar to the previous entry.,part4.docx,,
YOR2360,Àgùntàn tó bá ajá rìn á jẹ̀gbẹ́,A sheep that fraternizes with dogs will eat excrement,One inevitably assumes the habits of one’s constant company.,part4.docx,,
YOR2361,Àgbà ò sí nílùú ọ̀kẹ́rẹ́.,There are no elders in the town of squirrels.,Some cultures lack proper regard for age.,part4.docx,,
YOR2362,Àgbà tí kò fọ̀ mọ́ni níkùn kì í fọ̀ mọ́ni lórí.,An elder who does not make an impression on one’s stomach does not make an impres sion on one’s mind.,"If a venerable elder cannot feed you, he may not command you, either.",part4.docx,,
YOR2363,"Àgbà tí kò yáni lẹ́gbàá ìkọ̀kọ̀, bó bá dáṣẹ́ ilẹ́ sílẹ̀ a kì í lọ.","An elder who does not secretly lend one six pence: if he embarks on building a house, one does not show up to help.",One returns favor for favor.,part4.docx,,
YOR2364,Àgbà tó bú èwe lèwe ḿbú.,It is an elder who insults a youth that a youth insults.,Elders earn respect only if they respect others.,part4.docx,,
YOR2365,"Àgbà tó gba gbàdù, ó gba ìtùnú.",An elder who has experienced a disaster has earned commiseration.,Be sensitive to other people’s difficulties.,part4.docx,,
YOR2366,"Àgbà tó gbin èbù ìkà, orí ọmọ-ọ rẹ̀ ni yó hù sí.",An elder who plants yams of wickedness will see them sprout on the head of his child.,The wickedness of the father will be visited on the children. Compare 702 and 1306.,part4.docx,,
YOR2367,Àgbà tó jẹ à-jẹ-ì-wẹ̀hìn ni yó ru ẹrù-u r délé,The elder who eats with abandon will carry his own load to the house.,"If an elder offers no food to the youth around him, he cannot expect any help from them.",part4.docx,,
YOR2368,Àgbàlagbà kì í méku dání kó di amùn rín.,An elder does not hold a rat and see it turn into a lizard.,One should be able to rely on an elder.,part4.docx,,
YOR2369,"Àgbàlagbà ńfìbínú lọ sÍlọrin, a ní kó ra tìróò bọ̀.","An elder is on his way to Ìlọrin in anger, and we ask him to bring back galena for us.3",One should be sensitive to other people’s predicaments. This is a variant of the preceding entry.,part4.docx,,
YOR2370,"Àjẹìw hìn literally means ‘‘eating without look ing back’’: in other words, eating without considering what is proper.",What is proper is for elders to leave a little of their food for the young people.,"That gesture is rewarded by the youths, who will stop the elder from doing any task and do it themselves. If the elder omits this gesture, he loses the consideration and respect of the youth.",part4.docx,DROP,
YOR2371,"Àgbẹ̀jẹ-ẹ́ gbà wọ́n là tán, wọ́n ní ká pa á ní páńṣá.","After the pumpkin had saved them , they ordered that it be cut into ordinary calabash.",in a famine Never forget those who stick by you in your times of difficulty.,part4.docx,,
YOR2372,"Àìfinipèni, àìfèèyànpèèyàn lará oko-ó fi ńsán ìbàǹtẹ́ wọ̀lú.","Lack-of-regard-for-anyone, lack-of-regard for-people makes the bush dweller enter the town in his loincloth.",Self-respect implies respect for others.,part4.docx,,
YOR2373,Ajá kì í gbàgbé olóore,A dog never forgets a benefactor.,"One will, or should, always remember one’s benefac tor.",part4.docx,,
YOR2374,Ajá kọ imí ẹlẹ́dẹ̀; ẹlẹ́dẹ̀-ẹ̀ kọ imí ajá.,The dog snubs the pig’s excrement; the pig snubs the dog’s excrement.,Neither party in a relationship will accept disrespect from the other.,part4.docx,,
YOR2375,Ajá tó yó kì í bá àìyó ṣeré,A satiated dog does not frolic with a hun gry dog.,Avoid levity in the company of benighted people.,part4.docx,,
YOR2376,Ajègbodò ńwá ẹni kúnra.,The-eater-of-new-yams seeks people to join him.,A culprit always wants company. ,part4.docx,,
YOR2377,Àjọjẹ ò dùn bí ẹnìkan ò ní; bí a bá ní là ńṣe àjọjẹ.,Sharing of food is not pleasant if one par ticipant has nothing; it is when one has something that one shares.,Those who share expect something in return.,part4.docx,,
YOR2378,Àjọsùn ní ḿmú iná wá sáṣọ.,Sleeping together infects clothes with lice.,One takes on some of the blemishes of one’s associates.,part4.docx,,
YOR2379,"Àkàṣù bàm̀bà lóṣù àgà, iṣu gbọọrọ lẹ́jọ̀dún","A sizable corn loaf in the month before the harvest, a long yam in the month of the har vest.",A good turn when it is needed will be repaid with accretion. ,part4.docx,,
YOR2380,Àlè tí yó fini ṣẹ̀sín ní ńbèrè ibẹ́pẹ.,It is a concubine who wishes to disgrace one that demands pawpaw.,Those who deliber ately force one into compromising behavior seek to disgrace one. ,part4.docx,,
YOR2381,À-múró-yaro ó jẹ́ kí ọ̀rọ̀ ó tán.,Repaying-injury-with-injury prevents the settlement of disputes.,"As long as a wronged person insists on revenge, a quarrel will not be settled.",part4.docx,,
YOR2382,A-pọ́n-ori-kéré ò gbọ́n bí a-yọwó-má-rà.,The-person-who-skimps-on-his-or-her merchandise is not as clever as the would be-customer-who-prices-the-merchandise but-resists-buying.,"The seller may attempt to scalp, but the buyer may refuse to buy.",part4.docx,,
YOR2383,Àràbà ni bàbá; ẹni a bá lábà ni baba.,The silk-cotton tree is the father; the person one finds at the hut is the lord.,"Just as the silk-cotton tree sways over all other trees, the person who is first in a place holds sway over all others. ",part4.docx,,
YOR2384,Àpá tètè is a game children on an errand play when there are alternate routes to their destination.,"The children split into two groups, each party taking one route and trying to arrive first.",With friends and acquaintances 327,part4.docx,DROP,
YOR2385,"Àrífín ilé-ìgbẹ́, tí ḿmú ọmọdé wo ìhòòhò àgbà.",The disgrace that comes of using a commu nal latrine exposes an elder’s nakedness to the young.,The contingencies of living in a group sometimes expose one to insults one would otherwise avoid.,part4.docx,,
YOR2386,Àrífín tí ejò-ó fi yán ahun.,Lack of proper regard makes a snake bite a tortoise.,It is adding insult to injury for a person to be belittled by someone far below him or her.,part4.docx,,
YOR2387,"À-rí-ìgbọdọ̀-wí, ẹran ilé tí ńfojú dọdẹ.",Something-seen-but-unmentionable: a do mestic animal that disdains a hunter.,The domestic animal may strut with impunity before a hunter.,part4.docx,,
YOR2388,À-ríni-mọ́ni ni à-kíni-mọ́ni.,Seeing-one-with-a-person is greeting-one with-a-person.,The sort of reception one receives depends on the sort of company one is in.,part4.docx,,
YOR2389,A-rojú-fúnni-láwìn-ọjà-á sàn ju a-rojú sinni-lówó lọ.,One-who-reluctantly-sells-to-one-on-credit is preferable to one-who-reluctantly-asks for-his-money.,Someone who reluctantly gives one something increases one’s stock nonetheless; someone who reluctantly takes from one decreases one’s stock. See the next entry also.,part4.docx,,
YOR2390,A-rọ́jú-fúnni-lóhun-ún sàn ju a-rọ́jú gbà-á lọ.,One-who-reluctantly-gives-one-something is preferable to one-who-reluctantly-takes it-back.,See the preceding entry.,part4.docx,,
YOR2391,"Asínwín Ìká, aṣiwèrè Ìlúká, wọ́n dáríjọ, wọ́ ní àwọn ńṣọ̀rẹ́",The mad people of Ìká and the imbeciles 328 relationships[?]of Ìlúká got together and said they were all friends.,Like people keep like company.,part4.docx,,
YOR2392,Àsọtọẹ́lẹ̀ kò jẹ́ kí ìwọ̀fà di ẹrú olówó,A standing arrangement keeps the pawn from becoming a slave of the creditor.,To agree beforehand is to prevent misunder standings later.,part4.docx,,
YOR2393,Aṣiwèrè èèyàn ní ńwípé ẹ̀gbọ́n ò tó; ẹni a bá níwájú ní ńṣe baba fúnni.,Only an imbecile says that those older than he or she are of no account; those who came before one can fill the role of father.,Never disdain an elder.,part4.docx,,
YOR2394,Aṣọ kan-án kángun sára eégún ju ọ̀kan lọ.,One cloth is closer to the masquerader’s body than others.,Some friends or relatives are dearer than others.,part4.docx,,
YOR2395,"A-tọ̀run-wáá-dọbẹ̀-síná, eégún-un sálà.",One-who-comes-all-the-way-from-heaven to-upset-stew-on-the-fire: masquerader of the Muslim day of worship.,The mas querader who disrupts one’s projects is an unwelcome visitor from heaven.,part4.docx,,
YOR2396,Awo ní ńperí awo.,Only mysteries can communicate with mys teries.,Only the initiate can gain access to mysteries and their import.,part4.docx,,
YOR2397,"Bí a bá ńdíje níbi iṣẹ, ọwà máa yán.","If people compete at a task, the task is soon done.",Competition promotes efficiency.,part4.docx,,
YOR2398,"Bí a bá torí igi gba odì, a ṣe iná fúnni yá.","If one makes enemies because of wood, it should make fire for one to warm oneself.",One should have something to show for one’s pains.,part4.docx,,
YOR2399,"Bí a kò bá fìjà pàdé, a kì í fìjà túká.","If people did not come together in a quarrel, they should not part in a quarrel.",Friend ship should not be permitted to turn to enmity.,part4.docx,,
YOR2400,Bí a kò bá jà a kì í rẹ́.,"If we have not quarreled, we cannot be friends.",Friends do not appreciate each other until after a quarrel.,part4.docx,,
YOR2401,"Bí a kò bá pàdé lókè, a ó pàdé lódò.","If we do not meet up on high, we will meet down below.","Paths that have crossed will somewhere, somehow, cross again.",part4.docx,,
YOR2402,"Bí a kò bá rí ohun fún òrìṣà èrò, a kì í gba torí-i r",If one has nothing to offer the god-,Not Provided,part4.docx,DROP,
YOR2404,"Bí àgbàlagbà kò bá ríbi jókòó, gbédìí gbédìí a gbé ọmọdé.","If an elder can find no place to sit, lift bottom-lift-bottom lifts the youth.","If a youth does not voluntarily show respect to elders, forces beyond his control will compel him.",part4.docx,,
YOR2405,"Bí àgbàlagbà-á bá ńsòrí, tómọdé ò yájú, bó pẹ́ títí á mọ ohun tí wọn ńṣe.","If elders confer and the youth does not exceed his station, sooner or later he will know what they conferred about.",The well behaved youth will learn the way of the elders.,part4.docx,,
YOR2406,"Bí ará ilé ẹní bá forísọ, tí a kò bá mọ̀ ọ́ kí, ìjà ní ńdà.","If a member of one’s household bumps his or her head and one is careless in expressing one’s sympathy, a quarrel results.",Sympathy extended the wrong way leads to quarrels.,part4.docx,,
YOR2407,"Bí aṣáájú ò bá mọ̀ọ́ rìn, ìgbẹ́ lára ẹ̀hìn ńwọ̀.","If the leader does not know his way, the follower winds up in the bush.",The incom petence of the leader spells disaster for the followers.,part4.docx,,
YOR2408,"Bí èèyàn-án bá ṣeun ká sọ pé ó ṣeun; bí èèyàn-án bá ṣèèyàn ká sọ pé ó ṣèèyàn; nítorípé, ohun tí a ṣe, ó yẹ kó gbeni.","If a person deserves gratitude, we should say that he deserves gratitude; if a person is kindly, we should say that he is kindly, be cause one should reap the rewards of one’s actions. With friends and acquaintances 329",A person’s goodness should be publicly acknowledged.,part4.docx,,
YOR2409,"Bí ekòló bá júbà ilẹ̀, ilẹ̀ á lanu.","If the worm pays homage to the earth, the earth opens for it.",The proper approach will open any door.,part4.docx,,
YOR2410,"Bí ẹ̀bìtì ò pa eku, a kó ẹyìn fẹ́lẹ́yìn.","If the snare does not kill the rat, it returns the kernel bait to the owner.","If a performer will not carry out a task for which he or she has received payment, he or she returns the payment.",part4.docx,,
YOR2411,"Bí ẹlẹ́dá-é bá pàfọ̀ tán, ẹni rere ní ḿmáa-á wá fi yí lára.","After a pig has wallowed in the mud, it seeks a good person to soil with the mud.",Evil people always look for virtuous people to implicate.,part4.docx,,
YOR2412,"Bí iná bá wọlé, òkùnkùn a paradà.","When light enters the house, darkness re moves itself.","When one’s superiors arrive, one yields authority to them.",part4.docx,,
YOR2413,"Bí kò tó ẹ̀rù, kò tó ìsájú?","If it does not strike fear, does it not merit deference?","If one would not do a thing out of fear, could one not do it out of respect or as a favor?",part4.docx,,
YOR2414,"""Bí o bá ṣe mí má ṣe ọ́"" nigi oko ó fi ńdádé.","If you injure me, I will injure you in re turn’’; it is thus that trees in the forest sprout crowns.",Rivalry or antagonism is often the spur for glorious achievements.,part4.docx,,
YOR2415,Bí ó ti ńṣe iṣu bẹ ló yé; bí ó ti ńṣèyàwó ọkọ-ọ rẹ̀ ló mọ̀; bí o ti ńṣe mí ẹ bi ọ̀rẹ́-ẹ̀ mi.,"How the yam feels is known only to the knife; how the wife feels is known only to the husband; for how I feel, ask my friend.",The people closest to a person know best that person’s condition.,part4.docx,,
YOR2416,"Bí ó ti wù kí ọmọdé tètè jí tó, ọ̀nà ni yó bàá kùkùté.","However early the youth may rise from the bed, he will find the stump already on the road.","In some respects, the youth cannot compete with his elders.",part4.docx,,
YOR2417,"Bí orí kan-án sunwọ̀n, a ran igba.","If one head is fortunate, it will affect others.",One person’s good fortune spills over to his or her associates.,part4.docx,,
YOR2418,"Bí orogún ìyá ẹní bá ju ìyá ẹni lọ, ìyá là ńpè é.","If one’s mother’s co-wife is older than one’s mother, one calls her mother.",One shows the same respect to all elders as one would show to one’s parents.,part4.docx,,
YOR2419,Bí owó bá pọ̀ ọ̀rẹ́ àtèrò a pọ̀; bówó bá tán gbogbo wọn a wábi gbà lọ.,"If money is plentiful, friends and guests are plentiful; when the money is gone, all of them will find other places to go.",People will swarm around the rich but disappear when reverses occur.,part4.docx,,
YOR2420,"Bí ọmọdé bá máa só, a wo iwájú; bí àgbàá bá máa só, a wo ẹ̀hìn.","If a youth wants to fart, he looks ahead; if an elder wants to fart, he looks behind.","The youth should consider what his elders will make of his actions, whereas the elder should consider what example his actions set for the youth. ",part4.docx,,
YOR2421,"Bí ọmọdé bá ḿbá àgbà jẹun, títiiri ní ḿmáaá tiiri.","If a youth eats with an elder, he must show great diffidence.","In the company of elders, the youth must be well-behaved.",part4.docx,,
YOR2422,"Bí ọmọdé bá ní baba òun ò tó ẹni tí à ńsáré bá, bàbá-a rẹ̀ a ní ọmọ òun ò tó ẹni tí à ńdúró dè.","If a youth says that his father is not worth catching up with, the father will say that his son is not worth waiting for.",A person who rejects his or her parents deserves to be disowned by them.,part4.docx,,
YOR2423,"Bí ọmọdé bá ṣu imí búburú, èsìsì la fi ńnù ú nídìí.","If a youth expels foul excrement, one wipes his anus with nettle leaves.",A grievous offense deserves adequate punishment.,part4.docx,,
YOR2424,"Bí ọtí bá ńpani, ṣé òorùn ńpa bọ̀tí; oró táa dá ọkà lọkà ńdáni san.","If wine intoxicates one, the fermented corn was beaten by the sun also; it is the pain one inflicted on the corn that is being avenged.","If one is wronged by the person one has wronged, one has no ground for complaint.",part4.docx,,
YOR2425,"Bí yó ṣe èmi, bí yó ṣe ìwọ, kì í jẹ́ ká ṣu sóko a-láì-rójú.","It-might-happen-to-me, it-might-happen to-you stops one from defecating on the farm of the person who has no time to tend it.","One does not take advantage of the weak, for one does not know what might happen to one in the future.",part4.docx,,
YOR2426,‘‘Bùn mi mbùn ọ’’ lọ̀pọ̀lọ́ ńké. ‘‘,Give to me and I will give to you’’ is the cry of the toad.,Reciprocity is best in human relations.,part4.docx,,
YOR2427,"Búni-búni, a-bèébú-wọ̀ntì-wọ̀ntì.",The person who insults others: a-person whose-nature-deserves-many-insults. D,The person with many flaws is typically the most ready to insult others.,part4.docx,,
YOR2428,Dídùn ló dùn tí à mọrẹ́jú kọ; tilé oge-é to oge-é jẹ.,It is because a relationship is pleasant that one eats corn loaf with one’s friend; what each dandy has at home is enough food for him. E,"If a friendship sours, each friend will survive without the other. Compare 2103.",part4.docx,,
YOR2429,Èèyàn búburú ba èèyàn rere jẹ́,Evil people give good people a bad name.,A good person in the company of bad people shares their reputation,part4.docx,,
YOR2430,Èèyàn loògùn èèyàn.,People are the antidote for people.,"People may be a bane, but they may also be a succor; with people behind one, one can withstand much from other people.",part4.docx,,
YOR2431,Èkùrọ́ lalábàákú ẹ̀wà.,Palm kernel is inseparable company for beans.,"Wherever one sees a certain person, one is sure to see another certain person.",part4.docx,,
YOR2433,Epinrin ní ńwú epinrin sílẹ̀; òkú ọ̀gá láńtá ní ńwú òkú ògolonto.,It is epinrin [a secret] that exposes epinrin; it is a half-shrouded corpse that exposes a shroudless corpse.,Exposure of one secret calls for the exposure of another; the per son whose secret is exposed will expose the exposer’s secret.,part4.docx,,
YOR2434,‘‘Ẹ kú àtijọ́’’ mọ ara-a wọn rí. ,It’s been a long time’’ signals previous ac quaintance.,How people behave toward one another can be explained by what went on between [or among] them in the past.,part4.docx,,
YOR2435,Ègbè bùburú ní mba ìwà rere jẹ.,Bad company ruins good character. 332 relationships,The reputation of one’s company rubs off on one.,part4.docx,,
YOR2436,"Ẹni a bíni bí ńdani, ámbọ̀ǹtórí ọ̀rẹ́.","The person born of the same parents with one might betray one, let alone one’s friends.","Trust no one, neither relatives nor friends.",part4.docx,,
YOR2437,Ẹni a fẹ́ kì í lárùn lára.,A person one loves is never afflicted with a disease.,One is always blind to the flaws of those one loves.,part4.docx,,
YOR2438,Ẹni a fẹ́ kì í ṣìwàhù.,A beloved person can do nothing wrong.,To be loved is to be infallible. Compare the preceding entry.,part4.docx,,
YOR2439,Ẹni à fẹ kì í tẹ́; ṣùgbón ká má ṣàṣẹjù níbẹ̀.,"A beloved person never suffers disgrace, but he or she must not overstep bounds.",A favored person retains the favor only as long as he or she behaves decorously.,part4.docx,,
YOR2440,Ẹni a fẹ́ràn ní ńríni fín.,It is a person one loves who acts with dis respect toward one.,It is those to whom one permits familiarity who take liberties in one’s presence.,part4.docx,,
YOR2441,Ẹni à ḿbá mu tábà kó yọ̀; ehín ní ńpọ́nni.,The person whose snuff one shares should be happy; all one gets from it is stained teeth.,He whose favor one accepts should know that even the acceptance of the favor has its burdens.,part4.docx,,
YOR2442,Ẹni à ḿbárìn là ńfìwà jọ.,It is the person whose company one keeps that one emulates.,One should match one’s comportment to one’s company.,part4.docx,,
YOR2443,Ẹni bí akàn ní ńhe akàn.,Only crablike people gather crabs.,Like attracts like.,part4.docx,,
YOR2444,Ẹni tí a bá fẹ́ràn là ńtijú fún.,It is people one likes that one takes care not to offend.,"One’s consideration should be for one’s friends, not for indifferent people.",part4.docx,,
YOR2445,Ẹni tí a bá ròde là ḿbá relé; ẹni ajá bá wá lajá ḿbá lọ.,One returns home with the person one went out with; the dog departs with the person it came with.,One should not drop one’s partner or collaborator in the midst of an engagement. Compare 3393.,part4.docx,,
YOR2446,Ẹni tí a bá sùn tì là ńjarunpá lù.,It is the person with whom one sleeps that one thrashes against in restless sleep.,One should confine one’s affairs to people with whom one keeps company.,part4.docx,,
YOR2447,Ẹni tí ajá bá wá sóde lajá ḿbá relé.,Whoever the dog came out with is the per son the dog returns home with.,One should remain faithful to one’s companions. This is a variant of 3391.,part4.docx,,
YOR2448,Èran ní ńmúni jẹ ìdin; ọ̀rẹ́ ẹni ní ńmúni ru ẹrù ọ̀tá ẹni.,It is meat that makes one eat maggots; it is one’s friend that makes one carry an enemy’s load.,"To please those one likes and re spects, one often has to do things one finds distasteful.",part4.docx,,
YOR2449,Ẹrú kan ní ḿmúni bú igba ẹrú. A single slave causes one to insult two hundred slaves. ,Asingle slave causes one to insult two hundred slaves.,The misbehavior of one member of a group brings dishonor to all members of the group.,part4.docx,,
YOR2450,Fírífírí lojú ńrímú.,The eyes glimpse the nose only indistinctly.,A statement that someone is all but impossible to see or find.,part4.docx,,
YOR2451,Igi à bá fẹhìntìí lẹ̀gùn-ún; ẹni à bá finú hàn ńkàjọ́ ẹni.,The tree one would lean on has thorns; the person one would confide in is spreading evil stories about one.,There is no one to trust but oneself.,part4.docx,,
YOR2452,Igi tó tó erin lerin ńfara rọ̀.,It is a tree that is as mighty as the elephant that the elephant leans on.,One should seek a worthy enough person to rely on.,part4.docx,,
YOR2453,Ìka tó tọ́ símú là ńnà símú.,It is a finger proper for the nose that one pokes at the nose.,One should know the proper way to approach others—according to their status. Compare 564.,part4.docx,,
YOR2454,Ìsúnmọ́ni nìmọni; èèyàn gbé òkèèrè níyì.,One knows a person by being close to the person; those who live afar enjoy high re gard.,One’s true nature reveals itself at close quarters. Compare 3024.,part4.docx,,
YOR2455,Ìwàá jọ ìwà ní ńjẹ́ ọ̀rẹ́ jọ ọ̀rẹ́.,Compatibility of character means compat ibility in friendship.,Friendship succeeds only when the friends are compatible in their habits.,part4.docx,,
YOR2456,"Ìyá ẹgbón,",With friends and acquaintances 333,Not Provided,part4.docx,DROP,
YOR2457,Ìyá odó òun ọmọ ẹ̀ ò níjà; àgb ló dájà sílẹ̀ fún wọn; ọmọ odó kì í na ìyá ẹ́ lásán.,The mortar and the pestle have no quar rel between them; it is the farmer that has caused the quarrel; the pestle would not pound the mortar otherwise.,Said when extraneous matters cause a rift between two friends.,part4.docx,,
YOR2458,Ìyá ọbá tóó pè ní ìyá ẹbọ; ìyá baálẹ̀-ẹ́ tóó pè ní ìyá àjẹ́; Olúṣẹ̀yẹ́ tóó pẹ̀ ní Olúfàya,The king’s mother is worthy of the designation ‘‘mother of mysteries’’; the chief’s mother is worthy of the appellation ‘‘mother of witches’’; Olúṣ ye [He who makes merry] can also be named Olúfàya [He who tears things apart].,Those brought together by merrymaking may be dispersed by dissension.,part4.docx,,
YOR2459,Ká báni jẹ ò ní ká má bàáni wá ọ̀ràn.,Sharing one’s food with others does not stop them from getting one into trouble.,You cannot trust people simply because you fraternize with them.,part4.docx,,
YOR2460,Ka èèwọ̀ fún mi kí nka èèwọ fún ẹ.,Tell me your taboos and I will tell you my taboos.,"When friends know and avoid what friends dislike, the friendship will last.",part4.docx,,
YOR2461,Ká jà ká rẹ́ kò dàbí ọ̀rẹ́ ìpilẹ̀ṣẹ̀; àpá kì í jinná kó dàbí ara ẹni.,"Friendship made up after a quarrel is not like the original friendship; the scar left by a sore cannot be like virgin skin. means ‘‘mother of the society.’’ Although in that role the matron seeks the welfare of the group, in a crisis she will favor her own children. 334 relationships",Anything that was spoiled and then repaired can never return to its original state.,part4.docx,,
YOR2462,"Káàkiri là ńṣọgi, ojú kan là ńdì í.","Firewood is gathered from all over, but it is all tied together at one place.","After all members of an assembly have voiced their opinions, the leader of the group puts it all together in a statement.",part4.docx,,
YOR2463,Kétàpẹ́ ló rí: ẹṣin ọ̀tá ẹni.,It is a miserably scrawny thing’’: one’s enemy’s horse.,One is always inclined to belittle one’s enemy’s accomplishments.,part4.docx,,
YOR2464,‘‘Kí ni Lágbájá lè ṣe?’’ Ìjà ní ḿbẹ níbẹ̀?,What can So-and-So do? A quarrel brought it about.,Quarrels are the usual reasons for one person to question the worth of another.,part4.docx,,
YOR2465,Kì-í-jẹ-ilá-kì-í-jẹ-ìlasa: ilé ẹ̀ ní ńgbé.,He-will-not-eat-okro-and-he-will-not-eat okro-leaves keeps to his or her own home.,A person who will not do what others do will have no one for company.,part4.docx,,
YOR2466,Kò sí ohun tó dùn bí ọ̀rẹ́ ọtítọ́; kò sí ibi tí a lè fi wé ilé ẹni.,There is nothing quite as pleasing as true friendship; there is no place comparable to one’s own home.,"True friendship is a rare blessing, and one’s home is one’s paradise.",part4.docx,,
YOR2467,Kò sí ohun tó pọ̀ tó eṣú; bó bá ẹni nílé a bá ẹni lóko.,"There is nothing as plentiful as locusts; if they catch up with one at home, they also catch up with one on the farm.","Said of a person or people one cannot get away from, no matter what one does.",part4.docx,,
YOR2468,Mọ ìwà fóníwà loògùn ọ̀rẹ́,Knowing and accepting each person’s char acter for what it is is the medicine for friendship. ,Mutual tolerance is indispensable in friendship.,part4.docx,,
YOR2469,Ogún ọmọdé kì í ṣeré gba ogún ọdún.,Twenty children will not play together for twenty years.,All relationships end some time.,part4.docx,,
YOR2470,"Ogún pa ará, odò-ó gbé iyèkan lọ, àjọbí sọnù lọ́nà Ìkòròdú, a ò tún rẹ́ni bá rìn mọ́, àfi ẹni tí ńtanni",Death took one’s kin; the river carries off one’s siblings; one’s blood relations dis appear on the road to Ìkòròdú; one has nobody left to keep one company save those intent on deceiving one.,An expression of the statement that one has lost all those one could rely on.,part4.docx,,
YOR2471,Ohun mẹ́ta la kì í wípé kọ́rẹ̀ẹ́ ẹni má ṣe: a kì í wí pé kọ́rẹ̀ẹ́ ẹni má ṣe; a kì í wí pé kọ́rẹ̀ẹ́ ẹni má nìí obìnrin; a kì í wí pé kọ́rẹ̀ẹ́ ẹni málọ sídàálẹ̀.,Three things one does not tell one’s friend not to do: one does not tell a friend not to build a house; one does not tell a friend not to take a wife; one does not tell a friend not to travel.,One does not deny a friend the good things of life.,part4.docx,,
YOR2472,"Olóhun ò níí gbẹ̀san, aáwọ̀ ò sì níí tán.","The owner will not accept compensation, but the grumbling will never end.","Used for situations in which a person ruins the property of another person who is very close; the owner cannot properly accept replacement or compensation, yet he will never stop grumbling about his loss.",part4.docx,,
YOR2473,Oníbàtà ní ńfojú dẹ̀gún; ẹni a bá ńfẹ́ ní ńfojú dini,It is someone wearing shoes who can take thorns lightly; it is a person one loves who dares take one lightly.,We are more likely to take advantage of people close to us than those we do not know.,part4.docx,,
YOR2474,"Arógan means ‘‘One who stands bolt upright,’’ and Agúnmát means ‘‘ One who is ramrod straight and never bends.’’ Obviously, if neither will give, there will be a lot of fighting.","Arógan means ‘‘One who stands bolt upright,’’ and Agúnmát means ‘‘",Not Provided,part4.docx,DROP,
YOR2475,"b , a name that means ‘‘","Plea,’’ obviously once belonged to a real person.",Not Provided,part4.docx,DROP,
YOR2476,Ọ́bún ba irú aṣọ jẹ.,The filthy person destroys the appeal of a style of clothing.,Anything a filthy person touches is ruined for others.,part4.docx,,
YOR2477,"Ọgbọọgbọ̀n là ńrọ ìjánu, ọ̀kọ̀ọ̀kan là ḿmọ ìwà èèyàn; à bá mọ ìwà èèyàn, à bá bùn ọ o ò fẹ́ ẹ;adunnijọjọ bí abájọ.","In the thirties one manufactures bridles; one by one one learns people’s character; had I known a certain person’s character when she was offered to me, I would not have married her: a situation that hurts like ‘‘had I known.’’","If it were possible to know people’s character beforehand, one would more easily choose those one would have anything to do with.",part4.docx,,
YOR2478,Ọjọ́ tó bá burú là ḿmọ ẹní fẹ́ni.,It is on bitter days that one knows who loves one.,A friend in need is a true friend.,part4.docx,,
YOR2479,Ọkọ bí ẹmọ́; aya bí àfè; alárinà bí àgó,"Husband like a field mouse; wife like a spotted grass mouse; go-between like the àgó rat.[?]real intention, though, is to stand up for, or support, somebody.",Three of a kind.,part4.docx,,
YOR2480,Ògbóm ṣ is a town near,Ibadan; they are closely related in culture and history.,Not Provided,part4.docx,DROP,
YOR2481,Ọmọ aráye kì í fẹ́ kà rún ọbẹ̀ láwo.,The people of this world never wish that one eat stew in a dish.,People seldom like to see others prosper.,part4.docx,,
YOR2482,Ọmọ aráye ò báni jẹ ọwọ́ kan ìyà; ọwọ́ kan ẹ̀wà ni wọ́n ḿbáni jẹ,The people of this world never join one in enduring a little bit of suffering; it is only a little bit of black-eyed peas that they will join one to enjoy.,"People will share your good fortune, not your misfortune.",part4.docx,,
YOR2483,Ọmọ arúgbó ó jẹ́ kà ṣàánú arúgbó.,The aged person’s child stops one from ex tending charity toward the aged person.,The character of one’s close relatives often determines how people act toward one.,part4.docx,,
YOR2484,Ọ̀na là ńpàdé fẹ̀rẹ̀.,It is on the pathway that people meet fleet ingly.,One should not be too eager to take one’s leave when one visits other people at home.,part4.docx,,
YOR2485,"Ọ̀pẹ̀rẹ̀kẹ́tẹ́ ńdàgbà, inú adámọ̀ ḿbàjẹ́ ; a di baba tán inú ḿbí wọn.","The small palm tree grows bigger, and the cutter of palm leaves becomes angry; we grow in greatness, and they become angry.",People are consumed with jealous anger when they see others prosper.,part4.docx,,
YOR2486,"Ọ̀ràn ṣẹni wò, ká mọ ẹni tó fẹ́ni.",Misfortune should befall one so one might know who really loves one.,We know our true friends only when we are in trouble.,part4.docx,,
YOR2487,Ọ̀rẹ́ arabànikú sọ̀wón,Friends who will die with one are rare.,Do not expect a friend to die for you or with you.,part4.docx,,
YOR2488,Ọ̀rẹ́ àlábẹ́rẹ́ kì í gbé ọ̀tún,The friend of a needle wielder does not sit to his or her right.,"One should know, and allow for, the idiosyncrasies of one’s close friends.",part4.docx,,
YOR2489,"Ọ̀rẹ́ díẹ̀, ọ̀tá díẹ̀, ní ńṣe ikú pani.","A little friendship, a little enmity, is what kills people.",Intermittent friendship does not make for peace of mind.,part4.docx,,
YOR2490,"Ọ̀rẹ́ èké, èké ọ̀rẹ́; olè, olè","A false friend, a friendly fraud: both are like thieves.",Never have anything to do with friends who prove false and frauds who act friendly.,part4.docx,,
YOR2491,Orẹ́ ẹni ní ḿmúni ru ẹrù ọ̀tá ẹni.,It is a friend that makes one carry an enemy’s load.,Obligations one owes a friend may sometimes entail doing things one would otherwise not contemplate.,part4.docx,,
YOR2492,"Ọ̀rẹ́ là ńwá kún ọ̀rẹ́, a kì í wá ọ̀tá kún ọ̀tá.","One seeks to add friends to friends, not enemies to enemies.",Always look for more friends and fewer enemies.,part4.docx,,
YOR2493,"Orẹ ńjọrẹ, tà ńjọtà; a kì í dúpẹ, Mo ta pọ","A gift is one thing, and a sale is quite a dif ferent thing; one does not thank ‘‘I sold it to you cheap.’’",Selling cheap is not the same as making a gift.,part4.docx,,
YOR2494,"Orẹ ò f ẹlẹ̀ta, elèjì lọ̀rẹ́ gbà.",Friendship does not accommodate a third person; it accommodates only a second person.,Two is company; three is confu sion.,part4.docx,,
YOR2495,Orẹ ò fẹ́ irọ́; awo ò fẹ́ ìtànjẹ.,Friendship does not brook lying; secret covenants do not brook deceit.,Always be true and honest in your dealings with those close to you.,part4.docx,,
YOR2496,"Ọ̀rẹ́ ọdún mẹ́ta ò ṣéé finú hàn tán; Júdáàsì-í bá Jésù ṣọ̀rẹ́ ọdún mẹ́ta, ó ta á níjàm̀bá.","A friend of three years is not to be trusted completely; Judas was a friend to Jesus for three years, yet he played him false.","Never place your complete trust in a friend, no matter how long your friendship.",part4.docx,,
YOR2497,Ọ̀rẹ́ pọ̀; ìwà àtìkà inú-u wọn ò dọ́gba.,"Friends abound, but their character and their wickedness are very different.",Friend ship does not mean compatibility or mutual good will.,part4.docx,,
YOR2498,"Ọ̀rẹ́ purọ́ kan, èmí pàkan; ọ̀rẹ́ ní kí ngbé apá ejò lájà, mo ní kó gbé itan ẹja ní pẹpẹ.","My friend engaged in some deviousness, and I responded with my own deviousness; my friend told me to help myself to the arm of a snake on his rafters, and I asked him to help himself to the thigh of a fish on my shelf. P",One should meet cunning with cunning.,part4.docx,,
YOR2499,Pòpóòrò àtèṣí kì í ba olóko dìgbàro.,Last year’s cornstalk will not stand erect as long as the farmer.,The closest of friends and companions eventually go their separate ways.,part4.docx,,
YOR2500,Ọ̀rẹ́ tí àkàrà ḿbá epo ṣe ò kéré.,The friendship that àkàrà maintains with palm oil is not something to take lightly.,Said of friendship that is obsessive and problematic.,part4.docx,PERFECT,
YOR2501,"Rẹ́rẹ́ ojú; ojú ni afẹ́ni, ṣùtì lẹ́hìn.",Friendship that depends on presence offers friendship in one’s presence but despises one when one is absent. Ṣ,Friendship that does not persist in one’s absence is not worth much.,part4.docx,,
YOR2502,Ṣàṣà èeyàn ní ńfẹni lẹ́hÌn bí a ò sí nílé; tajá tẹran ní ńfẹni lójú ẹni.,Few people love one when one is absent; every dog and goat loves one when one is present. 338 relationships,Never trust that those who show you affection in your presence will express the same sentiments in your absence.,part4.docx,,
YOR2503,Ṣe-fún-mi-kí-nṣe-fún-ọ lóògùn ọ̀rẹ́ .,You-do-me-a-favor-and-I-do-you-a-favor is the medicine for friendship.,Reciprocity is essential in friendship. Compare the follow ing entry.,part4.docx,,
YOR2504,Ṣe-mí-kí-mbi-loógùn ọ̀rẹ́ .,You-offend-me-and-I-talk-the-matter-over with-you is the medicine for friendship. T,"Friendship is maintained by talking prob lems out, not by holding grudges. Compare the preceding entry.",part4.docx,,
YOR2505,Togbó togbó là ńrí agogo.,The bell is always seen in the company of its ringer. On relationships with strangers A,Said of things or people that always go together.,part4.docx,,
YOR2506,"À ńgira sè fún àlejò jẹ, ó ní ‘‘Ilé yìí mà dùn láé!’’","One extends oneself to feed a visitor, and he remarks, ‘‘What abundance exists in this home!’’","The visitor has no way of knowing the extent to which the host incurs debt for his, the visitor’s, benefit. Compare proverb 474.",part4.docx,,
YOR2507,Àjòjì tó bú baálẹ̀-ẹ́ sí ẹrù tan,A stranger who insults the chief has packed his load. B,A defenseless person who pro vokes the greatest power in the vicinity authors his or her own disaster.,part4.docx,,
YOR2508,Baálé àlejò ni baba àlejò.,The visitor’s host is the visitor’s father.,The host is father to the visitor. Compare 3263 and 3326.,part4.docx,,
YOR2509,Baálé lọlọ́ràn awo.,The landlord is the proper keeper of secrets.,One should not keep one’s secret problems from the head of one’s household.,part4.docx,,
YOR2510,"Bí ilẹ̀-ẹ̀ bá rorò, tó pa ọ̀wẹ̀, orí olóko ni yó dàá lé.","If the earth is unkind and kills a helper on the farm, the responsibility falls on the owner of the farm. Ẹ",The host is responsible for the guest.,part4.docx,,
YOR2511,"Ẹni tí ó ńríni là ńrín; èèyàn tí kò rín èèyàn,aògbọd rín in; ẹ̀rín di méjì a dìjà.","You may laugh only at a person who laughs at you, not at a person who does not laugh at you; when laughter becomes two, a quar rel results. M",One seeks a quarrel when one laughs at others with whom one does not share a joking relationship.,part4.docx,,
YOR2512,"‘‘Máa lọ, àlejò’’ kì í ti ẹnu onílé wá. ‘‘","Stranger, it is time you departed’’ does not come from the mouth of a host. O","Visitors should know when they have used up their welcome; a host should be gracious, even when the visitor is an insensitive boor.",part4.docx,,
YOR2513,"Omi àjèjì tó wọ̀lú, píparẹ́ ní ńparẹ́.",Whatever strange water enters a town in evitably disappears. S,A newcomer to a community must adapt to its ways or face disaster.,part4.docx,,
YOR2514,"Sún mọ́hùn-ún, a féẹ́ ṣorò ilé-e wa, kì í jẹ́ kálejò di onílé.",‘Move aside; we are about to perform some secret rites of our lineage’’ keeps a sojourner from becoming a member of the house hold.,Exclusion from intimate affairs will remind the visitor that he or she does not belong.,part4.docx,,
YOR2515,A kì í bá baba ta ifọ̀n tán ká tún ba ọmọ ta eṣinṣin kúrò.,One does not lance an abscess for a father and then help the son chase flies away [from open wounds].,One should not be expected to be a benefactor to one generation and to the next one also.,part4.docx,,
YOR2516,A kì í dá ọmọ òkú lóró; a kì í ṣe ìkà fún ọmọ òrukàn.,One does not misuse an orphan; one does not act cruelly to one’s blood brother.,One should be considerate of those in need and also of one’s relatives.,part4.docx,,
YOR2517,Afúnijẹ kì í fúni tà.,The person who will give one food to eat will not give one food to sell.,There is a limit to charity.,part4.docx,,
YOR2518,Àì-dúpẹ́-oorè-ànà mú ooré súnií ṣe.,Failure-to-show-gratitude-for-yesterday’s favor dissuades benefactors from extending favors.,"If one shows no gratitude for previous kindnesses, one stops receiving favors.",part4.docx,,
YOR2519,Ara ò ni ìwọ̀fà bí onígbọ̀wọ́; a-bánikówó lara ńni.,The pawn is never as troubled as his guaran tor; it is the person who stands for another who is apprehensive.,The guarantor has more reason to worry than the debtor.,part4.docx,,
YOR2520,Àríṣe làríkà; àríkà baba ìrègún.,What-one-is-able-to-do is what-one-has-to list; what-one-has-to-list gives one ground for recrimination.,"If one does another a favor, one has some ground to reproach the recipient if he deserves it.",part4.docx,,
YOR2521,À-wín-ì-san ò rí owó wín.,The-borrower-who-does-not-repay finds no money to borrow.,He who defaults on a loan forfeits his opportunities for other loans.,part4.docx,,
YOR2522,"Bí aṣiwèrè-é bá se àsè, ọlọgbọn a jẹ ẹ́.","If an imbecile prepares a feast, the wise per son will eat it. 342 relationships E",The fool is there for the wise to take advantage of.,part4.docx,,
YOR2523,Èkúté ilé ní tẹni tó pa òun ò dun òun bí ẹni tó gbé òun ṣánlẹ́.,The house mouse says he is not as hurt by the person who killed him as by the per son who dashed him on the floor. four Human Nature,I may forgive the person who vanquished me but not the person who took advantage of me afterward.,part4.docx,,
YOR2524,À báà ṣẹbọ; à báà ṣoògùn; bí a ti pé a ó rìí láyé là ńrí.,"Even though one makes sacrifices, and even though one procures charms, however one is covenanted to turn out on earth is how one will turn out.",Neither sacrifices nor charms will alter a person’s destiny.,part5.docx,,
YOR2526,A kì í pé kí ọmọdé má fẹ ehín gan-gan ran bó bá tù ú; ètè ni kò rí fi bò ó.,One does not order a child not to expose his buckteeth if doing so soothes him; what he lacks are enough lips to cover them.,Do not force people to act against their nature.,part5.docx,,
YOR2527,Òwu is an ancient gbá,Yoruba town. lacks are enough lips to cover them.,Do not force people to act against their nature.,part5.docx,DROP,
YOR2528,A kì í rí ọmọ ọba ká má rìí àmì ọba lára ẹ̀.,One never sees a prince or princess without seeing his or her mark of royalty.,"People show their worth and breeding by their comportment. Also, a person from an illus trious lineage should not be seen going about in rags or in bad company.",part5.docx,,
YOR2529,A kì í yin ará Ìjẹ́mù pé ó mọ asẹ́-ẹ́ hún; a ní ‘Àmònímàná alẹ́ àná ni mo fi pètè ìdí ẹ̀.,"One does not praise an Ìj m person as an expert at weaving sieves, for then he will boast, ‘‘Only last night did I start on it!’’",,part5.docx,,
YOR2530,"""A ò mọ eyí tí Ọlọ́run ó ṣe"" ó jẹ bínú kú.",We know not what God will do’’ stops one from committing suicide.,"As long as one lives, one may hope.",part5.docx,,
YOR2531,"A sé ẹtu, a ò sé ẹtu, ọparún gbá a nídìí; ọ̀ràn ẹtu ni bí?","We shot and missed the antelope; we shot and did not miss the antelope, and the bam boo hits its rear; is the antelope at fault?",One cannot always determine one’s own fate.,part5.docx,,
YOR2532,"A sọ ọmọ ní Ṣódé, ó lọ síbi ó dé; a sọ ọmọ ní Ṣóbọ̀, ó lọ sájò ó bọ; a wá sọ ọmọ ní Ṣórìnlọ, ó lọ sájò kò dé mọ́, à ńsọ̀ Ta ni kò mọ̀ pé ilé lọmọ-ọ́ ti mú orúkọ ànù lọ?","A child named Ṣódé goes on a journey and returns; a child named Ṣób travels afar and returns; then a child named Ṣórìnlọ travels away and does not return, and people wonder why. Who does not know that the child left home with a name that assures his loss?",An expression of the belief that people act according to their names. Give a dog a bad name,part5.docx,,
YOR2533,Ààfáà-á sọ̀rọ̀ òjò-ó kù; ó ní Ọlọ́runún jẹ́rìí òun.,"The Muslim priest makes a statement, and thunder rumbles; he says God is bearing him witness",The opportunist will turn everything to his or her advantage.,part5.docx,,
YOR2534,"A ṣe àlapà lọ́ṣọ̀ọ́ kò yẹ ẹ́; a ṣe ohun gbogbo fúngi, o yẹ igi.","We decorate a bare, freestanding wall; the result is not pleasing, but whatever decoration a tree receives becomes it.",Efforts at improvement are wasted on some people,part5.docx,,
YOR2535,Àbíjọ là ḿmọ ìtan.,It is through resemblance that one knows those who are related.,People show their affinity by their similar behavior or appear ance.,part5.docx,,
YOR2536,Àdàbà ò wá oúnjẹ sẹ́nu òrofó; oníkálukú ní ńwá oúnjẹ sẹ́nu ara-a rẹ̀.,The dove does not put food into the mouth of the fruit pigeon; each person finds food for his or her own mouth.,Each person is responsible for his or her own welfare.,part5.docx,,
YOR2537,Àgbìgbò ló mórí ìyà wáyé; orí tó máa gbeni ò dẹ́rù pani.,It is àgbìgbò that chose an evil destiny for itself; the head that will be one’s succor will not weigh one down.,A thing that will be one’s salvation will not also torment one.,part5.docx,,
YOR2539,Àìdé ikú là ńso ààjà m rùn; bíkú bá dé a já ààjà síl a gbé aláàjà lọ.,"It is when death has not come calling that one ties charms around one’s neck; when death comes calling, it rips the charm away and carries its wearer off.",,part5.docx,,
YOR2540,Àjíbọ̀wábá là ḿbá ilà àtólẹwọ́; a ò mọ ẹni tó kọ ; àjíbọ̀wábá lowó àdásan; a ò mọ ẹni tó jẹ ẹ́.,The lines of the palm are things that pre exist the owner’s awareness; no one knows who made them; a debt the whole commu nity must contribute to repay is an ageless debt; no one knows who incurred it.,"Cer tain things defy human knowledge, and the sins of fathers are sometimes visited on their offspring generations later. Compare 3503.",part5.docx,,
YOR2541,Àkèré pèsè ìyẹ́; ìyá olódò ni ò gbà fún un.,The frog tried for wings; it was the river mother that refused her consent.,"But for the forces of Nature, frogs would fly.",part5.docx,,
YOR2542,Àkọ́dá oró ò dàbí àdágbẹ̀hìn.,The first injury is nothing like the last.,The injury one inflicts is nothing compared to the injury one will receive in retaliation.,part5.docx,,
YOR2543,Àkúnlẹ̀yàn làdáyébá; a kúnlẹ̀ a yan ìpín; a dáyé tán ojú ńroni,"What-was-chosen-on-the-knees is what is-encountered-on-earth; one kneels and chooses a destiny, but on reaching earth one is disconsolate.","A person’s fortunes on earth result from the person’s choices at his or her creation; however much one might la ment one’s fortunes on earth, they are one’s choice and responsibility. Compare 3481.",part5.docx,,
YOR2544,Àlùmọ́nì: ó ní ẹni tí òún bá wà lọ́wọ́-ọ rẹ̀ ló ni òun.,Prosperity: it says that the person in whose possession it is found is its owner.,Good fortune is no respecter of persons; it stays with whoever gets his or her hands on it.,part5.docx,,
YOR2545,Àníyàn ladìẹ́ fi imú ṣe; adìẹ kì í fọnkun.,A chicken’s nose is merely obligatory; a chicken does not blow its nose.,Certain things one endures as a matter of obligation; one can easily do without them.,part5.docx,,
YOR2546,Àránsí Ọlùrun ò séni; ọkàn ibàjẹ́ ò sélẹ̀.,Whatever God sends in your direction will not miss you; a vehicle destined for disaster will not escape it.,One cannot escape one’s destiny.,part5.docx,,
YOR2547,Asùngbè-oyún lọmọ ńjọ.,It is the person who sleeps next to a preg nant woman that her child resembles.,A person will inevitably manifest the traits of his or her pedigree.,part5.docx,,
YOR2548,Aṣẹgí-í ṣe wẹ́rẹ́-wẹ́rẹ́ wọ igbó; wàwà lọdẹ ńṣe tọ okùn nà; kò sóhun tórí ò lè fini ṣe; orí ẹni ní ḿmú ni jọba.,The wood gatherer walks stealthily into the bush; the hunter stalks briskly through the bush path; there is nothing one’s head cannot make one do; it is one’s head that makes one a king.,"One’s destiny may lead one astray, and one’s destiny may bring one good fortune.",part5.docx,,
YOR2549,Aṣọ pupa kì í bá òkú rọ̀run.,Purple cloth never accompanies the dead to heaven.,One individual has no part in another individual’s fate.,part5.docx,,
YOR2550,Àtẹ́wọ́ la bá ilà; a ó mọ eni tó kọ ọ́.,The lines of the palm were always there; no one knows who drew them. ,One’s des tiny is hidden from one. ,part5.docx,,
YOR2551,Àti kékeré làràmàjà-á ti ńlalé kọ́.,It is from its youth that the crab learns to build its house.,The nature of the adult is apparent in the child.,part5.docx,,
YOR2552,Àyànmọ́ ò gbóògùn.,Destiny does not respond to medicine.,No medicine can cure fate.,part5.docx,,
YOR2553,Ayésanmí ò se gbẹ̀du; èèyàn lásán ò ní làárì; ọba ni làárì ẹni.,Being prosperous does not entitle one to gb du drums; an ordinary person has no regality; it is in a king that regality resides.,"Certain qualities are congenital, not to be acquired in life.",part5.docx,,
YOR2554,Ayọ̀ ò rúbọ.,Happiness offers no sacrifices. B,"When one is happy and contented, one has no need of sacrifice.",part5.docx,,
YOR2555,Bániwí kì í báni débẹ̀.,The counselor does not share the conse quences [of one’s choices] with one.,The adviser has no responsibility; only the doer does.,part5.docx,,
YOR2556,Bí a bá bẹ oṣó oṣó á gbọ́; bí a bá bẹ àjẹ́  àjẹ́ à gbọ́ ṣùgbọ́n kí-ni-ngó-jẹ kì í gbọ́,"If one pleads with a wizard, the wizard should be appeased; if one pleads with a witch, the witch should be appeased; but what-will-I-eat is never appeased.",One does not assuage hunger with pleas.,part5.docx,,
YOR2557,"Bí a bá ńfí èèpò ẹ̀pà sù ọtí, ènì máa yó á yó.","[Even] were one to sell wine by the peanut shell measure, those who will be intoxicated will be intoxicated. 348 human nature","Even in the midst of dearth, those who are destined to prosper will prosper.",part5.docx,,
YOR2558,"Bí a bá ńgúnyán nínú ewé, tí à ńsebẹ̀ nínú èèpo ẹ̀pà, ẹní máa yó á yó.","Even though one makes pounded yams in a leaf and cooks stew in a peanut shell, who will be full will be full.","Even in the midst of dearth, those destined to prosper will prosper.",part5.docx,,
YOR2559,"Bí adìẹ́ bá ṣe ogún, tó ṣe ọgbọ̀n, àgò ni yó dè é.","Whether chickens number twenty or thirty, they will yield to being covered by the coop.",Certain fates cannot be averted by numbers alone.,part5.docx,,
YOR2560,"Bí alẹ́ ẹni yó ti rí, òwúrọ̀ ẹni ni yó fi hàn.",How a person’s night will be is revealed by the person’s morning.,A person’s nature reveals itself from youth.,part5.docx,,
YOR2561,"Bí ológbòó bá pámi pámi, yó wọ̀ ọ́","A cat may skirt the water for a long time, but in the end it will enter the water.",An inevitability may be delayed but will not be avoided.,part5.docx,,
YOR2562,"Bí Ọlọ́run ńṣe rere, à ní Ó ńṣe ibi.","When God is doing good, someone says he is doing evil.",Those who do not under stand God’s grand design fault some of his actions.,part5.docx,,
YOR2563,"Bí Ọlọ́run ò pani, ẹnìkan ò lè pani.","If God does not kill one, nobody can kill one. (Only God can order people’s fates.",Only God can order people’s fates. A variant is Bí Ọl run ò pani ọba ò lè pani:,part5.docx,,
YOR2564,"Eṣú á jẹ, eṣú á mu, eṣú á lọ; níbo ni alátampoko ó wọ̀?","The locusts will eat, the locusts will drink, and the locusts will depart; where will the grasshopper hide?","After the despoiler has done his or her damage, will the heirs not reap the consequences?",part5.docx,,
YOR2565,Ewúrò tó jẹ ṣílè kan pèe eèrí jẹ àdùbáǹsì ọjọ mẹ́ta.,The goat that eats a shilling along with corn bran has eaten for three days in advance. Ẹ,Whoever squanders valuable resources will pay with privation.,part5.docx,,
YOR2566,Ẹ̀dá ńlùlù ìbàjẹ; Ọlúrun ni ó jẹ kó dún.,"Humans beat the drum of disgrace, but God prevents it from making a sound.","Others seek one’s disgrace, but God has foiled their plan.",part5.docx,,
YOR2567,Ẹ̀hìn-in kete lòfò ńṣe.,It is the back of the calabash that loses out on all good things.,It is some people’s fate always to get the short end of things.,part5.docx,,
YOR2568,Ẹni tí yó bájẹ́ ti bájẹ́ tàn; ẹni tí yó bálùmọ̀ ló kù.,The person whose lot it is to be spoiled is spoiled already; only the person whose lot is to rot remains to be seen.,One wastes one’s effort in attempting to improve an incorrigible person.,part5.docx,,
YOR2569,Ẹni tó ńrínni ò ní ìbáwí; orí ẹni ní ńpé ká rínni.,Those who laugh at one have no blame; it is destiny that places one in a position of being laughed at.,One should blame not others but one’s own fortune for whatever fate one suffers.,part5.docx,,
YOR2570,Ẹ̀rẹ̀kẹ́ òlókùnrùn: á wú kó tó bẹ́.,The cheeks of the diseased person will swell before they burst.,Things will get a great deal more painful before there is any relief.,part5.docx,,
YOR2572,Fínná fún mi! Ngò fínná fún ọ! Ní ńdájà sílẹ̀ làrọ.,Blow the furnace for me!’’ ‘‘I will not blow the furnace for you!’’ results in a fight at the forge. Gb,"If responsibilities are not clearly specified among friends, quarrels result.",part5.docx,,
YOR2573,"""Gba àkàṣù bàm̀bà"" lóṣù agà ni ""Gba iṣu gbọọrọ"" lẹ́ẹ̀jọ̀dún.",Have a huge loaf [of corn meal] in May’’ translates to ‘‘Have a long yam’’ after the harvest.,A favor one does a person who is in difficulty is not forgotten. ,part5.docx,,
YOR2574,Gba àkàṣù ní àbọjà ni Gba iṣu bọ̀ọ̀kù’’ ní àmọ́dún,Take a loaf [of corn meal]’’ on returning from the market translates to ‘‘Take a huge yam’’ a year hence.,A good turn will attract a good turn in return. The preceding two and following two entries are variants.,part5.docx,,
YOR2575,‘‘Gba iṣu fún Ọmọlàńkẹ́’’ nílé ni ‘‘Gba iyọ̀ fún Òṣoko’’ lóko.,‘‘Take this yam for Ọmọlàńkẹ́'' at home translates to ‘‘Take this salt for Òṣoko’’ on the farm.,A favor one does when one has the advantage will be rewarded when one is in need. The preceding three entries and the following entry are variants.,part5.docx,,
YOR2576,Gbà mí lójò kí ngbà ọ lẹ́ẹ̀run.,Aid me in times of rain so I can aid you in times of drought. I,A person who extends aid to those in difficulty will receive aid from them when he or she is in difficulty.,part5.docx,,
YOR2577,"Ibi tí a ti jẹun ogójì, ka sọ̀rọ̀ okòó.","Where one eats food worth 40 cowries, one should make a speech worth 20 cowries.",One should make some effort to earn one’s keep.,part5.docx,,
YOR2578,Ibi tí àgbà-á bá pin sí lọmọdé ti ḿbá a.,"Wherever age comes to rest, there youth will catch up with it.",Sooner or later the youth of today will put on the mantle of the elders and become just like them.,part5.docx,,
YOR2579,Igí gbẹ níjù ó dègbé.,The tree dries up in the forest and it be comes worthless.,"When one has lost the qualities that make one desirable, one is done for.",part5.docx,,
YOR2580,Ìkà kì í fi oníkà sílẹ̀.,Wickedness never leaves the wicked.,The wicked person can never change his or her nature.,part5.docx,,
YOR2581,Ilé ni aláṣọ- jókòó sí tí òkùkù-ú wọlé tọ̀ọ́.,The weaver was at home when the woof entered to seek him or her out.,The good destined to come one’s way will find one even if one does not venture out of the house.,part5.docx,,
YOR2582,Ilé tó bá máa wó kì í gbọ́ ti igi ayẹ̀gẹ̀rẹ̀; ohun tó bá máa ṣeni kì í ní àkókò kan,A house that is destined to collapse will not be saved by slipping posts; disaster that is destined to befall one is not daunted by what season it is.,No one can deflect fate.,part5.docx,,
YOR2583,"Iná ilé lẹranko ńyá gbẹ̀hìn, àfi èyí tó bá ringbó kú.","It is the household fire that warms [or roasts] an animal in the end, except for those that die wandering in the bush.",The person who besmirches the good name of his or her community when he or she is abroad must return home eventually to give an account.,part5.docx,,
YOR2584,Inú ẹ-ẹ́ dára ò ńyọ̀; orí ẹ-ẹ́ dára ná?,"Because you harbor good will toward others, you are happy; has good fortune come your way?",One is not necessarily fortu nate simply because one harbors good will toward others.,part5.docx,,
YOR2585,Inú rere ò jọ orí rere.,Good nature is not the same as good fortune.,The good person is not necessarily safe from misfor tune. ,part5.docx,,
YOR2586,Ìpín ògo kì í tẹ́; baarú lórí rere nínú ẹṣin,A person destined for glory will not suffer disgrace; an exceptionally powerful horse is fortunate among horses.,A person destined to shine will not fail to do so,part5.docx,,
YOR2587,Ìpín ọ̀jẹun kì í jẹ́ kíná kú.,The destiny of the person who will eat will keep the fire from going out.,Providence will take care of one’s needs.,part5.docx,,
YOR2588,Ire ẹni kì í kọjá ẹni.,The good fortune destined for one will not pass one by.,One’s destined good fortune will not be deflected.,part5.docx,,
YOR2589,"Ìrìn Àṣàkẹ́ ò papọ̀ mọ́ ti Ọwọ́olú; Àṣàkẹ́ ńlọ ilé ọkọ, Ọwọ́olú ńre ọ̀run","Àṣàkẹ́’s path is not the same as Ọw olú’s path; Àṣàk is bound for her spouse’s home, whereas Ọwọ́olú is bound for heaven.",Different people have different destinies.,part5.docx,,
YOR2590,Irú tó bà lé ẹni nípàkọ́ ò ní òun ò ní gbéni mì; Ọlùrun ọba ni ó jẹkí ipá ẹ̀ ká a.,God Almighty denied it the power to do so.,One’s enemies are unrelenting in their effort to do harm; only God has thwarted them.,part5.docx,,
YOR2591,"Ìṣe tí ẹ̀fúùfù-lẹ̀lẹ̀ ńṣe ọ̀run, bí kò wó, bí kò ya, Ọlùrun ọba ni kò jẹ́.","The way the wind belabors the sky, that the sky does not collapse or tear into pieces is thanks to God Almighty.",Only the gods have kept one from falling into the hands of one’s enemies.,part5.docx,,
YOR2592,"Ìṣe mojú; ìyà máwọ̀; èbì pa àlejò, ójú tó ilé, ójú à tóko.","Poverty cares not who owns which eyes; suffering does not pay attention to skin complexion; when hunger grips the stranger, the eyes that have seen the house will see the farm. On fate 351",Hard times do not spare anyone; every person must gird himself or herself.,part5.docx,,
YOR2593,"Ìwò tí à ńwo àparò bíi ká fi dálá, orí ẹyẹ ni ò pẹyẹ.",The way one eyes a partridge betrays one’s wish to cook it in okro stew; it is the bird’s head [or providence] that kept death from the bird.,"One’s enemies would like to see one dead, but one’s destiny will not let them have their way.",part5.docx,,
YOR2594,"Ká fi ẹfun t ile aje, ká fosùn tọ́lé ìlẹ̀kẹ̀; àkọ́dá orí kì í gbé ìsàlẹ̀ ọjà.",Let us whitewash the house of riches and paint that of beads with camwood; the head created at the beginning of time does not languish at the marketplace.,Whoever is destined to prosper will not fail to do so.,part5.docx,,
YOR2595,Kì í ṣe ẹjọ́ eléhín gan-gan-ran; òrìṣà ló dá a tí kò fi awọ bò ó.,The blame does not belong to the per son with protruding teeth; it was the god who created him or her that failed to cover them with enough skin.,One should not be faulted for things over which one has no control.,part5.docx,,
YOR2596,Kò sí alábàárò tó ju orí ẹni.,There is no commiserator that surpasses,"The best support one has is one’s own head, one’s protective spirit",part5.docx,,
YOR2598,Kò sí ìgbà tí ọmọ awo ò níí ṣawo.,There is no escaping the time when a per son born into a cult must become initiated into its mysteries.,One cannot avoid one’s ordained calling.,part5.docx,,
YOR2599,Kọṣẹ́-kọṣẹ́ kan kì í kọ iṣẹ́ Ọlọ́run.,No recalcitrant person ever refuses God’s errand. L,No one can refuse to do God’s bidding.,part5.docx,,
YOR2600,Lílọ ní ńkẹ́hin-in bọ̀í.,Departure is the inevitable fate of the house boy. M,"However much a servant may be made to feel like family, he should know that his eventual separation is inevitable.",part5.docx,,
YOR2601,Màkàn-màkàn loyè ńkàn.,Chieftaincy titles go around in turns.,One’s good fortune will come one’s way in due time.,part5.docx,,
YOR2602,Ní inú ilẹ̀kú lOrò ńjẹ,"Where the dead are buried, there Orò feeds.",Some people’s misfortune is other people’s good fortune.,part5.docx,,
YOR2603,Níní owó kàdárà ni; àìní owó kàdárà ni.,Being blessed with money is a matter of des tiny; not having money is also a matter of destiny. O,One’s earthly fortune is a matter of destiny beyond one’s control.,part5.docx,,
YOR2604,"Ó wu àgùàlà kó mọ́lẹ̀ bí òṣùpá, Ọlọrun ọba ni ó jẹ́.","The planet Venus would like to be as bright as the moon, but God the King would not permit it to be.","Everyone wishes to be as great as the greatest person, but each indi vidual’s destiny is decisive. The following three entries are variants.",part5.docx,,
YOR2605,"Ó wu aṣiwèrè kó ru igbá-a rę dọ́jà, ará ilé ẹ̀ ni ó jẹ́.","The mad person would wish to carry her calabash as far as the market, except that the members of her household would not let her.",Communal constraints are to be thanked for curbing people’s propensity to indulge in licentious behavior. The pre ceding entry and the following two are variants.,part5.docx,,
YOR2606,"Ó wu ewúrẹ́ kó bímọ ẹ̀ ní òbúkọ, Ọlùrun ọba ni ò fun; ó wu àgùntàn bọ̀lọ̀jọ̀ kó bímọ lágbò, Ọlọ́run ọba ni ò fún un; ó wu adìẹ òkòkó kó bímọ ẹ̀ lákùkọ, Ọlọ́run ọba ni ò fún un.","The goat would wish that its kid was a hegoat, only God the King did not consent; the robust sheep would wish its lamb was a ram, only God the King would not agree; the big hen would wish its chick was a cock, only God the King would not grant her wish.","Everybody wishes for great things, but God does not grant all wishes. ",part5.docx,,
YOR2607,"Ó wu ẹtu kó gbé ogún ọdún nígbó, ṣùgbọ́n ó wu onípàkúté kó dọ́jà lọ́la.","The antelope would like to live for twenty years in the bush, but the setter of snares would like it to reach the market on the morrow.",Different people’s interests often conflict. The preceding three entries are variants.,part5.docx,,
YOR2608,Òfò ò jẹ́ kí ọlórò ó pọ.,Gainless ventures limit the ranks of the rich.,"Everybody craves success, but not all are favored by fortune.",part5.docx,,
YOR2609,Òkèté ní tòun ló bá òun tí oun-ún fẹ̀hìn tiná.,The giant bush rat says a misfortune befell it and caused it to sit warming itself by the fire.,It was a grave disaster that caused one to be found in disgraceful or embarrassing circumstances.,part5.docx,,
YOR2610,"Olóríburúkú kì í re oko ikàn; bó bá re oko ikàn, ilá ní ńká wálé.","An ill-fated person does not go to a locust bean farm; if he should go to a locust-bean farm, he will return home with okra.",A per son destined to fail will always find a way to fail.,part5.docx,,
YOR2611,Omi lèèyàn; bó bá ṣàn wá a tún ṣàn padà.,Humans are streams; they flow forth and flow back.,People are not fixed in one loca tion; no one knows where he or she will find himself or herself in the future.,part5.docx,,
YOR2612,Omi tí a máa mu kì í ṣàn kọjá ẹni,The water one is destined to drink will On fate 353 not flow past.,One’s destiny will not pass one by.,part5.docx,,
YOR2613,Òmùgòó lè ṣìṣe kó dọgbón; orí yàt sórí.,The fool may commit a blunder that comes to seem as wisdom; heads differ from one another.,"Although some pay dearly for their mistakes, others benefit from mistakes that fortuitously prove fortunate; it is all a matter of chance.",part5.docx,,
YOR2614,"Òní la rí, kò sẹ́ni tó mọla.",Today is all we see; nobody knows tomor row.,No one knows what the future will bring.,part5.docx,,
YOR2615,Orí inú kì í jẹ́ kí tòde sunwọ̀n.,The unseen head prevents the visible head from prospering.,A person’s chosen [evil] destiny will always keep him from prosper ing.,part5.docx,,
YOR2616,Orí la fi mòran láwo.,It is one’s luck that determines the piece of meat one takes from a plate,How one fares in life depends on luck.,part5.docx,,
YOR2617,Orí ló mọ ibi ẹsẹ̀ ńrè.,The head alone knows where the feet will go.,One never knows where one’s destiny will lead.,part5.docx,,
YOR2618,Orí loníṣe; ẹ̀dá lèrè.,The head acts; one’s nature determines one’s reward.,People act as their heads direct them; their reward is according to their nature.,part5.docx,,
YOR2619,Orí tí kò níí rún àgbàdo sùn ní ńgbéni ko èlérù iṣu kan,A head [destiny] that will not chew corn for supper brings a certain bearer of yams one’s way.,"When matters seem hopeless, a way out will surely materialize for the fortunate person.",part5.docx,,
YOR2620,Orí tí yó gbeni kì í pàn lẹ́rù,A head that will make one prosper will not prove too heavy for one to carry.,Whatever is destined to make one prosper will not cause inconvenience.,part5.docx,,
YOR2621,"Orí tó máa dádé, nínú agoroodẹ ní ńti í yọ wá; ọrùn tí yó lo èjìgbà ìlẹ̀kẹ̀, nínú agoroodẹ ní ńti-íyọ ọ́ wá; bèbè-ìdí tí yó lo mọ́sàajì, aṣọ ọba tó kóná yanran-yanran, nínú agoroodẹ ní ńti-í yọ ọ́ wá","The head that will wear a crown is so des tined from before the birth of the gods; the neck that will be adorned with beads is so destined from before the birth of the gods;[?]the waist that will wear m sàajì, the cloth of kings that is soft and shiny, is so destined from before the birth of the gods.",One only lives a course that was predetermined before one’s birth.,part5.docx,,
YOR2622,"Orí tó máa jẹ ògẹ̀dẹ̀ sùn kì í gbọ́; bí wọ́n bá ńgbéyán bọ̀ wá fun, yó fọ̀ọ́ ni dandan","A head destined to eat plantains for supper will not escape that destiny; if pounded yam is being brought, it [the dish] will unfail ingly break.",There is no antidote or cure for ill luck.,part5.docx,,
YOR2623,"Òrìṣà tí Ṣàngó ò bá lè mú, eré ló lè sá.",Whatever god Ṣango cannot catch must in deed be fleet of foot.,Only extraordinarily good fortune can save people from fate.,part5.docx,,
YOR2624,Òrìṣà tó dá ẹnu níbùú mọ ohun tí òun ó fi sí i.,The god who made the mouth horizontal knows what [food] he will put in it.,The gods have a plan and a reason for whatever they have created.,part5.docx,,
YOR2625,Òwú tí ìyá gbọ̀n lọmọ ńran.,It is the cotton that the mother fluffs that the daughter spins. Ọ,Children take after their parents.,part5.docx,,
YOR2626,Ọkàn ẹni làlùfáà ẹni.,One’s heart is one’s priest.,The quality of one’s heart determines how good one’s fortune will be.,part5.docx,,
YOR2627,Ọmọ aráyé ó fẹ́ ká rẹrù ká sọ̀; orí ẹni ní ńsọni.,The people of this world never want to see one carry a load and later set it down; only one’s guardian spirit helps one set the load down.,People do not offer to help others out of difficulties; only providence does.,part5.docx,,
YOR2628,Ọ̀pá ò lè pa agogo; abínú ẹni ò lè pa kádàrá dà,A stick cannot kill a bell; ill wishers cannot alter a person’s destiny.,No amount of ill will by others will change God’s plan for a person.,part5.docx,,
YOR2629,"Ọ̀tá ńlùlù ìbàjẹ́, Ọlòrun ò jẹ́ kó dún.","One’s enemy is beating the drum of defa mation, but God won’t let it make a sound. R",God has frustrated the schemes of one’s enemies.,part5.docx,,
YOR2630,Rìkíṣí ò gbọ́ oògùn; Ọlọ́run ní ḿbáni sẹ̀tẹ̀-ẹ rìkíṣí.,Intrigue cannot be combatted with medi cine; only God can help one conquer in trigue. S,Only God can help one overcome one’e enemies.,part5.docx,,
YOR2631,"Sa orí má sa oògùn; oògùn ní ọj ìpọ́njú, orí lọ́jọ́ gbogbo.","Trust in your head and not in medicine; medicine is for the day of hardship, but your head is for every day.",It is better to trust in one’s genius than in medicinal charms,part5.docx,,
YOR2632,"Ṣátánì ló mú àtọ̀sí ààfáà wá; ẹlẹ́hàá kì í jáde, ààfáà kì í yànlè","Satan is to blame for the imam’s gonorrhea; the wife confined in the harem does not ven ture outdoors, and the imam does not keep an illicit lover. T",One has to be most inventive to explain away a problem for which there can be no one else to blame.,part5.docx,,
YOR2633,"Ta ní ńfẹ́ ká jí? Aráyé ò fẹ́ni fọ́rọ̀, àforí ẹni.","Who ever wants one to wake up? People never wish wealth for one, only one’s head does.",People seldom wish that others pros per.,part5.docx,,
YOR2634,Tẹní máa sunwọ̀n kì í gbọ́.,No one can block the path of good fortune for someone destined to prosper. 356 human nature W,No one can stop another’s destiny.,part5.docx,,
YOR2635,Wíwò téwúrẹ́ alápatà bíi kó kú; orí ẹni ni ó pàní.,The look the goat gives the butcher wishes death for the latter; only one’s head does not deliver one to death.,"Those adversely affected by year lawful duties may hate you, but your head will protect you from their machinations. Compare the following entry.",part5.docx,,
YOR2636,"Wíwò tí à ńwàparò, bíi ká fi dálá, orí ẹyẹ ni ò pẹyẹ.",The way one eyes a partridge betrays a desire to cook it in okro stew; only the bird’s head says no to death.,"One’s enemies look at one with death in their eyes, but one’s des tiny says no to their desires.",part5.docx,,
YOR2637,"Wọ́n ní ọ̀nà-á wà níbìkan, o ò bèèrè lọ́wọ́ orí.","They say a path is open somewhere, and you did not ask your head [guiding spirit]. On human vulnerability and limitations A",Always seek the guidance of your guiding power.,part5.docx,,
YOR2638,"A fẹ́ ẹ nílé, a fẹ́ ẹ lóko; bọ́mọ́ bá ti lóyún, kò parí ná?","She is courted at home; she is courted on the farm; once the girl becomes pregnant, will there not be an end to courting?","However attractive and desirable a woman may be, once she becomes pregnant, she no longer attracts suitors.",part5.docx,,
YOR2639,A kì í gbé àárín ojì èèyàn ká má ṣì wí.,One cannot live amid forty people and never misspeak.,It is impossible to live in a group and never cause offense.,part5.docx,,
YOR2640,A kì í mọ ilẹ̀ ọjà-á gbá.,One never knows how to sweep a market.,"If there is a multitude to please, one will always leave some people disgruntled.",part5.docx,,
YOR2641,A kì í mọ̀ọ́ gún mòọ́ tẹ̀ kíyán ewùrà má lẹ̀ẹ́mọ,One is never so good at pounding and smoothing that the pounded yams one makes with ewùrà yams [also water yams] will not be lumpy.,Certain tasks defeat even the experts.,part5.docx,,
YOR2642,A kì í mọ̀ọ́ w ká káyéjá; bọ̀rọ̀kìnní kan ò wà á já; báa ṣoore títí á kù síbìkan.,One is never so expert a swimmer that one swims the whole world; no great man ever swam it; no matter how much good one does there will be some omission.,No one can be all-wise in worldly matters.,part5.docx,,
YOR2643,A kì í nàró ká ọdún.,One cannot stand upright year-round.,Everybody falls sometime.,part5.docx,,
YOR2644,A kì í wáyé ká máà lárùn kan lára; ìjà-ìgboro làrùn Ìbàdàn.,One does not come into this world and not have a disease; street fighting is the disease of Ibadan people.,Ibadan people cannot help street fighting; other people have other peculiar second natures.,part5.docx,,
YOR2645,"A lè gbé omi léná de elégbò, ṣùgbọ́n a ò lè wẹ ẹsẹ̀ dè é.","One may heat water in preparation for the person with an ulcer, but one cannot clean the ulcer until he or she arrives.","There is a limit to the help one can render another per son, especially a person who will not make an effort on his or her own behalf.",part5.docx,,
YOR2646,"A ní kó múwá, ó ní kò sí; ahun ni lójú alágbe.",He is asked for alms and says he has nothing to give; to the beggar he appears as a miser.,People are often unmindful of the fact that other people have their own problems.,part5.docx,,
YOR2647,"À ńkọ́lé ikin, à ńyọ̀dẹ̀dẹ̀ imọ̀, hòrò ni ilé àgbékẹ́hin.","Though we build houses of thatch, though we make corridors of palm leaves, it is to a grave that we will retire in the end.","What ever a person’s riches, in the end he or she winds up in a grave.",part5.docx,,
YOR2648,"A pé ẹlẹ́fọọ́-ọ ni, Tààtàn kọ́.","We hail a spinach seller, and she protests that her spinach is not from the dung heap. 358 human nature",The evildoer’s conscience will betray him or her.,part5.docx,,
YOR2649,A rìn fàà lójú agbàgàn; a yan kàṣà lójú abúni; abúni ò ní okòó nílé.,One strolls nonchalantly before a detrac tor; one struts proudly before a slanderer; the slanderer has not 20 cowries at home.,One need not pay a worthless detractor any mind.,part5.docx,,
YOR2650,A ṣe ohun gbogbo tán; ti ẹlenu ló kù.,We have done all we can do; what detractors will say is another matter.,"Even after doing one’s best, one cannot control what critics will say.",part5.docx,,
YOR2651,"Ààlà-á tó, ìmàle ò dúró de ara-a wọn.",The time for ablutions arrives; Muslims do not wait for one another.,Each person bears his or her own responsibility.,part5.docx,,
YOR2652,"Àáyá ṣẹ́jú, ọmọ-ọ rẹ̀-ẹ́ kí ọwò bọ̀ ọ́.","The colobus monkey blinks, and its child pokes its fingers into the monkey’s eyes.","Children are a handful for their parents, who cannot always be quick enough to stop their mischief.",part5.docx,,
YOR2654,Abarapá ti gbogbo èèyàn; òkùnrùn tẹnìkan ṣoṣo.,Sprightliness is everybody’s; indisposition is one person’s alone.,People will fraternize with a lively person; nobody fraternizes with a sickly person.,part5.docx,,
YOR2655,Àbàtá ta kété bí ẹnipé kò bá odò tan.,The marsh stands apart as though it is not related to the river.,"It is futile to deny re sponsibility for, or knowledge of, an event when the evidence of the truth is obvious and incontrovertible. Some people some times find it expedient to deny any relation ship with relatives.",part5.docx,,
YOR2656,"Abẹ́rẹ́ jádìí, àkísà ńyọ̀ ṣẹ̀ṣẹ̀; ó rò pé òyìnbó ò gún mọ́.","The needle’s eye breaks, and the cloth re joices; it thinks the white man has ceased making needles.",Do not rejoice at your formidable adversary’s temporary discomfi ture.,part5.docx,,
YOR2657,Àbíkú sọ olóògùn dèkè.,No amount of effort to the contrary will prevent what is ordained.,One who cries ‘‘wolf ’’ too many times will attract no one in times of real trouble.,part5.docx,,
YOR2658,Abínúẹni kò sẹ́ ọ̀ràn deni.,He who wants no good for one does not plead one’s innocence in one’s absence.,Expect no kindness from an enemy.,part5.docx,,
YOR2659,Àbọ̀ là ńya ilé ọ̀rẹ́ tì kò wuni.,It is on one’s way back home from a trip that one stops at the home of a friend one does not like.,One will always find ways to temporize on an unpalatable obliga tion.,part5.docx,,
YOR2660,A bọ eégún ò réégún; abọ̀rìṣà ò rórìṣà; ìmàlé fòríbálẹ̀ kò rÓlọ́run.,Muslim bows to the ground [at prayer] but does not see the High God.,One often does not see the person one serves.,part5.docx,,
YOR2661,A-bojú-gòdògbà kì í ríran l nà méjì,A person with huge eyes does not see in two directions at once.,The size of the eyes offers no special advantage.,part5.docx,,
YOR2662,Abuké ló ru ẹrù òrìṣà má s,A humpback carries a god-imposed bur den that cannot be laid down.,Congenital conditions cannot be easily vacated.,part5.docx,,
YOR2663,Abuké sùnkákà bí ẹní ta síná.,The humpback sleeps all spread out like one bloated in a fire.,Deformity prevents graceful sleeping postures.,part5.docx,,
YOR2664,A-búni-l lẹ ò mọ ohun tí ńṣeni.,The person who calls one a lazy person does not know what one’s problem is.,No one knows others’ private woes.,part5.docx,,
YOR2665,Àdábá nìjà; ẹni tí ìjà ò bá ní ńpera-a rẹ̀ lọ́kùnrin.,Fights are uninvited plagues; it is he who is not visited by a fight that boasts about his manhood.,Manliness is sometimes a matter of good fortune.,part5.docx,,
YOR2666,"Àdàbà ò náání à ńkùngbẹ́; iná jó, ẹyẹ́ fò lọ.","The dove is not bothered that one sets fire to the brush; the fire rages, and the bird flies away.",One cannot be hurt by eventualities to which one is immune.,part5.docx,,
YOR2667,Adánilóró ò ṣéé fẹ̀hìntì,A person who habitually causes others pain is no one to trust.,Know your enemy.,part5.docx,,
YOR2669,"Adìẹ́ bà lókùn; ara ò rọ okùn, ara ò rọ adíẹ.","The chicken alighted on a rope; the rope cannot relax, and the chicken cannot relax.",One person’s problems are problems also for those close to him or her.,part5.docx,,
YOR2670,Adìẹ ńlàágùn; ìhùùhù ni ó jẹ́ ká mọ̀.,"The chicken sweats, but its down prevents us from knowing.","Everybody has his or her problems, although strangers may not guess. Compare 4041.",part5.docx,,
YOR2671,Adìẹ òpìpì kì í rápá gun orílé.,The flightless chicken never has the wings to fly to the top of the roof.,"One’s enemies will not have the means to injure one; or, a person will never have the means to thrive.",part5.docx,,
YOR2672,Adití woni lẹ́nu sùn-ùn.,The deaf person stares fixedly at people’s mouths.,One acts according to one’s capa bilities.,part5.docx,,
YOR2673,Afẹ́fẹ́ ńgbá eruku lálá; ẹ̀fúùfù ńmi ewé àgbọ́n jìjà-jìà.,The wind whips the dust into a storm; the strong breeze whips the coconut leaves to a frenzy.,Everyone is beset with problems.,part5.docx,,
YOR2674,Àgádá mádìẹ dọ̀lẹ.,The grass shelter makes the chicken lazy.,Too much ease discourages resourceful ness.,part5.docx,,
YOR2675,"Agílítí, a-bara-yíyi.","Lizard, thick-skinned creature.",To each his or her flaws.,part5.docx,,
YOR2676,Àgùntàn ò ìtíì kú à ńwì í níná; bóbá wá kú ńkọ́?,"The sheep is not yet dead, and it is already being massaged with fire to burn the hair off its skin; what will happen then after its death?","If people do evil to a person when the person is present, what can one expect them to do when the person is not?",part5.docx,,
YOR2677,Àgùntàn ò pa aṣọ èṣí dà.,The sheep does not change its clothing from year to year.,Old habits die hard.,part5.docx,,
YOR2678,Àgùntàn pòpó ṣe ońdè lọ́rùn: oníkálukú a-bi-tiẹ̀-lára.,Sacrificial sheep with leather charms around its neck: each person has his or her own problems.,To each his or her problems.,part5.docx,,
YOR2679,Àgbà Ìjèṣà ò lè ṣàìjobì,An Ìjèṣà elder cannot refrain from chewing kola nuts.,Do not begrudge people what they crave.,part5.docx,,
YOR2680,"Agbádá ya lọ́rún, ó bájẹ́.",The grand traditional garment rips around the neck and becomes ruined.,An object that loses its utility loses it value.,part5.docx,,
YOR2681,A-gbáhéré-yáná ni a-gbénú-oko-yá òòrùn.,Person-who-sits-by-the-fire-inside-the hut is one-who-suns-himself-on-the-farm.,"One’s habits follow one, whether at home or on the farm.",part5.docx,,
YOR2682,"Àgbẹ̀ roko roko, wọn kà ṣàì gbàgbé ewé kan sébè.","However thoroughly a farmer might weed his farm, he will not fail to overlook some leaf on a mound.",No one can achieve per fection.,part5.docx,,
YOR2683,Agbọ́nmi ní ńwólé ẹja; apàjùbà ní ńwólé àparò; òlùgbóńgbó tìǹlà ni wọ́n fi ńṣẹ́gun ògúlùtu.,Who drains the stream destroys the home of the fish; who clears the forest for farm ing destroys the home of the partridge; a huge cudgel is the weapon for conquering what is left of a wall.,"Each situation has its proper medicine, and each person his or her nemesis.",part5.docx,,
YOR2684,Àìmọ̀ kì í pa ọmọ.,Ignorance does not kill a child.,There are worse things in a child than ignorance.,part5.docx,,
YOR2685,Àìmọ̀-ọ́jọ́ ni kì í jẹ́ kí àlejò ó jó.,It is ignorance about dancing that keeps a stranger from dancing.,Ignorance about the customs of a place keeps the outsider from full integration.,part5.docx,,
YOR2686,"Àìtètèjí inú ọ̀tá ńdùn, a jí tán inú ḿbí wọn.","One’s lateness in getting up in the morning makes one’s enemies happy; once one is up and about, they become angry.",One’s enemies always rejoice at the prospect of one’s demise.,part5.docx,,
YOR2687,Ajá ẹgbrún ò gbọ́ orúkọ.,"A dog bought for 1,000 cowries does not recognize or heed its name",One cannot teach a cheap dog anything. One gets what one pays for,part5.docx,,
YOR2688,Ajá ní ńlá omi lọbàálọbàá; eṣinṣin ò kún àtẹ ilé; ọmọrí igbá ò fìdí kal,It is a dog that licks water with its tongue; flies will not fill a tray for beads; the lid of a calabash cannot sit straight upright.,Certain things are characteristic of certain people; each has his or her limitations.,part5.docx,,
YOR2689,"Ajá òyìnbó dára, ó ku àtiṣọdẹ.","The white man’s dog is beautiful, but it lacks the ability to hunt.",A beautiful thing that has no use is nothing to be desired,part5.docx,,
YOR2690,Ajá tó pa ikún lónìí ḿbọ̀ wá pa ọ̀yà lọ́la; ká má fìbínú pajá,"Adog that kills a squirrel today will kill a cane rat tomorrow; one should, therefore, not kill the dog in anger. (",One should not write anybody off because the person has suffered one setback.,part5.docx,,
YOR2691,"Àjàpá ní bí òún bá jẹ, tí òún mu, tí òún yó, ara òun a yá; ṣùgbọ́n ìgbà tí òún bá rántí irán ìdí òun, òun a bú sẹ́kún pẹ̀rẹ̀.","Tortoise says when it has eaten and drunk to its fill, it becomes cheerful, but when it remembers its coccyx, it breaks into tears.",Even in the best of circumstances one is left with some blemish.,part5.docx,,
YOR2692,Àjẹ́ lè jẹ okú.,A witch cannot eat the dead.,"A person dies only once and, once dead, is safe from witches and enemies.",part5.docx,,
YOR2693,Ajédéjẹ kì í jẹ ọ̀kan mọ,A-person-who-sneakily-eats-shrimps does not stop after eating only one.,Small trans gressions tend to become a habit.,part5.docx,,
YOR2694,Akáyín ò mọ efùrù-ú pè,A person with a missing tooth does not know how to pronounce efùrù.,One is limited by one’s nature.,part5.docx,,
YOR2695,Akọ́kọ́dájọ́ lọ̀tá ẹlẹ́jọ.,The first judge is the enemy of the litigant.,Few people take criticism kindly.,part5.docx,,
YOR2696,A-kọ́ni-ká-bàjẹ́ ò ṣe tiẹ̀ bẹ́ẹ̀.,He-who-coaches-one-into-ruin does not manage his own affairs the same way.,People who will preside over the destruction of others know how to protect themselves.,part5.docx,,
YOR2697,Àkùkọ́ kì í pamọ,A rooster does not hatch eggs.,There is a limit to what one can expect of people; certain things are contrary to nature.,part5.docx,,
YOR2698,Alágbẹ̀dẹ́ ò fẹ́ kí ogun tán láyé.,The blacksmith [who makes weapons] does not wish for an end of wars on earth.,Self interest is paramount.,part5.docx,,
YOR2699,Alákàrà kì í fẹ́ kí ẹnìkejì gbé agbada.,The seller of bean fritters does not wish that another person acquire a deep-frying pot.,No trader wants competition.,part5.docx,,
YOR2700,Alákàṣù ó fẹ́ kí ẹni tó rà á yó.,The seller of corn-meal loaves does not wish buyers to be full.,Self-interest is paramount.,part5.docx,,
YOR2702,Àpọ́n tọrọ ọbẹ̀; kò mọ oye à ńkólá.,The bachelor begs for stew; he does not know how much okro costs.,A person ignorant of a trade does not appreciate its difficulties.,part5.docx,,
YOR2703,Àròyé niṣẹ́ ìbakà; kí niṣẹ́ ẹyẹ lóko?,Chattering is the burden of the Senegal canary; what is the trait of the birds on the farm?,Said of a talkative or idle person.,part5.docx,,
YOR2705,"Àṣá ò kú, ara ńta ẹtù; àwòdì á wo ìgbín kọ̀rọ̀.","The kite does not die, and the partridge is anxious; the eagle watches the snail from the corner of its eye.","If one’s nemesis thrives, one is anxious, especially when one has no means of defense or retaliation.",part5.docx,,
YOR2706,"Aṣọ èṣín ò yẹni, bíi ti aṣọ ẹ̀wọ̀n kọ́.","Last year’s clothing is not proper for people, but that does not apply to prison uniforms.",Adverse circumstances may force peopl,part5.docx,,
YOR2707,Aṣọ tuntun ní ńṣe olúwa-a rẹ̀ tòde-tòde,A new dress impels its owner to roam out doors.,One is ever eager to show off one’s new acquisitions.,part5.docx,,
YOR2708,A-ti-kékeré-ṣẹrú ò mọyì ọmọlúwàbí.,One-who-has-been-a-slave-since-childhood does not appreciate being a freeborn.,A stranger to freedom does not appreciate it.,part5.docx,,
YOR2709,À-tọ̀-ìṣíwọ́ là ḿmòkóbó.,Urinating-without-ceasing is what betrays the eunuch.,One’s secret flaws have ways of making themselves public.,part5.docx,,
YOR2710,"Awo Eégún lobìnrín lè ṣe, awo Gẹ̀lẹ̀dẹ́ lobìnrín lè wò; bóbìnrín bá fojú kan Orò, Orò á gbé e","Only the mystery of Eégun is accessible to women; it is only the mystery of G l d[?]that women may watch; if a woman catches a glimpse of Orò, Orò will make an end of her.",Only certain rites are allowed to certain people; the rest are proscribed.,part5.docx,,
YOR2711,"A-wọ̀n-bí-ọgbọ́n, aṣòroódà bí àgbà.","Scarce-as-wisdom, difficult-to-become as-an-elder.",Wisdom is not common; achieving the traits of a sage is not easy.,part5.docx,,
YOR2712,Àyè ìlẹ̀kẹ̀ ò sí nídìí adìẹ.,There is no room for beads on the waist of a chicken.,Not every person can wear finery to good effect.,part5.docx,,
YOR2713,Ayé lè pa fìtílà yẹ.,The world is capable of snuffing one’s lamp of glory. B,People are capable of damaging one’s good reputation.,part5.docx,,
YOR2714,"Baálé di mẹ́ta, itan adìẹ́ dàròyé.",Husbands number three; a chicken’s thigh becomes a bone of contention.,Too many claims on meager resources result in dissen sion.,part5.docx,,
YOR2715,Bí a bá máa gbàwìn là ńṣe ojú àánú; bí a bá yó tán à di ọmọ ọba.,"When one wants to make a purchase on credit, one wears a friendly look; after one has satisfied oneself, one becomes a prince.",Pleasantness lasts no longer than one’s need for favors.,part5.docx,,
YOR2716,"Bí a kò bá forí sọ, a kì í mọ ìrẹ̀-ẹ́ bẹ̀.","If one has not butted one’s head against a beam, one does not learn to stoop.",Nothing teaches caution like a mishap.,part5.docx,,
YOR2717,"Bí a kò bá pa ìjí han ìjí, ẹ̀rù kì í ba ìjí.","Unless one kills a brown monkey and shows it to a brown monkey, the brown monkey does not learn fear. permits the wearer to see but remain unidentifiable by spectators. 364 human nature",People seldom learn caution until danger has brushed by them.,part5.docx,,
YOR2718,"Bí a kò bá ṣubú, a kì í mọ ẹrù-ú dì.","If one has not fallen, one does not learn how best to pack one’s load.",One learns only after one has erred.,part5.docx,,
YOR2719,"Bí àwòdì ò kú, adìẹ ò lè sinmi.","If the kite does not die, the chickens cannot relax.","As long as danger persists, one must be vigilant.",part5.docx,,
YOR2720,"Bí Básè ò sè, kí ni Bálá ó làá?","If Help-Cook does not cook, what will Help Lick lick?","If nothing is available, one cannot expect anything.",part5.docx,,
YOR2721,"Bí ebí bá ńpa ejò, ahun kì í yan; àtahun àtejò, ẹran jíjẹ.","If a snake is hungry, a tortoise should not go strutting by; both snake and tortoise are edible meat.",One should always be vigilant and stay away from dangerous situations.,part5.docx,,
YOR2722,"Bí eṣú bá jẹ oko tán eṣú á lọ, a ku alátanpopo.","Having devoured the farm, the locusts will depart, leaving the cricket behind.","When one has surmounted one’s greatest obstacle, the little ones will remain to claim one’s attention.",part5.docx,,
YOR2723,"Bí etí kò gbọ́ yínkín, inú kì í bájẹ́.","If the ears do not hear bad news, the mind does not become unhappy.",Depression does not occur for no reason; it follows bad tidings.,part5.docx,,
YOR2724,"Bí ìgbá ò so kúdu-kùdu, kí lọmọ ẹrankó ó jẹ?","If the bitter tomato does not fruit abundantly, what will young animals eat?","If the provider does not provide, the dependents suffer.",part5.docx,,
YOR2725,"Bí ikú bá tilẹ̀kùn, ebi ní ńṣí i.","If death locks a door, hunger will open it.",The disconsolate mourner will sooner or later yield to hunger.,part5.docx,,
YOR2726,"Bí ilé kò bá kan ilé, wọn kì í jó àjóràn.","If houses do not abut, they do not catch fire from one another.","Unless one is associated with a person in trouble, one does not share in it.",part5.docx,,
YOR2727,"Bí ilé ńjó, bí olè ńjà, ẹni ebi ńpa yó máa wí.","If the house is on fire, if a burglar is at work, the hungry person will say his or her piece.",One’s private woes take precedence over public disasters.,part5.docx,,
YOR2728,"Bí ìrònú bá pọ̀, bí ikú ò tẹ̀le, àrùn ńkọ́?","If brooding is excessive, and if death does not result, what about disease?",Excessive brooding is not healthy.,part5.docx,,
YOR2729,"Bí ìyà ńlá bá gbéni ṣánlẹ̀, ké-kè-ké a máa gorí ẹni.","When a great misfortune floors us, small ones climb on us.",People who would other wise not dare to will take advantage of a person who is down.,part5.docx,,
YOR2730,"Bí kò sí tọ̀mọ̀, kí là ńwá ní fùrọ̀ onífùrọ̀.","Were it not on account of children, what business would one have with another per son’s genitals?",Necessity imposes obligations.,part5.docx,,
YOR2731,"Bí ó bá di ibi yíyan, ògòǹgò a súnkì.","When it comes to frying, the palm weevil will contract.","If the disaster is big enough, the strongest person feels the effect.",part5.docx,,
YOR2732,"Bí o bá fẹ́ bọ̀rọ̀kìnní-í tẹ́, jí relé-e rẹ̀ láfẹ̀ẹ̀mọ́júmọ́; wo ẹní tó tẹ́ sùn; wo aṣọ tó fi ḿbora.","If you wish to deflate a dandy, go to his home in the early dawn; look at the mat he sleeps on, and look at the sheet he covers himself with.",The dandy abroad is often filthy at home.,part5.docx,,
YOR2733,"Bí ó ti wù ká ṣe Ìbàdàn tó, apá kan ìlú là ńrí.","However long one lives in Ibadan, one sees only one part of the city.",No one can know all about the affairs of a city or person.,part5.docx,,
YOR2734,"Bí òjò ò rọ̀, bí àgbàdo ò gbó, kí ni ọmọ aráyé ó jẹ?","If rain does not fall, and corn does not mature, what will humans eat?","If the powers people rely on do not fulfill their obligations, the masses face peril.",part5.docx,,
YOR2735,Bí òru bí òru ní ńṣe aláṣọ dúdú.,Eager anticipation of nightfall is the mind set of the person wearing black-colored garments. On human vulnerability 365,One always seeks operating con ditions conducive to one’s circumstances.,part5.docx,,
YOR2736,"Bí ọmọdé bá lówó, ìgbéraga ní ńdà lójú àgbà.","If a youth is wealthy, his actions seem like pride in the eyes of the elders.",Older people are not beyond being jealous of youthful success.,part5.docx,,
YOR2737,"Bí ọ̀pọ̀lọ̀ bá fẹ̀hìn lélẹ̀, nǹkan ló ńṣe é.","If a toad lies on its back, something is the matter with it.","If a person does the unex pected, there must be a reason.",part5.docx,,
YOR2738,"Bí pẹ́pẹ́yẹẹ́ bá jẹ òkúta, omi ni yó fi ṣu.","If a duck eats stones, it evacuates them in the form of water. E","No matter what the cir cumstances, some people cannot change their nature or habits.",part5.docx,,
YOR2739,"Ebi ò mọ̀ pé oókan ò sí nílé; bí ojú bá mọ̀, ebi a máa pani.","Hunger does not care that there is not one single cowrie shell in the home; when morn ing breaks, hunger assails one.",Hunger does not leave one alone simply because one is poor.,part5.docx,,
YOR2740,"Èèmọ̀ ní Ìmọ̀: Onímọ̀-ọ́ sòpá, ayaa rẹ̀-ẹ́ dégbò","Unspeakable abomination: the ruler of Imọ contracts hydroceles, and his wife develops a sore.",Even those people to whom one would look up are blighted.,part5.docx,,
YOR2742,Èèyàn gígùn ò ṣé-é bọ òrìṣà méjì. ,A tall person is not enough sacrifice for two gods.,The mightiest person is still one person.,part5.docx,,
YOR2743,Èèyàn kan ní ńrọ kangara mọ́ni lọ́wọ́.,It is a person who fashions a billhook and thrusts it into one’s hand.,Impositions do not materialize by themselves; there is always human agency behind them.,part5.docx,,
YOR2744,Èèyàn ní ńkọ́ni ká gùn; èèyàn ní ńkọ́ni ká kúrú.,People teach one to be tall [or long]; people teach one to be short.,One soon learns from experience how to cope with the devious ways of humans.,part5.docx,,
YOR2745,"Egbinrin ọ̀tẹ̀: à ńpàkan, ọ̀kan ńhù.","Plots like wild vegetables: one eliminates one, and another sprouts.",Some problems are so resistant that they are virtually impossible to resolve.,part5.docx,,
YOR2746,Eji wẹ́rẹ́-wẹ́rẹ́ ní ńlé ọmọ wọlé; àgbàrá òjò ńlá ní ńmi ọ̀gọ̀rọ̀ tìtì lẹ́sẹ̀.,It is a light rain that chases a child indoors; it is a raging torrent that shakes the raffia palm to its roots.,"Every person, however lowly or mighty, has his or her nemesis.",part5.docx,,
YOR2747,Ejò ò kó ọmọ lẹ́hìn jẹ yọọ-yọ kánú igbó,A snake does not wander in the bush with all its young in train.,Each person pursues his or her destiny singly.,part5.docx,,
YOR2748,Èké ní ńrojọ́; ìkà ní ńdá a.,The person stating a case is devious; the person judging it is evil.,One’s adversary and the person one looks to for justice are in league together.,part5.docx,,
YOR2749,Èlùbọ́ ṣègbodò rí; ẹrú ṣọmọ rí nílé-e bàbá ẹ̀.,Yam flour was once fresh yam; a slave was once a child in his father’s house.,No one is immune to a change in fortune.,part5.docx,,
YOR2750,Etí kì í tóbi kó gb r méje lọkan ṣoṣo.,Ears are never so large that they can hear [decipher] seven messages all at once.,There is an existential limit to human capabilities.,part5.docx,,
YOR2751,Etí lobìnrín fi ńgbóhùn Orò,Only with her ears does a woman hear the voice of Orò.,The sight of Orò is forbidden to a certain class of people.,part5.docx,,
YOR2752,Ẹ̀bìtì ò peèrà; ará ilé ẹni ní ńpani,Atrap does not kill an ant; people of one’s household engineer one’s death.,The enemy within is the one to fear.,part5.docx,,
YOR2754,Ẹ̀bùn Ọlọ́run ò kan ọgbọ́n.,God’s gift has nothing to do with wisdom.,Natural gifts are nothing to take credit for.,part5.docx,,
YOR2755,Ẹ̀hìnkùlé lọ̀tá wà; ilé laṣeni ńgbé.,One’s back yard is where one’s enemy is to be found; it is in one’s home that the per son who means one harm lives.,One’s most dangerous enemies are those closest to one.,part5.docx,,
YOR2756,"Èjọ́ bá ọ, bí ọ̀ràn ikúnlẹ̀-ẹ́ bá arọ.","Trouble has found you, just as the compulsion to kneel has found the cripple",You have just as much chance of escaping trouble as the cripple has of avoiding crawling.,part5.docx,,
YOR2757,Ẹjọ́ ní ḿbá mo-kó-mo-rò wa,‘I will tell all I know’’ results from a dispute.,"If there were no dispute, one would not be required to explain; when one lands in an unfortunate situation, inconveniences are piled on.",part5.docx,,
YOR2758,"Ẹlẹ́dẹ̀-ẹ́ pàfọ̀ tán, ó ńwá ẹni rere tí òun ó fara yí.","The pig, after wallowing in the mud, goes looking for a decent person to rub bodies with.",Evil people are always on the prowl for decent people to corrupt.,part5.docx,,
YOR2759,Ẹni à bá fẹ̀hìntìí jẹ́ ẹlẹ́gùn-ún; ẹni à bá finú hàn-án jẹ́ aláròkiri.,The person one would lean on turns out to be thorny; the person one would confide in turns out to be a blabbermouth. On human vulnerability 367,There are few people one can really trust.,part5.docx,,
YOR2760,Ẹni a gbójú olókùn lé kì í ṣẹni ẹgba.,The person for whom one has readied a rope is not one for whom a whip is appro priate.,The person one has been spoiling to destroy turns out to be beyond one’s reach.,part5.docx,,
YOR2761,"Ẹni à ńpète pèrò ká sọwọ́-ọ rẹ̀ dilẹ̀, pípele ní ńpele sí i.",The person we keep plotting to bring to de struction nevertheless continues to grow in prosperity.,The machinations of enemies have no effect on the fortunes of a certain person.,part5.docx,,
YOR2762,Ẹni a rí la mọ̀; ẹni a mọ̀ rí a gbàgbé.,We know only those whom we see; those we saw in the past we forget.,Only those who are present command people’s attention.,part5.docx,,
YOR2763,Ẹni a rí ṣígun: ó ní fèrè lòun ó fọn.,The person on whose arrival one advances against the enemy: he says all he will do is blow the bugle.,The person one reposed all one’s hopes in turns out to be a disappoint ment.,part5.docx,,
YOR2764,Ẹni ẹni ní ńṣeni; bìtì ò peèrà.,One’s own relatives constitute one’s bane; the ant does not fall victim to a snare.,Those closest to one are best placed to cause one injury. ,part5.docx,,
YOR2766,Ẹni gígùn kì í kú lẹ́ẹ̀mejì..,A tall person does not die twice.,"However great a person can be, he or she remains yet only one person; however great a person is, he or she shares the same destiny with all human beings.",part5.docx,,
YOR2767,Ẹni ìjà ò bá ní ńpe ara lọ́kùnrin.,It is the person not faced with a fight who boasts about his manliness.,One can always boast when one is certain there will be no need for proof.,part5.docx,,
YOR2768,Ẹni mọ́tò-ó pa-á re run ìyà; ẹni rélùwéè-é pa-á re ọ̀run ẹ̀sín.,Whoever is killed by a motor vehicle dies a miserable death; whoever is killed by a train dies a disgraceful death.,"It is better to be killed by a motor vehicle than by a train, but neither way of death is becoming",part5.docx,,
YOR2769,"Ẹni ọká bá ṣán: bí kò kú, a di ẹlẹgùn ejò.","When a person is bitten by a cobra and he does not die, he becomes a devotee of the snake’s cult.",Whoever survives a great calamity has no further reason to fear its like.,part5.docx,,
YOR2770,Ẹní ra fìlà fún akàn-án fowó ṣòfùn; níbo ni yó de sí?,Whoever buys a cap for a crab wastes money; where will it place the cap?,One should not waste one’s resources on foolish ventures.,part5.docx,,
YOR2771,Ẹni tí à bá finú hàn ní ńṣe elénìní ẹni.,The person in whom one would confide is the author of one’s ruin.,There is hardly anyone a person can confidently trust.,part5.docx,,
YOR2772,Ẹni tí a bá ní ní ńgbani.,The champion one has is the one who comes to one’s aid.,A champion should not default just when his or her aid is needed.,part5.docx,,
YOR2773,"Ẹni tí a kọ́ níkà tó gbà, ó ti ní tirẹ̀ nínú tẹ́lẹ̀.",A person who is receptive to the advice to do evil was predisposed to evil.,Only those willing to be corrupted can be corrupted.,part5.docx,,
YOR2774,Ẹni tí a sọ òkò lùú ní kí á sọ ìdàrọ.,The person at whom one throws stones urges one to throw iron dross.,"The tar get of one’s punishment, rather than being impressed, urges one to do one’s worst.",part5.docx,,
YOR2775,Èyí tí ebi ńpa ò gbọ́ íwàásù.,A starving person hears no preaching.,A starving person hears no preaching.,part5.docx,,
YOR2776,Ẹni tí ò mú nǹkan wá sáyé ò lè mú nǹkan lọ sọ́run.,People who brought nothing into this world cannot expect to depart from it with some thing.,"We came into this world naked, and we shall depart naked.",part5.docx,,
YOR2777,Ẹni tí ò rí ehín fi jẹ ẹja tútù ò lè jẹ gúgúrú.,Whoever lacks teeth to eat fresh fish cannot eat popcorn.,A person who fails at an easy task will not succeed at a difficult venture.,part5.docx,,
YOR2778,"Ẹni tí òjò-ó pa, tí Ṣàngó ò pa, kó máa dúpẹ.","The person who is caught in the rain but is not struck by Ṣango, god of lightning, should be thankful.","If one suffers a small misfortune, one should remember that it could have been much worse.",part5.docx,,
YOR2779,Ẹni tó bá ogun níbodè-é bá iṣẹ́.,Whoever walks in on a battle at the town gate walks in on a tough assignment.,"If one walks in on trouble, one’s task is cut out.",part5.docx,,
YOR2780,Ẹni tó gba ọmọ ẹni ò ní òun ò níí gba aya.,The person who makes off with one’s daugh ter will think nothing of making off with one’s wife.,One should expect no quarter from an adversary who has proved himself or herself ruthless and unscrupulous.,part5.docx,,
YOR2781,Ẹni tó kàn ló mọ̀.,It is the person a calamity has befallen who knows how it feels.,No amount of sympathy can give one firsthand experience of other people’s woes.,part5.docx,,
YOR2782,Ẹni tó láyà ní ńṣòwò ọ̀tẹ̀.,Only a person who is bold makes conspiracy his trade.,Those who conspire must have the spine to take on the consequences.,part5.docx,,
YOR2783,Ẹni tó mọ ìhín ò mọ ọ̀hún; alágbẹ̀dẹ ò roko.,The person who is familiar with this place is not familiar with the other place; the black smith does not till a farm.,"No one person can know it all, or do it all.",part5.docx,,
YOR2784,Ẹni tó mọ̀ ọ́ kò kò ó; ẹni tó kò ó kò mọ̀ ọ́.,Those who know him do not meet him; those who meet him do not know him.,People often fail to appreciate the qualities of those they encounter.,part5.docx,,
YOR2785,Ẹni tó mọ ọ̀ràn tán di Olódùmarè.,The person who knows everything has be come God Almighty.,No human being can know everything.,part5.docx,,
YOR2786,"Èni tó sọ pé láti ìgbà tí òun-ún ti dáyé ìyà ò jẹ òun rí, ohun tí ìyà ńjẹ lẹ́nu ni kòì tíì kúnná.",The person who says since he came to this world he or she has never been in the teeth of suffering: it is simply because suffering has not yet chewed up what it already has in its teeth.,Everybody comes to know suffering in time.,part5.docx,,
YOR2787,"Ẹni tó tàkìtì lÉkòó, tó bal nÍbàdàn: wọ́n ní Abẹ́kùúta ńkọ́? Ó ní káfò ó","The person who somersaulted from Lagos and landed in Ibadan is asked, ‘‘What about Abòkúta?’’ He responds, ‘‘Let us skip that.’","When earthshaking problems arise, it is no time to dwell on trifles.",part5.docx,,
YOR2788,Ẹni tó tẹjúmọ́lẹ̀-ẹ́ mọ ohun tí òun ńwa.,The person who fixes his eyes on the ground knows what he is looking for.,"No one does anything without a good reason, even if it is not readily apparent to others.",part5.docx,,
YOR2789,Ẹnìkan kì í gbọ́n tán.,Nobody is all wise.,Everybody can learn something from others.,part5.docx,,
YOR2790,Ẹnu ẹyẹ ò lè yán òkúta,A bird’s beak cannot snap up a rock.,There are certain tasks that are beyond a person’s capabilities.,part5.docx,,
YOR2791,Ẹnu kò gb ‘‘Mo jẹ rí.’’,"The mouth does not say, ‘‘I ate once before.’’",Hunger is not something one assuages once and for all.,part5.docx,,
YOR2793,"A Yoruba form of lamentation that a despair ing sick person might resort to is Mo kú o! (‘‘ Oh, I am dead!’’).",A Yoruba form of lamentation that a despair ing sick person might resort to is Mo kú o! (‘‘,The Yoruba believe that such talk invites its own fulfillment.,part5.docx,DROP,
YOR2794,Ẹ̀pa ò bá oró mọ́.,The antidote can no longer catch up with the poison.,Matters have gone past the possibility of redress.,part5.docx,,
YOR2795,"Ẹ̀rú gba ẹdùn, ominú ńkọ igi.",The axe is slipped onto the haft; the tree be come anxious.,"When danger threatens, the vulnerable become apprehensive.",part5.docx,,
YOR2796,Èrù kì í pa òṣùká; ẹlẹ́rù lẹrù ńpa.,The load does not weigh down the carrying pad; it is the owner [carrier] of the load that the load weighs down.,"Much as one may give aid to a person in trouble, one cannot assume the trouble.",part5.docx,,
YOR2797,"Ẹsẹ̀ ńtẹlẹ̀, inú ḿbí aráyé.","The feet tread the ground, and people are angry.",Some people will begrudge others simply for living.,part5.docx,,
YOR2798,Ẹṣín dára ó ku aré; èèyán dára ó ku ìwà; ajá òyìnbó dára ó ku àtidẹ.,The horse looks great but lacks speed; the man is handsome but lacks character; the European dog is good-looking but can not hunt.,Looks are nothing compared to substance or utility.,part5.docx,,
YOR2799,Ẹṣin ẹni kì í ga lójú tá ẹni.,One’s horse is never tall in the eyes of one’s enemy.,Not Provided,part5.docx,,
YOR2800,"Whatever one does, one cannot impress an enemy.","r p ṣ -p ṣ , meaning ‘‘exceeding softness’’ or ‘‘exceeding ease,’’ is a charm for which the juice obtained by cracking a snail shell is an essential ingre dient.[?]enemy. (","Whatever one does, one cannot impress an enemy.",part5.docx,DROP,
YOR2801,Ẹṣin tá ẹni kì í ga lójú ẹni; à ní bíi kẹ́tẹ́kẹ́ ló rí.,One’s enemy’s horse is never tall in one’s sight; one says it is just like an ass.,One always minimizes an enemy’s accomplish ments. Compare the preceding entry.,part5.docx,,
YOR2802,Ẹ̀tù ò sí ìbọ́n dọ̀pá; baba ọmọ́ kú ọmọ́ dẹyọ.,"Without gunpowder the gun becomes a stick; the father dies, and his children be come disconnected individuals.","When the main support is removed, the greatest edifice collapses.",part5.docx,,
YOR2803,"Ẹyẹ ńwú bà-ǹ-kù ba-kù, ìyẹ́ làṣírí ẹ̀","The bird swells to a huge dimension, but the secret is in its feathers. G",A person’s impressive appearance is not always backed by substance.,part5.docx,,
YOR2804,"Gagalo-ó ṣubú, ọwọ́ tẹ apákó.",The stilt walker falls; planks become avail able.,"When a person loses control, his or her belongings become fair game.",part5.docx,,
YOR2805,Ìkákùre beans have curly pods.,Ìkákùre beans have curly pods,On human vulnerability,part5.docx,DROP,
YOR2806,‘‘Gbà kún tìrẹ’’ ò bí ọmọ aráyé nínú. ‘‘,Take this and add it to yours’’ does not offend humankind.,People are ever recep tive to aggrandizement.,part5.docx,,
YOR2807,‘‘Gbà pamọ́’’ fún olè ní ḿmú olè jà. ‘‘,Take this for safekeeping’’ addressed to a thief encourages thievery.,The person who places temptations in another’s path is partly responsible for whatever goes amiss.,part5.docx,,
YOR2808,"""Gbà ràn mí"" di ẹlẹ́rù; ajínifẹ́ di ọkọ ẹni.",Help me with this load’’ becomes the owner of the load; the cuckolder becomes the hus band.,Temporary expedients sometimes become permanent conditions. ,part5.docx,,
YOR2809,"""Gbà tọ́wò-ó"" gbé ipọn mì; Gbà ràn mí lẹ́rù-ú di ẹlẹ́rù; Bá mi gún èlùbó fi ẹ̀gbé gún èèkàn",Taste this’’ swallows the spoon; ‘‘Help me with this load’’ becomes the owner of the load; ‘‘Help me pound these dried yams’’ impales herself on a wooden peg.,One should not be more zealous as a helper than the person one is helping.,part5.docx,,
YOR2811,Ìbànújẹ́ sọ orí àgbà kodò.,Sadness bows the head of the most venerable elder.,No one outgrows sadness.,part5.docx,,
YOR2812,Ibi iṣẹ́ la ti ḿmọ ọ̀lẹ.,It is at his or her trade or occupation that one knows the shirker.,"To really know the hard worker or the shirker, one must see him or her at work.",part5.docx,,
YOR2815,"Ó gbọdọ̀n ọrọ ọkàn, ó gbọdọ̀n ọrọ ọjọ.","To really know the hard worker or the shirker, one must see him or her at work.)",Not Provided,part5.docx,DROP,
YOR2816,Igí gbun nígbó à ńsọ̀; ọ̀pọ̀lọpọ̀ èèyàn ló gbun láàrin ìlú.,"We complain that a tree grows crooked in the forest, yet a great many people are crooked in the town.","When one has skele tons in one’s own closet, one should not find fault with others.",part5.docx,,
YOR2817,Ìgbàgbé ò lóògùn.,Forgetting knows no antidote.,Anyone is likely to forget something sometime.,part5.docx,,
YOR2818,Ìgbòó wá ilé ẹyẹkẹ́yẹ tú,Àgbìgbò takes delight in raiding the nests of other birds.,Said of a person who enjoys introducing disharmony into other people’s affairs.,part5.docx,,
YOR2819,"Ijó ḿbẹ nínú arọ, ẹsẹ̀ ni ò sí.",There is a lot of dance in the cripple; what he or she lacks are legs.,"If one had the wherewithal, one would perform wonders.",part5.docx,,
YOR2820,Ikán ńjẹ orù; kèrègbè paramọ́.,Termites are consuming the small earthen pot; gourds had better beware.,"If an evil fate befalls those who are more formidable than you are, look out.",part5.docx,,
YOR2821,Ikùn baba òrìṣà.,The stomach [is the] father of all gods.,One can less afford to neglect one’s stomach than one’s gods.,part5.docx,,
YOR2822,"Ikún ní bí òun-ún bá p nílé, ràn ilé á bá òun; bí òun-ún bá sì pẹ́ lóde, ọ̀ràn òde a bá òun.","The squirrel says if it stays too long at home, it is beset by the problems of home; if it stays long outside instead, it is plagued by problems of the outside.","No matter where one turns, there is trouble aplenty.",part5.docx,,
YOR2823,Ilẹ̀ kì í gba ọ̀gẹ̀dẹ̀ kó so ìdì méjì.,The soil is never so nourishing for the banana plant that it brings forth two bunches at once.,Nature places limits on everyone and everything.,part5.docx,,
YOR2824,"Ilẹ̀ tí kò ti ojú ẹni ṣú, a kì í mọ òkùnkùn un rẹ̀ẹ́ rìn.",One never knows how to negotiate the dark ness of a night that did not fall in one’s presence.,One cannot know all the intrica cies of a matter that developed outside one’s knowledge.,part5.docx,,
YOR2825,Ìlérí ilé ò mọ ti à ńjagun; kùfẹ̀-kùfẹ̀ ò mọ ìjà; ọj táa rógun là ḿmojo.,Boasting within the house is no proof of bravery in battle; rearing in anticipation is no proof of prowess in a fight; the day that war breaks out is when one knows who is a coward.,Valor is a matter not of speech but of deed.,part5.docx,,
YOR2826,Ìlú kì í kéré kó má nìí ààtàn,A town is never so small that it does not have a dung hill.,"Everybody has his or her flaws, or skeletons in the closet.",part5.docx,,
YOR2827,Ìnùkínù ní ḿmú ìwákúwàá wá; ẹṣín sọnù à ńwá a nínú igbá Ifá,Inexplicable loss occasions senseless search ing; a horse is lost and one searches for it in an Ifá divining bowl.,Baffling occurrences lead one to strange behavior.,part5.docx,,
YOR2829,Inúnibíni ò kan àì-mọ̀wà-rere-éhù.,Malice toward others does not result from not knowing how to be good.,"Evil behavior is a matter of will, not of nature.",part5.docx,,
YOR2830,"Irọ́ ní njẹ ""Mo kú tán.""",The exclamation ‘‘I am dead!’’ is a lie.,A person who can still lament has not reached the height of suffering.,part5.docx,,
YOR2831,Ìṣẹ́ ní ḿmú ahùn jẹ eèrí; eèrí kì í ṣe oúnjẹ ahun.,It is destitution that brought the tortoise to eating corn bran; bran is no food for the tortoise.,Misfortune reduces one to doing things one would rather not do.,part5.docx,,
YOR2832,"Iṣé tán, òwó pin, òwú ó kún kẹ́kẹ́; ara gbogbó le bí ìtì ọ̀gẹ̀dẹ̀.","The work is done, the trading is over, the cotton does not fill the barrow; the body remains as firm as a banana trunk.","One has done what one is called upon to do, but the desired goal is not yet achieved, and one would rather continue to work if one only could.",part5.docx,,
YOR2833,Ìṣeǹṣe tó ṣe dé ìhín kì í tán lọ́rọ̀-ọ panṣágà.,The sort of behavior that brought her to her present condition never leaves the prosti tute.,One cannot change one’s nature.,part5.docx,,
YOR2834,"Ìyà mẹ́ta a-fàdá-pa-ikún: ikún lọ, àdá nù, aládàá ní òun ó gba àdá òun.","Three misfortunes that befell the person who would kill a squirrel with a cutlass: the squirrel escaped, the cutlass was lost, and the owner of the cutlass demanded its return.",Said when problems climb on problems.,part5.docx,,
YOR2835,"Ìyà mẹ́ta ọ̀gànjọ́: bi a fésẹ̀ kó imí, à fọwọ́ bà á, à fi runmú.","Three outrages of a dark night: if one steps into excrement, one feels it with one’s hand, and then one takes a sniff at it.",One who is not careful about what he or she does or the company he or she keeps will endure unpleasant consequences.,part5.docx,,
YOR2836,Ìyàn ní ḿmúni jẹ èso igi-kígi.,It is famine that brings one to eating the fruits of all sorts of trees.,Hard times force one to unbecoming behavior.,part5.docx,,
YOR2837,"Ìyàwó tí a gbé lójú ijó, onílù ni yó bàá lọ.",The wife one met at a dance will eventually elope with a drummer. K,People cannot shed their innate habits.,part5.docx,,
YOR2838,Ká rí owó ra elééyọ́ ò dàbí-i kó yẹni,Having the means to buy the cloth elééy is nothing like having it look good on one.,Having money is nothing like knowing how to use it well.,part5.docx,,
YOR2839,Kì í ṣe ẹjọ́ ajá: ẹni tó so ó ni ò só ore; ẹni tó só só ore: okùn ni ò yi; okùn-ún yi: orúkọ ajá ló ro ajá tó fi ńjá.,The dog is not to blame: it was the person who tied it up that did a poor job; the person who tied it up did a good job: it was the rope that was brittle; the rope was not brittle: the dog was simply acting according to its name when it broke loose.,"In spite of any preemptive efforts, a person will eventually show his or her true colors.",part5.docx,,
YOR2840,Kí ni a fi ńpa lára ìka tí à ńwí pé ó tó màyànkàn-mayankan?,What wound would one sustain on one’s f inger that one would say was huge and gaping?,There is a limit to which anyone or anything can be at risk.,part5.docx,,
YOR2841,Kí ni a ó ti ṣe Ẹrú tí kò ní hùwà ẹrú?,What could one do to Ẹrú [Slave] to keep him or her from behaving like a slave,Nothing one does will ever keep a person from acting according to his or her nature.,part5.docx,,
YOR2842,Kí ni òkóbó ńwò tí kò gbé nǹkan mì?,What is the eunuch considering that keeps him from swallowing poison?,A worthless person has little cause to cling tenaciously to life.,part5.docx,,
YOR2843,"Kí ọmọdé tó gbọn, ìwà-a ẹ̀ á bájẹ́.","Before a child learns wisdom, he or she will have earned a bad reputation.",One seldom learns wisdom before one has made some blunders.,part5.docx,,
YOR2844,Kiní kan-án ba àjàò jẹ́: apá ẹ̀-ẹ́ pọ̀ ju itan ẹ̀ lọ,Àjàò [a nocturnal bird] has one blemish: its wing is heftier than its thigh.,"Said of an essentially good person who, however, has an unfortunate serious flaw.",part5.docx,,
YOR2845,"‘‘Kiní yìí, ng kò lè jẹ ẹ’’: kí Ọlọ́run má dà à sí agbada ẹni.",This thing is something I cannot eat: may God not pour it into my vat.,May God keep away from me the problems I cannot handle.,part5.docx,,
YOR2846,‘‘Kò mọ̀ọ́ tà kò mọ̀ọ́ rà’’ tí ńgun ẹṣin lórí àpáta.,He-knows-not-how-to-sell-and-he-knows not-how-to-buy who rides a horse on the rock.,"Said of people who misuse valuable things which other people must pay for and care for—vandals, in one word.",part5.docx,,
YOR2847,"Kò pa ẹtu kò jọkí ẹtu jẹ̀, tí ńfaṣọ funfun sọdẹ.",He-will-not-kill-antelopes-and-he-will-not let-antelopes-forage who hunts in white attire.,Said of people who will neither do something nor get out of the way of others willing to do it: dogs in the manger. See 3837.,part5.docx,,
YOR2848,"Kò run ẹni, kò run ẹni, ó wa ńdòyì ka ẹni.","It does not destroy one, it does not destroy one, yet it persists in circling one.",Said of needling problems that persist despite one’s efforts to get rid of them.,part5.docx,,
YOR2849,Kò sí bí a ti lè ṣe ebòlò tí kò níí rùngbẹ́.,There is nothing one can do to the vegetable ebòlò that will make it not smell of the wild.,There is nothing one can do to the vegetable ebòlò that will make it not smell of the wild.,part5.docx,,
YOR2850,Kò sí bí a ti lè ṣe ẹlẹdẹ̀ tí kò níí pàfọ̀.,There is nothing one can do to the pig to keep it from wallowing in the mud.,People cannot be cured of their natures. ,part5.docx,,
YOR2851,Kò sí bí a ti lè ṣe Ifá kó má hùwà èkùrọ́,There is nothing one can do to Ifá that will keep him from behavior suggestive of palm kernels.,There is no curing people of their natures.,part5.docx,,
YOR2852,"Kò ṣe, kò jólúrè ṣe.","He or she will not act, and he or she will not permit others to act.",Said of people who will neither do something nor get out of the way of others willing to do it: dogs in the manger,part5.docx,,
YOR2853,"Kó wó, kó wó lojú aṣeni.","That things would collapse, that things would collapse is the expectation of the ill wisher.",One’s enemies always wish for one to fail.,part5.docx,,
YOR2854,"Èkùr (palm kernels) are used in consulting Ifá, the Yoruba oracle divinity.","Èkùr (palm kernels) are used in consulting Ifá, the",On human vulnerability 375,part5.docx,DROP,
YOR2855,"Kòkòrò jewé-jewé, kòkòrò jobì-jobì: kò kòrò tí ńjewé ara ewé ní ńgbé; kòkòrò tí ńjobì ara obì ní ńwà.","Leaf-eating insect, kola-nut-eating insect: the insect that eats leaves lives on leaves; the insect that feeds on kola nuts sticks to the kola nut.","One should remain where one is supposed to be, or where one’s living is.",part5.docx,,
YOR2856,"Kòtò ayé, kòtò obìnrin, àti kòtò ikú, kan ò yàtọ̀.","The pit dug by the world, the one dug by a woman, and the one dug by death: they are all the same.","The world, women, and death are equal in their portent.",part5.docx,,
YOR2857,Kúkúrú yẹ ijó.,Shortness is an asset in dancing.,Being short is not all bad.,part5.docx,,
YOR2858,Kùkùté àgbọn ò lè sọrú.,The stump of a coconut palm cannot sprout leaves. L,A person down and out cannot excel.,part5.docx,,
YOR2859,Lílọ-ọ́ yá fún oníbodè tí wọ́n kó nÍfá lọ,It is quitting time for the gatekeeper whose divining tray has been stolen.,"When one’s surest weapon has been neutralized, one had better make one’s escape",part5.docx,,
YOR2860,‘‘Lọ fún mi nílé yìí’’ kọ́ ni ‘‘Lọ fún mi níbòmíràn.’’,‘‘Get out of my sight in this house’’ is not ‘‘Get out of my sight elsewhere.’’,"If one is shut out of one opportunity, one can usually f ind another elsewhere.40 The following entry is a variant.",part5.docx,,
YOR2861,‘‘Lọ kúrò nílé mi’’ kì í ṣe ‘‘Kúrò láyé.’’ ,Get away from my home’’ is not the same as ‘‘Get out of this life.’’,Divorce is not a death sentence. Compare the preceding entry.,part5.docx,,
YOR2862,"Lójú àwòdì òkè, bí-i kádìẹ lọ sórí àpáta.","In the eyes of a kite aloft, the wish is that the chicken would venture onto a rock. ",One always wishes that one’s intended victims would render themselves more vulnerable.,part5.docx,,
YOR2863,Má rìí igbo loògùn-un wèrè; bó bá rígbó á kó wọ̀ ọ́.,"Not seeing a bush is the only remedy for a madman; if he sees a bush, he will head for it.",The best remedy for a weak-willed person is not to bring temptation his or her way.,part5.docx,,
YOR2864,Mò ḿbọ̀! Máa bọ̀! Àwọn méjèèjì lẹ̀rù bá.,Here I come!’’ ‘‘Come on already!’’ Both of them are afraid.,Both the person bluffing and the person calling the bluff are secretly apprehensive.,part5.docx,,
YOR2865,‘‘Mo ròkè ọgbà mo tètè bọ̀’’: a lè fi wé tẹni tí ò lọ? ‘‘Àkèekèé ta mí kò tù mí’’: a lè fi wé ẹni tí sèbé bùjẹ?,‘‘I went to my nearby farm and returned early’’: can one compare such a person to a person who went nowhere? ‘‘A scorpion stung me and the pain is unrelenting’’: can onecomparesuchapersontoapersonbitten by a viper?,Misfortunes vary in their severity.,part5.docx,,
YOR2866,‘‘Mo yó lánàá’’ ò kan tebi,‘‘I ate my fill yesterday’’ does not relieve hunger.,Each day brings its own cares.,part5.docx,,
YOR2867,"‘‘Ng óò gúnyán, ng óò bùn ọ́ jẹ’’; ibi ẹ̀sun la ti ḿmọ̀ ọ́",‘I will prepare pounded yam and share it with you’’; one will see the signs of its like lihood in connection with roasted yams.,People’s behavior in circumstances of no consequence is a good indication of how they will behave in circumstances that mat ter.,part5.docx,,
YOR2868,Ní ọj tí ọ̀bùn-ún bá wẹ̀ lara ńyún un.,It is on the day that the filthy person takes a bath that his or her whole body itches.,Evil people never feel comfortable with virtuous things.,part5.docx,,
YOR2869,Ní ọjọ́-ọ ṣíṣu ni fùrọ̀ ńlà.,It is on the day one must defecate that the anus must open. O,Some obligations permit no options.,part5.docx,,
YOR2870,Ó di ọjọ́ tí aláró bá kú ká tó mọ oye aṣọ tó gbà rẹ.,It is on the day of the dyer’s death that one knows how many pieces of cloth she had taken in to dye.,"When one dies, one’s every secret becomes public knowledge.",part5.docx,,
YOR2871,"Ó wuni ká jẹran pẹ́ lẹnu, olóǹfà ni ó jẹ.","One would like to chew a piece of meat for a long time, but a downward pulling force will not allow.",Contingencies often limit how long one can relish a boon.,part5.docx,,
YOR2872,"Ó yé ọmọ tí ńsunkún, ó sì yé ìyá tí mbẹ̀ ẹ́.","The crying child knows why it is crying, and the mother consoling it knows why she is doing so.",Each person is privy to the motivation for his or her actions.,part5.docx,,
YOR2873,Obìnrin kì í ròhìn àjò tán,A woman is never done telling about the trip she took.,Some people never cease talking about an experience.,part5.docx,,
YOR2874,Obìnrin kì í tóbi kÓrò má gbèe e,A woman is never so large that Orò cannot carry her off.,There are certain offenses a woman cannot get away with.,part5.docx,,
YOR2875,Obìnrin ò ṣéé finú hàn,A woman is not suitable to expose one’s secrets to.,Women cannot be relied on.,part5.docx,,
YOR2876,"Obìnrin-ín tẹ ìlú, ó tú","A woman founds a town, and it scatters.",A woman is not a fit mainstay of a commu nity.,part5.docx,,
YOR2877,"Obìnrin tí a fi ijó fẹ́, ìran ni yó wò lọ.",The woman one marries on account of her dancing will leave one by losing herself On human vulnerability watching [dancers].,People’s habits seldom leave them.,part5.docx,,
YOR2878,Obìnrín torí ọ̀rọ̀ rodò.,Women go to the stream only in search of gossip.,Women will do anything for the opportunity to gossip.,part5.docx,,
YOR2879,"Òbò kò jọba, ilú kò darú.","[If] the vagina does not become king, the town does not descend into chaos.",Affairs in the hands of women inevitably become chaotic.,part5.docx,,
YOR2880,"Òbúkọ-ọ́ ní àìsàn àgbẹ̀ olówó òun yìí ḿba òun lẹ́rù; bí àìsàn náà-á bá pọ̀ si, babaláwo a ní kí wọ́n lọ mú òbúkọ wá láti fi ṣe ètùtù fún un; bó bá sàn, àwọn ọmọ ẹ̀ a ní wọn ó mùú òbúkọ fi wewu àmódi.","The he-goat says the illness of his owner, the farmer, frightens him: if the illness wors ens, the diviners will ask that a he-goat be brought and offered as a propitiatory sac rifice on the farmer’s behalf; if the illness lessens, the children will vow to sacrifice a he-goat as a thank offering.",One is in a pre dicament whose every possible outcome is disastrous.,part5.docx,,
YOR2881,Ògúnná gbòǹgbò tí ńdátọ́ lẹ́nu ìgbín!,Mighty faggot that dries up the dribble in the snail’s mouth! ,An exclamation on being confronted with an overwhelming problem or stupefying situation.,part5.docx,,
YOR2882,"The name Láwálé (Ọláwálé) means ‘‘The illus trious one comes home,’’ whereas Láb lùú (Ọláb lùú) means ‘‘ The illustrious one has plunged into it.’’ Names are believed to influence their bearers’ fates. nature confronted with an overwhelming problem or stupefying situation.)","The name Láwálé (Ọláwálé) means ‘‘The illus trious one comes home,’’ whereas Láb lùú (Ọláb lùú) means ‘‘",Not Provided,part5.docx,DROP,
YOR2883,Ògbójú ò tẹ ara nÍfá; ọ̀mọ̀ràn ò fara ẹ̀ joyè; ọ̀bẹ tó mú ò gbẹ́ ẹ̀kù ara ẹ̀.,The intrepid person does not consult the Ifá oracle on his own behalf; the sagacious per son does not enthrone himself; the sharpest knife does not carve its own hilt.,"No matter how powerful and accomplished one might be, one will need other people for some things.",part5.docx,,
YOR2884,Ohun mẹ́ta ní ńfi ara wọn rẹ́rìn-ín: aṣọ tó ya ńfi abẹ́rẹ́ rẹ́rìn-ín; àbíkú tí yó kùú ńfi oníṣègùn rẹ́rìn-ín; obìnrin tí yó kọ ọkọ ńfi onípẹ̀ rẹ́rìn-ín.,There are three things that laugh at their mates: a torn piece of cloth laughs at the needle; an ábíkú bound to die laughs at a[?]medicine man; a woman intent on leaving her husband laughs at a conciliator.,Some problems mock any person who attempts to solve them.,part5.docx,,
YOR2885,Ohun tí a bá ńwá ní ńgbọ́n juni lọ.,Whatever one is searching for always seems wiser than the searcher.,Nothing is ever more difficult to find than whatever one is searching for.,part5.docx,,
YOR2886,Ohun tí afọ́jú fojú ẹ̀ rí kó tó fọ́ ló rí mọ; kò tún rí òmíràn mọ́.,Whatever the blind person sees before going blind is all he or she will ever see; he or she will never see another thing.,One should seize all opportunities before it is too late.,part5.docx,,
YOR2887,Ohun tí ó tánni ní ìdùn ní ńtánni lówó.,Whatever exceeds the limits of one’s ca pacity to endure is the same thing that will exhaust one’s supply of money.,Serious problems wreak havoc on one’s resources.,part5.docx,,
YOR2888,Òjò ńlá ní ńtẹrí ikin balẹ̀.,It is a heavy rain that beats the lemon grass to the earth.,It is a mighty misfortune that can prostrate even the most resilient person.,part5.docx,,
YOR2889,"Òjó ńrọ̀ sí kòtò, gegele ḿbínú.","The rain fills up the gully, and the hill be comes envious.","When fortune smiles on some, others become envious.",part5.docx,,
YOR2890,"Òjò ò dá, ìrì ò da; eji wẹ́rẹ́ gba ọjọ́ aláṣọ.","The rain does not stop, and the drizzle does not stop; the gentle precipitation takes the day away from the cloth seller.",A succession of inconsiderable but persistent problems keeps one from attending to important matters.,part5.docx,,
YOR2891,Òjò tó rọ̀ ló  mú pẹ̀tẹ̀-pẹ́tẹ̀ wá.,The rain that fell is what brought about much mud.,Some unfortunate incident has resulted in an unpleasant situation.,part5.docx,,
YOR2892,"Òjò-ó pa alágundi, iyán domi; ìyàwó ńretí agundi, ọkọ́ sùn sóko.","The agundi purveyor is caught in the rain, and the pounded yam becomes like water; the wife awaits agundi, but the husband spends the night on the farm.",Adverse circumstances will cause the best-laid schemes to go awry.,part5.docx,,
YOR2893,Òjò-ó pa wèrèpè ó dẹni à ńkọlù.,Rain beats the cow-itch and renders it something one can walk into.,Misfortune renders one vulnerable to abuse from people who otherwise would not dare displease one,part5.docx,,
YOR2895,Ojú aboyún ò tó fùrọ̀; ojù òṣìkà ò tó la.,The eyes of a pregnant woman cannot see her genitals; the eyes of the wicked cannot see the future.,The wicked do not know when they will reap what they have sown.,part5.docx,,
YOR2896,Ojú elégbò legbò-ó ti ńkẹ̀.,It is to the knowledge of the person with a sore that the sore festers.,Some reverses one can do nothing to prevent. ,part5.docx,,
YOR2897,Ojú layé ńjẹ; bí a yísẹ̀ padà wọn a pẹ̀gàn.,"Humans serve only the eyes; when one is absent, they ridicule one.",It is human nature to love you in your presence and smear you in your absence.,part5.docx,,
YOR2898,Ojú mọ́n a ò gb poro-poro odó; ọ̀gànjọ́ gàn a ò gbọ́ wọ̀ṣọ̀-wọ̀ṣọ̀ -ọ kọ̀ǹkọ̀ṣọ̀.,The day dawns and we fail to hear the sound of the mortar; noontime came and we heard no sound of sifting.,One sees and hears no sign of life where one had expected it.,part5.docx,,
YOR2899,Ojú olóbì ni kòkòró ti ńwọ̀ ọ́ lọ.,It is in the presence of the kola-nut seller that worms enter the kola nut.,Some developments one can in no way prevent. ,part5.docx,,
YOR2900,Ojú olójú là ńrí; ẹni ẹlóri ní ńrí tẹni.,One can see only other people’s eyes; only other people can see one’s eyes.,"You can always see other people’s flaws, but only other people see your flaws.",part5.docx,,
YOR2901,"Ojú ọ̀run ò hu koóko, ilẹ̀pa ò jẹ́ kókù-ú bẹ ọ̀nà wò.",The sky does not grow grass; the soil of the graveyard does not afford the dead an op portunity to read trails.,Some phenomena offer people no helpful clues to understand them.,part5.docx,,
YOR2902,Ojú-u baba àtọmọ ni làpálàpá ti ńmú ọmọ lórí.,It is with the knowledge of both father and child that ringworm attacks the child’s head.,There are some vicissitudes nothing one can do will avert.,part5.docx,,
YOR2903,Ojúgun-ún dé ojú eékún pàrò; ná dé orí àpata pòrúrù.,The shin arrives at the knee and disappears; the path arrives at the rock and becomes confused.,The problem one faces is most intractable.,part5.docx,,
YOR2904,Ojúgun-ún mú odò fọhùn.,The shin forces the stream to speak out. 380 human nature,A matter one cannot ignore forces one to take action.,part5.docx,,
YOR2905,Òkè ìhín ò jìyà rí tọ̀ún.,The nearer hill prevents one from seeing the farther one.,Urgent obligations keep one from attending to less urgent ones.,part5.docx,,
YOR2906,"Ókété fẹ́ẹ́ jẹyán, ilé ò gbodó.","The giant bush rat wishes to eat pounded yams, but its home is not large enough for the mortar.",One’s capacity does not match the feats one would wish to perform.,part5.docx,,
YOR2907,Òkú àfín ba àkàlà lẹ́rù.,The albino’s corpse strikes terror into the vulture.,Response to an affair that stupefies even the most unflappable person.,part5.docx,,
YOR2908,Òkú ajá kì í gbó; òkú àgbò kì í kàn,A dead dog does not bark; a dead ram does not butt.,"Once a person is dead, he or she can do nothing.",part5.docx,,
YOR2909,Olórí lorí ńsán; kì í sán akàn lókè odò.,"Only a person who has a head suffers from headaches, not a crab on the bank of the river.","If one does not have the amenities, one will not suffer the inconveniences that go with them.",part5.docx,,
YOR2910,Òmùwẹ̀ lodò ńgbé lọ.,It is the expert swimmer that is carried off by the river.,Whatever one is addicted to doing is likely to be one’s death.,part5.docx,,
YOR2911,"Oníkálukú, a-bèèmọ̀ -nílé.",Everybody [is] someone who has something unmentionable at home.,Everyone is hiding some secret.,part5.docx,,
YOR2912,Oníkálukú a-bi-tiẹ̀ -lára.,Everybody [is] someone with his or her own flaw.,No one is without some flaw.,part5.docx,,
YOR2913,Oník ò sá pamọ́.,A person with a cough does not hide.,People too much in the public eye cannot be incognito.,part5.docx,,
YOR2914,OníṢàngó ò mọ ẹni ọba; òjò ò mẹni ọ̀wọ̀; òjò ìbá mẹni ọ̀wọ̀ kò pa oníṢàngó àtọlỌ́ya.,"The Ṣango worshiper does not countenance the king’s man; the rain does not know who deserves deference; had the rain any idea who deserved respect, it would not have beaten the Ṣango worshiper or the Ọya wor shiper.",Nobody gets any special treatment.,part5.docx,,
YOR2915,Ooru-ú gba aṣọ lọ́wọ́ onílé; ó fi abẹ̀bẹ̀ lé àlejò lọ́wọ́.,Heat takes the garment off the host and hands a fan to the guest.,Excessive heat forces people out of ceremonious pretenses.,part5.docx,,
YOR2916,Oówo ńlá sọ ọ̀mọ̀ràn lẹ́nu.,An almighty boil has attacked the mouth of the sage.,An unheard-of situation has preempted action by even the most capable.,part5.docx,,
YOR2917,"Òpò fùú, ìyà Ọ̀yọ́; ọ̀pọ̀ ò tajà láwìn; àwìn ò tajà lọ́pọ́.","Unrequited effort, the misfortune one finds in y town: the person who sells her wares cheap does not sell on credit; the person who sells on credit does not sell cheap.",Two people must deal with each other but cannot see eye to eye.,part5.docx,,
YOR2918,Òpó tí à bá fẹ̀hìn tì-í fi gbogbo ara ṣẹ̀gún; ẹni tí à bá finú hàn-án jẹ́ aláròkíri ẹni.,The post one would lean on is completely covered with spikes; the person one would confide in turns out to be a talkative back biter.,One has no one to look to for help or counsel.,part5.docx,,
YOR2919,Orí àgbò ó sunwọ̀n; àgbò ni yó ba orí ara ẹ̀ jẹ́.,The ram has a good head; it is the ram itself that will ruin its head.,People are often responsible for their own misfortune.,part5.docx,,
YOR2920,"Orí Olúkànḿbí kì í gẹṣin; ìpín àjàpá kì í ṣọ̀ṣọ́; a sòlẹ̀kẹ̀ máhun lọ́rùn, ahun-ún wọgbó.","Olúkànḿbí’s destiny does not include riding a horse; the tortoise’s fate is never to know splendor; people adorn the tortoise’s neck with beads, and it heads for the bush.","If one gives something of value to people incapable of recognizing value, they will instantly ruin it.",part5.docx,,
YOR2921,Orí pọ̀ ní Mògún; ìpín àìṣẹ̀ ló pó níbẹ̀.,There are heads aplenty in the grove where Ògún receives sacrifice; most numerous are those of innocent people.,Even innocence does not always guarantee safety or justice.,part5.docx,,
YOR2922,Orin kan tí adití bá gbọ́ kó tó dití ní ńtẹnu mọ́ láé-láé.,The one song the deaf person heard before going deaf is the one he will sing repeatedly forever.,It is difficult to move people fixated on one thing to something else.,part5.docx,,
YOR2923,Òrìṣà bí fun ò sí; ojoojúm ní ńgbẹbọ.,There is no god like the gullet; it received sacrifices daily.,No one can be anything without food. ,part5.docx,,
YOR2924,Òtom̀pòrò-ó jókòó gaga-gúgú; alára ló mọ̀ pé kò le,Òtòm̀pòrò sits upright and in splendor; only the owner of the body knows it is un well.,A person’s outward appearance is not always a good indication of his or her true condition.,part5.docx,,
YOR2925,"Orí ẹ bàj (‘‘Your head is ruined’’), Orí ẹ ò sunw n, and Orí ẹ ò dára (‘‘ Your head is no good’’) are all insults.","Orí ẹ bàj (‘‘Your head is ruined’’), Orí ẹ ò sunw n, and Orí ẹ ò dára (‘‘","The proverb refers to the ram’s habit of butting against hard objects, such as other rams’ heads.",part5.docx,DROP,
YOR2926,On human vulnerability 381,"Olúkànḿbí was apparently a real person, one who did not appreciate good things.",Not Provided,part5.docx,DROP,
YOR2927,Òtòṣì-í rìn tolè tolè.,The poor person walks with the mien of a thief.,A poor person is ever under suspicion of being susceptible to stealing.,part5.docx,,
YOR2928,"Owó tí àpọ́n fi ra iyọ̀, ó tó-ó ra ẹṣin.",The money the bachelor paid for salt is enough to buy a horse.,A novice in a venture is bound to commit huge blunders.,part5.docx,,
YOR2929,Ọ̀bẹ kì í mú títí kó gbẹ́ ẹ̀kù ara ẹ̀.,A knife is never so sharp that it carves its own handle.,Everybody needs other people sometime.,part5.docx,,
YOR2930,"Ọdún mẹ́fà-a jàbú, bí ọgọ́rùn-ún ọdún ni.",Six years of wading in the river is like a hundred years.,Hardship that actually lasts a brief time seems to the sufferer to last forever.,part5.docx,,
YOR2931,Ọ́fíìsì ní ńrẹ́hìn akọ̀wé.,The office will be the death of the clerk.,Each occupation has its peculiar hazard. ,part5.docx,,
YOR2932,"Ọ̀gá ḿbọ̀, ọ̀gá ḿbọ̀! ni yó pa ọmọsẹ́","Here comes the boss, here comes the boss!’’ will be the death of the apprentice.","Fear of discovery, not diligent working, will be the nemesis of the shirker.",part5.docx,,
YOR2934,Ọ̀gẹ̀dẹ̀ gbé odò sọ sín-ṣín; ẹja gbé inú omi dára.,The banana plant grows by the river and prospers; the fish live in the water and look beautiful.,One prospers only to the extent that one’s living situation is hospitable.,part5.docx,,
YOR2935,Ọkọkíkú lòṣì obìnrin.,The husband’s death is the bane of a woman.,Nothing is worse for a woman than to be widowed.,part5.docx,,
YOR2936,"Ọlọ́run ìbá dá kan-in-kan-in tóbi tó eṣinṣin, àtapa ni ì bá ta èèyàn.","Had God made the black ant as large as a fly, it would have stung humans to death.",It is by the grace of God that the wicked lack the power to do as they otherwise would. See the following variant.,part5.docx,,
YOR2937,"Ọlọ́run ò dá kan-in-kan-in kó lẹ́sẹ̀ ńlá bí ẹṣin; àtapa ni ì bá máa ta èèyàn; ẹni tí yó fi èèyàn ṣẹ̀sín, Ọlọ́run kì í jẹ́ kó níláárí.","God did not create the black ant to have limbs as big as horses’; otherwise, it would have kicked humans to death; the person who would ridicule people has been denied prosperity by God.",By the grace of God one’s adversaries are powerless to injure one. Compare the preceding entry.,part5.docx,,
YOR2938,Ọmọ ẹkùn laja ńpa.,It is the young of a leopard that a dog kills.,It is only while one is still vulnerable that one’s enemies can get the better of one.,part5.docx,,
YOR2939,"Ọmọ tí ò lẹ́wà, ọ̀dẹ̀dẹ̀ ìyá ẹ̀ ní ńpẹ́ sí.",A woman without beauty lasts long on her mother’s porch.,Plain women are not soon married.,part5.docx,,
YOR2940,Ọmọ́ kú lọ́wọ́ adití; ọ̀rọ́ di káti-kàti,A child dies in the care of a deaf person; matters become a muddle.,Coming to an understanding with a person beyond com munication is a formidable task.,part5.docx,,
YOR2941,"Ọ̀nà ọ̀fun ò gba kòkò òdù; nà ọ̀fun ì bá gba kòkò òdù, òmìrán ì bá ti gbé ọ̀kan mì, ara ọlọ́tí a dá.","The throat cannot accommodate a large pot; were the throat able to accommodate such a pot, the giant would have swallowed one, causing the wine seller to wallow in her loss.",Only the limits Nature places on the greedy person limit the damage he can do to others’ property.,part5.docx,,
YOR2942,"Ọ̀ọ̀rọ̀gọ̀jìmọ̀ ẹkùn, tí ńkọ ọdẹ lóminú",A frightfully huge leopard: it paralyzes the hunter with fear and anxiety.,A huge problem stumps even the most resourceful of people.,part5.docx,,
YOR2943,Ọ̀pá ìbúm̀bú sẹ́ àgbò níwo,A horizontal stick knocks off the ram’s horns.,An unexpected problem has got the better of a person.,part5.docx,,
YOR2944,"Ọ̀pálábá, imú ẹ-ẹ́ ṣe báyìí? Ò ní sùù-u lòun ńwò.","Broken bottle, why is your nose the way it is? It responds that it is itself contemplating the matter.",Said when one cannot explain a situation that people assume one would be able to explain.,part5.docx,,
YOR2945,Ọpẹ́ lọpẹ́ àtàrí tí ò jẹ́ kí oòrùn ó pa àgbọ̀n ìsàlẹ̀.,Much gratitude is due the skull that kept the sun from beating down on the chin below.,"Even as one laments one’s fate when con fronted by adversity, one should be grateful for little mercies. The following is a vari ant.",part5.docx,,
YOR2946,Ọpẹ́ lọpẹ́  èjìká tí ò jẹ́ kí ẹ̀wù ó bọ́,Much gratitude is due the shoulders that kept the garment from falling off.,Said when one has experienced extreme adversity and has come through by the grace of God. See the previous entry.,part5.docx,,
YOR2947,"Ọ̀pọ̀lọ́ ní bí a bá sọ̀rọ̀ débi ìrù, ká fò ó.","The toad says when conversation turns to the matter of tails, let’s skip it.",A person with a blemish is always uncomfortable when such blemishes become the subject of conversation.,part5.docx,,
YOR2948,Ọ̀ràn burúkú tòun tẹ̀rín,A terrible disaster is always confronted with laughter.,The laughter that greets a disaster is not one of merriment.,part5.docx,,
YOR2949,"Ọ̀ran kan ẹnìkan kínnìkan má yọ̀; bó ṣe ogún ọdún, ti olúwarẹ̀ ḿbọ̀ wá bá a.","When trouble befalls someone, let at an other person not rejoice; it may take twenty years, but that other person will experience his or her own trouble.","It does not pay to rejoice at other people’s misfortune, for we are all subject to misfortune.",part5.docx,,
YOR2950,Ọ̀ràn kì í báni ju bí a ti mọ lọ.,No problem affects one beyond one’s ca pacity to be affected.,One is liable only to the extent that one is vulnerable.,part5.docx,,
YOR2951,"Ọ̀ràn ò bá ojúgun, ó ní òun ò lẹ́ràn.","The shin has not yet got into trouble, and therefore it says it has no flesh.","Until one On human vulnerability gets into trouble, one always thinks one is invulnerable.",part5.docx,,
YOR2952,Ọ̀ràn tí ńdunni làròkàn ẹni.,Whatever problem troubles one is what one talks to other people about.,One’s pressing problems always preoccupy one’s conscious ness.,part5.docx,,
YOR2953,Ọ̀ràn tí olóko-ó fi ńṣe ẹkún sun ni àpárò-ó fi ńṣe rín rín.,The matter that causes the owner of the farm to burst into tears is the same that causes the partridge to burst into laughter.,Some people’s disasters are other people’s good fortune.,part5.docx,,
YOR2954,Ọ̀ràn-an hùn-hùn ò tán nínú ẹlẹdẹ.,The compulsion to grunt is never ended where the pig is concerned.,Said of people who are irrevocably wedded to some ten dency.,part5.docx,,
YOR2955,"Ọ̀rẹ́ burú ju ọ̀tá, Olùwa ló lè yọni.",Friends are more terrible than enemies; only God can protect one.,Friends can be more dangerous than enemies.,part5.docx,,
YOR2956,Ọ̀rọ̀ àtọjọ́mọ́jọ́ ò lè ṣí ni létí bí ọ̀rọ̀ titun.,Stale news cannot pique one’s attention as new news can.,People are ever more inter ested in something new than in familiar things.,part5.docx,,
YOR2957,"Ọ̀rọ̀ tí akúwárápá bá sọ, ará ọ̀run ló sọ .",Whatever an epileptic says is said by some one bound for heaven.,An observation that what a certain person is saying is not worth listening to.,part5.docx,,
YOR2958,"Ọ̀rọ̀-ọ́ pọ̀ nínú ìwé-e kọ́bọ̀, epo-o tọ́rọ́ la fi ńkà á","The one-penny newspaper is chock-full of words, so much so that one needs three human nature pence oil to read it all.","There is a great deal to be said on the matter under discussion, and there may not be enough time to say it all.",part5.docx,,
YOR2959,Ọ̀run àkùrọ̀ làparò ńkú sí.,The partridge meets its death on the dry season-marsh farm.,Danger often finds one while one fulfills unavoidable obligations.,part5.docx,,
YOR2960,Ọ̀ṣọ́ ilé ò jọ obìnrin lójú.,Preening that is confined to the home does not appeal to a woman.,Women always wish to go outside the home in order to advertise their beauty.,part5.docx,,
YOR2961,Ọ̀tá ọ̀run ò gba ẹbọ.,An implacable enemy does not respond to sacrifices.,There is nothing one can do to win over a sworn enemy.,part5.docx,,
YOR2962,Ọ̀tẹ̀ ní ńdààmú Ọlọ́run-ún-tó-ó-wò; Ọlọ́runúntóówò kì í ṣe ajákájá,It is the season that has taken its toll on Ọlọ́runúntóówò; Ọlọ́runúntóówò is not really a worthless dog.,Adverse circum stances sometimes make people do unbecoming things they would not normally do.,part5.docx,,
YOR2963,Ọ̀tọ̀ọ̀tọ̀ là ńwògbẹ́ íṣe.,People enter the jungle of misery in different ways.,People take different paths toward ruination.,part5.docx,,
YOR2965,Ọ̀wá ò ní pàlàkà.,The palm-leaf midrib does not have nodes from which branches may emerge.,Said of people who cannot conceivably be of any use to others.,part5.docx,,
YOR2966,Ọ̀wàrà òjò ní ḿba oníléọgbà lẹ́rù,A torrential deluge is what strikes terror into the heart of a person who lives in a house made of thatch.,People who are vulnerable to any sort of danger have reason to tremble if it should threaten.,part5.docx,,
YOR2967,"Ọwọ́ adẹ́tẹ̀-ẹ́ kó òjì ọ̀wọ̀wọ̀, kò tún gba èkùrọ́.",The leper’s hands scoop up forty grains of boiled dry corn; there is no room left for palm kernels.,People with disadvantages are limited in their capabilities.,part5.docx,,
YOR2968,Ọw ahọ́n kì í tó imú.,The reach of the tongue is never as far as the nose.,There is a limit to what a person can accomplish.,part5.docx,,
YOR2969,Ọ̀wọ́n owó là ńro owó níní; ọ̀wọ́n omi là ńde ìsun; ọ̀wọ́n oúnjẹ là ńpé jẹ yànmù.,It is when money is scarce that one is pre occupied with the thought of money; it is when water is scarce that one keeps watch by the spring; it is when food is scarce that one joins a crowd to scramble for food.,Scarcity reduces people to unseemly behavior.,part5.docx,,
YOR2970,"Ọyẹ́ ńfẹ́ o ò funfun, ìrì ńsẹ̀ o ò jọ̀lọ̀, oníṣègùn ni yó fi owó ẹ po ori mu.","The harmattan rages, and your skin does not go white; the drizzle falls, and your skin does not soften; your money will end up paying for the medicine man’s meal.",A per son affected by natural phenomena in a way different from others will enrich doctors.,part5.docx,,
YOR2971,"Ọyọ sán àrá, kùru-kùru ò tán mọ̀nà mọ̀ná; akọ àparò, abo àparò lágbe lórí sán-sán-sán.",The harmattan does not come with thunder; haze does not come with lightning; neither the male nor the female partridge has a prominent comb on its head. P,Everybody has some deficiency.,part5.docx,,
YOR2972,"Pátákò ẹfọ̀n, kaka ní ńti ajá lẹ́nu.",The hoof of the buffalo is a tough thing in a horse’s mouth.,Said of problems that are difficult to tackle.,part5.docx,,
YOR2973,"Pípá tórí igún pá, kì í ṣe ti ẹrù rírù.",The baldness that afflicts the vulture did not result from its carrying heavy loads. R,One cannot presume to know the reasons for other people’s conditions.,part5.docx,,
YOR2974,Rẹ́dẹ-rẹ̀dẹ lára alámọ̀ọ́di tó ní omi ẹjá kọrọ.,Matters have gone rather badly for the sick person who says fish broth is bitter.,"When a person sees only putrefaction in priceless things, he or she is really far gone.",part5.docx,,
YOR2975,"Rírò ni tèèyàn, ṣíṣe ni tỌlọ́run.",It is people’s province to propose; it is God’s fiat to dispose.,"Man proposes, but God disposes.",part5.docx,,
YOR2976,Rógódó ìdí igbá ó jọkó jókòó-o re.,The protrusion at the base of the calabash keeps it from sitting straight.,An obstacle prevents one from acting as one might wish.,part5.docx,,
YOR2977,Ṣakatá ní ńdá wọ̀n-wọ̀n ni Bèse,The bog represents a troublesome obstacle for the people of Bèse.,A stubborn and in evitable problem is an impediment one must learn to live with.,part5.docx,,
YOR2978,"Ṣẹgẹ ò mọ ẹni ọba, òjò ò mẹni ọ̀wọ̀.",The tall prickly grass does not care who is a royal personage; rain does not care who is a venerable person.,Natural phenomena do not distinguish among human ranks.,part5.docx,,
YOR2979,Ṣíṣán ló dá ẹ̀kọ lára.,Being eaten without any condiments is the misfortune of the corn meal.,It is a misfortune to have to do without what is needed for comfortable living.,part5.docx,,
YOR2980,Ṣó-ń-ṣó méjì kì í forí kan orí.,Two pinnacles can never touch heads. T,Two irreconcilables can never be brought together.,part5.docx,,
YOR2981,Ta ní tó Ọlọ́run? Ẹdá tó mọ̀la ò sí.,Who is as great as God? No human being knows tomorrow.,No one is as great or knowledgeable as God.,part5.docx,,
YOR2982,Tìmùtìmù-ú kó ẹ̀gbin dà sínú.,The footstool-cushion fills itself with rub bish.,Said of people who must put up with a lot of rubbish or annoyance.,part5.docx,,
YOR2983,"Túlàsì kaya-n-doro, tíná fi ḿb bàtà lẹ́sẹ̀ adìẹ.","Irresistible compulsion, with which fire strips the scaly skin off a chicken’s legs.","When the problem is unmanageable, even the toughest person hasn’t a prayer.",part5.docx,,
YOR2984,"Wón ní, Adétì, o ò gbénì àkàrà. Ó ní wọn ò gbàdúrà pé kí tọwọ́ òun ba òun délé ná.","They said, ‘‘Leper, won’t you stop and re ceive your extra [gratuity of ] fried bean fritters?’’ He responded by asking if they should not rather pray that what he already has in his hands will go home safely with him.",Covetousness can turn out to be a drain on one’s resources.,part5.docx,,
YOR2985,"Wón ní, ""Amúkùnún, ru mà wọ́ọ̀.’’ Ó ní ‘‘Ìsàlẹ̀ ló ti w wá.’’","People said, ‘‘Cripple, your load is crooked.’’ He responded that the crookedness was from the ground up.","In considering a prob lem, one must look at the root causes, not only the manifestations.",part5.docx,,
YOR2986,"Wọ́n ní ká faró palé, a faró palé, ìtalẹ̀-ẹ́ àwòtún ńjẹni; wọ́n ní ká fìt pajà a fìtọ̀ pajà, jẹsẹ̀jẹsẹ̀-ẹ̀ tún ńjẹ èèyàn.","One is told to scrub one’s floor with indigo dye; one scrubs the floor with indigo dye, yet mud-floor worms persist in biting one. One is told to wash the market stall with urine, and one washes the stall with urine, yet foot-eating worms continue to eat one.",All one’s efforts to master a problem have proved futile.,part5.docx,,
YOR2987,"Wọ́n ní kí ni wọ́n sọnù, wọ́n ní ẹran; wọ́n ní kí ni wọ́n ńjẹ, wọ́n ní eegun.","When asked what they lost, they said meat; when asked what they were eating, they said bones. Y","In the face of misfortune, one makes do with what one has.",part5.docx,,
YOR2988,Yọyọ lẹnu ayé ńdà.,The world runs endlessly at the mouth.,People can be relied upon to spread tales irresponsibly about others.,part5.docx,,
YOR2989,A kì í pẹ́ láyé ká má fi ilẹ̀ bora.,One does not live so long on this earth that one does not eventually cover oneself with earth.,Everybody dies in the end.,part5.docx,,
YOR2990,A kì í sunkún a-nìkàn-para-ẹ̀.,One does not weep for a person who took his or her own life.,Do not pity anyone who invites disaster on his or her own head.,part5.docx,,
YOR2991,Àìdé ikú là ḿbọ Ògún; àìdé ikú là ḿbọ òrìṣà; bíkú bá dé ikú ò gbẹ́bọ.,"It is when death has not called that one sacrifices to Ògún; it is when death has not called that one sacrifices to gods; when death comes calling, death does not heed sacrifices.",There is no medicine or sacrifice to stop death when its time comes.,part5.docx,,
YOR2992,Àìsàn kan ò lè kó ọgb n ikú lọ.,One illness cannot bear thirty deaths away.,One person’s illness or death will not indemnify others against death.,part5.docx,,
YOR2993,Ajá kú ó feegun sílé ayé; adìẹ funfun-ún kú ó tu ìhùùhù gbugbu; ìgbín kú ó gbàgbé ìkaraun.,The dog dies and leaves bones on earth; the white chicken dies and loses its down; the snail dies and forgets about its shell.,One cannot take anything with one to heaven.,part5.docx,,
YOR2994,Ajogún-Ifá ní kí òun má kù-ú; ẹni tó kọ́ tẹ̀ ẹ́ dà?,He who inherited the Ifá priesthood prays that he not die; where is his predecessor as priest?,"Everyone dies, willy-nilly.",part5.docx,,
YOR2995,Akọ ajá lọ́lá; àgùàlà niyì oṣù.,The male dog is glorious; the planet Venus is the glory of the moon.,One can tell who is illustrious from mere appearance.,part5.docx,,
YOR2996,Aláwo á kú; oníṣègùn á rọ̀run; adáhunṣe ò níí gbélẹ̀.,The diviner will die; the medicine man will go to heaven; the sorcerer will not re main forever on earth.,Death is the lot of everyone.,part5.docx,,
YOR2997,Àtàrí wo ọ̀run mọmọ bí ẹnipé kò ní ibẹ́-ẹ̀ rẹ; oye ojú tó wo ayé ni yó wo ọ̀run.,The skull stares at the sky as though it would not wind up there; every eye that looks upon the earth will also see heaven.,One cannot avoid one’s destiny.,part5.docx,,
YOR2998,Àtẹ̀mákùú ò sí nÍfá,Consulting-without-ever-dying is not a fea ture of Ifá oracle.,Even the priest of Ifá is not immune from dying.,part5.docx,,
YOR2999,Àtiwáyé ò dàbí àtirọ̀run.,Coming-to-earth is nothing like going-to heaven.,Life is a pleasurable experience until one thinks of dying.,part5.docx,,
YOR3000,Àwáyé-àìkú ò sí; ẹ̀rù lásán la fi ńdá ba ara-a wa.,There is no living without dying; we only scare ourselves [with death].,"Death is inevitable, and there is no point in dreading it.",part5.docx,,
YOR3001,Babaaláwo á ku; oníṣègùn á rọ̀run; adáunṣe ò níí gbélẹ̀.,The diviner will die; the medicine man will go to heaven; the sorcerer will not remain forever on earth.,Death comes to all in the end. ,part5.docx,,
YOR3002,"Bí a bá dàgbà, tí a gbó, bó pẹ́ títí ojú á kájọ́.","If one lives long and grows old, in time one’s eyes will encompass all.",Age is experience.,part5.docx,,
YOR3003,"Bí a bá forí sọlẹ̀ tí a kò kú, ohun tí a ó ṣe-é kù.","If one dives headfirst onto the ground and does not die, one must still have things to accomplish in life.",Providence has plans for one who fails in a suicide attempt.,part5.docx,,
YOR3004,"Bí ikú bá dé, kò sí l yà tó lè ṣojú ẹni.","When death comes, no lawyer can repre sent us.",We cannot hide from death behind well-wishers.,part5.docx,,
YOR3005,Ènì fẹ́ẹ́ rí òkú kó sùn; àtúnrarí dòjú àlá.,Whoever wants to see the dead should go to sleep; such encounters happen only in the realm of dreams.,"Once people die, they cannot be seen again in this life.",part5.docx,,
YOR3006,Ẹni tó kú àti ẹni tó sọnù: wọ́n lè pàdé.,The dead person and the lost person: both could meet.,A person lost to his commu nity is no different from a dead person.,part5.docx,,
YOR3007,Ẹni tó ó sùn-ún sàn ju ẹni tó kú lọ.,The sleeping person is better off than the dead person.,Conditions that superficially seem the same may in fact be very different; sleep is preferable to death.,part5.docx,,
YOR3008,Ẹrú kú ìyá ò gbọ́; ọmọ́ kú ariwó ta,"A slave dies, and the mother does not learn of the death; a freeborn dies, and lamenta tions erupt.","People are not all equal, nor are they valued equally.",part5.docx,,
YOR3009,Ẹṣín ta ta ta ó kú; èèyán rìn rìn rìn ó sọnù,A horse kicks and kicks and kicks and dies; a person walks and walks and walks and gets lost.,"The fate of humans, as of animals, is to keep striving until death.",part5.docx,,
YOR3011,Gbèsè nikú; kò sẹ́un tí kò níí pa.,Death is a debt; there is no one it will not kill. I,Death is a debt everyone owes and everyone must repay.,part5.docx,,
YOR3012,Ìbí ò ju ìbí; bí a ti bí ẹru la ti bí ọmọ.,"No birth is worthier than another; just as the slave was born, so was the scion born.",All humans start out equal.,part5.docx,,
YOR3013,Ìgbà mélòó làá fi ńkú? Àfi àìráyè ṣàìsàn.,How long does it take to die? The problem is not having the time to be sick.,The good thing about sudden disasters is that they are not preceded by protracted anxieties.,part5.docx,,
YOR3014,Ikán ńjẹlé àgbà ńsọ̀; àgbà náà oúnjẹ ikán.,"Termites eat up the house, and the old per son complains; but the old man or woman himself or herself is food for termites.","If a certain fate awaits one, one should not make futile efforts to protect others from it.",part5.docx,,
YOR3015,Ikú lorúkọ àjẹ́pẹ̀kun.,Death is the name one bears at the last.,Death is everybody’s ultimate fate.,part5.docx,,
YOR3016,"Ikú ńpa aláwọ ẹkùn, káláwọ agílíńtí ó múra.",Death kills the person clothed in leopard skin; the person clothed in lizard skin had better prepare himself or herself.,"When the mighty fall, lesser people should take heed.",part5.docx,,
YOR3017,Ikú tí ńpa ojúgbà ẹni ńpòwe fúnni.,The death that kills one’s age mate is send ing one a message in proverbs.,One should learn from others’ fate.,part5.docx,,
YOR3018,Ikú tó pa òwè ńpòwe fún ẹdun.,The death that killed the black monkey sends a proverbial message to the colobus monkey.,What happened to a person in a position similar to yours may well happen to you. ,part5.docx,,
YOR3019,Ikú tóbi lọ́ba; àrà tó wu ikú nikú ńda.,"Death is a mighty king indeed; whatever it chooses to do, that it does.",There is no force that can stop death.,part5.docx,,
YOR3020,"Ilé ayé, à-fọwọ́-bà-fi-sílẹ̀.",This world [is] something to be handled momentarily and then let go of.,All life is ephemeral.,part5.docx,,
YOR3021,"Ilẹ̀-ẹ́ mọ́, ilẹ̀-ẹ́ ṣú, ọlọjú ńkà á.","The day dawns, the day ends, and the owner of days keeps count.",Time passes relent lessly on.,part5.docx,,
YOR3022,Irun dúdú ní ńṣíwájú ewú.,Black hair is the forerunner of white hair. ,Old age comes inexorably after youth.,part5.docx,,
YOR3023,Má fọ̀run yọ̀ mí; gbogbo wa la jọ ńlọ.,Do not taunt me with heading for heaven; we will all end up there eventually. O,The living should remember that they will follow the dead to heaven in the end.,part5.docx,,
YOR3024,Ogbó ò lóògùn.,Aging has no antidote.,"We all grow old, willy-nilly.",part5.docx,,
YOR3025,Òjòjò kan ò lè ju tẹni tó kú.,No illness can be more grave than that of the person who died.,Some problems have no equal.,part5.docx,,
YOR3026,Ojúm mọ́ à ńyọ̀; ọjọ́ ikú ńdínkù.,The day dawns and we rejoice; one’s dying day approaches closer.,Every new day brings death closer.,part5.docx,,
YOR3027,Òkú ńsunkún òkú; akáṣọlérí ńsunkún ara-a wọn,The dead are weeping for the dead; carriers of cloth bundles are weeping for themselves [and for one another],The survivor weeping for the dead soon dies himself or herself; death takes everybody in the end.,part5.docx,,
YOR3028,Olè ké-kè-ké ni wọ́n ńpè kúnlẹ̀; ta ní jẹ́ wí pé kí ọmọ Aríọrí ó wá sí gba-n-gba kó wá wí tirẹ̀?,Only small-time thieves are called to account on their knees; who dares summon the son of Aríọrí to come out in the open and render an account?,Small-time criminals alone are brought to book; the really big criminals go scot-free.,part5.docx,,
YOR3029,"Òwú là bá gbìn, a ò gbin idẹ; òwú là bá gbìn,a ò gbìnlẹ̀kẹ̀; àtidẹ àtìlẹ̀kẹ̀, ọ̀kan kì í báni dé hòrò òkú; ọjọ́ a bá kú aṣọ ní ḿbani lọ","Cotton is what one should plant, not brass; cotton is what one should plant, not beads; as for brass and beads, neither goes with one to the grave; on the day one dies, only cloth accompanies one. Ọ","When we die, our jewelry is of no use to us.",part5.docx,,
YOR3030,"Ọjọ́ a bá kú là ńdère, èèyàn ò sunwọ̀n láàyè.",It is on the day one dies that one becomes an idol; no one is appreciated when alive.,People are often more glorious in death than in life.,part5.docx,,
YOR3031,The name Mákùú means ‘‘ Do not die.’’,The name Mákùú means ‘‘,Not Provided,part5.docx,DROP,
YOR3032,"The term y kú, which heads a subchapter of the Ifá divination corpus, means, roughly, ‘‘a means of deflecting death.’’ The ending bàrà expresses a mode of dodging.","The term y kú, which heads a subchapter of the Ifá divination corpus, means, roughly, ‘‘a means of deflecting death.’’ The ending bàrà expresses a mode of dodging",People are often more glorious in death than in life.,part5.docx,DROP,
YOR3033,Ọ̀run ò dùn; ẹni tó kú ò padà wáyé.,"Heaven may turn out not to be a pleasant place, but the dead cannot come back to earth. P","Once one is dead, one is done.",part5.docx,,
YOR3034,Pá-ń-sá ilẹ̀-ẹ́ láriwo nínú; àjà-il-ẹ̀-ẹ́ ba àgbà lẹ́rù.,A tomb is attended by crying; a grave strikes human nature terror into elderly people.,People are always sobered by reminders of their mortality.,part5.docx,,
YOR3035,Tikú tikú là ńro àgbà; àgbà ní ńpète àìkú.,People always look at aged people with death in their eyes; the aged are the ones who strive to stay alive. On inscrutability A,Each person is the most reliable guardian of his or her own well-being.,part5.docx,,
YOR3036,A kì í kọ́ni níkà bí a ò bá níká nínú; ta ní ńkọ́ni ká ṣe rere?,Nobody teaches one to be wicked if one does not have wickedness in one; whoever teaches one to be good?,Goodness and wickedness are not learned but are part of one’s nature.,part5.docx,,
YOR3037,A kì í mọ̀ràn mọ̀ràn ká mọ oyún ìgbín nínu ìkaraun.,One is never so knowledgeable that one can detect the pregnancy of a snail in its shell.,Certain things are beyond the ken of even the wisest of people.,part5.docx,,
YOR3038,"A mọ aláré, a mọ eléki; aláṣìsọ ló kù.",The entertainer we know; the praise singer we know; the misspeaker is all that is left.,"There is no doubt about the intentions of the entertainer and the praise singer, but there may be doubt about the intentions of a person whose utterances are offensive.",part5.docx,,
YOR3039,"À ńjọ- rìn, a kò mọ orí olówó.","Though we might travel as a group, we do not know who is destined to prosper.",No one can tell who among a company is most likely to succeed.,part5.docx,,
YOR3041,A ò mọ ẹsẹ̀ òṣìkà lọ́nà.,One cannot tell who is wicked by his or her footprint.,By their deeds they shall be known.,part5.docx,,
YOR3042,Abínú ẹní foore ṣegi nígbó; ó ní kẹ́ranko mu jẹ.,He who wants no good for one does a favor for trees in the forest; he invites animals to share the favor.,Expect no favors from an enemy.,part5.docx,,
YOR3043,Afiniṣe kì í jẹ́ ká fòun ṣe.,He-who-exploits-others never permits him self to be exploited.,The evil person is always on his guard.,part5.docx,,
YOR3044,Ahun ḿmí; igbá ẹ̀hín-in rẹ̀ ni ó jẹ kà mọ̀.,The tortoise breathes; only its shell con ceals the fact.,"Whatever appearances might be, no human is essentially different from another.",part5.docx,,
YOR3045,Ahùwà-ìbàjẹ́ sẹ bí tòun là ńwí; aṣe burúkú o kú ara fífun.,The person of evil character thinks he is the subject of discussion; the evildoer is plagued by suspiciousness.,Evil acts breed uneasy consciences.,part5.docx,,
YOR3046,"Ara la mọ̀, a ò mọ inú.",It is the body that one knows; one does not know what lies inside.,No one can see into the mind of another.,part5.docx,,
YOR3047,"A-sáré-ṣá-ṣá-nínú- gún ò sá lásán; bí kò lé nǹkan, nǹkan ńlé e.","One-who-runs-wildly-through-a-thorn-bush does not run for no reason; if he or she is not after something, something is after him or her.",A person who behaves in an unusual manner must have some reason.,part5.docx,,
YOR3048,Aṣọ̀ràn ní ńṣe aájò.,The guilty person is the one who commis erates.,The guilty person often tries to conceal his or her culpability by being the most solicitous.,part5.docx,,
YOR3049,A-ṣọ̀ràn-ìbàjẹ́ ṣe bí tòun là ńwí; a-ṣe búburú o kú ara fífun.,"The-person-who-has-done-something-bad thinks people are discussing him or her; evildoer, we acknowledge your guilty con science.",A guilty conscience is an uneasy conscience.,part5.docx,,
YOR3050,"Awọ fẹ́ẹ́rẹ́ bo inú, kò jẹ́ ká rí ikùn aṣẹni",A thin skin covers the stomach and prevents one from seeing inside the evildoer.,One cannot tell friends from enemies simply by looking at them.,part5.docx,,
YOR3051,"Ayé lòkun, èèyàn l sà; a kì í m - w ká káyéjá.","The world is a sea, and the people in it are a lagoon; no matter how well one knows how to swim, one cannot swim the world. B","The world and the people in it are as dangerous as the sea; no matter what one does, one cannot be entirely safe from them.",part5.docx,,
YOR3052,"Bí a bá gúnyán fún Kòníífẹ́, kò níí fẹ́; bí a bá rokà fún Kòníífẹ́, kò níí fẹ́.","If one makes pounded yams for Kònííf [meaning ‘‘He-will-not-like-it’’], he will not like it; if one cooks yam-powder meal for Kònííf , he will not like it.",There is no pleasing a grouch.,part5.docx,,
YOR3053,"Bí a kò bá tẹ̀lé wèrè, a kì í mọ ilé tí yó wọ̀.","Unless one follows an imbecile, one does not know which house he will enter.",There is no anticipating an unpredictable person.,part5.docx,,
YOR3054,"Bí àlẹ́ yó ṣe rí, ówọ ẹlẹdàá ló wà.",What the evening of life will be like is in the hands of the Creator.,Only God knows how one’s life will end.,part5.docx,,
YOR3055,"Bí aráyé bá ṣìkà tán, wọn a tún báni dárò.","After people have acted wickedly, they then sympathize with their victims.",People are not to be trusted.,part5.docx,,
YOR3056,"Bí inú kò bá ní odì, odì a nínú.","Even if one’s mind harbors no enmity, one’s enemy keeps one in mind.","You may harbor no ill will toward others, but others may harbor ill will toward you.",part5.docx,,
YOR3057,"Bí o ní iyùn, ní èjìgbà, tí o ní sẹ̀gi pẹ̀lú, ata wẹ́ẹ́rẹ́ ni lójú abúni","If you have iyùn beads and have èjìgbà beads, even iyùn beads also, they are all like small peppers to the detractor.[?]D",Nothing one has or does impresses one’s detractor.,part5.docx,,
YOR3058,"Dẹ̀ǹgẹ́ tutù lẹ́hìn, ó gbóná nínú",Maize porridge is cool on top but steaming hot inside.,A person who appears docile may be a firebrand underneath.,part5.docx,,
YOR3059,Dùlúmọ̀ ẹ̀pà lọ́rùn-un sèsé: ajẹ̀bi-ọ̀ràn-wò tiiri.,Sèsé beans cause trouble for peanuts: the-guilty-one-that-wears-an-innocent-look,The person who drags others into trouble is often adept at escaping the responsibility.,part5.docx,,
YOR3060,Èéfín nìwà; kò ṣé-é bò mọ́ra.,Character is smoke; one cannot conceal it under one’s clothing.,Character will show.,part5.docx,,
YOR3061,Èèyàn ìbá ṣe bí Ọl run kò bunni lómi mu.,"Were man in the same position as God, he would not provide humans with water to drink.",Trust placed in human goodness is trust misplaced.,part5.docx,,
YOR3062,Èèyàn ńwojú; Ọlọ́run ńwọkàn.,Human beings keep their gaze on the face; God looks into the heart.,Human beings can see only what a face reveals; only God know what is in the heart.,part5.docx,,
YOR3063,Èké ò pe ara-a r lórúkọ; ìkà ò pe ara-a rẹ̀ níkà.,The devious person does not call himself or herself devious; the wicked person does not call himself or herself wicked.,Evil people do not admit being evil.,part5.docx,,
YOR3064,Èkúté ilé ò fibi àjà han ara wọn.,House mice do not point the way to the rafters to one another.,Each person for himself or herself.,part5.docx,,
YOR3065,Eléte ò pá a lójú ẹni; ẹ̀hìn ẹni là ńgbìmọ̀ràn ìkà.,Plotters do not hatch their plots in one’s presence; evil plots are hatched when the victim is not about. Ẹ,One is always in the dark about one’s enemies’ machinations.,part5.docx,,
YOR3066,Ẹni à bá ní kó kínni lẹ́hìn-ín fẹ̀gún sọ́wọ́; ẹni à bá ní kó fẹ́ni lójú fata sẹ́nu,The person one would ask to scratch one’s back fills his hand with thorns; the person one would ask to blow into one’s eyes fills his mouth with pepper.,Those in whom one would wish to place one’s trust are not to be trusted.,part5.docx,,
YOR3067,Ẹni a fẹ́ ila mọ̀; a ò mọ ẹni ó fẹ́nì.,We know only those we love; we know not who loves us.,"We know our disposition toward others, not their disposition toward us.",part5.docx,,
YOR3068,"Ẹni a ní ká fẹ̀hìntì ká mú dídùn ọsàn, kí kan ní ńka fúnni mú.",The person one hoped to lean upon to eat the sweetest of oranges plucks only sour oranges for one to eat.,It is courting disappointment to place one’s hope in other people.,part5.docx,,
YOR3069,Ẹní réjò ńsá; ejò ńsá.,The person who sees a snake flees; the snake also flees.,"Two adversaries confront each other, but neither has the will to make a move.",part5.docx,,
YOR3070,Ẹni tí a bá pète àti ra ẹṣin ní ńfọsọni di olóko ẹṣin.,The person with whom one plans to buy a horse is the same person scheming to trade one for a horse.,Presumed friends may turn out to be deadly enemies.,part5.docx,,
YOR3071,Ẹni tó rí ojú ikún m pé yó jẹ oko.,Whoever looks at the face of the squirrel will know that it will eat farm crops.,"If one studies people well, one can predict what they are capable of.",part5.docx,,
YOR3072,Ẹni tobìnrin ò kí lọ̀rẹ́-ẹ rẹ̀.,It is the person a woman does not greet that is her lover.,A woman’s behavior toward a man often belies her true feelings for him.,part5.docx,,
YOR3073,Ẹnu èèyàn lẹbọ.,People’s mouths are the things to offer sacri fices to.,One need fear nothing as much as what people say.,part5.docx,,
YOR3074,"Ẹnu kò jẹun kan mọ, tí yó sọ ọ̀rọ̀ kan mọ.",The mouth is not limited to one type of food or one type of speech.,One cannot be certain of what the mouth will say; a tool may be used for more than one task.,part5.docx,,
YOR3075,"Ẹsẹ̀ gìrì-gìrì nílé àńjọ̀fẹ́; ọ̀fẹ́ tán, ẹsẹ̀-ẹ́ sì dá.","Thundering footsteps in the home of free gifts: the free gifts are all gone, and the foot steps cease.",People will congregate around a person who has a lot to give but only as long as he or she has something left to give.,part5.docx,,
YOR3076,"Gbogbo lodì; bóo lówó odì, gbogbo lodì; bóò lówó odì.","Everything can incite enmity: if you have money, you incite enmity; all things can in cite enmity: if you lack money, you incite enmity.",There is no pleasing people; whatever one is or does can earn one enemies.,part5.docx,,
YOR3077,Ibi ajá la ti ḿmọ oǹrorò àpọ́n.,It is from his treatment of his dog that one can tell which unmarried man will be a terror to live with.,One can tell much about a person’s character from how he or she acts with regard to seemingly inconsequential matters.,part5.docx,,
YOR3078,"Ibi tí Ng-ó-pa-á-gbé ḿbẹ, ibẹ̀ ni Ng-ó gbà-á sì wà.","Where one finds I-will-kill-him-for-sure, even there too will one find I-will-save-him.","Just as there are people who bear one ill will, so there are those who have good will toward one.",part5.docx,,
YOR3080,Ilé bo ilé lójú; òrùlé bo àjà mò; awọ fífiróbo inú kò jẹ́ ríkùn aṣẹni.,"One house obscures another; the roof con ceals the ceiling; a thin layer of skin covers the stomach, making it impossible to see inside the evildoer.",One cannot discern a person’s character by simply looking.,part5.docx,,
YOR3081,Inú ìkòkò dúdú lẹ̀kọ funfún ti ńjáde.,It is from the black pot that the white corn meal comes.,An evil person may sire a good person.,part5.docx,,
YOR3082,Ìṣọ̀ràn ni ìṣe aájò.,The extent of one’s culpability is the ex tent of one’s commiseration. N,The person secretly responsible for a disaster is often the one who shows the greatest sympathy and concern.,part5.docx,,
YOR3083,Ní ọj eré là ńjiyàn ohun.,It is at play that one argues about weighty issues.,Playful arguments sometimes hide deadly serious disagreements.,part5.docx,,
YOR3084,Òbírípo layé; ìmùlẹ̀ ọ̀rẹ́ máa dà.,Life is something that goes in cycles; sworn friends do become enemies.,There is no condition that cannot change.,part5.docx,,
YOR3085,Odídẹrẹ́ kì í rí ojú atùkó.,The parrot never sees the face of the per son who plucks its tail feather.,One seldom knows the identity of one’s enemies and detractors.,part5.docx,,
YOR3086,Ojúbánirẹ́ ò dékùn ẹni; aṣhìndeni ò wọ́pọ̀; ṣàṣà èèyàn ní ńfẹ́ni lẹ́hìn bí a ò sí nílé; tajá tẹran ní ńfẹ́ni lójú ẹni.,"Outward expression of love does not come from within; people who will look after others’ interests in their absence are few; only a few people love one when one is absent, though every dog and goat loves a person in his presence.",One cannot trust that those who love one in one’s presence will love one when one is absent.,part5.docx,,
YOR3088,"Omi inú-u kàn-ǹ-ga: kò ṣéé dúró mu, kò ṣéé bẹ̀rẹ̀ mu.","The water in a well: one cannot stand and reach it to drink, neither can one stoop to reach it.",Some problems are so difficult as almost to defy solution.,part5.docx,,
YOR3089,Oníkùn ló mkà; oníbàǹtẹ́ ló moye òun-ún dì sí i.,The owner of the stomach alone knows what wickedness lurks inside; the owner of the loin money pouch alone knows how much money she has tied up in it.,No one knows what secret lies buried inside other people. ,part5.docx,,
YOR3090,Oníkùn ló mọ̀kà; jẹun ló mọwọ́-ọ́ lá.,Only the owner of the stomach knows how he will practice wickedness; only the person eating knows how to lick his fingers.,One should not from a position of ignorance at tempt to second-guess a person who has all the information and the initiative. ,part5.docx,,
YOR3091,Onítìjú ẹni lobìnrin ẹni.,The woman who is coy in one’s presence is the one destined to be one’s wife.,People’s interractions in public often give away their private relationships.,part5.docx,,
YOR3092,Orí aṣẹgítà-á lè yí bìrí kó di ọlórọ̀.,"The fortune of the seller of firewood might suddenly change, and he or she might be come prosperous.",Fortune is likely to change unexpectedly.,part5.docx,,
YOR3093,Orí ò mọ ibùsùn; ì-bá mọ̀ ọ́ a tún ilẹ̀ ibẹ̀ ṣe.,"The head does not know where it will even tually rest in sleep; had it known, it would have tidied up the place.","If one knew where one’s destiny would lead, one would do whatever one could to cultivate the place.",part5.docx,,
YOR3094,Orúkọ mẹ́ta là ńpèyàwó: Ọlọ́rùn-lẹ́lẹ́; Ọlá-yọ́kọ-sílẹ̀; Ọlá-bọ́kọ-lọ.,"Anewwife has three names: Ọlọ́rùnlẹ́lẹ́ [She of the slender neck]; Ọláyọ́kọsílẹ̀ [She who sneaks off, leaving the husband behind]; Ọlábọ́kọlọ [She who goes with her husband].","One cannot predict the actions of a beautiful wife; she may sneak off with other men, but, again, she may remain faithful to her husband.",part5.docx,,
YOR3095,Òrùlé bo àjà mọ́lẹ̀; aṣọ́ bo ẹsẹ ìdí; awọ fẹ́ẹ́rẹ́ bonú kò jẹ́ ríkùn aṣeni.,The roof covers the ceiling; the cloth covers the buttocks; a thin layer of skin covers the stomach and prevents one from seeing in side a wicked person. Ọ,Nobody knows what wickedness lurks inside others. ,part5.docx,,
YOR3096,Ọ̀làjà ò pọ̀ bí amújàwú.,Quarrel settlers are not as plentiful as quarrel aggravators.,People are more likely to add to your troubles than help you end them.,part5.docx,,
YOR3097,"Ọ̀pẹ̀ òyìnbó fi dídùn ṣẹwà, ó fẹ̀gún bora, oró inú egbèje.",The pineapple derives its beauty from sweetness; the wickednesses [dangerous spines on the leaves] it harbors,What is beautiful may be deadly also,part5.docx,,
YOR3098,Ọ̀ṣọ̀ọ̀rọ̀ tó mú ajá: owó ẹ̀kọ olúwa ẹ̀ ló dínkù.,The dysentry that attacks a dog saves its owner the cost of providing corn meal for it.,Every misfortune has its positive aspect.,part5.docx,,
YOR3099,"""Pẹ̀lẹ́"", lákọ, ó lábo.","""Take it easy’’ can be either masculine or feminine.",Even a greeting or word of cau tion can be said in either an aggressive or a placatory manner.,part5.docx,,
YOR3100,"Pọ̀ọ̀kọ́ nídìí, ó fìhà jókòó.",The coconut shell has a bottom but rests on its side.,Unconventional people will always do things differently.,part5.docx,,
YOR3101,A gb pé ẹj ọmọdé jàre ná; ó ku ẹni ti yó bàá a wí i.,"Let us grant that the youth has a just claim, but who will press it for him?","The culture favors age over youth, even when youth is in the right.",part5.docx,,
YOR3102,"A gbọ́ tajá, a gbọ́ tẹran; èwo ni tàgùntàn lórí àga?","A dog, yes, even a goat, yes; but who ever heard of a sheep sitting on a chair?","One can be flexible and grant exceptions to certain individuals from a prohibition, but there is a point beyond which one refuses to go.",part5.docx,,
YOR3103,"À ńjọ- rìn, a kò jọ ara wa.","Though we travel in the same group, we are not therefore alike.",Everybody in a group is unique.,part5.docx,,
YOR3104,À ńjù wò nò ṣéé wí lójè ; ìjà ìlara ò tán bọ̀rọ̀.,We are driven by envy of them’’ is not a good case to make; a quarrel born of jealousy does not end easily,Jealousy is a difficult motive to acknowledge.,part5.docx,,
YOR3105,"Ààfáà bọ̀rọ̀kìnní: bí Ọlọ́run ò bá ṣeni lágbà, a kì í fìyànjú ṣe bí àgbà.","Wealthy, famous Muslim priest: if God has not made one an elder, one does not become one simply by striving.",The achievement of status is a gift from God. Certain things are out of human hands.,part5.docx,,
YOR3106,"Ààfáà-á jóná, ẹ̀ ḿbèrè irùgbọ̀n; kí ló fa sábàbí?","The Muslim priest is consumed in a fire, and you ask about his beard; what do you think was the cause of the problem?","When the mighty fall, it is idle to wonder what hap pened to lesser beings.",part5.docx,,
YOR3107,"Àáké wọ igbo, a gbọ́ òkìkí.","The axe enters into a forest, and we hear reports of its doings.","When an illustrious person acts, his deeds are noised about.",part5.docx,,
YOR3108,Áásìkí tí a fún ẹyẹ sìn a ò fún igún; áásìkí ẹrú ò sí lọ́dọ̀ ọmọ.,The regard that a domestic bird enjoys is de nied the vulture; the regard a slave receives is not the same as a freeborn enjoys.,People are not uniformly fortunate.,part5.docx,,
YOR3109,"Àáyá ní ohun tí a bá mọ̀-ọ́ ṣe, bí ẹní ńṣeré ni; ó ni bí òún bá ńlọ lóko ẹ̀pà, ọ̀kọ̀ọ̀kan a máa b sí òun lẹ́nu.","The colobus monkey says that one’s spe cialty is like child’s play; it says that when it walks through a peanut farm, peanuts con tinually pop into its mouth.","Some chores are ridiculously easy, sometimes even suspi ciously easy, especially for the expert.",part5.docx,,
YOR3110,Àdá lẹnu tálákà; igbó la ó fi ṣán.,The poor person’s mouth is a machete; its use is to clear the bush.,A poor person’s voice carries no weight.,part5.docx,,
YOR3111,Àdàbà ò jẹ̀pà; kanna-kánná ò jẹ sèsé.,The dove does not eat peanuts; the crow does not eat yam beans.,To each its dis likes.,part5.docx,,
YOR3112,Afínjú ò dóko; òjòwú ò dígbèsè; òmúmurà ni yó bọ́kọ-ọ rẹ̀ dálè.,The preener does not go to the farm; the jealous woman does not get into debt; it is a woman with forbearance that finds a concu bine for her husband.,Different people have different habits and qualities.,part5.docx,,
YOR3113,Àgún-ì-jẹ ní ńpa ẹrú.,Pounding-[food]-without-partaking-of-it is the death of the slave.,"The slave’s labor is not unheard of, but he derives no benefit from it.",part5.docx,,
YOR3114,Àgbà lẹ́tù; àlàárì lọba aṣọ,The ẹtù cloth is the elder; the reddish dyed cloth is the king of cloths.,There is a hierarchy even in the textile realm.,part5.docx,,
YOR3115,Agbára odó kò jọ agbára ìkòkò; bí a gbé odó kaná a jó; bí a sì gúnyán nínú ìkòkò a lu.,"The strength of the mortar is not similar to the strength of the pot; if one places a mortar on the fire, it burns; if one pounds yams in a pot, it breaks.",To each his or her particular qualities.,part5.docx,,
YOR3116,Àgbò méjì kì í mumi nínú-u koto kan.,Two rams cannot drink [at the same time] from the same water pot.,Two masters can not coexist in the same household.,part5.docx,,
YOR3117,Àgbò méjì kì í pàdé lórí afárá.,Two rams will not meet on a narrow bridge.,Two contrary and uncompromising forces will never come to an accommodation.,part5.docx,,
YOR3118,"Àìjẹunsùn àkàlàmàgbò, a ò lè fi wé ti àtíòro",Àkàlàmàgbò’s lack of supper is not comparable to that of àtíòro,A noble person’s poverty is not the same as an ordinary person’s.,part5.docx,,
YOR3120,"Àìjẹunsùn ẹkùn, a ò lè fi wé ti ajá.",The leopard’s lack of supper is not compa rable to that of the dog.,A powerful person’s setback does not make him the equal of a nobody. ,part5.docx,,
YOR3121,"Àìlọ́ràá àkàlàmàgbò, a ò lè fi wé ti àtíòro.",The ground hornbill’s lack of fat is not to be compared with that of the allied hornbill.,A renowned person’s inconvenience does not make him the equal of a peon. ,part5.docx,,
YOR3122,"Àìlọ́ràá ògòǹgò, a ò lè fi wé ti agílítí.",The ostrich’s lack of fat is not to be com pared with that of the lizard.,A rich person’s lack of ready cash does not make him the equal of a poverty-stricken person. ,part5.docx,,
YOR3124,Àìmọ̀ọ́jó là ńtàkìtì; ijó-ò mí ju àńtọ bọ́.,It is deficiency as a dancer that induces one to somersault; my dancing goes beyond cartwheeling.,Overexertion betrays a lack of competence.,part5.docx,,
YOR3125,Àì-rí-ońjẹ-jẹ ológbò kọ́ ni kò fi tó ajá.,It is not the cat’s failure to find food that makes it smaller than a dog.,Great size is not a measure of one’s striving.,part5.docx,,
YOR3126,Àjà ló lẹrù irọ́ ni pẹpẹ ńpa.,To the rafter belongs the load; the shelf is a mere pretender.,"Others may strive, but only certain special people have the means to carry out a task.",part5.docx,,
YOR3127,Àjànàkú kúrò lẹ́ran à ńfajá dẹ.,The elephant is beyond the sort of animal one hunts with a dog.,One should not approach formidable tasks with levity.,part5.docx,,
YOR3128,Àjànàkú ló nìgbọẹ́; irọ́ ni gbogbo ẹranko ńpa.,To the elephant belongs the forest; all other animals are mere pretenders.,There is no disputing a person’s preeminence. .,part5.docx,,
YOR3129,Àjẹkùlóko àgb lọba ńjẹ lórí itẹ́.,It is the leavings from the farmer’s farm table that the king eats on his throne.,Each profession fills a unique need. ,part5.docx,,
YOR3130,Àjùlọ ò pin s d ẹnìkan.,Preeminence does not end with any one person.,No one has a corner on excellence.,part5.docx,,
YOR3131,Akàn-án ní òún dúpẹ́ àìlórí; gbogbo ẹní lórí lorí ńfọ́.,"The crab says it gives thanks that it lacks a head, for whoever has a head also suffers headaches.",There is no adversity without its positive aspect.,part5.docx,,
YOR3132,"Akíkanjú wọgbó, o ṣòwò igba èèyàn.",An illustrious person enters the forest and does enough trade for two hundred people.,One illustrious person accomplishes enough for many ordinary people.,part5.docx,,
YOR3133,Akíni-kúuṣẹ́ ńjiyán yó; apòyì-kábà ńyá ìwọ̀fà; olóko ńpa ẹgbàa-gbẹdógún kó tó jẹun.,"The person who greets one while one is working eats pounded yams to his fill; the person who perambulates around the hut employs a pawn; the farmer himself must earn 15,000 cowries before he can eat.","Idlers and hangers-on have the easiest of times, whereas a person working for his living must eat of his sweat.",part5.docx,,
YOR3134,Àkókó kun osùn ó kun orí; arèré kun osùn ó kun àyà; olóbùró kun osùn ó kun ọ̀fun,The woodpecker takes camwood and stains its head; the custard-apple tree takes cam wood and stains its breast; olóbùró takes camwood and stains its throat.,Each has a different notion of self-adornment.,part5.docx,,
YOR3135,Àkùkọ ńlá ó jọkí kékeré ó kọ.,The big rooster prevents the small rooster from crowing.,Those in authority prevent their subordinates from asserting them selves.,part5.docx,,
YOR3136,Àkùkọ́ tó lógbe ò ní ìreré; èyí tó ní ìreré ò ní ọ̀gàn.,The cock that has a comb lacks tail plumes; the one that has tail plumes lacks spurs.,Every person has his or her failings.,part5.docx,,
YOR3137,"Aláǹgbá ọ̀jọ nì, agbára wọn ló yàtọ̀.",The lizard resembles the crocodile; it is their strength that is different.,Look-alikes are not necessarily equals.,part5.docx,,
YOR3138,"Àlùkéḿbù, baba asa.","Stirrup, father of the saddle.",The stirrup is more important than the saddle.,part5.docx,,
YOR3139,Àlùmọ́nì méjì kì í gbé ọwọ́ ẹnìkan.,Two treasures will not reside with one per son.,A person cannot have everything.,part5.docx,,
YOR3142,Àpọ́n sàn ju okóbó pàtítí àpọ́n yó fẹ̀ẹ́ ọbìnrin.,A bachelor is better off than a eunuch; sooner or later a bachelor will take a wife.,Some ills are better than others.,part5.docx,,
YOR3144,Àrùn mìíràn-án kù lẹ́hìn-in wárápá; wárápá nìkan kọ́ ní ńgbéni ṣánl.,There are other diseases besides epilepsy; it is not only epilepsy that knocks people to the floor.,Nothing and no one can claim to be the ultimate in any regard.,part5.docx,,
YOR3145,Àrùn òtòṣì ní ńsàn lóòjọ́; tolówó a máa sàn díẹ̀-díẹ̀.,It is a poor person’s disease that is cured in a day; a rich person’s disease mends only gradually.,Protracted illness is too great a luxury for a poor person to afford.,part5.docx,,
YOR3146,"This is a response to the proverb Ibi tí lékèélékèé ti ńfọṣọ, Ọl run ò fi ib han ọmọ àparò (‘‘ The place where the egret washes its clothes, God has kept hidden from the clan of partridges’’). nature","This is a response to the proverb Ibi tí lékèélékèé ti ńfọṣọ, Ọl run ò fi ib han ọmọ àparò (‘‘",Not Provided,part5.docx,DROP,
YOR3147,Àrùn tí ńṣe aláárùn-únò ṣe ẹlẹ́ẹ́ta.,The disease that attacks the person with five does not attack the person with three.,Each person with his or her own prob lems.,part5.docx,,
YOR3148,Àrùn tí ńṣọ̀bọ ò ṣegún: igún pá lórí; ọ̀bọ́ hùrù.,The disease that afflicts the monkey does not afflict the vulture: the vulture is bald on its head; the monkey grows a tail.,"Different people, different aches. ",part5.docx,,
YOR3149,Àrùn tí ńṣọ̀bọ ò ṣegún: igún pá lórí; ọ̀bọ́ pá nídìí.,The disease that afflicts the monkey does not afflict the vulture: the vulture is bald on its head; the monkey is bald on its buttocks.,Different problems for different people.,part5.docx,,
YOR3150,Àsísorí ò ní ikùn bí àgbá; òtòṣì ò lówó bí ọlọ́rọ̀,A pistol does not have a bore like a cannon’s; a poor person does not have the money of a wealthy person.,There is no equality in people’s fortunes.,part5.docx,,
YOR3151,Aṣọ abilà gbogbo ló lórúkọ.,Every striped cloth has a name.,Every person has a name; an offender has a name to be mentioned.,part5.docx,,
YOR3152,Àti kékeré àjànàkú leerin-ín ti pọ̀ ju ẹfọ̀n lọ.,It is from childhood that the elephant was greater than the buffalo.,"Regardless of age, an elephant is greater than a buffalo.",part5.docx,,
YOR3153,"Àti ogún ọdún tí ẹ̀kọ́ ti ńlo aṣọ, ìhòòhò làkàrà-á wà.","In the twenty years that the corn meal has been wearing clothes, the bean fritters have always been naked.",One’s better standing than one’s rival’s is not a recent development.,part5.docx,,
YOR3166,Àwa ara wa la ríra-a wa: ológìnní rí ọmọ ẹkùn.,All of us assembled here are of a type; the cat comes face to face with the offspring of the leopard.,"When equals come together, none has anything to fear from any other.",part6.docx,,
YOR3167,Àwòròṣàṣà ní ńjẹ ajá Ògún,Only the most powerful of priests eats dogs sacrificed to Ògún.[?]B,Only a select few can perform formidable tasks.,part6.docx,,
YOR3168,Bákan-náà lọmọ ńṣorí lẹ́hìn ìyá-a rẹ̀.,Babies’ heads lie the same way on their mothers’ backs.,"Natural habits die hard. Also, one baby is no different from another baby.",part6.docx,,
YOR3169,"Bí a bá bi àgbà tó kúrú mọ́lẹ̀, yóò rí wí.","If one asks the elder that is short and close to the ground, he will have something to say.","There is always an explanation for a person’s condition, if we will only ask.",part6.docx,,
YOR3170,Bí alákẹdun-ún bá rá; tó fọwọ́ ṣẹ́; agbọ̀n la ó fi kó ọmọ òwè níbẹ̀.,"If the colobus monkey breaks its arm while suspended from a tree, it is by the basket ful that black monkeys will be scooped off the place.","When an expert comes to grief doing something, novices will fail at it in their hundreds.",part6.docx,,
YOR3171,"Bí ehoro ò lè sáré bí ìgalà, bíi ká fi wé ti ìjàpá kọ́.","If a rabbit cannot run as fast as the deer, that does not make it comparable to a tortoise.",One’s worth depends on the standard by which one is judged.,part6.docx,,
YOR3172,Bí igbá bá wọ odò a lé té-ń-té.,"If a calabash falls into the stream, it floats on top.",Nothing can prevent the illustrious person from shining.,part6.docx,,
YOR3173,"Bí inú ti ḿbí àjànàkú, bẹ́ẹ̀ ti ḿbí eèrà.","Just as the elephant may be angered, so an ant may be angered.",Even the least of people has feelings.,part6.docx,,
YOR3174,"Bí iyán ti ńfún lóko ẹgàn, bẹ́ẹ̀ náà ní ńfún ní ti etílé.","As pounded yam is white on a farm deep in the forest, so it is white on the farm near the town.",A commodity does not change its nature according to its location.,part6.docx,,
YOR3175,"Bí lékèélékèé ò bá rómi wẹ̀, a dégbẹ́ àparò.","If the egret cannot find water to bathe in, it becomes like the partridge.","When a great person loses his resources, he becomes like ordinary people.",part6.docx,,
YOR3176,"Bí Olúgbọ́n ti gbọ́n, bẹ́ẹ̀ ni Arẹsà-á gbọ́n pèlú","As the Olúgbọ́n is clever, so also is the Arẹsà clever.",Each person is wise in his or her own way.,part6.docx,,
YOR3178,"Bó ti ḿbẹ lára adẹ́bọ, bẹ́ẹ̀ ní ḿbẹ lára a-dá-má-rùú.","As it is with the person who offers a sacrifice, so it is with the person who refuses to make a sacrifice.",Each person makes his or her own choice and also bears the consequences.,part6.docx,,
YOR3179,"Bó ti wà ní Líkí, b ní ḿbẹ ní Gbà-ǹ- ja","As it is in Líkí, so it is in Gbàǹja.",Matters are fundamentally the same everywhere.,part6.docx,,
YOR3180,Bó ti wá ni yó lọ; ọ̀gbẹ̀rì ò jẹ iyán odù,"As he came, so will he depart; the uninitiated person will not eat the pounded yams of Ifá.",An outsider will not be included in the benefits of exclusive groups.,part6.docx,,
YOR3181,"Bọ́mọdé bá ní okun tó ọ̀bọ, kò lè ní gèlètè àyà-a rẹ̀.","Even though a youth has as much strength as a monkey, he cannot have a chest as huge as the monkey’s.",A person who is a match for another in one regard may be deficient in others.,part6.docx,,
YOR3182,Bọ̀rọ̀kìnní ba ọlọrí nínú jẹ.,The person of exemplary character angers the rich person.,People do not admire those who steal the show from them.,part6.docx,,
YOR3183,Bọ̀rọ̀kìnní ìletò ni akéde ìlú ńlá.,The celebrated dandy in the village is a street crier in a large town.,"When people are few, anybody may be important. ",part6.docx,,
YOR3185,"Dúdú lẹ̀gbọ́n, pupa làbúrò.",Black is the elder; light brown is the younger. E,A dark complexion is more desirable than a light one.,part6.docx,,
YOR3186,Erèé òtòṣì lọlọ́rọ̀- fi ńṣe èkuru jẹ.,It is of the poor person’s beans that the rich man makes bean meal to eat.,The rich will take from the poor the little they have.,part6.docx,,
YOR3187,"Erin ibòmín-ìn, ẹ̀lírí ibomín-ìn.",An elephant in one place; a tiny mouse in another.,What people make much of in one place is of no account in another. ,part6.docx,,
YOR3188,Erín ńtú eruku; ẹfọ̀n ńtú eruku; títú eruku àjànàkú bo tẹfọ̀n mọ́lẹ̀.,The elephant raises a cloud of dust; the buf falo raises a cloud of dust; the elephant’s ability to raise dust far surpasses the buf falo’s.,Certain people or things are beyond all competition.,part6.docx,,
YOR3189,Ogbè lèyí ló gbogbo ènìyàn.,Some people are more fortunate than others.),Not Provided,part6.docx,DROP,
YOR3190,Eṣinṣín kọ ikú àpàbẹrí; yànmù-yánmú kọ ikú àpàlàdọ̀.,The fly is immune to death by beheading; the mosquito is immune to death caused by the splitting of the liver.,Some fates are impossible for some people or things.,part6.docx,,
YOR3191,Èsúó ti ńlògbà kéwúrẹ́ tó dáyé.,The red-flanked ducker was already enjoying life before the goat came into being.,A person or thing was already long established before the upstart came about.,part6.docx,,
YOR3192,Ewé ńlá kì í rú wẹ́wẹ́.,Large leaves do not sprout small.,A person destined to be great will not fail to be great.,part6.docx,,
YOR3193,Èwo ni kò tó ‘‘Hì hì’’ lára ìnàkí?,What baboon is incapable of sounding ‘‘Hee hee’’?,Certain things are within the capability of everyone.,part6.docx,,
YOR3194,Ewúrẹ́ ilé ò mọdẹ; ìbá ṣàgbọ̀nrín a gbọfà lẹ́hìn ṣan-ṣan.,The domesticated goat has no regard for the hunter; were it a deer it would sport arrows prominently on its back. Ẹ,"As the domestic goat’s protected status makes it misbehave when a hunter is around, so a sheltered per son gets away with much that less fortunate people dare not attempt.",part6.docx,,
YOR3195,Ẹ̀fúùfù gbé ológì lọ; oníyẹ̀fun ni ègbè yàn yàn.,The wind blows away the corn-gruel seller; the seller of corn powder is hopelessly doomed.,"When illustrious ones fall, lesser people have no hope.",part6.docx,,
YOR3196,Ẹ̀gún ò gún ọmọ lẹ́sẹ̀ ká yọ lọjú ẹrú.,"When a thorn lodges in the foot of a child, one does not remove it from a slave’s foot.","However privileged one might be, there are certain things one must do oneself.",part6.docx,,
YOR3197,Ẹ̄gbẹ́ erín ò wón lálọ̀.,The equal of an elephant is not difficult to find in Álọ̀.,There is little difficulty in finding a substitute for a common thing or an ordinary person.,part6.docx,,
YOR3198,Ègbẹ́ ìṣu kọ́ niyán.,The pounded yam is not the equal of the yam.,A refined product is superior to the raw version.,part6.docx,,
YOR3199,Ẹgbrún ibalùwẹ̀ ò lè tó sánmà.,A thousand bath enclosures are no equal for the sky.,Possession of a tiny amount of a substance does not make one an equal of the person who controls its supply.,part6.docx,,
YOR3201,"Ẹlésin-ín sè oògùn ejò tán: ẹlésin-ín wà lókè, ejò-ó wà nílẹ̀.",The horse rider has the surest antidote for snakebite: the rider is up above; the snake is on the ground.,A person beyond the reach of his or her adversary need not fear the adversary.,part6.docx,,
YOR3202,Ẹní Abá ò tọ́ bí ẹní òré; ẹní abá ò ṣéé ká; rírún ní ńrún wómú-wómu,"Abá mat does not last as long as òré mat; the former cannot be folded, as it disintegrates completely in the attempt.",Some things are better and more desirable than others.,part6.docx,,
YOR3203,Ẹní bá pa àfè ìmòjò kó mú-u re Ọ̀yọ́; ẹdá lará oko ńjẹ.,Whoever kills a spotted grass mouse should take it to Ọ̀yọ́; the brown bush rat is good enough food for a bush person.,"Only certain people can appreciate, and therefore deserve, the choicest prizes.",part6.docx,,
YOR3204,"Ẹní jẹ Olúwo, ká yìn ín; ṣàṣà èèyàn ló lè jẹ Bara.",Whoever takes the title Olùwo deserves commendation; few people can take the Bara title.,Whoever has performed an extraordinary feat deserves people’s recognition and praise.),part6.docx,,
YOR3205,Ẹní jù ló máa gbéra mì nínú ajá àti òkẹ́rẹ́.,The more formidable will triumph over the other in a contest between the dog and the squirrel.,The weakling will not triumph over the powerful person.,part6.docx,,
YOR3206,Ẹní lágbára juni ní ńfi ọwọ́ ẹni gbáni lẹ́nu.,Only a stronger person can use one’s own hand to slap one in the mouth.,"Only those who have authority over you can make you act against your own interest, or injure you and add insult to the injury.",part6.docx,,
YOR3207,"Ọmọ ńlá ní ńṣe ohun ńlá, baál Jìnìbà: ó gbé àká mì, ó fọmọrí odó tàyín.",From an eccentric person one can expect anything.,"This is a variant of the pre ceding proverb, with the exception that in this case the application is ironic. The deed referenced is not to be admired but perhaps to be amazed by. Compare the preceding entry.)",part6.docx,,
YOR3208,Ẹni tí a ò tó là ńgàn; agánrán ńgan ọdẹ.,People disparage only those worthier than themselves; the parrot disparages the hunter.,Disparagement is an indication of helpless envy; the parrot’s only weapon against the hunter is ineffectual disparagement.,part6.docx,,
YOR3209,Ẹni tí ńkun osùn ò dàbí ẹni tí ńkun ata.,The person rubbing himself or herself with camwood does not compare with the person rubbing himself or herself with hot pepper.,Things may look alike without being the same.,part6.docx,,
YOR3210,"Ẹni tó gbọ́ Ifá ò mọ Ọ̀fà; ẹni tó mọ Ọ̀fà ò gbọ́Fá, bẹ́ẹ̀ ni Ifá tà lỌ́fà",The person versed in Ifá does not know the way to Ọ̀fà; the person who knows the way to Ọfà is ignorant of Ifá; and yet knowledge of Ifá is lucrative at Ọfà.,"The talent and the opportunity are available, but they are mismatched; nobody has everything.",part6.docx,,
YOR3211,Ẹni tó ní àgbàdo ò léhín; ẹni tó léhín ò lágbàdo,The person who has corn has no teeth; the person who has teeth has no corn.,Need and supply are often mismatched. ,part6.docx,,
YOR3213,Èni tó ní èjìká ó lẹ́wù; èni tó lẹ́wù ó léjìká.,The person who has a shoulder has no gar ment; the one who has a garment has no shoulder.,Need and supply are often mismatched. ,part6.docx,,
YOR3214,Ẹni tó ní orí ò ní fìlà; ẹni tó ní fìlà ò lórí.,The person who has a head has no hat; the person who has a hat has no head.,Need and fortune are often mismatched.,part6.docx,,
YOR3215,Ẹni tó wà láyé ní inú òun-ún bájì; ẹni tó ti kú ní kú ńkọ́?,The person who is alive says he or she is sad; what about the person who is dead?,"As long as one has life, one should consider oneself fortunate.",part6.docx,,
YOR3216,Ẹni tó wáyé ò tó asinniwáyé.,People who came to the world are far fewer than people who came as companions.,There are fewer people with a purpose than people without a purpose.,part6.docx,,
YOR3217,Ẹnu àgbà lobì ńgbó.,It is only in the mouth of the elder that the kola nut is ripe.,The last say in a matter belongs to the elder who is present.,part6.docx,,
YOR3218,"Ẹranko bí ọ̀bọ ò sí lóko, àfi ìjímèrè tí ńpe ara-a rẹ̀ ní olóògùn.","There is no animal in the bush like the monkey, except for the brown (Pataguenon) monkey calling itself a medicine man.",Nobody can vie with a certain person; those who try deceive themselves.)27,part6.docx,,
YOR3219,"Ẹranko tó gbọ́n bí ajá ò sí, èyí tó wèrè bí ẹṣin ò wọ́pọ̀; ajá bímọ-ọ rẹ̀ sílẹ̀ ó ńlọ ki ọmọ èkùlù mọ́lẹ̀; ẹṣín bímọ tirẹ̀ sílẹ̀ ó ńfi ẹ̀hìn pọn ọmọ ẹlòmíràn re oko.",Animals as wise as the dog are nonexis tent; those as stupid as the horse are rare; the dog gives birth to its children but goes and pounces on the children of the crested duiker; the horse gives birth to its own children but carries others’ children on its back to the farm.,The wise put their own interests before all else.,part6.docx,,
YOR3220,"Èrù tí onígẹ̀gẹ̀ẹ́ rù tí ó ńṣomilójú, abuké kọ́ ni yó pàntéte-e rẹ̀.","The load that draws tears from the eyes of the carrier with a goiter is not one for the humpback to carry nonchalantly, with arms swinging freely.",A burden that prostrates a formidable person is not one for a spineless person to tackle lightly.,part6.docx,,
YOR3221,Ẹ̀rúkọ́ lórí; kò ní mùndùn-múndùn.,The hoe shaft has a head but no marrow.,"One cannot get something from where there is nothing, just as one cannot get marrow from a skull.",part6.docx,,
YOR3222,"Ẹyẹlé kì í ní àgògo, kìkì àrupẹ̀",Pigeons never grow to giant size; they are all dwarfish.,There is no rank distinction among a certain group of people.,part6.docx,,
YOR3223,"Ìjímèrè, a small brown (","Pataguenon) monkey, is considered a clown among the species. nature G",Not Provided,part6.docx,DROP,
YOR3224,"Gagalo-ó ṣísẹ̀ méjì, ó bá ará iwájú.","The stilt walker takes only two steps, and he catches up with those who had long gone ahead.","The person referred to has extraor dinary capabilities, surpassing all others.",part6.docx,,
YOR3225,Gbégẹ́ ṣe gẹ́gẹ́; ónígẹ̀gẹ̀ tó fẹ́ àtìrò.,Two well-matched things have come to gether: a person with a goiter has married a cripple.,"Two or more people are both, or all, all of a kind.",part6.docx,,
YOR3226,Gèlè ò dùn bíi ká mọ̀ọ́ wé ò dùn bíi kó yẹni.,Head scarf is no good if one does not know how to tie it; knowing how to tie it is no use if it does not look good on one.,Having an asset is not as important as knowing how to use it; knowing how to use it is not as important as knowing how to use it profitably.,part6.docx,,
YOR3227,Gèlè ò dùn bíi ká mọ̀ọ́ wé; ká rówó ra ẹl yàá ò dàbíi kó yẹni,Head scarf is no good unless one knows how to tie it; having money to afford Ẹlẹ́yàá cloth is no good if it does not look good on one.,Having an asset is not as important as knowing how to use it; knowing how to use it is not as important as knowing how to use it profitably.,part6.docx,,
YOR3228,Gèlè ò dùn bíi ká m wé; oúnjẹ ò dùn bíi ká m jẹ.,Head scarf is no good if one does not know how to tie it; food is no good if it is some,Having an asset is not as important as knowing how to use it; knowing how to use it is not as important as knowing how to use it profitably.,part6.docx,,
YOR3229,Gbajúmọ̀-ọ́ ju owó lọ; àyà níní ju oògùn lọ́tọ̀.,Popularity is better than money; bravery is far better than magical charms.,Better fame than riches; better fortitude than magic.,part6.docx,,
YOR3230,Gbogbo ọdún ni tọba; gbogbo ẹ̀sìn ni tìjòyè.,All festivals belongs to the king; all weekly worship belong to the chief.,"The more important one’s stature, the more important one’s responsibility.",part6.docx,,
YOR3231,Gbọ-gbọ-gbọ lọwọ́ ńyọ ju orí.,"Loftily, loftily, loftily the raised hand reaches above the head.",The person blessed with extraordinary qualities will always stand out in a group.,part6.docx,,
YOR3232,Ibi tí àjànàkú ti fi ẹsẹ̀ tẹlẹ̀ ni gbogbo erankó ti ḿmu.,"Where the elephant once planted its foot, there the rest of the animals come to drink.",The feats of the mighty bestow some boon on the humble. ,part6.docx,,
YOR3233,"Ìgún iyán ò jọ ti èlùbọ́; mímú niyán ḿmú, kíki lèlùbọ́ ńki.","The consistency of pounded yam is different from that of yam-flower meal; pounded yam is smooth, while yam-flower meal is elastic.",Each thing or person is good in a different way.,part6.docx,,
YOR3234,"Ìgbà tí ajá ti ńṣe ilé, ọ̀bọ ò ì tíì ti oko bọ̀.",The dog was master of the home long before the monkey came from the farm.,The upstart or Johnny-just-come must not be garrulous in the presence of well  established old-timers.,part6.docx,,
YOR3235,"Ìgbà tí ìkẹ̀tẹ́ òì tíì dáyé, onígbó ti ńjẹ ìkẹ̀tẹ́.","Long before the thick sediment of the palm oil came to earth, the lord of the forest had been eating it.",Said to claim that one does not need another person’s favors but had always gotten along very well without that person’s help.,part6.docx,,
YOR3237,"Ìgbín ò dùn, kò ṣéé fi wé pọ̀nmọ́.",The snail is not delicious; it cannot be com pared to boiled cow hide.,Some foods are more delicious than others.,part6.docx,,
YOR3238,"Igbó biribiri, òkùkùn biribiri; òkùkùn ni ó ṣẹ̀tẹ́ igbó.","The forest is as dark as ever, and the night is as dark as ever, but the darkness of the night puts that of the forest to shame.",Greatness is not without gradation.,part6.docx,,
YOR3239,Ìka ò dọ́gba.,The fingers are not equal.,People are not equally endowed.,part6.docx,,
YOR3240,Ilé Ifẹ̀ ló ladé; fìlà ni ti baál ibòmíràn.,To Ilé If belongs the crown; hats are the lot of the chiefs of other places.,The king of Ilé If is preeminent over all other kings.,part6.docx,,
YOR3241,"Ilẹ̀ tí àjànàkú ńtẹ̀, níbẹ̀ lọmọ ẹrankó ti ńjẹun.",The ground the elephant treads is the same place from which the clan of animals eat.,Lesser people can benefit from the actions and leavings of great people. ,part6.docx,,
YOR3242,Ìrèké lẹ́wà ju eèsún; igikígi kì í ṣomi síni lẹ́nu.,The sugarcane has more appeal than the ele phant grass; no other tree fills one’s mouth with juice.,Some things are of surpassing merit and are incomparable to others.,part6.docx,,
YOR3243,Ìrìn ò papọ̀; ẹni tó ru ọ̀ọ́dúnrún èbù àtẹni tó gun ẹṣin,"The paths being taken are not the same; one person is carrying three hundred yam seedlings, and the other is mounted on a horse.",The expectations and experiences of the servant and the master are never the same.,part6.docx,,
YOR3244,Ìrònú ò papọ̀; ebi ló jọ ńpani.,"Different people have different minds, even though all are hungry.","All people may be hungry alike, but each person will have a different approach to solving the problem.",part6.docx,,
YOR3245,Ìrù ẹṣin ò ṣe déédé; bákannáà kọ́ la mórí wáyé.,Horses’ tails are not of equal length; we did not all come to earth with identical heads.,Different people have different destinies.,part6.docx,,
YOR3246,"Ìṣe tí igbà ńṣe pẹ, ìbá ṣe àgbọn kò léwé lórí.","What the climbing rope does to the palm tree, had it done the same to the coconut tree it would have no leaves left.",Some people are better able to withstand vicissi tudes than others.,part6.docx,,
YOR3247,Ìṣòwò-ó wà lóòrùn; náwónáwó wà níbòji.,The trader [who makes the money] is in the sun; the person who spends the money is in the shade.,Said of people who lift not a finger to help the worker but yet get the best of the benefits of his or her efforts.,part6.docx,,
YOR3248,Iwájú lojúgun ńgbé.,The front part is where the shinbone lives.,The person with leadership qualities will always shine above the rest.,part6.docx,,
YOR3249,"Ìyà àdá pọ̀ ju ti àkọ̀; nígbàtí àdá ńṣẹ, àkọ́ sùnlọ.","The suffering the cutlass endures is greater than that of the sheath; while the cutlass works, the sheath sleeps.",Some people have to bear burdens greater than others’.,part6.docx,,
YOR3250,"Iyán ni oúnjẹ, ọkà loògùn, àìkórira là ńjẹ̀kọ, kẹ́nu má dilẹ̀ ni tẹ̀wà, kọmìí ó má baà bọ ni tẹ̀bà.",It is pounded yam that is food; corn-flour meal is medicine; corn loaf one eats to prove absence of ill will; black-eyed peas are for snacking; and cassava meal is simply for keeping life going. J,"People or friends, like food, are not of equal value or appeal.",part6.docx,,
YOR3251,Jíjọ ló jọ ; òṣùpá ò lè rí bí ọ̀sán.,It is only resemblance; moonlight cannot be like noontime.,Some phenomena are without equal.,part6.docx,,
YOR3252,Ká tó rí erin ó digbó; ká tó rẹ́fọ̀n ó dọ̀dàn; ká tó rí ẹyẹ bí kín ó di kése.,"Before one can see the elephant, one must go to the bush; before one can see the buf falo, one must go to the wilderness; before one can see another bird like the egret, one must await the end of time.",Comment that the likes of a given person are rare indeed,part6.docx,,
YOR3254,"Kí eṣú yin ẹyẹ; eṣu fò lọ́jọ́ kan ṣoṣo, ìyẹ́ẹ̀-ẹ́ re.",The locust should praise the bird; the locust flew only one day and lost its wings.,One should credit those who perform feats that others cannot approach.,part6.docx,,
YOR3255,Kì í ṣe gbogbo aṣọ là ńsá lóòrùn.,It is not all cloths that one dries in the sun.,Some matters require more delicate han dling than others.,part6.docx,,
YOR3256,Kí ni ìyẹ́ etutu-ú jámọ́ nínú ìyẹ́ ọ̀sìn?,What value has the wing of the tiny flying ant compared to that of the vulturine fish eagle?,"One should not assign in ordinate value to worthless things, especially in comparison with much more valuable things.",part6.docx,,
YOR3257,Kìnìún fìtọ̀ gba ijù; kìnìún gba ijù láìlápó.,The lion claims the forest; the lion claims the forest without a quiver of arrows.,The mighty do not always need to put them selves out or acquire weapons in order to secure advantages.,part6.docx,,
YOR3258,Kìnìún kì í ṣẹgbẹ́ ẹran kọran nínú igbó.,The lion is more than the equal of any other sort of animal in the bush.,There is a hierarchy among animals and humans.,part6.docx,,
YOR3259,Kò sí ẹyẹ méjì tí ńjẹ́ àkùkọ.,There are not two birds known as the cock.,The likes of some persons are rare.,part6.docx,,
YOR3260,Kò sí ìlù tó lè borí-i bẹ̀mbẹ́,There is no drum that can surpass the b b .,The greatest entity will not lose its preeminence to minor ones.,part6.docx,,
YOR3261,Kò sí òrìṣà tó lè ṣe bí Ògún lágbẹ̀dẹ,"There is no òrìṣà that can do as Ògún, [god of metals and the forge], can do at the smithy.",No one else can attempt the feats that the person referred to can accomplish.,part6.docx,,
YOR3262,Láká-ǹ-láká tòyìnbó; làkúrègbé tòyìnbó.,Limping is the white man’s habit; rheuma tism is the white man’s ailment.,Different people have their peculiar traits.,part6.docx,,
YOR3263,"Mímú aró ò tó ti abẹ, ìkà ẹṣin ò tó tèèyàn; ẹṣín fọmọ ẹ̀ sílẹ̀ ó ńfẹ̀hìn gbé ọmọ ọlọ́mọ kiri.","The keenness of a dye is not comparable to that of a knife, and a horse’s cruelty is nothing compared with a human’s; the horse neglects its own children and carries other people about on its back.",There are significant differences among people and their behavior. ,part6.docx,DROP,
YOR3264,Mímú oòrùn ò jọ mímú abẹ.,The sun’s sharpness is not comparable to a knife’s.,Even things or people described with the same words are not necessarily alike. ,part6.docx,,
YOR3265,"Mo dáṣáṣá àgbẹ̀, bí bọ ìlú ló rí.",The smartest of farmers seems like the idiot of the city.,Farm-smartness does not trans late into city [or street] smarts.,part6.docx,,
YOR3266,"Ó wu ìràwọ̀ kó mọ́lẹ̀ tó òṣùpá, Ọlọ́run ni ó jẹ́.",The star would wish to be as bright as the moon; it is God that would not permit.,"God determined individual possibilities, and it is futile to attempt to transcend them.",part6.docx,,
YOR3268,Òbu ò tó iyọ̀.,Saltpeter does not equal salt.,An inferior substitute is never like the real thing.,part6.docx,,
YOR3269,Ògìdán kì í ṣẹgbẹ́-ẹ ajá.,The leopard is not the equal of the dog.,Some powers are superior to others. See the preceding and following entries.,part6.docx,,
YOR3270,Ogbe tákùkọ́ fi ńṣakọ ni kọ̀lọ̀kọ̀lọ̀-ọ́ fi ńpanu.,"The cock’s comb, which the cock flaunts, is the same thing the fox eats as a snack.",One person’s prized possession is another person’s trash.,part6.docx,,
YOR3271,Ohùn là ńta ọ̀fàfà; ìdí igi là ḿbá a,It is in the direction of the tree bear’s voice that one shoots; it is at the bottom of a tree that one finds it.,"No matter how they might try, some people, because of their greatness, cannot conceal the fact of their presence.",part6.docx,,
YOR3272,Ohun tí ojú àgbà-á rí tó fi jìn; bí tọmọdé bá rí i á fọ́.,"That which the elder’s eyes saw and became sunken, if a youth’s eyes see it, they will go blind.",What an elder can easily endure will destroy a youth. ,part6.docx,,
YOR3273,Ohun tó ṣe àgùntàn tó fi kó òtútù; bó ṣe ewúrẹ́ á ṣe aláìsí.,"The condition that gave a sheep a cold, if it befell a goat, would result in its death.",Some people are more resilient than others. ,part6.docx,,
YOR3274,"Ohun tó ṣe àgbìgbò tó fi dẹ́kun ẹ́rín, bó ṣe igúnnugún a wankoko sórí ẹyin",The affliction that caused the àgbìgbò bird to stop laughing would have paralyzed the vulture while brooding on her eggs.,Some people are more resilient than others. ,part6.docx,,
YOR3275,Ohun tó ṣe igún tó fi pá lórí ló ṣe àkàlà tó fi di alákìísà.,The disaster that befell the vulture and made it bald is the same that befell the ground hornbill and reduced its covering to tatters.,Some are better able to withstand adversity than others. ,part6.docx,,
YOR3277,"Ohun tó ṣe ilá tó ṣe kó, bó bá ṣe ikàn á wẹ̀wù ẹjẹ̀; ohun tó ṣe olówó tó fi ńrojú, bó bá ṣe tálákà wọ́n á ti gbàgbé ẹ; ohun tó ṣe igún tó fi pá lórí, bó bá ṣe àgbò w n a ti yọ̀wo ẹ̀.","The disaster that befell okro and caused it to become wooden, if it had befallen ikàn, it would have taken on a hue of blood; the woe that befell the rich person and caused him or her to scowl, if it had befallen a poor person, he or she would have been long forgotten; the problem that came upon the vulture and made it bald, if it had come upon the ram, he would long ago have lost his horns.",The reverses that illustrious people can endure and weather will easily destroy people of little substance.,part6.docx,,
YOR3278,Ohùn-un kéjiró ò dé ọ̀run,The voice of the kéjiró bird does not rise to reach the sky.,A sentiment that a person’s voice carries no weight.,part6.docx,,
YOR3279,"Òjò ńrọ̀, ìwọ̀fà ńyọ̀; ojú olówó kan ó ju ìbó.","It is raining, and the pawned laborer is re joicing, but the look on the creditor’s face is as sour as can be.",Some people’s fortune is other people’s misfortune.,part6.docx,,
YOR3280,"Òjò òwúrọ̀ tí ḿbí olówó nínú: olówó gẹlẹtẹ, ìwọ̀fà gẹlẹtẹ.","The morning rain angers the creditor: the creditor lolls about, and his pawn lolls about.",It is an annoying situation that pre vents one from enjoying what is due one.,part6.docx,,
YOR3281,"Òjòjò ńṣe ìwọ̀fà wọ́n ní ó kó ìṣe ẹ̀ dé; bó bá ṣe ọmọ-ọ wọn, wọ-n a máa náwó, wọn a máa nára","An illness takes hold of the pawned ser vant, and they say he has resorted to his habitual tricks; if it were their own son, they would commit their money and their effort human nature [to healing him].",One is always indulgent toward one’s own children while having no patience with others’ children.,part6.docx,,
YOR3282,Ojú abẹ́rẹ̀ nípin; ibalùwẹ̀-ẹ́ gbòrò kò gba ọkọ̀.,The eye of a needle does not ooze matter; the bath place is broad but not enough for a boat.,Comparisons between two different things are valid only up to a point.,part6.docx,,
YOR3283,Òkèlè àkọ́bù tí ńre ọ̀gangan ìdí.,The first morsel of food sinks down to the base of the backbone.,"Said of a thing that makes an incomparable impression, just as the first morsel makes a powerful impression on a starving person.",part6.docx,,
YOR3284,Òkò ńlá ṣe aláǹgbá pìnṣín; ẹni tó juni lọ ní ńṣekú pani,A huge stone missile flattens the lizard; a person with more power will be the death of you.,Those who are in positions of power are likely to use their power to crush the less powerful.,part6.docx,,
YOR3285,Òkun lọba omi.,The ocean is the king of all waters.,A certain thing or person is without rivals.,part6.docx,,
YOR3286,"Ológìnní tó fẹ́ẹ́ ṣe bí ẹkùn, ó najú ni.",The cat that attempts to emulate the leopard merely fools itself.,One should know one’s limits.,part6.docx,,
YOR3287,Olóko lẹ̀gbọ́n alágbàro.,The owner of the farm is the master of the hired tiller.,The employee is subservient to the employer.,part6.docx,,
YOR3288,Olówó dénú ẹ̀gún kò roko; ìwọ̀fà-á tinú ẹ̀gún bẹ̀rẹ̀.,The rich man gets to the thorn patch and stops hoeing; the pawned servant starts his hoeing from the thorn patch.,The rich can afford to leave the worst assignments for those beholden to them.,part6.docx,,
YOR3289,Olówó fẹ́ẹ̀ sin odò; tálákà ńgbọn orí.,"The rich man wishes to sacrifice to the river, and the poor man shakes his head in refusal.","If one has no standing, one might as well keep one’s opinion to oneself.",part6.docx,,
YOR3290,"Olówó ìlú kan, tálákà ìlú mìíràn.",The rich man of one town is the pauper of another.,Everything is relative.,part6.docx,,
YOR3292,Olówó làgbà; olówó sọ̀rọ̀ ẹnu ẹ̀ ńyọná.,"The rich person is the eldest of all; the rich person speaks, and fire shoots out of his mouth.",No one compares with a rich per son; nothing is beyond a rich person.,part6.docx,,
YOR3293,Olówó lọ̀gá-a tálákà; Ọlọ́run lọ̀gá-a gbogbo-o wa.,The rich person is the master of the poor; God is the master of all.,"The rich may lord it over the poor, but even they must answer to God.",part6.docx,,
YOR3294,Olówó ńsọ̀rọ̀ ẹnu ẹ̀ ńdùn; òtòṣì ńsọ̀rọ̀ ẹnu ẹ̀ ńró ṣáka-ṣàka.,"The rich person speaks, and his mouth sounds sweet; the lazy person speaks, and his mouth sounds like unbearable noise.",The sound of a rich man’s voice is music to the ears; that of a poor person is merely grating noise.,part6.docx,,
YOR3295,Omi ni yó paná.,Water is the thing that will quench fire.,Each person has his particular nemesis.,part6.docx,,
YOR3296,Òní lẹ̀gbọ́n ọ̀la; ìrìwọ̀wọ̀ lẹ̀gbọ́n òjò.,Today precedes tomorrow in age; the drizzle precedes the rain in age.,"There is order in Nature, such that certain things always precede others, never the reverse.",part6.docx,,
YOR3297,"Oníyàwó ńgbéyàwó, Abídogun ńkó eèp",The groom is welcoming his new bride; Abí dogun is carrying sand.,Some suffer while others enjoy life.,part6.docx,,
YOR3298,Orí ajá lẹkùn ó fàbọ̀ sí.,It is to the matter of the dog that the leopard will finally turn.,"The weakling may tease the bully with impunity for a while, but the bully will find time for him in the end.",part6.docx,,
YOR3299,Orí ẹṣin ò ṣee fi wé tọ̀kẹ́rẹ́.,The horse’s head is not comparable to that On inequality of the squirrel.,Some people are more fortunate than others.,part6.docx,,
YOR3300,Orí lẹ̀gbọ́n ara.,The head is an elder sibling to the body.,Certain entities are unquestionably su perior to their associates.,part6.docx,,
YOR3301,Òrìṣà bí Ògún ò sí; ojú lásán ni gbogbo wọn ńyá,A god to rival Ògún does not exist; all the others are only being impudent.,"A certain person is without peer among humans, just as Ògún is without equal among the gods.",part6.docx,,
YOR3302,Òrìṣà ní ńṣọlà; ọba ní ńṣọlá.,It is for the gods to confer greatness; it is for the king to enjoy greatness.,The king’s greatness is at the behest of the gods.,part6.docx,,
YOR3303,Oró mú ju oró lọ; ọká gbé paramọ́lẹ̀ mì.,Some venoms are more deadly than others; the viper swallows the adder.,Some people or things are more formidable than others.,part6.docx,,
YOR3304,"Òrùlé fara wé ẹṣin; a gùn ún, kò lè rìn","A roof looks like a horse; one mounts it, but it cannot walk.",Things that may look similar will prove themselves quite different.,part6.docx,,
YOR3305,Oyin ò nífiwé nínú adùn.,There is nothing that compares with honey in sweetness. Ọ,Some things are simply in comparable.,part6.docx,,
YOR3306,Ọba kì í dọ̀bálẹ̀ fólórí abúlé.,The king does not prostrate before the head of a village.,The person of superior rank does not pay obeisance to a person in an inferior position.,part6.docx,,
YOR3307,"Ọba ò ní fìlà, adé ló ní.",The king has no hat; he has only crowns.,The king is not to be compared with ordi nary people.,part6.docx,,
YOR3308,Ọ̀bùn-ún ṣubú lọ́jà a fẹ̀rín si; bí afínjú ṣubú àá gbọ́ ariwo.,"The filthy person falls in the market, and we burst into laughter; if a fashionable person falls, there will be loud exclamations.",Few people care what misfortune befalls a lousy person; everybody cares about the welfare of a fashionable person.,part6.docx,,
YOR3309,Ọ̀gá ni ìgbò tí ńṣe sójà nínú ẹyẹ,"The ìgbò bird is a boss, a soldier among birds.",Said of a person whose notable deeds have earned him or her renown among the people.,part6.docx,,
YOR3310,Ọ̀gán ńṣe nǹkan díẹ̀.,The great one is showing off.,Said of a person doing impressive things to show his or her prowess.,part6.docx,,
YOR3311,Ọgọ́rùn-ún eṣinṣin ò dá màlúù dúró.,One hundred flies will not stop an elephant.,A multitude of little people will not prevent a great man from doing what he wishes.,part6.docx,,
YOR3312,"Ọ̀já kan ò dàbí já òróòro; òkè kan ò dàbí Òkèe Gbadi; Òkèe Gbadií sunwọ̀n sunwọ̀n, o fi ibi ṣóńṣó ṣe àrà; nà kan ò dàbí nà-a sàréè.",No sash compares with the red sash; no hill compares with Gbadi Hill; Gbadi Hill is so beautiful that it adorns itself with a tall peak; no path compares with the path to the grave.,Some things are incomparable in their quality. ,part6.docx,,
YOR3313,Ọ̀já kan ò dàbí já òróòro; òkè kan ò dàbí Òkèe Gbadi; ọmú kan ò dùn bí ọmú ìyá ẹni.,No sash compares with the red sash; no hill compares with Gbadi Hill; no breast milk is as delicious as one’s mother’s breast milk.,Certain things have no rivals in value. ,part6.docx,,
YOR3314,Ọká ojú nà tí ńlé guuru kó-kó-kó.,The pathway gaboon viper defiantly occu pies the whole path.,Said of a tough person who defies all would-be opponents.,part6.docx,,
YOR3315,Ọ̀kín ọba ẹyẹ; kín ẹlẹ́wà àlà.,"Egret, king of birds; egret whose beauty is in whiteness.",Praise for people of exemplary qualities.,part6.docx,,
YOR3316,Ọlọ́mkọṣíkàtà baba àgbàdo.,The corncob with irregular rows of grains on it is the father of all corn.,The unconventional person is a person to be reckoned with among people.,part6.docx,,
YOR3317,Ọlọ́run ò pín in dọ́gba; sajiméjọ̀ọ́ ju kòròfo.,God did not distribute things equally; the seargeant major is more important than the plain soldier.,God did not create people equal in importance.,part6.docx,,
YOR3319,Ọlọ̀tọ̀ kékeré là ńfọwọ́ tẹ̀ níkùn,It is an insignificant wealthy person whose stomach one pokes with one’s finger.,One can take liberties with people of sudden wealth,part6.docx,,
YOR3320,Ọmọ òtòṣì-í ṣubú lọ́jà a fẹ̀rín sí i; ọmọ olówó ṣubú ariwó ta: ‘‘Yéè! Pẹ̀lẹ́!  Pẹ̀lẹ́! Pẹ̀lẹ́!’’,"The child of a poor man falls in the market, and people burst into laughter; the child of  a rich man falls, and there is a huge outcry: ‘‘Great heavens! Easy does it! Easy does it! Easy does it!’’","If you are poor, you are on your own; if you are rich, the whole world is in your corner",part6.docx,,
YOR3321,Ọmọ ọlọ́rọ́ ní ńjẹ ẹyin awó.,It is the child of a wealthy person that eats guinea-fowl eggs.,Only the wealthy enjoy rare things.,part6.docx,,
YOR3322,"Ọ̀pọ̀lọ́ ò ga ju ara wọn lọ, àfi èyí tó bá gun ebè.","No one toad is taller than another, except one that climbs a heap.","Said of people who, despite the affectations of some of them, are indistinguishable in stature and worth.",part6.docx,,
YOR3323,"Ọ̀pọ̀lọ́ ò jẹ gbèsè ju ara wọn lọ; tìẹ okòó, tèmi okòó, tàwa okòó, t yin okòó, okokòó.","Toads are not in greater debt than one an other: yours 20 cowries, mine 20 cowries, ours 20 cowries, theirs 20 cowries, 20 cow ries all around.",None of us is better off than the others.,part6.docx,,
YOR3324,Ọ̀pọ̀lọ́ ò jẹ kí kọ̀-ǹ-kọ̀-ọ́ dún; ẹni tó júni kò jẹ kà sọ̀rọ̀.,The toad will not let the frog make a sound;  a mightier person prevents one from speak ing.,One often must hold one’s tongue for fear of mightier people.,part6.docx,,
YOR3325,"Ọ̀rán sàn ju ọ̀ràn; adẹ́tẹ̀-ẹ́ rí wèrè, ó kán lùgbó, ó ní Ng ò níí jẹkí kiní yìí bùmíjẹ ojàre","Some misfortunes are worse than others; the leper sees the mad person and dashes into the bush, saying, ‘‘I’ll be hanged if I will let that creature take a bite out of me!’’",Even the afflicted know that some people have even worse afflictions.,part6.docx,,
YOR3326,Ọ̀rán sàn ju ọ̀ràn; ti àpọ́n sàn díẹ̀ ju ti òkóbó.,Some problems are better than others; a bachelor’s plight is somewhat better than a eunuch’s.,Misfortunes come in different degrees of seriousness.,part6.docx,,
YOR3327,"Ọ̀wọ́nrín, baba Ifá",The Ọ̀wọ́nrín chapter is the father of Ifá.,Said of a thing or person preeminent among all others.,part6.docx,,
YOR3328,Pàtàkì orò ò ju ilé Àjànà,The greatest authority within the Orò cult is not to be sought beyond the Àjànà’s home.,Said of a person or thing that is not surpassed in importance. The following entry is a variant,part6.docx,,
YOR3329,Pé-ń-pé làṣá wà tó fi ńṣe ọkọ adìẹ.,"The kite is modest in size, and yet it is the terror of chickens. ",A person’s importance is not a matter of his or her size.,part6.docx,,
YOR3330,"Tijó tayọ̀ ní ńṣe ìdin; wùyẹ̀-wùyẹ̀ ní ńṣe ìgòǹgò; à ńjó, à ńyọ̀, ọmọ bọna-b ná ńre oko igi.","The maggot is addicted to dancing and re joicing; the worm is addicted to wriggling; we dance, we rejoice, and the wood-boring insect goes in search of wood.",The laboring poor person must keep working even while others are relaxing and rejoicing.,part6.docx,,
YOR3332,A kì í sùn sílé ẹni ká fọrùn ṣẹ́.,One does not sleep in one’s own home and break one’s neck.,A person does not get into trouble while minding his or her own business.,part6.docx,,
YOR3333,"Bí a kò bá kú lógún ọdún, baba ẹnìkan o lè gbéni sin.","If one does not die in twenty years, nobody’s father can bury one.","If one does not die, nobody can stop one from living.",part6.docx,,
YOR3334,"Bí ẹtu ò bá kú, ta ni yó fi awọ-ọ rẹ̀ tọ́ ọsán? Bí ẹ̀kìrì ò bá kú, ta ni yó fi awọ ọ rẹ̀ dá bàtà? Bí olórìṣà ò bá kú, ta ni yó gba ìbò-o rẹ̀ bò?","If the antelope does not die, who would make bowstrings of its hide? If the wild goat does not die, who would make shoes from its skin? If the priest does not die, who would usurp his casting of lots? ","As long as one lives, no one may alienate one’s rights",part6.docx,,
YOR3335,Ọmọ kì í pa ọmọ jayé,A child does not kill another child as a means to prosper.,"There are certain things that one simply may not do to other people, however great one might be.",part6.docx,,
YOR3336,A kì í kí ayaba kó dòyín; ẹ̀rẹ̀kẹ́ kọ́ lòkó wà.,One does not greet a queen and thereby impregnate her; the cheek is not the place where the penis is located.,Innocent actions should not get one in trouble.,part6.docx,,
YOR3337,A kì í torí-i gbígbó pa ajá; a kì í toríi kíkàn pa àgbò; a kì í torí-i wérewère pa òbúkọ.,One does not kill a dog for barking; one does not kill a ram for butting; one does not kill a he-goat because of randiness.,Do not punish people for doing what they cannot help doing.,part6.docx,,
YOR3338,"Aṣọ tí a bá lára eégún, ti eégún ni.",Whatever costume one finds on the mas querader belongs to him. ,No one can or should begrudge a person what rightfully belongs to him or her.,part6.docx,,
YOR3339,"Ekòló ḿmì gbàgọ̀, inú ḿbí adìẹ sùú-sùú.","The worm crawls nonchalantly, and the chicken is consumed with anger.",One’s ene mies are never pleased by one’s prosperity.,part6.docx,,
YOR3340,Ẹnu kì í rírí kí ẹlẹ́nu má lè fi jẹun.,The mouth is never so filthy that its owner cannot eat with it.,A person is always com fortable with his or her own bad habits and shortcomings. See the following variant.,part6.docx,,
YOR3341,"Ẹnu kò súnwọ̀n, ẹlẹnu pọ́n-ọn lá.",The mouth is not appealing; the owner licks it. G,One is not put off by one’s own blemish. See the foregoing entry.,part6.docx,,
YOR3342,Gegele ló bí gegele; kòtò ló bí kòtò; òjò-ó r sí kòtò gegele ḿbínú.,"The mound was sired by a mound; the pit was sired by a pit; rain falls into a pit, and the mound becomes angry.",Each person is different; one should not envy what others have.,part6.docx,,
YOR3343,"Ìbáà ṣorí pàlàbà kó ṣorí pàbó, tẹni ní ńjẹ́ tẹni.","Be his or her head oversized or deformed, one’s own thing is one’s own.","One treasures what one has, however defective it might be.",part6.docx,,
YOR3344,Ilé ẹni la ti ńjẹ òkété onídodo.,It is within one’s home that one eats a field rat with a tumor. K,One may do what one pleases in the fastness of one’s home.,part6.docx,,
YOR3345,Kán-ún ni ọmọ Hausa; asárá ni ọmọ òyìnbó; gọ̀bm̀bọ́ lọmọ Onírè,Potash seasoning is the fetish of the Hausa; snuff is the fetish of the white man; facial marks are the fetish of the Ìrè person.,Dif ferent peoples have their different habits.,part6.docx,,
YOR3346,"Kí Lámọnrín ṣe bí ẹni, ìjà ní ńdà.",Demanding that such and such a person emulate one exactly leads to a fight.,One should not expect others to be just like oneself.,part6.docx,,
YOR3347,Kò-jí-kò-wí kò wí pé kí olóhun má lọ ohun ẹ̀.,He-did-not-steal-and-he-will-not-tell can not tell the person not to broadcast his or her stolen thing,One must not be impatient with people agitated by some loss they have sustained.,part6.docx,,
YOR3348,"‘‘Ò báà rí, o ò gbọd wí’’ ní ńpa akọni. ‘‘",Even though you see it you must not make a sound’’ is what kills the intrepid man.,Vain people go to their death even when judiciously calling for help in the face of danger would have saved them.,part6.docx,,
YOR3349,"Odò kì í kọ ìwẹ̀, kó kọ ìtù, kó tún kọ à-padà-relé","A river does not prevent one from swim ming across it, prevent one from rowing across it, and yet prevent one from returning home.","If a goal proves unattainable, one can always let go of it.",part6.docx,,
YOR3350,Ohun tó wu bùn ló ńfowó rà; bí ẹrú bá tagi tán a fowó bu iṣu jẹ.,"Whatever pleases the bumpkin is what he spends his money on; when the slave sells his load of firewood, he uses the money to buy yams to eat.",What one spends one’s money on is what one pleases to spend it on. Compare the following variant.,part6.docx,,
YOR3351,Ohun tó wu bùn ló ńfowó rà; ohun tó wu afínjú ló ńfowó ẹ̀ ṣe.,The bumpkin spends his money on what ever he pleases; the fop likewise spends his money on whatever he pleases.,One does what one pleases with one’s possessions. Compare the preceding proverb.,part6.docx,,
YOR3352,Oko ni tàgbẹ̀; gègé ni talákọ̀wé.,To the farmer belongs the farm; to the book ish person belongs the pen. On freedom to be oneself 425,Each person or profession has its proper preserves.,part6.docx,,
YOR3353,"Onímàle Ìbàdàn, bí oníṢàngó Ìlọrin.",The Muslim from Ibadan is like a Ṣango worshiper from Ìlorin. ,Different people practice their religion differently.,part6.docx,,
YOR3354,Ọbá lè ṣòfin olè kí adìẹ má jẹ̀ lóṣùpá?,Can the king interdict stealing and thus stop a chicken from scratching for food in the moonlight?,No law or authority has the right to stop people from conducting their normal lives.,part6.docx,,
YOR3355,"Ọbá tàkìtì ọ̀bọ ò ró, ìnàkí ṣe ‘‘Ha!’’ ní igọ̀ igi; ọ̀bọ́ ní, ‘‘A kì í bánijà ti n kan ẹni.’’","The monkey somersaulted and failed to land erect, and the gorilla resting among the roots of a large tree exclaimed, ‘‘Ha!’’ The monkey responded, ‘‘Nobody has a right to fault one over how one performs one’s sig nature stunt.’’",One is free to do one’s thing as one wishes.,part6.docx,,
YOR3356,Ọká bímọ-ọ rẹ̀ ó mọ rébété; òjòlá bí tirẹ̀ ó gùn gbàlàjà.,"The gaboon viper has its child, and it is of moderate length; the python has its child, and it is very long indeed.",Children take after their parents.,part6.docx,,
YOR3357,Ọká ló bí paramọ́lẹ̀; ìkà ló bí ìkà sílẹ̀; ẹni tó bíni là ńjọ.,The gaboon viper sired the serpent; the wicked person is born of a wicked person; one takes after one’s parent.,Wickedness is an inherited trait.,part6.docx,,
YOR3358,"Ọ̀mùtí ò ṣe wèrè, owó ẹ̀ ní ńná.",The drunkard is not an imbecile; it is his money he is spending. 426 rights and responsibilities,The drunk has a right to spend his money as he pleases. The following entry is a variant.,part6.docx,,
YOR3359,Ọ̀mùtí ò yan àpà; owó ní ńná.,The drunkard is no spendthrift; he is spend ing his own money.,One may do as one pleases with one’s property. See the previous entry.,part6.docx,,
YOR3360,Ọ̀nà kan ò wọ ọjà.,It is not one road only that leads to the market. S,There are many different ways to approach a problem.,part6.docx,,
YOR3361,Sèsé ò lè so bí ẹ̀wà.,The yam bean cannot produce fruits like the black-eyed peas. Ṣ,One can only act accord ing to one’s nature.,part6.docx,,
YOR3362,‘‘Ṣe é báyìí’’ ní ńk aya lọ́bùn. ‘‘,Do it this way’’ is the one who teaches filthy habits to his wife.,Do not impose your own instructions on people who know better than you do what they are doing.,part6.docx,,
YOR3363,Ṣòkòtò òyìnbó ò lókùn; apá ni wọ́n fi ńkọ́.,The white man’s trousers have no strings; they are suspended from the shoulders.,"Different people, different fashions.",part6.docx,,
YOR3364,Ta ní ḿbá adéléb ṣe ẹj oyún?,Who would take a married woman to task for being pregnant?,One should not fault people for doing what is expected of them.,part6.docx,,
YOR3365,"‘‘Tèmí yémi,’’ tí ńfi inú iṣu ẹ̀ gbin ọkà",‘I know what I am doing’’ plants corn among his yams.,Said of a person who thinks he knows it all but who will learn only from the consequences of his folly.,part6.docx,,
YOR3366,Tèfètèfèé yọ owó ọjà.,Permanent loss patronized the merchant. ,All one’s labor has gone for nought.,part6.docx,,
YOR3367,Wàrà ní ḿmú ọmọ Fúlàní dàgbà; iyán ní ḿmú ọmọ oko sanra.,It is cottage cheese that nurtures the Fulbe child to adulthood; it is pounded yams that make the farm dweller fat.,Different people depend on different things for nurturing.,part6.docx,,
YOR3368,"Wọnsàn-wọnsàn ò mú ehín gbórín; bí kò jù síkí, a ó máa fi rún àgbàdo.","Loud chewing does not increase the size of one’s teeth; if one’s teeth are short, one can at least chew corn with them.","One does not need to prove that one is great; no matter how lowly one might be, there is much one can accomplish.",part6.docx,,
YOR3369,A kì í fi àìlẹ́pà n di ẹrù asòpá.,One does not become afflicted with ele phantiasis of the scrotum despite having no testicles.,One cannot be deprived of an amenity and yet be subjected to the cares of enjoying it. Compare 4521.,part6.docx,,
YOR3370,"A kì í kó owó ra ẹṣin, ká kówó ra yàgòlọ́nà.",One does not spend one’s money purchasing a horse and then spend more money purchasing ‘‘Get out of the way.’’,"Once one has done one’s part, one is entitled to expect others to do theirs.",part6.docx,,
YOR3371,Àáyá ò g bíi ká fà á nírù.,The colobus monkey is not so stupid as to permit its tail to be pulled.,Even the most foolish people are wise to certain things.,part6.docx,,
YOR3372,"Àjànàkú fojú ọwọ ọ̀bọ,ò tọrọ jẹ.","The elephant looks at the monkey with the eyes of disdain, but the monkey does not beg food to eat.","Each person has his or her worth; even the lowly monkey has its dignity, since it is not beholden to the elephant",part6.docx,,
YOR3374,"Bí a kò fi ẹni nílùú, a kì í tó abẹ́rẹ́.","If one is not wanted in a town, one is worth less than a needle.",An unwanted person enjoys no regard.,part6.docx,,
YOR3375,Bí ikú yó pani á gb tẹnu ẹni; òpìtàn ní ńfi ìtàn gba ara-a r kalẹ̀.,"If death will kill one, it should listen to what one has to say; he who tells tales may by that means deliver himself.",One should not im pose punishment before hearing from the offender.,part6.docx,,
YOR3377,Eégún ni baba l run; Pààká ni baba nígbàlẹ̀.,The masquerader is the father figure in heaven; Pààká is the father figure in the masquerader’s secret grove.,There is no disputing the preeminence of a person among his or her peers.,part6.docx,,
YOR3378,"Ejò-ó kéré kò kéré, kò ṣéé dì ní ìgbànú.","However small a snake may be, it cannot be used as a belt. Ẹ","However mean or weak a person may be, there is a limit to what one can do to him or her.",part6.docx,,
YOR3379,Ẹni tí a tìràn mò lè dákán; ẹni tí a pè lólè ò lè fojú rere wóni,A person one has falsely accused will not remain quiet; a person one has called a thief will not look kindly on one.,One who causes others injury should not expect them to be indifferent.,part6.docx,,
YOR3380,Ẹni tí kò kú yó họra,A person who is not dead will be able to scratch where he itches.,"So long as one has life, one can act in one’s own interest.",part6.docx,,
YOR3381,Ẹrú kì í ṣe ọmọ igi; èèyàn ló bí ìyá-a rẹ̀. ,A slave is not born of a tree; his or her mother was the offspring of a human being.,Even a slave deserves the consideration due every human being; misfortune does not rob people of their humanity.,part6.docx,,
YOR3382,Ẹrú ṣe ọmọ nílé ìyá-a rẹ̀ rí,A slave was once a freeborn person in his or her mother’s house.,A person who is down on his or her luck was once in better circumstances; people’s circumstances do change.,part6.docx,,
YOR3383,Ilé ahun là ńpa ahun sí.,It is inside the tortoise’s own house that one kills it.,"One should make a stand in defense of one’s rights and property, even to the death.",part6.docx,,
YOR3384,"Ilé là ḿbá onímọ́tò gbé; oní-báísíkùlù, má tẹ̀ wá mọ́lẹ̀ pa.","One is able to share a home with the owner of a motor vehicle; owner of a bicycle, do not crush us to death.","People with little advantages should not throw their weight around, especially when truly great people are considerate of others. Compare the next entry.",part6.docx,,
YOR3385,"Ìlú là ḿbá ọba gbé, kí ìjòyè má t wá mọ́lẹ̀ pa.",One is able to live in the same town with the king; the chief should not stomp us to death.,The minor official should not impose on people more than the important officials do. ,part6.docx,,
YOR3386,Kì í burú fún èèyàn ká lọ fi ajá wa,A person is never so down on his or her luck that one sends a dog to seek him or her out.,"A person, however disgraced, still deserves to be treated like a human being.",part6.docx,,
YOR3387,"Kíkéré labẹ́rẹ́ kéré, kì í ṣe mímì adìẹ.","A needle may be small, but that does not make it something a chicken can swallow. On the right to human dignity 429 M",One should not underestimate people simply because they seem unimpressive.,part6.docx,,
YOR3388,Má fi òdù fọ́ mi ní àdó; má fi ẹṣin t mí lágùntàn pa.,Do not break my tiny gourdlet with your large pot; do not use your horse to trample my sheep to death. O,"Do not take advantage of me, even though you are wealthier and more powerful than I.",part6.docx,,
YOR3389,Ó di hìn ìgbín ká tó fìkaraun ẹ̀ họ igbá.,Not until the demise of the snail can one use its shell to scoop out the inside of a calabash.,"As long as one is still around, one does not permit one’s interests to be assaulted without making a scene. Compare 4348.",part6.docx,,
YOR3390,Ojú ẹrú ò gbé ìpàkọ́; a-bojú-níwájú bí ọmọ.,The slave’s eyes are not at the back of his head; his eyes are in front just like a free born child’s.,A slave is just as human as the freeborn child.,part6.docx,,
YOR3391,Ojú kì í pọ́n òkú kó má nas tọ́tọ́,A corpse is never so benighted that it can not stretch its legs.,"Even in the worst of circumstances, one can still count some blessings.",part6.docx,,
YOR3392,Ojú kì í pọ́nni ká má nìí aṣọ kan.,One is never so poor that one does not own one single item of clothing.,Suffering is never absolute.,part6.docx,,
YOR3393,Olówó ẹni kì í rorò kó ní ká má ṣu.,One’s master cannot be so tyrannical that he orders one not to shit. 430 rights and responsibilities,Even servants have some rights.,part6.docx,,
YOR3394,"Owó tí kò sí, ọba ò lè gbà á.","Money that does not exist, no king can take from you.",One cannot be at risk for what one does not own.,part6.docx,,
YOR3395,Ọba kì í kọ obìnrin síl kí tálákà lọ gbé e sílé,"A king does not divorce a woman, only for her to be married then by a pauper.",A dis graced person is not necessarily without some residual dignity and standing.,part6.docx,,
YOR3396,Pàṣípààrọ̀ obìnrin ò ṣeé ṣe.,One cannot take a woman back for an ex change.,Wives are not like commodities purchased at the market.,part6.docx,,
YOR3397,Pátá-pátá k nìjàpá ò níru.,It is not completely that a tortoise lacks a tail.,A poor person is not absolutely bereft of means.,part6.docx,,
YOR3398,Tolè tolè ni mẹ̀kúnnùú fi ńrìn lójú olówó.,Ever with a propensity to steal is the appear ance of a simple person’s movement in the eyes of the wealthy. W,The well-off are ever suspicious that the worse-off are after their wealth.,part6.docx,,
YOR3399,"Wọ́n so ajá mọ́lẹ̀, wọ́n so ẹkùn mọ́lẹ̀, wọ́n fìrù ẹkùn lé ajá lọ́wọ́",They tied down the dog; they tied down the leopard; and then they delivered the leop ard’s tail into the dog’s paws. On the right to human dignity 431 On the right to one’s patrimony and to property A,One’s enemies have conspired to make one vulnerable to people who otherwise would not have dared to confront one.,part6.docx,,
YOR3400,"A kì í bá eku du igbó, a kì í ba ẹfọ̀n du ọ̀dàn, a kì í bá Olúkóre du ipò-o baba-a rẹ̀",One does not dispute the bush with the rodent; one does not dispute the grassland with the buffalo; one does not dispute Olúkóre’s patrimony with him.,One should not seek to deny people their God-given rights.,part6.docx,,
YOR3401,A kì í gbé ọmọ Ọbà fún Ọ́ṣun,One does not give the child of the Ọbà river to the ṣun river.,Do not rob Peter to pay Paul.,part6.docx,,
YOR3402,A kì í lé ẹlènu rírùn níbi àmù ìyá ẹ̀.,One does not chase a smelly-mouthed person away from his or her mother’s water pot.,Even problem people have their rights.,part6.docx,,
YOR3403,A kì í pa igún jẹ ká sòrò; kì í ṣe ẹyẹ baba ẹnìkan.,One does not kill a vulture for food and deny doing so; it is not a bird that belongs to anybody’s father.,Never be afraid to own up to taking advantage of something or someone nobody favors.,part6.docx,,
YOR3404,A kì í ṣúpó alààyè.,One does not inherit the wife of a living man.,Do not attempt to wrest property or a right from its owner while the owner is still around.,part6.docx,,
YOR3405,"A sebẹ̀ fún Fádípẹ̀, Fájẹbẹ̀-ẹ́ fá a lá; ọlọ́bẹ̀ ló lábẹ̀.","We prepared stew for Fádípẹ̀, and Fájẹbẹ̀ ate it; the person who deserved the stew got it.","If the legitimate owner snatches an article from the illegitimate owner, no crime has been committed",part6.docx,,
YOR3406,Àkọ́bí ni ti ẹlẹ́ran,The firstborn belongs to the owner of the animal,To the owner of an object belongs the largest right to it. This is a variant of the preceding entry.,part6.docx,,
YOR3407,"Aṣọ tá a bá rí lára igún, ti igún ni.",Whatever cloth one finds on the vulture be longs to it.,"The vulture may lack feathers, but it does not borrow from other birds.",part6.docx,,
YOR3408,"Aya ọ̀lẹ là ńgbà, a kì í gbọmọ ọ̀lẹ.",It is a lazy person’s wife that one may take; one may not take a lazy person’s child. ,Even the lazy person has some rights. ,part6.docx,,
YOR3409,"Bí oògùn ò bá jẹ́, owó á jísẹ́.","If the medicine does not work, the money expended on it must explain why.",One has a right to the service one has paid for or an explanation for the withholding of it.,part6.docx,,
YOR3410,Eégún mọ̀ọ́ jó kò mọ̀ọ́ jó; yó gba owó ọjà-a rẹ̀.,"Whether the masquerader knows how to dance or does not, he will receive his market fee.",People in authority will receive their reward whether they perform well or ill.,part6.docx,,
YOR3411,Èèyàn lásán ò ní gọ̀bì; olówó ò ní ìlàrí.,An ordinary person does not have a throne room; a wealthy man does not have royal courtiers.,Each position has its proper privileges.,part6.docx,,
YOR3412,Èkúté ilé ó lènu bá alákàá wíjọ́.,The house mouse has no mouth to dispute a case with the owner of the granary.,A known culprit cannot successfully plead innocence.,part6.docx,,
YOR3413,Ẹja ló nibú.,To the fish belongs the deep.,People should not be begrudged what is rightfully theirs.,part6.docx,,
YOR3414,Èlenu là ḿbi ká tó gbá a.,It is from the owner of the mouth that one asks leave before one slaps it.,One should not take liberties with a thing without the permission of its owner.,part6.docx,,
YOR3415,Ẹni tó gba nà ẹ̀bùrú wá ta ojì: wọ́n ní a kì í gba nà ẹ̀bùrú wá ta ojì; ó ní ṣé a lè gba ọ̀nà ojúlé? Wọ́n ní bẹ́ẹ̀ ni. ,"A man who came on the sly to confront his cuckolder was told one does not confront one’s cuckolder on the sly; he asked if one could do so frontally and was told, yes. F","If one’s cause is just, one should press it boldly and openly.",part6.docx,,
YOR3416,Fúlàní ló ni pàpá-a daran-daran.,To the Fulbe man belongs the cattle-herding staff.,The objects people favor are good indicators of their occupations.,part6.docx,,
YOR3418,Ìṣe kí mú ọkọ mú aya kó má ran ọmọ.,Suffering does not grip the husband and grip the wife but spare the child.,The dependent cannot escape the hardship that befalls his or her benefactors.,part6.docx,,
YOR3419,"Ìwọ̀fà àjọyá, orí ẹ̀ ní ńkún",A person pawned to several creditors is the one whose hair overgrows.,Everybody’s responsibility is nobody’s responsibility.,part6.docx,,
YOR3420,"Ìyàwó ọ̀lẹ là ńgbà, a kì í gba ọmọ ọ̀lẹ.","The shiftless man’s wife one may take from him, but one may not take his children. ",Everybody has some inalienable rights. ,part6.docx,,
YOR3421,"Kàkà kí eku má jẹ sèsé, a fi ṣe à-wà dànù.","Rather than leave the yam beans uneaten, the rat will scatter them.","If one cannot have access to one’s property, one would rather destroy it than permit others to have access.",part6.docx,,
YOR3422,Kò sí ohun tí Alágbaà ò l ṣe nígbàlẹ̀ eégún,There is nothing the Alágbaà cannot do in the eégun grove.,The person invested with absolute authority can do as he or she wishes.,part6.docx,,
YOR3423,Ohun tó wu olówó ní ńfi owó rà.,It is whatever the wealthy person wishes that he or she does with his or her money.,One can do as one wishes with one’s property.,part6.docx,,
YOR3424,Ojú kì í pọ́n ààfáà kó má nìí tẹ̀sùbáà kan ṣoṣo.,Muslim priest is never so hard up that he does not have a solitary string of telling beads [prayer beads].,"Whatever condition one may be in, one will always have something to fall back on.",part6.docx,,
YOR3425,"Oko ti ikún, ilẹ̀ ti ẹ̀pà; a kì í bá àlùkẹrẹsẹ du ilé-e baba-a rẹ̀",The farm is the domain of the squirrel; the ground is the domain of the groundnut; one does not dispute its father’s house with the plant àlùkẹrẹsẹ.,Each person has the right to enjoy his or her patrimony in peace.,part6.docx,,
YOR3426,"Olórùká gbòrùka, ọwọ́ àwé dòfo.",The owner of the ring has taken back his ring; the fingers of the friend are now empty.,"When the owner takes his property back, the flaunting of it by the borrower comes to an end.",part6.docx,,
YOR3427,Olówó ṣe bí tòun là ńná.,The rich person thinks it is his money other people are spending.,The rich would be grudge others any money of their own.,part6.docx,,
YOR3429,Olówó ṣe bí tòun là ńwí; òtòṣì ò jẹ iyanrìn.,"The rich person believes that it is he every body thinks and talks about, [but] the poor person does not eat sand.","There are other people in the world besides the rich, even if the rich do not think so.",part6.docx,,
YOR3430,Òṣùpá ò mòde òtòṣì; bó bá délé ọlọ́rọ̀ á dé tèmi.,"The moon does not know which yard be longs to a poor man; if it reaches a wealthy man’s abode, it will reach mine also.","With regard to Nature, all people are equal.",part6.docx,,
YOR3431,Oye tó bá wuni là ńta Ifá ẹni pa,Whatever amount one pleases is what one demands for one’s Ifá paraphernalia.,One is at liberty to do as one pleases with what one owns.,part6.docx,,
YOR3432,Ọmọ àjànàkú kì í ya aràrá; ọmọ erín bí erin ní ńjọ.,An elephant’s baby will not turn out to be dwarfish; the baby sired by an elephant resembles nothing but an elephant.,People take after their parents.,part6.docx,,
YOR3433,Ọmọ alápatà-á jogún bẹ.,The son of the butcher inherits a knife.,One takes after one’s parent’s trade.,part6.docx,,
YOR3434,Ọmọ erin-ín jogún ọlá.,An elephant’s child inherits greatness.,One takes after one’s parents.,part6.docx,,
YOR3435,Ọmọ ẹni ì ba jọni à bá yọ̀; ọmọ tí Gàm̀- bàrí bí okùn ni yó ran.,"Were one’s child to resemble one, one would rejoice; the child of a Hausa man takes up the rope-weaving trade.",One always hopes that one’s offspring will take after one.,part6.docx,,
YOR3436,Ọmọ lẹ ní ńlágbára; ọmọ alágbára ní ńlẹ.,The child of a lazy person is usually strong; the child of a strong person is usually lazy.,Children often turn out as opposites to their parents.,part6.docx,,
YOR3437,"Ọmọ tí a jí adìẹ bí, yó jìí adìẹ ju ìyá ẹ̀ lo.",A child born while the mother is a habitual chicken stealer will steal chickens even more compulsively than its mother.,Children take after their parents. ,part6.docx,,
YOR3438,"Ọmọ tí a pọ̀n lọ yọ ọ̀mùnù-un koóko, yó yọ ọ̀mùnù-un koóko ju ìyá ẹ̀ lọ.",The child carried on the mother’s back while the mother plucks young grass proposes to pluck more young grass than its mother.,This is a slam at anyone who presumes to do better than those who enable him or her to do anything at all. See the previous entry for comparison.,part6.docx,,
YOR3439,"Ọmọ tí àgbẹ̀-ẹ́ bí, oko ni yó ro; ọmọ tí Gàm̀bàrí bí, okùn ni yó ran.",The child sired by a farmer will engage in farming; the child sired by a Hausa man will engage in rope weaving.,People usually take up their lineage profession,part6.docx,,
YOR3440,Ọmọ tí ẹjá bí ẹja ní ńjọ; ọmọ tí ẹkùn ún bí ẹkùn ni yó yà; ọmọ tí Fúlàní bí okùn ni yó ran.,The child spawned by a fish resembles a fish; the child sired by a leopard resembles a leopard; the child born to a Fulbe per son will weave ropes.,One takes after one’s parents. ,part6.docx,,
YOR3441,Ọ̀tá elésùúsú yó kòó tiẹ̀.,The enemy of the person in charge of the saving scheme will collect when his or her turn arrives.,People’s rights do not depend on whether one likes them or not.,part6.docx,,
YOR3442,Ṣòkòtò ní ńjogún ìdí; ọmọ ní ńjogún-un baba.,To the trousers belong the heritage of the buttocks; to the child belongs the patrimony of the father. 436 rights and responsibilities T,"Children survive and inherit from their father, just as the trousers survive and inherit from the buttocks.",part6.docx,,
YOR3443,Ta ní mbá adẹ́tẹ̀ du ońjẹ jẹ.,Who would scramble for food in the same plate with a leper?,People are unlikely to expose themselves voluntarily to abominations.,part6.docx,,
YOR3444,Ta ní ḿbá kọ̀-ǹ-kọ̀ṣọ̀ du èlùbọ́ kù?,Who would dispute with the sieve the func tion of sifting yam flour?,No one can or should deprive people of what is rightfully theirs.,part6.docx,,
YOR3445,Ta ní ḿbá yímí-yímí du ìyípo?,Who would ever wish to take over the dung beetle’s habit of rolling dung?,There are certain things one should have no aspiration whatsoever of achieving.,part6.docx,,
YOR3446,"Tẹni ntẹni, ààtàn ló làkísà.",One’s property belongs to one; to the dung heap belongs the rag. On subservience to authority ,No one should be grudge a person what is rightfully his or hers.,part6.docx,,
YOR3447,A kì í gbèjà èèwọ̀; èèwọ̀ ní yó gbèjà ara ẹ̀.,One does not fight on behalf of a taboo; the taboo will fight its own fight.,It is unnecessary to try to keep people from committing crimes; the system will seek out offenders.,part6.docx,,
YOR3448,Ayé lòyìnbó ńjẹ kú.,Lifelong luxury is the lot of the white man.,The white man enjoys nothing but the best all his life long.,part6.docx,,
YOR3449,"Ẹni tó bá bú ọba lẹ́hin, tó dójú ọba tó sé, ẹ̀rù ọba ló ba.",The person who insults the king in the king’s absence and denies doing so in the king’s presence shows his fear of the king.,"People’s behavior in one’s presence counts more than their behavior in one’s absence, at least as an index of their fear. Compare 1378 and 1379.",part6.docx,,
YOR3450,"Ẹni tó gba ọtí fún eégún, òun náà ní ńgba obì fún ọ̀gbẹ̀rì",The person whose office is to bring wine to the masquerader is the same who will bring kola nuts to the novices.,The servant cannot choose whom he or she will serve and whom he or she will not.,part6.docx,,
YOR3451,"Ẹni tó ránni níṣẹlà ṣe, a kì í b ẹni tí a ó jẹ fún.",One fears the person who sent one with a message; one does not fear the person to whom one will deliver it.,"The messenger need not fear the recipient of his or her message, since he or she is not responsible for its content; one’s duty is to one’s mas ter, not to those one serves on his or her behalf.",part6.docx,,
YOR3452,Ibi tó wu ẹ̀fúùfù lẹ̀lẹ̀ ní ńdarí ìgbẹ́ sí; ibi tó wu olówó ẹni ní ńranni lọ.,The stiff breeze bends the bush in whichever direction it pleases; the person in control may send one wherever he or she wishes. ,A person under authority has no choice but to obey the orders of the powers over him or her.,part6.docx,,
YOR3453,Ọba ló nilẹ̀.,The king is the owner of the land.,There is no higher authority on earth than the king.,part6.docx,,
YOR3454,Ọba ní ńgba owó ibodè.,It is the king who receives customs dues.,The wealth of the community belongs to the king.,part6.docx,,
YOR3455,Ọba ní ńjẹ ọrọ̀.,It is the king who enjoys all prosperity. 438 rights and responsibilities,It is the king’s lot to prosper.,part6.docx,,
YOR3456,Ọba tó ni apá tún ló ni apá òsì.,The king who owns the area to the right also owns the area to the left. On just deserts A,The lord of all has authority over all.,part6.docx,,
YOR3457,A kì í sinni ká má nìí àpèjúwe.,One does not escort a traveler and lack a description.,The helper must be acknowl edged and rewarded.,part6.docx,,
YOR3458,"Ààbà ò ṣéé kàn mọ́ ẹni lọjẹ, àfi ẹni tí ńṣe búburú.","Stakes are not meant for people’s legs, only for the legs of evildoers.",One who has not committed an offense does not deserve punishment.,part6.docx,,
YOR3459,Agídí páálí òun ìyọnu; akùrẹtẹ̀ òun ìyà.,Unalloyed obstinacy with its attendant troubles; lowly birth with its attendant suf fering.,Each condition imposes its woes.,part6.docx,,
YOR3460,A-gúnyán-sanyán kì í bẹ̀rù òkèlè.,He-who-will-pound-yam-to-repay pounded-yam is not bashful about morsels.,One can be as free as one chooses with a loan one will repay.,part6.docx,,
YOR3461,"Àgbà tí kò bá dáwó, omitooro ọbẹ̀ ni yó jẹ.",An elder who does not contribute money will eat the watery remnants of the stew.,Nothing goes for nothing.,part6.docx,,
YOR3462,Àgbà tí kò mú iṣu wá sábà ó ní jẹ iyán alẹ́.,An elder who does not bring yams to the hut will not eat pounded yams at supper time.,One may not reap where one has not sown.,part6.docx,,
YOR3463,Agbèfọ́ba kì í j bi fún un.,The king’s spokesman does not bear the king’s guilt.,The servant is not liable for the master’s misdeeds.,part6.docx,,
YOR3464,Ajá kì í kọsẹ̀ ibi sí ààtàn; bí kò bá tútù a bá gbígbẹ,A dog never encounters an ill omen,"like stubbing its toe) on its way to the dung heap; if it does not find fresh dung there, it will find dry. ( Whatever the circumstance, one cannot be left entirely without some asset.",part6.docx,,
YOR3465,"Ajá tó lọ sílé ẹkùn tó bọ̀, ká kí i kú ewu",A dog that goes to a leopard’s home and returns: one should congratulate it on sur viving the ordeal.,One should acknowledge and praise unusual feats.,part6.docx,,
YOR3466,A-jí-ṣeṣe-ló-ṣe-d dín ńjẹun ju a-jí-gbọn enini.,He-who-wakes-in-the-morning-and-works on-the-porch usually eats more than He-who-wakes-in-the-morning-and-brushes-against-morning-dew.,Those who have it easier often also receive the larger rewards.,part6.docx,,
YOR3468,Akátá jẹyìn ó ṣu ihá; ohun a bá jẹ là ńṣu.,The civet cat ate palm fruits and excreted palm-fruit pericarp; one excretes what one eats.,One should not be surprised at the logical consequences of one’s actions.,part6.docx,,
YOR3469,Akéde ò jẹ iyán gbígbóná.,The town crier does not eat steaming pounded yam.,Every obligation has its toll.,part6.docx,,
YOR3470,Akẹ̀sán lòpin Ọ̀yọ́; ilé ọkọ nibìsinmi obìnrin,Akẹ̀sán is the frontier of Ọ̀yọ́; a spouse’s home is a woman’s place of rest.,"Just as Akẹsan is yọ’s city limit, so a spouse’s home is a woman’s final destination.",part6.docx,,
YOR3471,Aláàárù tí ńjẹran ńjẹ awọ orí-i rẹ̀. ,A hired carrier who eats meat eats skin off his skull. ,The laborer eats of his sweat; the laborer with a luxurious taste pays for it with his sweat.,part6.docx,,
YOR3472,Alákatam̀pò-ó bojú wòkè.,The user of a crossbow casts his eyes upward.,One’s trade imposes certain behaviors.,part6.docx,,
YOR3473,"Alápatà tí ńjẹran, ẹran orí-i r ló ńjẹ.",The butcher who eats meat eats the skin off his skull.,One eats of one’s labor.,part6.docx,,
YOR3474,Àpáàdì-í bá wọn dín àgbàdo kò rí rún; ọkọ́ tó bá wọn ṣá oko-ó sùn lébi.,The potsherd makes itself available for pop ping corn but gets no share of it; the hoe that helped to clear the farm sleeps in hun ger. 440 rights and responsibilities,The fate of some is to work so that others might thrive.,part6.docx,,
YOR3475,À-pa-ì-délé ò jìká mọ̀ pé ológbò ńṣọdẹ.,Failure to bring home its kill denies the cat recognition as a hunter.,Secret accomplish ments are like no accomplishments at all. ,part6.docx,,
YOR3476,Baálẹ̀ Ìròkò-ó yan tiẹ̀ tẹ́lẹ̀; ó ní bí ẹ rọ́kùnrin ẹ ṣá a; bí ẹ róbìnrin ẹ ṣá a,"The chief of Ìròkò made his pronouncement beforehand; he said, ‘‘If you come upon a man, slash him, and if you come upon a woman, slash her.’’","The law does not distinguish between man and woman, or between one offender and another.",part6.docx,,
YOR3477,"Bí a bá bu omi sórí, ó ńwá ẹsẹ̀ bọ̀.","If one pours water on one’s head, it comes looking for the legs.",Actions have their inevitable consequences; matters will not be resolved until they have reached their conclusions.,part6.docx,,
YOR3478,"Bí a bá pẹja tán, lébé ẹja la fi ńhá ẹja lẹ́nu.","After killing a fish, one stuffs its tail fin into its mouth.",An offender furnishes the means of his or her own punishment.,part6.docx,,
YOR3479,"Bí a ó lọ nílùú, a ó mọ ohun tí ńléni.","If one must flee a town, one should know what is chasing one off.",One must know the cause of one’s suffering or punishment.,part6.docx,,
YOR3480,"Bí àrígiṣẹ́í bá ṣí, orí ara-a rín ńfí rù ú.","After the twig-cutting insect cuts twigs, it carries them on its own head.",The disaster a person causes descends on his own head.,part6.docx,,
YOR3481,"Bí egbò ò bá pa elégbò, kì í pa ẹni tí ńwẹ̀ ẹ́.","If an ulcer does not kill the person who has it, it will not kill the person who treats it.",Each person suffers his or her own woes.,part6.docx,,
YOR3482,"Bí ẹkọ́ bá ní kókó, kì í ṣẹj alágbàdo.","If the corn meal is lumpy, the fault does not lie with the corn seller.",The person who furnished the raw material is not responsible for the flaws of the finished product.,part6.docx,,
YOR3483,"Bí ìyàwó bá ṣojú ẹni, tó tún ṣẹ̀hìn ẹni, ó ní láti ní èrè tí yó jẹ níbẹ̀.","If a wife honors one’s wishes in one’s pres ence and also honors one’s wishes in one’s absence, some reward is certainly due her.",The ever-faithful mate deserves some rich reward.,part6.docx,,
YOR3484,Bí owó bá ti mọ ni oògùn ńmọ.,The limit of the money is the limit of the medicine.,One gets only as much as one’s money can buy.,part6.docx,,
YOR3485,Bí ọmọ́ bá ti rí là ńṣe àna-a rẹ̀.,The considerations one offers to the par ents and relatives of one’s fiancée are always commensurate with the quality of the fian cée.[?]Ẹ,One offers equal value in exchange for whatever one procures.,part6.docx,,
YOR3486,Ẹ̀fọ́ kì í sún ẹ̀fọ́ sọ́hùn-ún.,Vegetables do not push vegetables out of the way.,One must respects others’ claims as one asserts one’s own.,part6.docx,,
YOR3487,"Ẹ̀gàn ni ‘‘Hẹ̀"".",A sneer is a mere indication of jealousy.,Let us acknowledge achievements when we see them and not sneer in envy.,part6.docx,,
YOR3488,Ẹ̀gàn ò pé kóyin má dùn.,Detraction does not rob honey of its sweet ness.,People’s failure to acknowledge one’s achievements does not detract from their value; one’s ability to thrive does not depend on other people’s approval.,part6.docx,,
YOR3489,Ẹní da eérú leérú ńtọ̀; eléte lète ńyé; oun a bá ṣe ní ńyéni.,Ashes blow toward the thrower; the plotter alone knows what he or she is plotting; one is privy only to that which one is involved in.,"Evil recoils on those who plot evil, and those who are visited with evil must know what actions of theirs caused it. ",part6.docx,,
YOR3490,Ẹní fúnni lẹ́gbàá ò ṣeun bí ẹni a fún.,The person who gives six pence deserves less praise than the person to whom it is given.,Whoever gives a trifle as a gift is less to be valued than the person who accepts such a gift.,part6.docx,,
YOR3491,"Ẹni tí a bá ṣe lóore tí kò dúpẹ́, bí a bá ṣe é níkà kò níí dùn ún.",The person who shows no gratitude when he or she is done a favor will feel no hurt when he or she is done an injury.,Ungrateful people deserve to be deliberately hurt.,part6.docx,,
YOR3492,Ẹni tí a kò fókèlà ńgàn.,People we do not like are the ones we sneer at.,One can always find fault with people one does not like.,part6.docx,,
YOR3493,"Èyí tí kò kíni ""kú àbọ̀"" pàdánùú kúulẹ.",The person who does not give one ‘‘Welcome’’ forfeits the arriving person’s salutation to those already there,Courtesies and discourtesies are repaid in kind. ,part6.docx,,
YOR3494,Ẹni tí kò níyàwó kì í bí àbíkú. ,A man who has no wife does not father born-to-die children.,Misfortunes have their fortunate aspects.,part6.docx,,
YOR3495,Ẹni tó bá dẹ bìtì kágbó ní ńpa orí kágbó.,The person who sets traps all over the for est is the one who has to wander all over the forest.,One will have to live with the consequences of one’s actions.,part6.docx,,
YOR3496,"Ẹni tó fọni ní àfẹlówó, iwọ ní ńfúnni jẹ.",A woman who marries one even though one paid no dowry feeds one nothing but gall.,One cannot expect much from something one acquires free or too cheaply.,part6.docx,,
YOR3497,Ẹni tó lẹrú ló lẹrù.,The owner of the slave also owns the luggage [he carries].,Appendages go with the main item.,part6.docx,,
YOR3498,Ẹni tó mọ iyì-i wúrà là ńtà á fún.,One sells gold only to those who appreci ate its value.,Do not squander treasure on those incapable of appreciating it.,part6.docx,,
YOR3499,Ẹni tó pa èèyàn ni yó ru òkú; ẹni tó f koto ejò ni yó gbèé e.,It is the person who kills another person who will carry the corpse; it is the person who breaks the gourd housing a snake who will carry the snake.,Each person is re sponsible for the consequences of his or her actions.,part6.docx,,
YOR3500,"Ẹni tó se ọbẹ̀ tí kò dùn, a ní kí òrìṣá pa á; ẹni tí kò sè ńkọ́?","The person who makes a stew that is not delicious, we ask the gods to kill; what about the person who did not cook anything?",We should not overreact to other people’s minor flaws.,part6.docx,,
YOR3501,Ẹni tó ṣe ọ̀ràn òtùfù ní ńkíyè sí ẹ̀hìnkùlé.,It is a person who has done something that calls for the torch [light] who must keep a close watch on his back yard.,"If one has done something underhanded, one has good reason to be apprehensive.",part6.docx,,
YOR3502,Ẹnu asoṣọkọ́ kì í tó ọ̀rọ̀.,The mouth of the person whose garment is a loincloth is never welcome in a discussion.,A shiftless person has no privileges in the community.,part6.docx,,
YOR3503,Ẹ̀pà pẹ̀lú olúwa-a rẹ̀ ní ńfojú winá.,Both the peanut and its owner will feel the effects of the fire.,The person belaboring others will also suffer from the exertion.,part6.docx,,
YOR3504,Ẹran tó jẹ èbù ló ní ká gbé olówó-o rẹ̀ yílẹ̀.,The goat that ate the yam cut for planting caused its owner to be flung to the ground.,One may be blameless and yet be dragged into trouble by the actions of those one is responsible for.,part6.docx,,
YOR3505,Ẹṣin pòpóòrò kì í sáré ju ẹni tó gùn ún lọ,A cornstalk horse does not gallop faster than its rider. I,The limit of one’s effort is the limit of one’s reward.,part6.docx,,
YOR3506,Ìgbẹ́ lẹtu ḿbá erin gbé.,The antelope shares the forest with the ele phant as its home.,The lowliest creature has a claim to some space just as the mightiest has.,part6.docx,,
YOR3507,Ìkà a máa gbó; ìkà a máa tọ́; àtisùn ìkà ni kò sunwọ̀n.,"The wicked may live long, and the wicked may survive long, but the end of the wicked is never pleasant.","However long the wicked succeeds, he or she comes to grief in the end.",part6.docx,,
YOR3508,Ìkàtè-é forí gbùsì; oun tí ńpẹja-á wà nísàlẹ̀ omi.,"The stick to which the fishhook line is tied receives the curses on its head, but what kills the fish is under the surface of the water.",Sometimes one’s position makes one bear the blame for others’ misdeeds.,part6.docx,,
YOR3509,"Ìkòkò tí ńse ẹyìn, ẹyìn ni yó fọ̀ọ́ ọ.",The pot used for cooking palm fruits will be broken by palm fruits in the end.,Those who live dangerously die dangerously.,part6.docx,,
YOR3510,"Ikú ogun ní ńpa akíkanjú; ikú odò ní ńpa òmùwẹ̀; ikú ara-ríré ní ńpa arẹwà, màjà màsá ní ńpa onítìjú; òwò tádàá bá m ní ńká àdá léhín",It is death related to warfare that kills the warrior; it is the death associated with the river that kills the swimmer; it is the death attendant on preening that kills the beautiful person; wondering whether to stand and fight or run kills the easily embarrassed per son; the trade that the cutlass knows knocks out its teeth.,Each person’s bane is closely connected to his or her calling. ,part6.docx,,
YOR3511,Ikú ọmọ ní ńpa ayíntalẹ̀,It is death that comes of having children that kills the grub.,Some obligations carry deadly risks with them.,part6.docx,,
YOR3512,Imú kì í tóbi kó gba r ẹnu sọ.,The nose cannot get so big that it takes the speech out of the mouth.,"No one, however mighty, may usurp tthe rights of others.",part6.docx,,
YOR3513,Ìpín àìṣẹ̀ ni yó pa aláròká.,The protective mystical force of the innocent will kill whoever speaks ill about him or her.,Whoever spreads scandal about an inno cent person will answer to the powers of the universe.,part6.docx,,
YOR3515,"Ìṣẹ́ ibi, èrè ibi á tálẹ.","The suffering that results from doing evil, the rewards for doing evil, will last until nighttime [i.e., until old age].",The reward for wickedness is not fleeting,part6.docx,,
YOR3516,Ojú kéré lóòrúnmàgbà.,The reward for wickedness is not fleeting.),Not Provided,part6.docx,DROP,
YOR3517,Ìṣòkú ni ìjogún.,One’s manner of performing the burial de termines how one inherits.,One’s claim to inheritance is dependent on how worthy a survivor one proves oneself.,part6.docx,,
YOR3518,Iṣu ẹni ní ńki ọwọ́ ẹni bọ epo.,It is on account of one’s yams that one’s fingers come to be soiled by palm oil.,Said when one is forced to endure some indignity because of the behavior of others close to one.,part6.docx,,
YOR3519,Ìtà a ta olè là ńta adóhunmọ́.,The terms with which one sells the thief are the same as those one applies to the false accuser.,The thief and the perjurer deserve the same fate.,part6.docx,,
YOR3520,Ìwà adìẹ ní ńwípé ká tu ìyẹ́ ẹ̀.,It is the chicken’s behavior that caused its wing feathers to be plucked.,People by their own habits suggest what restrictions should be placed on them.,part6.docx,,
YOR3521,Ìwà awó ní ńpe awó lẹ́tù,It is the guinea fowl’s behavior that makes one know it as a guinea fowl.,By their habits shall people be known. ,part6.docx,,
YOR3522,Ìwọ̀fà ẹgbàá àtolúwa-a rẹ̀ ní ńsin ẹrú.,"The person pawned for 2,000 cowries [six pence in old British currency] will share the slave labor with the creditor.",One cannot expect a great deal of service from something acquired on the cheap.,part6.docx,,
YOR3523,Ìwọ̀fà tí kò wá ní ńjókú-ùgbó lójú olówó.,The pawn who does not come to work is the one the creditor regards as a deadbeat.,A person who does what is expected of him or her avoids criticism.,part6.docx,,
YOR3524,"Ìyá kà, ọmọ́ kà ni òwò.",Mother counts and then the child [or daughter] counts; such is the practice in trading.,In a joint venture each person involved must do his or her share.,part6.docx,,
YOR3525,"Iyán díkókó, kì í ṣẹjọ́ oníṣu; ọkàá mẹrẹ, kì í ṣẹjọ́ elélùbọ́.","If the pounded yam is lumpy, the fault does not belong to the seller of the yams; if the yam-flour meal is ill cooked, the fault does not belong to the seller of the yam flour.",One should not blame those from whom one obtained materials if in the end one botched their use.,part6.docx,,
YOR3527,Iye ajá bí lajá ńṣọ́.,The dog looks after whatever the number of pups in its litter. ,One is entitled only to what one owns.,part6.docx,,
YOR3528,Jagun-jagun ní ńjẹ obì; àgbẹ̀ jẹ awùsá ṣẹnu yángí-yángí,"It is the warrior that eats kola nuts; the farmer eats only awùsá nuts, which make the mouth bitter.[?]K",To the valiant belong the best of the spoils; the rest get only the leavings.,part6.docx,,
YOR3529,"Ká fi inú ṣèkà, ká fòde ṣòótọ́, kan-kan lara ńnini; ohun tí ḿbini kò níí ṣàì bini wò.","If one is kind outwardly but secretly wicked, one is beset by unease; whatever is supposed to call one to account will not fail to do so.","Wickedness, however well concealed, will not go unpunished.",part6.docx,,
YOR3530,"Kàkà ká fi ọmọ oyè joyè, wọ́n ńwá ọmọ aṣẹwé.","Instead of placing the legitimate heir on the throne, they go in search of the son of a seller of leaves.",Said of people who bypass gems in preference for pebbles.,part6.docx,,
YOR3531,Kí ikú má pa ẹni tí ńdáni lóro; kí òrìṣà má jẹ̀ẹ́ kí ǹkan ṣe ẹni tí ńṣe èèyàn níkà; bó pẹ́ títí orí ẹni a dáni,May death not take the person who deprives one of the things one needs; may the gods not permit anything to happen to the person who does wicked things to one; sooner or later one’s head will vindicate one,One should let evil people do their evil without seeking revenge; eventually they will reap what they have sown.,part6.docx,,
YOR3532,Kò tètè dé ò níí tètè lọ; ẹni ò tètè dáyé ò níí tètè lọ sọ́run.,The person who was not early in arriving will not be early in departing; the person who did not come into this world early will not go early to heaven. L,Older people should die before younger ones.,part6.docx,,
YOR3533,"Má sọ lófin, òfin ní ńsọ ara ẹ̀.",Do not lay down the law; the law will lay itself down.,One does not need to be a vigi lante for the wrongdoer to come to grief.,part6.docx,,
YOR3534,Méjì kì í ko ọ̀bẹ́mu; bí kò bá rí mu yó rìí tà; bí kò bá rí tà yó rìí mu.,"Two misfortunes will not befall a palm-wine tapster; if there is not enough to drink, there will be enough to sell; if there is not enough to sell, there will be enough to drink.",Every misfortune has its consolation,part6.docx,,
YOR3535,Egbejila,Compare the next entry.),Not Provided,part6.docx,DROP,
YOR3536,Méjì ni ìlẹ̀kùn; bí kò ṣí sínú a ṣí sóde; bí kò tì sínú a tì sóde.,"Doors come in two different dispositions; if they do not open inward, they will open out ward; if they do not shut inward, they will shut outward.",One always has an option in the face of any difficulty. Compare the preceding entry.,part6.docx,,
YOR3537,"Mọ̀ọ́ gún, mọ̀ọ́ tẹ̀, oníṣu ló niyán.","One may be an expert at pounding and mashing, but the pounded yam belongs to the owner of the yams. N",The owner’s claim is always superior to the helper’s.,part6.docx,,
YOR3538,Obìnrin kì í gba owó àlè tán kó ní gìnìsà ńṣe òun,A woman does not take a lover’s money and then complain of menorrhagia.,One should perform obligations for which one has received payment.,part6.docx,,
YOR3540,Ogun ní ńṣi ẹni mú; èpè kì í ṣi ẹni jà,A war might capture a person by mistake; a curse never affects one by mistake.,"More often than not one’s misfortunes are the clear results of curses, not simply happen stance.",part6.docx,,
YOR3541,Ohun ìdí là ńtà ra ìdí; bóbìnrín bá gba owó àlè a fi ràlẹ̀kẹ̀ sídìí.,"It is something that pertains to the buttocks that one sells to buy buttocks; if a woman receives money from her paramour, she uses it to buy beads for her waist.",The profit from a venture should go to promoting that venture.,part6.docx,,
YOR3542,"Ohun tí a sọ síwájú là ḿbá; ohun tí a gbìn là ńwà; nígbàtí a ò sọ síwájú, tí a ò gbìn sẹ́hìn, kí la ó bàá?","Whatever one throws ahead is what one comes upon; whatever one plants is what one reaps; when one does not throw any thing ahead and does not plant anything, what can one expect to find later?",One can expect no profit without investment.,part6.docx,,
YOR3543,Ohun tí a wá là ńrí.,One finds what one seeks.,"Whatever befalls, it has most likely been invited.",part6.docx,,
YOR3544,Ohun tó dé ló ní ká wáá wo òun.,It is the phenomenon that occurred which summoned people to come witness it.,"If something did not attract people’s attention, they would not assemble to watch it.",part6.docx,,
YOR3545,Ojú àánú ti fọ́ tìkà ló kù.,Merciful eyes have gone blind; only wicked ones remain.,The time for mercy is past; now is the time for hardheartedness.,part6.docx,,
YOR3546,Ojú kì í rí arẹwà kó má kìí i.,The eyes never see a beautiful person with out acknowledging him or her.,Things that deserve one’s attention should receive it.,part6.docx,,
YOR3547,Ojú kì í ti ọkọ kó má bàá ìyàwó ẹ̀ sọ̀rọ̀,A husband can never be so bashful that he cannot speak to his wife.,"However reti cent one might be, some duties one must perform.",part6.docx,,
YOR3548,Ojú ní ńyin-ni kòyè ó ṣèmín-ìn.,It is the eyes that praise one and cause one to do even better.,Approving eyes are an encouragement to do even better.,part6.docx,,
YOR3549,Ojú olóko làgbàdó ṣe ńgbó.,The corn matures in the presence of the farmer.,An incantation or a prayer that the fruition of one’s efforts will happen in one’s lifetime.,part6.docx,,
YOR3550,Ojú oníkàn nikàn-án ṣe ńwẹ̀wù ẹ̀jẹ̀.,It is in the presence of the locust-bean planter that the locust bean puts on a cloth of blood [or ripens]. On just deserts 447,One will know of the consequences of one’s actions. ,part6.docx,,
YOR3552,Okùn-ún mú ẹlẹdà.,The noose has caught a trickster.,A person is hoist with his own petard.,part6.docx,,
YOR3553,"Olókùnrùn tó jẹ iyán ogójì, tòun tiwọn ní ńre ogun.",The invalid who eats pounded yams worth 40 cowries: both he and the warriors will head for the war.,One cannot have a healthy appetite and also complain of ill health.,part6.docx,,
YOR3554,Omi kì í wọ́n ká má fi fún òde mu.,Water is never so scarce that one does not give some to the outdoor earth to drink.,"However hard up one is, one will do those things that are essential.",part6.docx,,
YOR3555,Onídìí gègèrè ni yó gba ẹgbàá; ohun ẹ bá rí ẹ féléegun.,"The person with a hefty backside is the one who deserves 2,000 cowries [six pence]; whatever else you can afford, give it to the bony person.",The better-endowed woman is the one to spend money on.,part6.docx,,
YOR3556,Oníyà ni yó jẹ èyí tó jù.,The person who earned the punishment will bear most of it.,The person respon sible for a problem will suffer most of its consequences.,part6.docx,,
YOR3557,Òòjọ́ là ńṣu imí àgbagbà.,The shit from a plantain meal comes on the same day. 448 rights and responsibilities,The consequences for certain actions are virtually immediate.,part6.docx,,
YOR3558,Orí ẹ̀ ló kún tí à ḿbá a fá a.,It is his head that has grown bushy and that we are helping him to groom.,It is because a person has erred that he is being lectured for his own good.,part6.docx,,
YOR3559,Orí òpómù: ó k ajá l dẹ; ajá mọdẹ tán ó pa orí bọ jẹ.,The monkey’s fortune: he taught the dog hunting; the dog became adept at hunting and killed the monkey for food.,A person one has helped may turn around to plot one’s destruction.,part6.docx,,
YOR3560,Òròmọ-adìẹ ò lè nù kí eégún gba òbúkọ,A young chick that goes missing cannot thereby justify the presentation of a he-goat to the masquerader as replacement. Ọ,The re placement or compensation for a thing must be commensurate with that thing.,part6.docx,,
YOR3561,"Ọ̀gá ni oníjó, gá ni arìnnà, gá ni àtè tó mú ẹyẹ lóòsì tí kò lè lọ.",The dancer is honorable; the wayfarer is honorable; also honorable is the birdlime that catches a bird and prevents it from flying off.,Anybody who performs a com mendable feat deserves honor.,part6.docx,,
YOR3562,"Ọ̀gá tà, gá ò tà, owó aláàárù á pé.","Whether the master’s wares sell or not, the porter’s fees must be paid in full.","Whether you use the services well or not, the pro vider’s fee must be paid. ",part6.docx,,
YOR3563,"Ọ̀gọ́ tà, ọ̀gọ̀ ò tà, owó aláàárù á pé.","Whether the foolish trader profits or not, the porter’s fees must be paid in full.",One’s folly will not absolve one of obligations. ,part6.docx,,
YOR3564,"Ọjọ́ gbogbo ni tolè, ọj kan ni tolóhun.",Every day belongs to the thief; one day be longs to the owner.,"The evildoer may enjoy prolonged success, but the day he is exposed is the one that matters.",part6.docx,,
YOR3566,"Ọ̀kọ̀ṣẹ́ ò mọ ìpè búburú, kí ńṣò mọ ìpè rere",A shirker does not know which summons will be taxing and which will be reward ing.,People who will answer no call cannot know which is profitable.,part6.docx,,
YOR3567,Ọmọ kì í forí pẹkàn kó mú bàbá dání; iye ọmọ lọmọ ḿmú lọ,A child does not emerge from a womb with its father in tow; the child emerges all by itself.,A child who gets in trouble cannot depend on his father to bear the conse quences.,part6.docx,,
YOR3569,Ọmọdé kì í wọ oko èèsì kó má jo,A child does not venture into a bush of stinging nettles and escape being stung.,One cannot escape the consequences of one’s actions.,part6.docx,,
YOR3570,Ọwọ́ kékeré la fi ńgba ńlá.,It is with a small hand that one provokes a big one.,A weakling should take care not to attract the attention of a bully through provocative behavior.,part6.docx,,
YOR3571,"Ọwọ́ kì í pẹ́ nihò àkèekèe, àfi bí a ò bá bá a nílé",The hand does not stay long in a scorpion’s hole unless the scorpion is not at home.,"Unless he is somehow incapacitated, a vindictive person does not delay before ex tracting vengeance; unless the world has turned upside down, retribution for certain offenses is swift.",part6.docx,,
YOR3572,"Tàkúté Ọlọrun, kò sẹ́ni tí kò lè mú; bó májá, a mẹ́ran, a sì mú adìẹ òkókó.","No one is beyond being caught in God’s mousetrap; it catches the dog, catches the goat, and catches even the strapping chicken.",No one is beyond God’s judgment.,part6.docx,,
YOR3573,À bá m a kò ṣe é; a ṣé tán ó di aápọn.,"Had one known, one would not have done it; having been done, it becomes a bother.","If one knew what the consequences of cer tain actions would be, one would avoid them, but hindsight does not diminish the consequences.",part6.docx,,
YOR3574,"À bá sọ pé omi ni yó se ẹja jinná, à pé irọ́.","Had anyone said that water would cook fish, one would have argued the opposite.",Water is the natural medium for fish; who would have thought that it could also be the death of fish?,part6.docx,,
YOR3575,"A bọ́ ike lọ́wọ́ ọ̀tún, a fi bọ ọwọ́ òsì; lọ́wọ́ lọ́wọ́ niké wà.","One removes an ivory bangle from one’s right wrist and slips it onto the left wrist; for all that, the bangle remains on one’s wrist.",The gesture or effort has not significantly altered the status quo ante.,part6.docx,,
YOR3576,A bú ológbò ní a-bẹ̀rẹ̀kẹ́ kókangiri; a ha púrọ́ mọ́ ọ.,We insult the cat as being bulge-cheeked; do we misspeak?,The insult is a justified description of a cat.,part6.docx,,
YOR3577,A kì í dé ìgbàro èṣí ká fòhun okòó kù.,One does not get to last year’s farm and not find things worth 20 cowries.,One cannot become so destitute that one is left with absolutely nothing. ,part6.docx,,
YOR3578,A kì í dé ilé arúgbó lọ́fẹ̀ẹ́.,One does not go to an old person’s home for nothing.,Nothing in life is free.,part6.docx,,
YOR3579,"A kì í dé ilé ikú ká fóhórí kù; bí a ò bá tútù, a ó bàá gbígbẹ.","One does not get to Death’s home and fail to find heads; if one does not find fresh ones, one will find dry ones.",The sole custodian of a commodity is unlikely to experience a lack of it.,part6.docx,,
YOR3580,A kì í dẹ igbó ká pẹja; a kì í gbọ́n odò ká pa àfè.,One does not hunt in the bush and kill fish; one does not drain a river and kill a grass mouse.,Some occurrences would be impos sible and unexpected in certain places.,part6.docx,,
YOR3581,A kì í dó ọkọ dá gbèsè; ọmọ la fi ḿbí.,One does not make love to a person and get into debt; it is childbirth that results.,A routine and pleasurable activity should not lead to disaster.,part6.docx,,
YOR3582,A kì í dùn yùngbà ká fi wé ìbòsí ìgárá,One does not make a joyful noise that can be compared to the alarm that announces a theft.,Joyousness should express itself differently from disaster.,part6.docx,,
YOR3583,A kì í fi ojoojúmọ́ rọ́kọ ẹni; ọmọ ẹni kì í ní ọbàkan.,One does not see one’s husband every day; one’s child does not have a half-brother.,Never expect the impossible.,part6.docx,,
YOR3584,A kì í gbélé mọ ẹni ogún pa.,One cannot remain at home and know who has been killed in battle.,There is no knowledge like firsthand knowledge.,part6.docx,,
YOR3585,A kì í gbélé mọ ogun tí ò níí dùn.,One does not stay at home and know which battle will be unpleasant.,Only an eye witness knows the truth of an affair.,part6.docx,,
YOR3586,A kì í gbin àlùbọ́sà kó hu ẹ̀fọ́.,One does not plant onions and have [the ground] yield spinach.,What one plants is what one reaps.,part6.docx,,
YOR3587,A kì í há ẹran kí òróòro má gba tiẹ̀.,One does not butcher and share out an ani mal’s meat without the gallbladder taking its share.,Never seek to do rightful claimants out of what they deserve.,part6.docx,,
YOR3588,A kì í já lórí pẹ ká tún jọba nísàlẹ̀.,One does not fall from atop a palm tree and then become a king below.,One does not reap glory from disgrace,part6.docx,,
YOR3589,Oṣogbo ko gba agba.,One does not reap glory from disgrace.),Not Provided,part6.docx,DROP,
YOR3590,A kì í jà nígbó ráhùn ọpa.,One does not fight in the bush and lament a lack of sticks.,There can be no drought in a deluge.,part6.docx,,
YOR3591,A kì í jẹ aládùn méjì pọ̀.,One does not enjoy two pleasures at the same time.,One cannot have everything at once.,part6.docx,,
YOR3592,A kì í jẹ ejò ká jẹ ogún inú ẹ̀.,One does not eat a snake and eat the un born snakes inside it.,It is not done to have an affair with a mother and also with her daughter.,part6.docx,,
YOR3593,A kì í jẹ aládùn méjì pọ̀.,One does not enjoy two pleasures at the same time.,One cannot have everything at once.,part6.docx,,
YOR3594,A kì í jẹ òkèlè lérí òkèlè.,One does not eat one morsel [or mouthful] atop another.,"Do things at a seemly pace, not in a rushed manner.",part6.docx,,
YOR3595,A kì í kó imí tán kó tún máa rùn.,One does not remove excrement and yet en dure its stink.,"Once a problem is resolved, there should be an end to its attendant bad blood.",part6.docx,,
YOR3596,A kì í lápá-a bàbá ká má nìí ti ìyá.,One does not have relatives on the father’s side and not have relatives on the mother’s.,There is complementarity in all things.,part6.docx,,
YOR3597,A kì í rí ewú lọ́sàn-án.,One does not see the nocturnal bush rat at high noon.,Everything at its proper time.,part6.docx,,
YOR3598,A kì í rí idà lọ́rùn eṣinṣin.,One does not see a sword at the neck of a fly.,"It is unnecessary to use a sledge ham mer to kill a fly. Also, some approaches are improper in tackling certain problems.",part6.docx,,
YOR3599,A kì í rí kékeré ẹkùn.,One never sees an insignificant leopard.,Never minimize any danger.,part6.docx,,
YOR3600,A kì í ro rere ká má ro búburú.,One does not think of the good without thinking also of the bad.,There is not good without evil.,part6.docx,,
YOR3601,"A kì í ṣe méjì ní Mèkà: a kì í kírun ní Mèkà, ká tún nájà ní Mèkà.",One does not do two things in Mecca: one does not worship in Mecca [performing the hadj] and also trade in Mecca.,Always concentrate on one major project at a time.,part6.docx,,
YOR3602,A kì í tẹ̀hìn akiṣalẹ wúre,One cannot make good-luck charms without the akiṣalẹ plant.,No venture can succeed in the absence of the condition most essential for its success.,part6.docx,,
YOR3603,A kì í wáyé ká má da nǹkan; oun a ó dà la ò mọ̀.,One does not come into this world without becoming something; what one does not know is what one will become.,"Everybody has a future, but no one knows what it is ahead of time.",part6.docx,,
YOR3604,"À ńdín i, kò dùn ni à ńwí pé adìẹ́ itan mẹ́ta.",It is when one fries a chicken but it does not taste good that one says it had three thighs.,A bad cook quarrels with his ingre dients.,part6.docx,,
YOR3605,A ò mọ ibi orí ḿbá ẹsẹ̀-ẹ́ rè.,No one knows where the head will accompany the feet.,The future is hidden from us.,part6.docx,,
YOR3606,"Orí in this instance is again not the physiologi cal head but the repository of a person’s destiny The proverb, despite its wording, actually means that no one knows where orí will guide or conduct the feet.",Orí in this instance is again not the physiologi cal head but the repository of a person’s destiny,"It can, of course, also be used to suggest that although orí directs one’s destiny, it is the feet that do the walking, and they may conduct orí wherever it suits them.",part6.docx,DROP,
YOR3607,A tẹ́ní bẹẹrẹ kò sí oǹdá; a pàjùbà bẹẹrẹ kò sí oǹkọ.,"We spread the divination mat wide, but there is no client; we clear the field for plant ing, but there is no tiller.",Some human aspirations come to nought.,part6.docx,,
YOR3608,A ti oko ìroko de oko ìrokòtò.,We have gone from hoeing a farm to hoe ing a gully.,Matters have gone from bad to worse.,part6.docx,,
YOR3610,Abẹ́rẹ́ bọ́ lọ́wọ́ adẹ́tẹ̀ ó dète; ọ̀rán balẹ̀ ó dèrò.,A needle drops from a leper’s hand and presents an impossible problem; a grievous matter hits the ground and imposes deep contemplation.,Certain problems defy easy solution.,part6.docx,,
YOR3611,Abiyamọ ló mọwọ́ ọ̀já.,It is a nursing mother that is adept at tying the child-support strip.,One cannot beat an expert at his or her trade.,part6.docx,,
YOR3612,Adùn-únṣe bí àlejò omi.,"Painless hospitality, like one requiring only the offering of water.",A good deed that en tails hardly any cost is easily and cheerfully performed.,part6.docx,,
YOR3613,Àfẹ́dànù ni tìyàngbò.,To-be-blown-away-in-the-wind is the fate of fallen leaves.,"The person this incantational proverb is directed at will not escape an evil fate, just as fallen leaves cannot avoid being blown about by the wind.",part6.docx,,
YOR3614,Afẹ́fẹ́ lẹlẹ ò jẹ́ kà gbé orí igi; àgbàrá òjò ò jọkà gbé ilẹ̀-ẹ́lẹ̀.,Turbulent winds dissuade one from living atop a tree; flash floods dissuade one from living on the ground. means ‘‘fan’’ but also ‘‘one who pleads’’ or ‘‘intercessor.’’ The second meaning comes from the formation of the word as a b b .,"Life offers no risk-free options. one who begs, a peculiar rendition of ‘‘makes’’ plea",part6.docx,,
YOR3615,Àfowórọ́wó laláròóbọ̀-ọ́ fi là; àfowórọ́wó sì laláròóbọ̀-ọ́ fi dígbèsè.,It is by reinvesting his profits that the retailer makes his fortune; it is also by reinvesting his profits that the retailer gets into debt.,Commerce is subject to uncertainty and luck.,part6.docx,,
YOR3616,Àgùntàn kì í yọ̀wo.,Sheep never sprout horns.,"Certain things can, and should, never be.",part6.docx,,
YOR3617,Àgbà-ì-kà lolè ńgbowó.,Snatching-without-counting is the way a thief takes money.,The evildoer seldom has peace of mind.,part6.docx,,
YOR3618,Agbárí ò ní mùdùn-múdùn.,The skull has no marrow.,One cannot get blood out of a turnip.,part6.docx,,
YOR3619,Àgbásí mú ààtàn gélé.,Constant addition of garbage makes a mountain of the garbage dump.,Little things add up.,part6.docx,,
YOR3620,Àgbélémọ̀ kan ò sí; awo ní ńsọ fúnni.,"There is no medicine that enables one to know, without leaving home, what is taking place abroad; only compacts [with those who know] enlighten one.",There is no substitute for being there.,part6.docx,,
YOR3621,Àgbẹ̀ gbin ohun gbogbo má gbin iyọ̀,A farmer plants everything but not salt.,"Desirable as salt is, one cannot grow it.",part6.docx,,
YOR3622,Àgbẹ̀ ni baba oníṣòwò.,The farmer is the father of the trader.,No profession is as venerable as farming.,part6.docx,,
YOR3623,Àgbẹ̀ ò moko àrolà; oníṣòwò ò mọ ọjà ànápẹ̀kún,A farmer does not know which planting will bring prosperity; a trader does not know which transaction will be his last.,No one knows the future.,part6.docx,,
YOR3625,Àgbìgbò lọba ẹyẹ.,The hornbill is the king of birds.,Some people are superior to others.,part6.docx,,
YOR3626,Agbọ́n ńsẹ́; oyin ńsọ; ojú ọmọ olóko ló wú yìí.,The wasp denies responsibility; the bee de nies responsibility; yet here is the farmer’s son with his eyes all swollen.,"A crime has obviously been committed, yet all possible culprits deny responsibility.",part6.docx,,
YOR3627,Ahéré ní ńkẹ́hìn oko; ààtàn ní ńkẹ́hìn ilé.,At the demise of the farm the hut survives; at the demise of the house the garbage dump survives.,"When the ephemeral is gone, the permanent remains.",part6.docx,,
YOR3628,Àìfárí kì í ṣe ọ̀bọ ní túúlu; àìjẹun lèèwọ̀-ọ rẹ̀.,Want of a shave is no headache to the mon key; it is want of food that it cannot abide.,Certain things are luxuries; certain things are essentials.,part6.docx,,
YOR3630,Àjànàkú kì í sòpá kínú bí ọlọ́dẹ.,The elephant’s development of hydrocele does not anger the hunter.,One cannot be dismayed because one’s enemy has been visited by disaster.,part6.docx,,
YOR3631,Àjànàkú ò lókàn; ọba tí yó mùú erin so ò tìjẹ.,The elephant tolerates no stakes; the king that will tether the elephant has not been crowned.,Some people are beyond any body’s control.,part6.docx,,
YOR3632,"Àjẹ́ ké lánàá, ọmọ́ kú lónìí; ta ni ò mọ̀ pé àjẹ́ àná ló pọmọ jẹ?","A witch announced her presence yester day, and a child dies today; who does not know that yesterday’s witch killed the child?","When the evidence suggests an obvious conclusion, one should not shy away from it",part6.docx,,
YOR3633,Yoruba town.,Ìlọrin is a northern,"As the proverb indicates, other branches of the Yoruba family have a low opinion of Ìlọrin people.",part6.docx,DROP,
YOR3634,"Kà rí ọ rán is a way of saying in Ìjèṣà, ‘‘ Come here a minute.’’","Kà rí ọ rán is a way of saying in Ìjèṣà, ‘‘",Not Provided,part6.docx,DROP,
YOR3635,"Àjẹ́ lápo, ojúu rẹ̀-ẹ́ rọ̀",The witch licks palm oil and becomes calm.,A balm masters wild dispositions.,part6.docx,,
YOR3636,Àjẹ-i-padà-wálé ó jẹ ká mọ ọdẹ adìẹ.,Its foraging-without-returning-home prevents people from knowing what a hunter the chicken is,"Without seeing the kill, people will not credit the hunter",part6.docx,,
YOR3637,Àkàṣù ò níbií rè lágbọ̀n.,The corn meal has nowhere to go in the basket.,A treasure is not lost in a safe.,part6.docx,,
YOR3638,Àkéte kékeré ò gba èèyàn méjì,A tiny bed will not accommodate two people.,Some deficiencies cannot be fi nessed.,part6.docx,,
YOR3639,"Àkẹ̀hìnsí onígbé, bí ẹni tí ńkébòsí.",The back view of a person with goiter gives the impression that he or she is hailing someone.,Seeing something from a disadvantageous perspective is likely to mislead.,part6.docx,,
YOR3640,Akọ ikú tí ńpa ojú àrùn mọ́.,"Masculine death, that which closes the eyes of a disease.",It is a determined death that sees the end of an illness.,part6.docx,,
YOR3641,Akọ ológbò-ó mú owó rá,A male cat renders the money invested on it unprofitable.,One cannot expect kittens of tomcats.,part6.docx,,
YOR3642,"Àkọsẹ̀bá, èyí tí ńjẹ́ ìfà.",An unexpected find: free booty.,Unanticipated good fortune is free for the taking.,part6.docx,,
YOR3643,Àkúdin ò kọminú àáké.,The heartwood fears no axe.,Hardy souls need fear no adversaries.,part6.docx,,
YOR3644,"A-kú-mā-tóó-élèjì rù, ó dàrù pa ẹnìkan.",He-who-dies-but-is-too-small-for-two people-to-carry constitutes a load that weighs down one person.,A matter that falls in the crack between two categories is a troublesome thing.,part6.docx,,
YOR3645,"Àlà funfun, ọ̀rẹ́ òrìṣà.","White cloth, friend of the gods.",Each occasion has its special requirements.,part6.docx,,
YOR3646,"Aláàfáà, ìmàlé adodo; ó ní bí òun ò bá dé ibú òun ò mu.","Muslim priest, inhabitant of the conical house, vows that until he reaches the deep, he will not drink.",It is a choosy priest who will drink nothing but water from the deep est part of the sea.,part6.docx,,
YOR3647,"Àlàárì, baba aṣọ.","Reddish hand-woven cloth, father of all cloths.",No cloth is more glorious than àlàárì.,part6.docx,,
YOR3648,Alágbàtà ní ńsọ ọjà-á dọ̀wọ́n.,It is the retail merchant who makes mer chandise dear.,Caretakers are often more punctilious and stingy than owners. ,part6.docx,,
YOR3649,Alágbe ò kú lỌ́yọ̀ọ́.,A beggar does not die in y .,Other people’s generosity will save the destitute from starvation.,part6.docx,,
YOR3650,Alájàpá ò lẹ́ran láyà.,The tortoise has no flesh on its chest.,It is futile to seek meat on a turtle’s chest.,part6.docx,,
YOR3651,"Alápámálèṣí, baba lẹ.",A person with sturdy arms but no will to work is the laziest of creatures.,Strong arms that will not work are lazy arms.,part6.docx,,
YOR3652,"Aláròyé, olókotoro, onítìjú àwòko tí ńgbónu nínú oko; ó délé tán ó ṣẹnu mẹ́rẹ́n.","Loquacious, forward person, bashful bird that boasts on the farm; on reaching home it keeps its peace.",Boasting is easy where no one will dare one to prove oneself.,part6.docx,,
YOR3653,Alásẹ mọ̀ pé ó ńjò kó tó rà á; ẹní hún mọ̀ pé ó ńjò kó tó tà á; iṣẹ́-ẹ jíjò ni wọ́ fi ńṣe.,"The owner of the sieve knew that it leaked before buying it; the weaver of the sieve knew that it leaked before selling it; after all, it is used for tasks that call for leaking.","If the particulars of a transaction are not kept secret, no party involved has grounds for complaint. And, differences are proper, for circumstances and needs are not the same.",part6.docx,,
YOR3654,Aláyìn-ínsí ò lódó; ẹnu gbó-ń-gbó lodó o wọn.,The interfering person owns no mortar; his mortar is his overactive mouth.,The interfering person’s only asset is his mouth.,part6.docx,,
YOR3655,Àlejò tí kò wá là ńpa àgbà àgùntàn dè,It is a visitor who fails to show up in whose truisms honor one killed a large sheep.,A safe lie is one no one can disprove.,part6.docx,,
YOR3657,"A-le-koko-bí-ọsán: egbòó jinná, ohùn ò jinná","A thing as resistant as bowstring: the ulcer heals, but a spoken word does not heal.","Words are as tough as bowstrings; while wounds may heal, the marks words leave do not heal.",part6.docx,,
YOR3658,"Alẹ́ tí kò ti ojú ẹni lẹ́, a kì í mọ òkùnkùn-un rẹ̀ẹ́ rìn.","A night that does not fall in one’s pres ence, one never knows how to walk in its darkness.",A person who does not know the origin of an affair will surely err if he attempts to intervene in it.,part6.docx,,
YOR3659,Àlòkùàdá ò jọ obìnrin lójú,A secondhand machete does not impress a woman.,"Newness is all-important to a woman, even when the newness does not mean greater efficiency.",part6.docx,,
YOR3660,Àlọ la rí; a ò rábọ̀.,The departure is all we saw; we did not see the return.,"Much was made of the be ginning of a project, but that was the last anyone heard of it. This is an abbreviated version of 66.",part6.docx,,
YOR3661,Àlùkò-ó fínní; ìbọn rẹ̀-ẹ́ fínní,"Àlùkò is well groomed, and his gun is well groomed.",The person concerned is pains taking and particular about his affairs.,part6.docx,,
YOR3662,"A-mòòkùn-ṣolè, bí ọba ayé ò rí ọ, tọ̀run ńwò ọ́.","Person-who-lies-low-to-do-evil: if the king on earth does not see you, the king of heaven is looking at you.",Nothing one does is hidden from God.,part6.docx,,
YOR3663,Àmọ́dún ò rííriì; ká múra ká síṣẹ.,One year hence is not unforeseeable; let us gird ourselves and set to work.,A year of grace is soon over; one should conscien tiously do what is expected of one.,part6.docx,,
YOR3664,Amọ́nilójú ò bániwí; kọ̀bì-kọ̀bì ló ńwò,A-person-who-looks-disdainfully-at-one but says nothing: it is simply that there is something the matter with his or her sight.,"Disdainful looks cannot kill; what is more, they do not become the looker.",part6.docx,,
YOR3665,A-mọ̀ràn-mòwe ní ńlàdí ọ̀rọ̀.,It is a-sage-who-knows-proverbs that re solves disputes.,Proverbs are a means of settling differences.,part6.docx,,
YOR3666,Àmù tí a fi ńse iṣu ò lè mọ̀ọ́ w bí èyí tí a fi ńpọnmi.,The pot used for cooking yams cannot know swimming as well as the pot used for draw ing water.,In one’s métier one is master.,part6.docx,,
YOR3667,Amúniṣẹ̀sín ẹ̀tẹ̀ tí ńmúni lọ́gangan imú,"A-thing-that-exposes-one-to-ridicule, lep rosy that attacks one on the tip of one’s nose.",A disfigurement that afflicts one in the most conspicuous place will surely be laughed at.,part6.docx,,
YOR3668,Àpáàdì ní ńṣíwájú ọ̀fọ̀nná.,It is the potsherd that precedes the live coal gatherer,"Events should take their proper order, and people should observe the proper order of precedence.",part6.docx,,
YOR3670,"Àparò, aṣọ-ọ̀ rẹ́ ṣe pọ́n báyìí? O ní ìgbà wo ni aṣọ òun ò níí pọ́n?  Ọ̀sán jíjẹ, òru sísùn, oúnjẹ̀ ò ṣéé fi sílẹ̀ lọ́sàn-án; orun ò ṣéé fi sílẹ̀ lóru.","Partridge, how come your dress is so red [dirty]? He said, how would his dress not be red [dirty]? In the afternoon grubbing for food, at night sleeping: one cannot leave off food in the afternoon, and one cannot leave off sleep at night.",The priorities of the self-indulgent are always inverted.,part6.docx,,
YOR3671,"Àparò ńgba ikú oníkú kú, áḿbǹtorí ikú ara-a rẹ̀.","The partridge falls prey to the death meant for others, let alone a death meant for it.",A person whose destiny is to be a habitual victim will not escape his or her fate.,part6.docx,,
YOR3672,"Àparò ò ga ju ara-a wọn lọ, àfi èyí tó gun ebè.",No partridge is taller than another except for those [standing] on earth mounds.,Said of people among whom there is nothing to choose.,part6.docx,,
YOR3673,Apata-á ríkú kẹ̀hìn si í; apata ní ńgbani lógun.,The shield sees death and presents its back to it; it is the shield that saves one in battle.,There is nothing like the shield when it comes to defying death.,part6.docx,,
YOR3675,Àrán nìparí ọ̀ṣọ́.,Velvet is the ultimate in finery.,There is no cloth more resplendent than velvet.,part6.docx,,
YOR3676,A-rí-erin-látẹ ò mọyì erin.,One-who-sees-an-elephant-on-a-tray does not appreciate an elephant.,Those who have not seen you on your home ground cannot appreciate you.,part6.docx,,
YOR3677,A-rí-jẹ-níjà ò níṣe mìíràn àfi ìjà.,The person who profits from quarrels has no other pursuit than quarreling. The cooking hearth does not stay hot until nighttime.,It is most difficult to wean people from their bad habits. There is no difficulty that does not have its moments of release. There is no difficulty without an end. Compare 4734.,part6.docx,,
YOR3678,Àrò kì í jóni lọjá lásán; ọmọ aráyé ní ńfanná sí i,A cooking hearth does not burn one’s feet on its own; it is people who stoke fire in it.,There is no misfortune behind which one will not find other people’s machination.,part6.docx,,
YOR3679,Àrò kì í rẹrù kó má só.,A cooking hearth does not bear a load without eventually setting it down,There is no problem that does not come to an end.,part6.docx,,
YOR3680,Àròyé ò kún àjọ,A lengthy explanation will not fill the till.,Excuses are a poor substitute for fulfilling one’s obligations.,part6.docx,,
YOR3681,"Arọ tí ḿbú ogun, orí ẹlésú méjì ló bú u lé.",The cripple who incites war incites it on those who have two legs.,A person of no means who incurs obligations for the whole community causes problems for the people with means.,part6.docx,,
YOR3682,A-rọ́ba má sàá pàdé ara ba má yà; pakí ko pakí.,He-who-never-runs-from-the-king meets him-who-never-makes-way-for-the-king; trouble comes face to face with trouble.,"When two obstinate people meet, trouble is in the offing.",part6.docx,,
YOR3683,Arugudu òjò tí ńṣú laàrin òru.,The problematic rain: its clouds gather in the middle of the night.,It is a formidable visitation that descends when one is least prepared.,part6.docx,,
YOR3684,Arúgbó ẹrú ò jẹ́ ọ̀fẹ́; òtòṣì ọba ò singbà; ìwọ̀fà kan ò dàgbà dàgbà kó ní  òun ò sin olówó mọ́,"An old slave does not go for nothing; a poor king does not pawn himself; however old a pawn may be, he may not refuse to serve the creditor.","Every station has its obligations and its limits; prosperity, poverty, and duties are relative to one’s position.",part6.docx,,
YOR3685,Àrùn ní ńmúni jẹun ọ̀tá.,It is disease that makes one eat food offered by one’s enemy.,"When one is prostrated by a formidable misfortune, one is forced to do many things one would rather not do.",part6.docx,,
YOR3686,Àsárébá ní ḿmú ìrìn yá.,It is running-to-overtake-those-ahead that speeds a journey.,"One should strive to match those ahead of one, not behind.",part6.docx,,
YOR3688,Aṣọ̀rọ̀kẹ́lẹ́ bojú wògbẹ́; ìgbẹ́ ò délé sọ fẹ́nìkan; ẹni a ḿbá wí ní ńwíni kiri.,The whisperer glances at the bush; the bush does not go home to expose one’s secret; it is the person one talks to who spreads one’s secret about.,Secrets do not expose them selves; those who know about them reveal them.,part6.docx,,
YOR3689,Àsúnmò dẹ̀tẹ́; èèyàn gbókèèrè níyì.,Closeness breeds contempt; the person who lives afar is made much of.,To be close by is to be unappreciated; to be far away is to be valued. See the next two entries also.,part6.docx,,
YOR3690,Àsúnmò dẹ̀tẹ́; òkèèrè ní ńdùn.,Closeness breeds contempt; distance is best.,Distance is a good cloak for a person’s flaws.,part6.docx,,
YOR3691,Àsúnmọ́ là ḿmọ ìṣe ẹni; èèyàn gbókèèrè níyì.,Only by living close does one know an other’s nature; the person who lives far away enjoys much respect.,Distance is a good cloak for a person’s flaws. ,part6.docx,,
YOR3692,"Àṣá gbé mi ládìẹ kò dúró, nítorí ó mọ ohun tó ṣe.","The kite snatched my chicken and did not tarry, because it knew what it had done.",The guilty person has his or her conscience to contend with.,part6.docx,,
YOR3693,Àṣá ni baba ẹyẹ.,The kite is the father of birds.,There is no bird to match the kite.,part6.docx,,
YOR3694,"Àṣá ńtà, àwòdì ńrà; àwòdì tí ńgbé adìẹ l sàn-án ò sanra to igún; b l run ò pa igún, ohun tí igún bá rí a máa jẹ.","The kite sells and the eagle buys; the eagle that snatches chicks in broad daylight is no fatter than the vulture; if God spares the vulture, it will feed on whatever it can find.","The powerful may live luxuriously; the weak, by the grace of providence, will find something to live on.",part6.docx,,
YOR3695,Àṣá tó gbé adìẹ òtòṣì-í gbé ti aláròyé.,The kite that snatches a poor person’s chick provokes endless complaint. ,A poor person never ceases bewailing a small loss.,part6.docx,,
YOR3696,"Aṣápẹ́ fún wèrè jó, òun àti wèrè ẹgbẹ́nra.",The person who claps for an imbecile to dance and the imbecile are no different.,Any person who has time for unworthy people is himself or herself unworthy.,part6.docx,,
YOR3697,Àṣàwí ẹjọ́ ẹnìkan-án ṣàre.,The doctored case of the only side heard in a dispute is always just.,"If one’s opponent has no say, one’s case is just by default.",part6.docx,,
YOR3698,Aṣẹ́ ni ik oyún; àtọ̀ ni ikọ̀ ọmọ; rírà lódọ̀ẹ̀dẹ̀ ni ik àwòdì tí ńjá ọmọ lẹ́hìn adìẹ.,Menstruation heralds pregnancy; sperm heralds children; hovering in the yard sig nals the presence of the kite that snatches chicks from their mothers.,Momentous events send their omens before them.,part6.docx,,
YOR3699,"Àṣẹ̀ṣẹ̀jáde akàn, a ò mọ ibi tí ó ńlọ.",The newly emerged crab gives no indication of where it is headed.,It is futile to attempt to predict the unpredictable.,part6.docx,,
YOR3700,"Àṣẹ̀ṣẹ̀wọ̀lú àlejò, jolojolo lojú ńṣeni.","On first entering a town, the stranger’s eyes are restless.",The eyes of a stranger do not rest on anything for long.,part6.docx,,
YOR3701,Àṣetán ló níyì; a kì í dúpẹ́ alàṣekù.,Completing-a-job is what is appreciated; one does not express gratitude for something half done.,What is worth doing is worth finishing.,part6.docx,,
YOR3702,Àṣìṣe ò kan ọgbọ́n.,Mistakes have nothing to do with wisdom.,To be mistaken is not necessarily to be unwise.,part6.docx,,
YOR3703,"Aṣiwèrè-é yẹ ìlú, kò yẹ ẹni ẹni.",An imbecile is acceptable in a town but not among one’s kin.,No one wants an imbecile for a relative.,part6.docx,,
YOR3704,Àṣìwí ò tó àṣìṣe; àṣìṣe ò tó ká múra ọ̀run.,To misspeak is not as bad as to commit a blunder; to commit a blunder is not as bad as making ready to go to heaven.,Errors are not all equally grave.,part6.docx,,
YOR3705,Aṣooregbèṣù: baba àdánù.,Doing-a-favor-and-receiving-wickedness in-return: father of losses.,Receiving evil in return for good is the worst sort of loss.,part6.docx,,
YOR3706,A-ṣoore-má-ṣìkà; ẹní ṣooré ṣe é fúnra-a rẹ̀; ẹní ṣìkàá ṣe é fúnra-a rẹ̀.,Doer-of-good-who-does-no-evil; who does good does it for himself or herself; who does evil does it for himself or herself.,Good deeds and evil deeds will come home to roost.,part6.docx,,
YOR3707,"A-ṣòro-ó-bini, ìjà àná.","Difficult-to-ask-about, yesterday’s quarrel.",A festering quarrel is a difficult issue to broach.,part6.docx,,
YOR3708,Aṣòroófinúhàn bí èké.,Difficult-to-confide-in like an unreliable person.,An untrue friend is not one to confide in.,part7.docx,,
YOR3709,Aṣòroógbé bi agọ̀-ọ Masiada; báa bá gbe níwájú a balẹ̀ lẹ́hìn; báa bá gbe lẹhìn a balẹ̀ níwájú.,"Difficult-to-wear like the costume of the Masiada masquerade; if one lifts it in front, it drags at the back; if one lifts it at the back, it drags in front.","In certain circumstances, nothing one does turns out right.",part7.docx,,
YOR3710,Aṣòroóṣe bí ohun tỌ́lọ́run ò fẹ́; adùnúnṣe bí ohun tỌ́lọ́run-ún ṣe tán.,Difficult-to-accomplish like something God disapproves of; easy-to-accomplish like something God is ready to do.,What does not please God is difficult to do; what pleases God is easily accomplished.,part7.docx,,
YOR3711,Aṣòroówí bí àrùn ìdílé.,Difficult-to-discuss like a hereditary dis ease.,Discussing the congenital disease of a family is a delicate matter.,part7.docx,,
YOR3712,"Ata loògùn ẹ̀mí; ẹ̀mí tí kò jata, ẹ̀mí yẹpẹrẹ.",Pepper is the medicine for life; a soul that does not eat pepper is an insignificant soul.,The benefits of pepper cannot be overesti mated.,part7.docx,,
YOR3713,Ata ò m pé òun ó dèélé.,Pepper had no idea it would end up in the house.,One cannot foretell what lies in one’s future.,part7.docx,,
YOR3714,Ataepo àti araepo ló mọ ohun tí wọ́n fi ńnuwọ́,The seller of palm oil and the buyer of palm oil both know what they use to wipe their hands.,People who share the same trade or secrets understand one another.,part7.docx,,
YOR3715,Àtàm̀pàkò baba ìka.,"Thumb, father of fingers.",The thumb is the chief among the fingers.,part7.docx,,
YOR3716,Àtàm̀pàkò ò ṣéé júwe kánkán.,The thumb is useless for pointing straight ahead.,Even an important tool is not proper for every task.,part7.docx,,
YOR3717,Àtàrí àjànàkú kì í ṣẹrù ọmọdé.,An elephant’s head is no load for a child.,There is a limit to what youth can accom plish.,part7.docx,,
YOR3718,Àtàtàkurá: ẹnu ẹyẹ ò ran òkúta.,An impossible task: the bird’s beak avails nothing against a rock.,The rock has noth ing to fear from the bird.,part7.docx,,
YOR3719,Àtè pẹyẹ mọyẹ kú.,Birdlime kills birds and causes the death of birds.,Birdlime is the nemesis of birds.,part7.docx,,
YOR3720,Atètèdélé ní ńjoyè ẹrú.,The-first-to-arrive-home assumes the ownership of slaves.,The race is to the swift.,part7.docx,,
YOR3721,Àtètègbà làtètèsan.,Early-arrival-at-terms means early payment.,Too-long haggling defers the enjoyment of the acquisition.,part7.docx,,
YOR3722,Àtètèlóbìnrin ò kan ọmọ bíbí.,Taking-a-wife-early has nothing to do with having children.,Marrying early does not guarantee having children early.,part7.docx,,
YOR3723,Àtètèsùn làtètèjí; ẹní tètè kú ló múlẹ̀ lọ́run,Going-to-sleep-early is rising early; the first Miscellany 465 to die is the homesteader in heaven.,The first arrival has the richest choice.,part7.docx,,
YOR3724,Atètèṣágba kì í mọ ọgbẹ́-ẹ́ ṣá bí aṣánisan.,The-first-to-wound-with-a-machete does not know how to wound like the-person who-wounds-in-retaliation.,Retaliation is usually more severe than the provocation.,part7.docx,,
YOR3725,Àtẹ̀gbé lẹsẹ̀ ńtẹ ọ̀nà.,Stepping-upon-without-repercussion is the way the foot steps on the path.,The path has no recourse against the foot that steps on it.,part7.docx,,
YOR3726,Àtẹ́lẹsẹ̀ àwẹ̀nù tó dojú ara-a rẹ̀ dẹ́lẹ̀.,The washed-in-vain sole sets its face down on the ground.,Avoid inconsistencies or senseless efforts.,part7.docx,,
YOR3727,Àtòlèsẹ̀ ní ńjẹ̀gbin nà.,It is the sole that eats the filth on the path.,One’s responsibilities often expose one to unwarranted abuse.,part7.docx,,
YOR3728,Àtẹ̀yún àtẹ̀wá là ńtẹ èkùrọ́ ojú nà.,"Stepping-on-while-going, stepping-on while-returning is the way one steps on the kernel in the path.",The ill-fated person can hope for no respite.,part7.docx,,
YOR3729,"Àtidé onígbàjámọ̀ là ḿmọ̀, a kì í mọ àtilọ.","One knows only of the arrival of the barber, not of his departure.","Once one has served one’s purpose, one is soon forgotten.",part7.docx,,
YOR3731,"Àtijẹun, ọ̀tọ̀tọ̀ ọ̀ràn.","Finding a means of livelihood, a formi dable problem.",Earning a living is no mean matter.,part7.docx,,
YOR3732,"Àtìkà àtoore, ọ̀kan kì í gbé.","Be it good or evil, neither goes for nought.",Good as well as evil will be requited.,part7.docx,,
YOR3733,"Àtilọ-ọ lámi-lámi là ńrí, a kì í rí àtibọ̀.","One sees only the departure of the dragon fly, never its return.","The boastful person proclaims his accomplishments beforehand, but is usually silent when he falls short.",part7.docx,,
YOR3734,"Àtíòro-ó jẹ̀gbá jẹlá, ó ní òun ò kú; ó ní bí gbogbo ẹyẹ ayé ti ńfò náà ni òun ńfò yí.","The allied hornbill eats garden eggs and eats okro and proclaims that it has not died; it says that just as other birds on earth fly around, so it also does.","However tough the times, whoever will survive will sur vive.",part7.docx,,
YOR3735,"Àtípìjí, a-wúwo-bí-àtẹ-ìbànùjẹ́;ìbànùjẹ́ dorí àgbà kodò","A mighty problem, heavy-as-a-tray-of sadness; sadness causes an elder to hang his head.",Heavy sadness prostrates even an elder.,part7.docx,,
YOR3736,Àtiràbọn ò tó àtirẹ̀tù; ọjọ́ kan là ńra ìbọn; ojoojúm là ńrẹ̀tù.,"Buying-a-gun is nothing like buying gun powder; one buys a gun only on one day, but one buys powder every day.",Making an impressive purchase is one thing; being able to maintain the thing purchased is quite another.,part7.docx,,
YOR3737,Àtiwáyé ìlẹ̀kẹ̀ alágídígba ò ṣẹhìn èkùrọ́,The incarnation of the lágídígba bead will not be in the absence of the palm kernel.,"Nothing can be done in the absence of a person whose consent is all-important, o",part7.docx,,
YOR3738,"Atúmálọ̀ọ́yún, aràmáṣèdin, agbẹmánìí sẹ̀ẹ́pẹ́.","It-bursts-without-pus, it-rots-without maggots, it-dries-without-scales.",It is never as one would expect but stops halfway.,part7.docx,,
YOR3739,Atúnniṣe ò pọ̀ bí abanijẹ́.,Those-who-groom-people are not as many as those-who-soil-people.,There are far more detractors than praisers.,part7.docx,,
YOR3741,Awo kan ò sí nínú awo ẹ̀wà.,There is nothing inscrutable about beans.,Common knowledge is nobody’s mo nopoly.,part7.docx,,
YOR3742,Àwo ò m pé òun ó jata.,The plate did not know that it would eat pepper.,Some boons one does not work for or anticipate.,part7.docx,,
YOR3743,Àwòdì jẹun èpè sanra,The hawk feeds fat on accursed food.,One cannot worry too much about offending people,part7.docx,,
YOR3744,"Àwòdì ńrà, inú aládìẹ́ bàjẹ́.","The hawk hovers, and the owner of chickens becomes unhappy.",The appearance of one’s enemy never fails to displease.,part7.docx,,
YOR3745,Àwòdì ò náání à ńkùngbẹ́; igí wó ẹyẹ́ fò lọ.,"The hawk is not bothered that the forest is being burned; the tree crashes, and the bird flies away.",Some people are immune to certain perils.,part7.docx,,
YOR3746,"Àwòdì ò sí ńlé, kan-na-kán-ná ńṣe bí ọba lóko.","The hawk is away, and the crow behaves like a king on the farm.","In the absence of the hawk, the crow is king.",part7.docx,,
YOR3748,"Àwòdì tó bà lé òrùlé; ojú tólé, ojú tóko.",The hawk that alights on a roof: the eyes see the home and the eyes see the farm.,One perched on high can see near and far.,part7.docx,,
YOR3749,"Àwòdì-í lọ re ìyà, wón ní ẹyẹ́ sà lọ.","The hawk goes to molt, and they say the bird has fled.",Those who do not know why one does what one does choose the explanation they prefer.,part7.docx,,
YOR3750,Àwòdì-í sọ olówó adìẹ di wèrè.,The hawk makes a maniac of the owner of chicks,The imperative of protecting one’s property sometimes makes one do strange things.,part7.docx,,
YOR3751,Miscellany 467 chicks.,A reference to the curses that attend the hawk’s snatching of chicks,The imperative of protecting one’s property sometimes makes one do strange things.,part7.docx,DROP,
YOR3752,"Àwòkó, wọ́n ní o bú ọba; ó ní ìgbà wo lòún ráyè bú ọba, kí òun tó kọ igba láàárọ̀, igba lọ́sànán; igba lálẹ́?","Àwòko, they say you insulted the king; it replies, when would I have the time to insult the king, given the task of singing two hun dred songs in the morning, two hundred in the afternoon, and two hundred at night? ",Too elaborate alibis call for a close look.,part7.docx,,
YOR3753,Àwòmọ́jú kì í pọ̀tá; mọ́jú-mọ́jú lọrùn ńdùn.,Disdainful looks do not kill an enemy; it is the looker who suffers neck strain.,"If there is nothing one can do to one’s enemy, looking at him disdainfully is no substitute.",part7.docx,,
YOR3754,Awoníní kọjá àlùkùráni.,Possession of charms is more efficacious than carrying a Koran.,A sure medicine is preferable to faith in religion.,part7.docx,,
YOR3755,"Àwòrán ṣètè kólóbó, igi tá-a bá gbọléhín ò lè bunijẹ.","An image with its small lips, a piece of wood whose teeth one carved cannot bite one.",A sculpture one carves with one’s hands cannot do harm.,part7.docx,,
YOR3756,"Àwòsùn-ùn, àwònù lẹkùn ńwẹyẹ òkè.",It is a frustrated stare and pointless watching that the leopard directs at the bird flying high above.,"When a person is beyond one’s control or discipline, all one can do is stare at him or her.",part7.docx,,
YOR3757,Awọ nídìí àdá ò wí pé kí àdá má kàn án.,Wrapping the hilt in leather will not keep a machete from breaking. 468 truisms,There is a limit to what one can do to prevent occupational disasters.,part7.docx,,
YOR3758,Awọ́ni ní ńfìdí ara-a rẹ̀ lànà fún ẹni tí ńwọ́ lọ.,He who drags a person uses his buttocks to clear the bush for the person he is dragging.,Victimizing another person does not leave oneself unscathed.,part7.docx,,
YOR3759,"Àwúyẹ́wúyẹ́, àròyé ọ̀tẹ̀ wọ́n ní kí wọ́n tún ìlú sẹ, wọ́n fẹ́ẹ́ tú ìlú.","Clandestine whispering, the devious con versation of plotting; they were urged to improve conditions in the town, but they would rather destroy it.",Clandestine plot ters would rather engage in secret designs to ruin the community than work for its improvement.,part7.docx,,
YOR3760,Àyà ọmọdé ni wèré dì sí; ọrẹ́ la fi ńjá a.,Insanity is bunched on the chest of the child; it is a whip that one uses to dislodge it.,A whip is the surest cure for a child’s misbehavior.,part7.docx,,
YOR3761,Aya-méè-rọ́mọ-rí ní ńtanna wo oyún ọ̀gànjọ́.,Wife-I-have-never-seen-a-child-before is the one who lights a lamp in the middle of the night to look at a pregnancy.,A person new to a privilege is usually not noted for moderation in its exercise.,part7.docx,,
YOR3762,Ayé àgbẹ̀ bí àjẹrọ̀run,A farmer’s lifestyle is like something out of this world.,Farm dwellers know no social constraints.,part7.docx,,
YOR3763,Ayé àkámarà! Ayé lè pa ìràwọ̀ dà.,Untrustworthy humankind! Humankind can alter people’s destiny.,People are not to be trusted.,part7.docx,,
YOR3764,Ayé di lẹhẹ-n-hẹ: ẹyin adìẹ́ tókè wá fìpón.,The world has turned awry: a chicken egg drops from above and breaks a wooden spoon below.,"When a raw egg breaks a spoon, the world has turned upside down.",part7.docx,,
YOR3765,"Ayé jìn, kò lópin; ibi tí ẹsẹ̀ ò dé lógún ọdún ò ló-ǹ-kà.",The world is so vast that there is no end to it; the places a person’s feet cannot reach in twenty years are uncountable.,No one can claim to know all there is of the world.,part7.docx,,
YOR3766,Ayé kì í di pọlọru ká fẹs rọrí sùn.,The world is never so disrupted that one rests one’s head on one’s legs to sleep.,"How ever the world turns, a person does not suffer the same fate as a chicken.",part7.docx,,
YOR3767,Ayé le; bí o bá a o pa á; bí o ò bá a o bù ú lẹ́kẹ̀.,"Humankind is awesome: if you catch up with him, kill him; if you are unable to, put a hex on his footprint.",Humans’ evil machi nations are formidable; people will explore all means to injure others.,part7.docx,,
YOR3768,"Ayé le, èèyàn-án burú ju ẹkùn.",The world is tough; people are more evil than the leopard.,Living among people is full of peril.,part7.docx,,
YOR3769,Ayé ńretí ẹlẹ́yà; níbo ni wọ́n fi ti Olúwa sí?,The world waits expectantly for one’s dis grace; to what place have they relegated God’s purpose?,People hope for a person’s disgrace without considering what God might wish.,part7.docx,,
YOR3770,Ayé ó fẹ́ kà ru ẹrù ká sọ̀; orí ẹni ní ńsọni.,The world does not wish that one rid oneself of the burden one carries; it is one’s head that relieves one.,Other people do not wish one good fortune; each person’s guardian spirit ensures his or her good fortune. See also the next entry.,part7.docx,,
YOR3771,Ayé ó fẹ́ni fòrọ̀ àfi orí ẹni.,The world does not wish one to prosper; only one’s own head does.,"Only one’s guardian spirit, not other people, wishes one to prosper. ",part7.docx,,
YOR3772,Ayé ò lọ́ràá: ọjọ́ a rí kéré ká jẹ kéré; ọjọ́ a rí wọ̀mù ká jẹ wọ̀mù; àgbà kì í ṣubú yẹ̀gẹ̀ kó da ti ikùn sílẹ̀; oun a bá jẹ ní ḿbani lọ.,"There is no fat to this world: when one has only a little, one should eat only a little; when one has a great deal, one should eat a great deal; an elder does not fall and spill what is in his stomach; it is what one has eaten that goes with one.",The future is uncertain; one should therefore live ac cording to one’s present circumstances; the only thing that can go with one in death is what one has already enjoyed. Compare 3981.,part7.docx,,
YOR3773,Ayé ò ríni nígbà tí a sun ọ̀gẹ̀dẹ̀ jẹ; ìgbà tí a fi gúsí seb tó pọ́n bí edé layé ríni.,The world pays no attention when one has to roast plantains for food; it is only when one cooks melon-seed stew that is as pink as shrimps that the world pays attention.,People have time only for those whose stars are ascending.,part7.docx,,
YOR3774,Ayò kì í jẹ ká yẹ̀ ẹ́.,One does not hit the jackpot in the game of ayò and refuse to collect.,One does not turn one’s back on good fortune.,part7.docx,,
YOR3775,Ayo òtòṣì lọl r ńfọwọ́ tẹ̀ níkùn.,It is a satiated poor person that a rich person may poke in the stomach with a finger.,The poor person’s abundance does not impress a wealthy person.,part7.docx,,
YOR3776,Ayọ̀ abaratíńtín.,"Happiness, a thing with a frail constitution.",Happiness is fickle.,part7.docx,,
YOR3777,"Àyọ̀ká, ọmọ ẹnìkan ló kù.",Universal happiness: only a certain person is left out.,"The happiness in question is all-embracing, leaving out only the unfortu nate.",part7.docx,,
YOR3778,Àyúnbọ̀ lọwọ́ ńyún ẹnu.,Going-and-returning is the manner of the hand’s journey to the mouth. B,The hand that lifts food to the mouth always returns safely.,part7.docx,,
YOR3779,‘‘Bá mi na ọmọ- mi’’ ò dénú ọlọ́mọ.,Whip my child for me’’ does not come from deep inside the mother.,No mother is en thusiastic in delivering her child to deserved punishment.,part7.docx,,
YOR3780,"Baál tó sọ ọmọ ajá di ẹgbàá, ọmọ tir á wọ́n níbẹ̀.","The chief who raised the price of a puppy to 200 cowries, his own child will pay the price.",The child will reap some of what the father sowed.,part7.docx,,
YOR3782,Baba ẹnìkan ò gbin yánrin; baba ẹnìkan ò gbin tẹ̀tẹ̀; fúnra-a rẹ̀ ní ńhù,"Nobody’s father plants yánrin [a wild vege table], and nobody’s father plants wild spinach; they grow by themselves.",No one may lay an exclusive claim to public prop erty.,part7.docx,,
YOR3784,"Ba-owò-jẹ, obì tí ńso larùn.","Ruiner-of-trade, kola nut that fruits in the dry season.",Plants that yield out of their season undermine the market.,part7.docx,,
YOR3785,Báríkà lónìí; Báríkà lọla; Ẹ kú ìrọ́jú; Ò jìnnà síbẹ̀.,Congratulations on surviving a disaster’’ today; ‘‘Congratulations on surviving a disaster’’ the next day; ‘‘Accept my con dolences’’ is not far away.,Persistent close shaves sooner or later become real disasters.,part7.docx,,
YOR3786,"Bàtá dún kò dún, á tan ilẹ̀kú kanlẹ̀ kanlẹ̀","Whether or not the bàtá drum sounds well, it will do its part in the funeral obsequies.","What matters is that a thing serve its purpose, not that one like it",part7.docx,,
YOR3788,Bàtà la fi ńṣagbára láàrin ẹ̀gún.,Shoes make for fearlessness amid thorns.,Who has shoes may strut even over danger ous ground.,part7.docx,,
YOR3789,Bàtà ò jẹ́ mọ agésẹ̀ òyìnbó; a ṣẹ́ aṣọ létí kò jẹ́ mọ ẹni tí ńfàṣọ ìyà bora,Shoes keep one from knowing which white man has lost his toes; hemming dresses keeps people from knowing who is clothed in wretchedness.,Outward appearances often belie private woes.,part7.docx,,
YOR3790,"Bàtáakoto, atiro àrìnjó, ṣaworo g d , gbogbo wọn bákan-náà bákan-náà","The bàtáakoto drum, a lame itinerant dancer, a rattle made of bananas, all are the same.","The enumerated things are three of a kind, all defective.",part7.docx,,
YOR3791,"Bẹ́ màrìwò, bẹgòdà, ọj kan-náà ni wón ńyọ.",Cut off palm fronds and cut down a banana tree; they sprout anew the same day.,Said of things that share the same characteristics.,part7.docx,,
YOR3792,Bèbè ìdí ni yó lo kíjìpá gbó.,The large beads adorning the waist will wear out the durable home-woven cloth in the end.,One always pays somehow for one’s pleasures and vanities.,part7.docx,,
YOR3793,"Bẹ̀wẹ̀ kó ó rọ́kọ̀ṣẹ́, ṣagbe kó ó ráhùn.",Seek help and find out who is recalcitrant; beg for alms and find out who is a miser.,The accomplishment of one feat does not prevent the accomplishment of another,part7.docx,,
YOR3794,"Ó gbọrọ ẹni tó gbọrọ, ó gbọrọ ẹni tó gbọrọ.",One does not know one’s friends until one needs help.),One does not know one’s friends until one needs help,part7.docx,,
YOR3795,Bí a bá bọ́jú tí a bọ́nu; ìsàlẹ̀ àgbọ̀n là ńparí-i rẹ̀ sí.,"After one has washed one’s face and one’s mouth, the ablution concludes at the under side of the chin.","After discussing a mat ter back and forth, one rests it with the proper person to decide on it. ",part7.docx,,
YOR3796,"Bí a bá gé igi nígbó, gbohùn-gbohùn á gbà á.","If one fells a tree in the forest, the echo carries the sound.",Not even things done in secret can be long concealed.,part7.docx,,
YOR3797,"Bí a bá máa jẹun dun ọmọdé, híhàn la fi ńhàn án.","If one wishes to hurt a child by eating some thing he wants, one shows it to him first.","If one intends to hurt a person, one should be sure the person knows of one’s actions.",part7.docx,,
YOR3798,"Bí a bá ńfẹ́ràn ọmọdé ní ilẹkú, à mọ̀ pé a fẹ́ẹ́ fi sọfà ni.","If a child is being made much of at a funeral (presumably of his father), it is obvious that he is about to be pawned.",Favors done for an orphan have ulterior motives.,part7.docx,,
YOR3799,"Bí a bá ńjiyàn sípàá, à ṣí aṣọ kúrò.","If there is any dispute about hydrocele, let us strip away all clothing.",There is no point in carrying on protracted arguments when a simple and incontrovertible means of resolving the issue is available. ,part7.docx,,
YOR3800,"Bí a bá ńrẹ́rín-ín hẹ̀n-hẹ̀n, tí à ńgúnni l bẹ, kò ní kó má wónú.","If one laughs while stabbing another, that does not keep the dagger from piercing the Miscellany 471 skin.",A person killed with kindness is just as dead.,part7.docx,,
YOR3801,"Bí a bá ńṣẹ́ gègé ìjà, ká mú ti ológbò kúrò; ọba lọba ńjẹ.","If people cast lots to determine the best fighter, a cat should be set aside; a king is a king.",The cat is undisputed king where wrestling is concerned.,part7.docx,,
YOR3802,"Bí a bá pọn omi, tó dànù, tí agbè ò fọ́, à tún òmíràn pọn.","If one draws water and it is spilled but the gourd is unbroken, one refills the gourd.","As long as one has a capacity to act, temporary setbacks are of little consequence.",part7.docx,,
YOR3803,"Bí a bá sọ idà sílẹ̀ mẹwàá, ibi pẹlẹbẹ ni yó dà dél.","If one throws a sword down ten times, it will come to rest on its side.","However long one worries a case, the facts will not change.",part7.docx,,
YOR3804,"Bí a bá yọ ipin lójú, ojú la fi ńhàn.","If one removes secreted matter from the eye, one shows it to the eye.","One discusses an offense with the offender, not other people. ",part7.docx,,
YOR3805,"Bí a kò ṣe àṣenù, a ò lè ṣe àṣejẹ.","If one has never labored for nought, one does not gain from one’s labor.",Disappoint ment comes before fulfillment.,part7.docx,,
YOR3806,"Bí àfẹ́fẹ́ bá ńfẹ́, koríko a máa jó.","If the wind blows, the grass dances.",Certain orders cannot be ignored.,part7.docx,,
YOR3807,"Bí àgbàlagbà-á bá ńti orí jẹ àkèré, kọ́mọdé má nìírètí ati jẹ níbẹ̀.","If an elder begins eating a frog from its head, a youth should not hope to have any share of it.",One can expect no help from a per son whose actions reveal his or her own desperation.,part7.docx,,
YOR3808,"Bí agbọ́n bá máa ṣorò, a kìdí bọlẹ̀; bí idà-á bá máa ṣorò, a ki kù bọ àkọ̀.","When the wasp is about to fight, it dips its tail in the ground; when a sword is about to fight, it dips its hilt into the scabbard.","Before engaging in a demanding task, one makes the proper preparations. Also, mo mentous events are presaged by warning signs.",part7.docx,,
YOR3809,"Bí ajá bá ńwọ agbádá iná, tí àmọ̀tẹ́kùn ńwẹ̀wù ẹ̀jẹ̀, tí ológìnní ńsán àkísà jìnnì mọ́dìí, ẹgbẹ́ apẹranjẹ ní ńṣe","If the dog wears a garment of fire, and the leopard wears a dress of blood, while the cat ties a tattered rag around its waist, it is nevertheless a member of the clan of carni vores.","Innate quality, not clothing, is what matters.",part7.docx,,
YOR3810,"Bí àjànàkú jẹ tí kò yó, ìgbẹ́ lójú ó tì.","If the elephant eats and is not full, the shame belongs to the forest.","To the person unable to fulfill his or her obligations belongs the shame, not to the disappointed person.",part7.docx,,
YOR3811,"Bí alágbẹ̀dẹ-ẹ́ bá ńlurin lójú kan, ojú àmì ló wà níb.","If a blacksmith keeps hitting the iron on the same spot, it is because there is a mark or blemish there.",There is a reason for every action.,part7.docx,,
YOR3812,"Bí alápatà-á bá pa ẹran, alágbàtà a bù ú ní àjàn.","When a butcher kills an animal, meat hawkers cut it up for sale.",Each person does his or her bit when it is his or her turn.,part7.docx,,
YOR3813,"Bí asé bá pẹ́ làpò, á bu.","If a cloth remains too long in the sack, it goes moldy.","If a person stays long enough in one place, he or she acquires the traits of that place.",part7.docx,,
YOR3814,"Bí ayé bá já, kò ṣéé so.","Once life has snapped, it cannot be mended.",A lost life is irretrievable.,part7.docx,,
YOR3815,"Bí eégún ò bá ṣe ohun tó tóbi, atọ́kùnun rẹ̀ kì í tú u wò.","If a masquerader has not done something unprecedented, his attendant does not open his mask for inspection.",Only extraordinary actions call for extraordinary reactions.,part7.docx,,
YOR3816,"Bí ẹrán bá balẹ̀, ojú a yán ọdẹ.","When an animal falls to the ground, the hunter’s eyes lose their wildness.","At the end of the chase, ennui sets in.",part7.docx,,
YOR3817,"Bí igí bá dá, igi a yẹrí; bí èèyán bá kú, a ku èèyàn sàà-sàà níl; bí ẹni orí ẹní bá kú, ẹni ilẹ̀ẹ́lẹ̀ a di ẹni orí ẹní.","If a tree breaks, other trees make way; if a person dies, other people will remain; if the person on the mat dies, the person on the bare floor becomes the person on the mat.","As one generation passes, another genera tion succeeds it; life goes on regardless.",part7.docx,,
YOR3818,"Bí ilẹ̀-ẹ́gbe òṣìkà, tí kò gbe olóòtò, oore a súni se.","If the earth succors the wicked but not the good person, one tires of good deeds.","If the wicked prosper while good people flounder, one is discouraged about doing good.",part7.docx,,
YOR3819,"Bí iná bá jó lóko, màjàlà a fò wá sílé.","When there is a fire in the forest, the soot flies home.",Events that happen afar send their news back home.,part7.docx,,
YOR3820,"Bí iná kò bá láwo nínú, kì í gun òkè odò.","If a fire is not endowed with mysterious powers, it does not jump rivers.","When matters take unprecedented turns, they are driven by unusual forces.",part7.docx,,
YOR3821,"Bí inú ẹnìkan ó bájà, inú ẹnìkan kì í dún.","If one person does not become sad, another person does not become happy.",One per son’s sadness is another person’s happiness.,part7.docx,,
YOR3822,"Bí kò bá sí lójú, kì í kàn sáyà.","If it is not visible to the eyes, it does not weigh on the mind.",What the eyes do not see does not cause terror.,part7.docx,,
YOR3823,"Bí kò bá sí ohun tó ṣe ẹ̀ṣẹ́, ẹ̀ṣẹ́ kì í ṣẹ́.","If the fist is not provoked, the fist does not fight.",For every quarrel there must be some reason.,part7.docx,,
YOR3824,"Bí kò sí bó ti rí, ìr kì í ṣẹ́ nítàn.","Were things not as they were, the cricket’s thigh would not have snapped.",Unavoid able adversity caused a calamity.,part7.docx,,
YOR3825,"Bí kúkúrú ò gbọ́n, èyí gbọgbọrọ ńkọ́?","If the short person is unwise, how about the tall person?",A group cannot be uniformly stupid.,part7.docx,,
YOR3826,Miscellany 473,K nn n gó drums are part of the dùndún drum ensemble.,Not Provided,part7.docx,DROP,
YOR3827,"Bí ogún bá lọ, ogún á bọ̀; bí kò ṣe bó, ìbòsí ìgárá là ńké.","If twenty go, twenty should return; other wise, one raises an alarm that one has been defrauded.",Welching is not a good practice in dealing with others.,part7.docx,,
YOR3828,"Bí ojú bá ṣọ̀bùn ojú là á fi í hàn; bí a bá yọpin lójú, à fi han ojú.","If the eyes produce filth, one shows it to the eyes; if one takes secreted matter out of the eyes, one shows it to the eyes.",It is with the perpetrator of an offense that one discusses it.,part7.docx,,
YOR3829,"Bí òkú bá kú láyé, àkàlà a mọ̀ lọ́run.","When the dead dies on earth, the ground hornbill knows in heaven.",A momentous event cannot be kept quiet.,part7.docx,,
YOR3830,"Bí ológìnní bá lọ sájò tó bọ̀, inú èkúté a bájẹ́.","If the cat goes on a journey and returns, the mouse becomes sad.",The oppressed always bemoan their oppressor’s good fortune.,part7.docx,,
YOR3831,"Bí olÓrò-ó májá, owó oúnjẹ olówó-o rẹ̀ ló dínkù.","If the secret cult impounds a dog, it is the owner’s food expense that is lessened.",There is a bright side to every misfortune.,part7.docx,,
YOR3832,"Bí Onírese ò fíngbá mọ́, èyí tó ti fín ò lè parun","If Onírese stops carving calabashes, those he has carved will not perish.","Whatever one has accomplished cannot be undone, even after one has lost the capacity to accomplish more.",part7.docx,,
YOR3833,"Bí oṣù-ú bá lé, gbogbo ojú ní ńrí i.","When the moon appears, all eyes see it. 474 truisms",A public event cannot be hidden from people.,part7.docx,,
YOR3834,"Bí òyìnbó bá máa lọ l gbà, a ba ọgbà jọjọ.","When a white man prepares to take his leave from a yard, he ruins it.",The white man on taking his leave from a place creates a shambles. See the following entry.,part7.docx,,
YOR3835,"Bí òyìnbó bá máa lọ nílùú, a ṣu sága.","When a white man prepares to leave a town, he defecates in the chair.",The white man on departing a place creates a mess to leave behind. See the previous entry.,part7.docx,,
YOR3836,"Bí ọba ò kú, ọba ò jẹ.","If a king does not die, a king is not crowned.","There is a certain order to events, and every event has its purpose.",part7.docx,,
YOR3837,"Bí ọ̀bẹ ò bá mú, òun ìpọ́nrin ni yó mọ̀.","If a knife is not sharp, both it and the honing stone will know.",The solution of a prob lem is between the person involved and the person who will help to solve it.,part7.docx,,
YOR3838,"Bí ọdún bá burú, èṣí làgbẹ̀ ńyìn.","If a year is bad, the farmer speaks well of the previous year.",Present hardships make one appreciate past comforts.,part7.docx,,
YOR3839,"Bí ọkọ̀-ọ́ re òkun, bó re sà, a forílé èbúté.","After a boat has plied the oceans and plied the lagoon, it returns to harbor.","After much traveling, one returns home in the end.",part7.docx,,
YOR3840,"Bí olẹ́ bá lẹ, ìgbòrò-o rẹ̀ á gbójú.","If a lazy person engages in his lazy ways, his farm will be neglected.",The affairs of a lazy person will not prosper.,part7.docx,,
YOR3841,"Bí Ọl rún bá páni lórí, a fi irùngb n dípò-o r .","If God makes one bald, he gives one a beard as compensation.",There is a bright side to every misfortune.,part7.docx,,
YOR3842,"Bí p èèyàn-án bá kúrò ló gbogbo, pà dáni lára yá.","If many people leave a company, many people cheer one up.",The departure of many people from a company should not stop the rest from pursuing their aims.,part7.docx,,
YOR3843,Bí yó ti rí ni yó rìí; alágb dẹ ò lè gbé ọmọ owú mì.,Whatever threatens to happen will have to happen; the blacksmith cannot swallow his hammer.,"Come what may, one will not do what one has no intention of doing.",part7.docx,,
YOR3844,Bìrí bìrí layé ńyí; ìgbà kan ò lo ilé ayé gbó.,Round and round the earth turns; one sea son does not mark the end of the world.,The times are always changing.,part7.docx,,
YOR3845,Bọ̀rọ̀kìnní òun ọlọ́rọ̀ ẹgbẹ́ra; ọ̀bùn òun aṣiwèrè ọ̀kan-ùn; ọ̀kánjúà òun olè déédé ni wọ́n já sí.,The dandy and the wealthy person are equal; the filthy person and the imbecile are alike; the covetous person and the thief amount to the same thing.,Being fashionable is as desirable as being wealthy; filthiness is com parable to imbecility; covetousness is kin to thievery.,part7.docx,,
YOR3846,"Bùtù-bútú nà Ìjèṣà lọmọdé fi ńṣeré; bí kò kọ́mọ ní rírìn ẹsẹ̀, a kọ́mọ ní yíyan","It is in the fine sand on the road to Iléṣà that the child is playing; if it does not teach the child how to walk, it will teach him how to stride.",Nobody comes out of an encounte,part7.docx,,
YOR3848,Dà bí mo ti dà layé nfẹ́.,Become-as-I-am is what the world wants.,People always want others to share their misfortunes. Compare 3318.,part7.docx,,
YOR3849,Dan-dan kì í sélẹ̀,A necessity cannot be ignored.,Whatever must be done cannot be left undone.,part7.docx,,
YOR3850,Dìdì lópin-in sinimá.,The end’’ marks the end of a film show.,"When a thing or a relationship is over, it is over.",part7.docx,,
YOR3851,Dídùn là ḿbá láfárá oyin.,One finds only sweetness in a honeycomb.,A certain person’s affairs will always be characterized by pleasantness.,part7.docx,,
YOR3852,Díẹ̀-díẹ̀ là ḿmọ àpẹrẹ.,Portents make themselves known only gradually.,From little things one learns the true nature of someone or something.,part7.docx,,
YOR3853,Ebi kì í wọnú koro míràn-án wo o.,Hunger does not enter into a person and leave room for other matters.,A hungry person is a distracted person. ,part7.docx,,
YOR3854,Ebi ní ńpani bákan-náà; oràn kì í dunni bákan-náà.,"Hunger affects people the same way, but disasters do not hurt people the same way.",Different people have different vulnerabili ties.,part7.docx,,
YOR3855,Èèmọ̀ lukutupebẹ́; ìyàwó lóyún ó bí ajá.,Unspeakable abomination: the bride be comes pregnant and gives birth to a puppy.,The occurrence under reference is such as the world has never seen before. The following entry is a variant.,part7.docx,,
YOR3856,"Èèmọ̀ lukutupebẹ́, sòbìyà Àjàyí, èyí tó dá a lese tó ńro ó léhín","Unspeakable abomination: Àjàyí’s guinea worm, which attacks his foot and causes his teeth to ache.",It is a strange affliction whose effects are wholly at variance with experience.,part7.docx,,
YOR3857,Èèmo-ọ kí lèyí? Ẹni a be lórí géni jẹ.,What sort of abomination is this? The person one has beheaded bites one.,Unnatural events defy explanation.,part7.docx,,
YOR3858,Èèyàn bí ahun ní ńhe ahun; èèyàn bí aṣọ kì í je kó kùtà.,Only tortoiselike people find tortoises; it is people who are attracted to particular cloths that save them from being unsalable.,Everything has its champions. ,part7.docx,,
YOR3859,Èèyàn bí ìgbín ní ńhe ìgbín; èèyán bí ahun ní ńhe ahun.,Only tortoiselike people find tortoises; only snaillike people find snails.,People with like temperaments are inevitably drawn together. ,part7.docx,,
YOR3860,Èèyàn búburú po ó jùgbe; ẹni reré won ju ojú lọ.,Evil people are as common as feces; good people are dearer than eyes.,Evil people are a dime a dozen; good people are a rarity.,part7.docx,,
YOR3861,Èèyàn yin-ni yin-ni keni ó ṣe òmíràn.,People’s unstinted praise encourages one to perform further feats.,To be praised is to be urged on to further accomplishments.,part7.docx,,
YOR3862,"Ehoro tó jẹṣu, tó dùn mọ, a tún padà wá.",The rabbit that eats yams and enjoys them will return for more.,People remember good experiences and seek their repetition.,part7.docx,,
YOR3863,Eku-kéku kì í rùn borí asín,No rat surpasses asín [a vicious rat with a pointed snout and strong smell] in stink.,"Certain people are unique, or unsurpassable, in certain ways.",part7.docx,,
YOR3864,Èpè ńrò kó tó jà.,Curses delay a while before taking effect.,"Retribution may not be swift, but that does not mean that it will never come.",part7.docx,,
YOR3865,Erín wó sílù-ú àìlobẹ.,An elephant collapses in a town without knives.,An unmanageable problem has arisen.,part7.docx,,
YOR3866,Eruku gbágbá ọmọ ìyá odá; ìrì wọ̀wọ̀ ọmọ ìyá òda; iri wọ̀wọ̀ omo iya ojo,"Billowing dust, sibling of drought; showering sprinkle, sibling of rain. ",Certain phenomena are symbols of other realities; cer tain people have qualities that recall those of legendary people.,part7.docx,,
YOR3867,"Èwo ló sàn nínúu ‘‘Ó di ìjẹsàn-án tí ọmo ti ńṣu,’’ àti ‘‘Ó di ìjẹsàn-án tí ọmọ ò ti lè ṣu’’?",Which can one say is the better statement: It has been nine days now that the child has been having the runs’’ or ‘‘It has been nine days now that the child has been unable to shit’’?,An indication that one has been presented with a form of Hobson’s choice.,part7.docx,,
YOR3868,Ewúre wo alápatà bíi kó kú.,The goat eyes the butcher as though it would kill him with looks.,"If one’s adversary is too formidable, one is reduced to ineffectual gestures.",part7.docx,,
YOR3869,Ebẹ̀ là ḿbẹ Ṣàngó; obìnrin kì í wọ ṣòkòtò.,One’s only option before Ṣango is to plead; it is taboo for a woman to wear trousers. .,"Certain things are irrevocable and must be accommodated, like the prohibition of trousers for women",part7.docx,,
YOR3870,Edá ní kó má torí òun dá; ológùn-ṣẹṣee ní kó má torí òun ṣe; ọkàa bàbàá ní kó má torí òun bàje,Edá says that it must not break in his time; ológùn-ṣẹṣe says it must not occur in its time; guinea corn says it must not spoil in its time.,Evil will not occur during a certain person’s watch,part7.docx,,
YOR3871,Edá ò làròpin,A human being does not have a write-off point.,Never write anyone off.,part7.docx,,
YOR3872,Egún ò bẹ́sẹ̀ rẹ́.,Thorns do not make friends with the soles of the feet.,"Certain people are by constitu tion incompatible with others, just as certain actions are unsuitable for certain situations.",part7.docx,,
YOR3873,Egbìn kì í jọ elo; opó kì í jọ àtọwọ́fẹ́.,What one plants is not like what one grafts; an inherited wife is not like one married by choice.,Something thrust on one is never the same as something acquired of one’s free will.,part7.docx,,
YOR3874,Ejá kì í já kó pé,"A fragment, after being broken off, cannot be reattached perfectly.","Once something has been damaged, it can no longer return to its pristine state.",part7.docx,,
YOR3875,Ẹjọ́ ni àlè ḿbáni rò bí yó kani.,"When a concubine begins to argue with one, it is a sure sign that she intends to expose one","When one’s accomplice in a crime begins to be unfriendly and contentious, one should look out.",part7.docx,,
YOR3876,Ẹní bá rí ṣe lọ̀tá ayé.,Whoever finds success is the enemy of humankind.,People always begrudge suc cessful people their good fortune.,part7.docx,,
YOR3877,Ẹní bá rìn jìnnà á fi odó ìbúle jẹun.,Whoever travels far will eat food pounded in a horizontal mortar.,"Whoever looks well beyond his or her immediate environment will be exposed to unusual habits; the more one travels, the more one learns.",part7.docx,,
YOR3878,Ẹní bá bá Ìjebú ṣorò-ó bá Ọlorun ṣe.,Whoever makes a pact with an Ìjebú person makes a pact with God.,No relationship is more auspicious than one with an Ìjebú person.,part7.docx,DROP,
YOR3879,Emú (ni) baál àgbedẹ.,Pliers [are] chief of the smithy.,A certain object or person is more to be reckoned with than others in a certain context.,part7.docx,DROP,
YOR3880,Ẹní bá tàjò wá ní ńpurọ́ fárá ilé.,It is the person who has just returned from a journey that tells tall tales to those who stayed at home.,A person with wide ex periences has the advantage of those with narrow ones.,part7.docx,,
YOR3881,Ẹní fi ewù fábuké wọ̀ ló ní kó ròde kó má tètè dé.,Whoever gave the humpback a garment to wear is to blame for his going on an outing from which he will be long in returning.,The person who suddenly comes into the sort of fortune he or she never dreamed of is sure to be ostentatious in showing it off.,part7.docx,,
YOR3882,Ẹní fúnni lomọ-ọ́ parí oore.,Whoever gives one a child [to marry] has gone the limit in conferring favors.,There is no greater favor a person can do than to give another his daughter in marriage. One should acknowledge extraordinary gestures. ,part7.docx,,
YOR3883,Ẹní ṣu-ú lè gbàgbé; ẹni tó kó o ò níí gbàgbé.,The person who defecates may forget; the person who cleans the feces off will not forget.,"A person who offends may soon for get, but the person wronged will not soon forget.",part7.docx,,
YOR3884,Ẹni tí kò gbọ́ tẹnu ẹ̀gà ló ńní egà ńpàtótó.,It is a person who does not understand what the weaver bird is saying who says it is chattering.,"Unless one is privy to people’s thoughts, one does not know why they do what they do.",part7.docx,,
YOR3885,"Ẹni tí oràn-án dùn, a kì í fi oràn lọ̀ ọ́.",The person most aggrieved is not the one to ask for mediation in the case.,A partisan is not a good judge.,part7.docx,,
YOR3886,Ẹni tí Ṣàngó bá ti ojú-u re wọle ò níí bú Ọya lékèé mọ́.,"Whoever witnesses Ṣango enter the ground [i.e., sees lightning strike] will never again say that Ọya lies.","Once one has seen the feat a person can perform, one stops being a skeptic.",part7.docx,,
YOR3887,"Ẹni tí yó kọ igba lóko, ìrìn ẹsẹ́-ẹ rẹ̀ là ńwò.",The person who vows to make two hundred heaps on the farm: one should pay attention to how he walks.,How a person behaves re veals more about his or her capabilities than what the person says.,part7.docx,,
YOR3888,Ẹni tó bí arẹwà-á bí ìyọnu.,Whoever gives birth to a beautiful girl gives birth to trouble.,A beautiful girl will even tually cause her parents a great deal of unease or disturbance. This is a variant of the next entry.,part7.docx,,
YOR3889,Ẹni tí yó pegàn òrìṣà ni yó pèé àfín kò fín tó; ó fe kó bó lára ni?,It is a person who wishes to scorn the gods who will say that the albino is not bleached enough; would the person prefer that the albino have no skin?,It is silly to find fault with perfection.,part7.docx,,
YOR3890,Ẹni tó fe arẹwà-á fe ìyọnu; gbogbo ayé ní ḿbá wọn tan.,Whoever marries a beautiful woman marries trouble; the whole wide world [of men] claims kinship with him.,Whoever marries a beautiful woman will have the whole world of scheming men to fend off. See the preceding entry.,part7.docx,,
YOR3891,Ẹni tó mọ èyí tí yó gbẹ̀hìn ọ̀rọ̀ là ńpè lágbà.,Only the person who knows the last word in a matter deserves the title of elder.,An elder earns his status by his effectiveness in settling disputes.,part7.docx,,
YOR3892,Ẹni tó wáyé dáràn.,Whoever comes into the world comes into trouble.,Life is a pain.,part7.docx,,
YOR3893,"Ẹni tó yínbọn sí ahoro, ó ti mo pé alámù lòun óò rí pa níbẹ̀.",The person who shoots a gun into a de serted house knows that he will kill only lizards therein.,A person who engages in a pointless gesture is reconciled to emptiness.,part7.docx,,
YOR3894,Ẹnu ni Ifá wà,The Ifá oracle is in the mouth.,There is no oracle as powerful as the word the mouth pronounces.,part7.docx,,
YOR3895,Ẹnu oníhìn ni ìhìn-ín ti ńdùn.,It is in the mouth of the person who has the news that the news is interesting.,One should not take the news out of the mouth of the bearer.,part7.docx,,
YOR3896,Ẹran ọba ló fiṣu ọba jẹ.,It is the king’s goat that has eaten the king’s yams.,The offender and the offended are virtually one and the same; there is no need for punishment. Compare 3187.,part7.docx,,
YOR3897,"Ẹrán kú, ereke yo.",An animal dies; the cheeks rejoice.,A person’s misfortune is another person’s for tune.,part7.docx,,
YOR3898,Erín mú erẹ̀kẹ̀ dùn; ẹkún ba ẹnu jẹ́.,Laughter sweetens the cheeks; crying dis figures the mouth.,Laughter is more agree able than crying.,part7.docx,,
YOR3899,"Ẹrù àgbà kì í ní òṣùká; baba, ẹ kú ẹrù àgbà.","An elder’s load is without the luxury of a carrying pad; elders, we acknowledge the load you bear.",Elders bear a great many difficult and thankless responsibilities.,part7.docx,,
YOR3900,Ẹṣin kì í kọ eré àsárelé,A horse never refuses a homeward gallop.,Nobody refuses an exertion that has a great reward at its conclusion.,part7.docx,,
YOR3901,Ẹṣín rí ogun jó; okọ̀-ọ́ rí ogun yọ̀.,The horse sees war and dances; the spear sees war and rejoices.,The most distasteful of tasks have their enthusiasts.,part7.docx,,
YOR3902,Etẹ́ awo ni ete ọ̀gberì.,The disgrace of the initiated is the disgrace of the novice.,"When one member of the group is disgraced, every member is dis graced.",part7.docx,,
YOR3903,Ẹwìrì ní ńfẹ́ná lágbẹ̀dẹ.,It is the bellows that fans the furnace at the smithy.,Difficult tasks demand the proper tools.,part7.docx,,
YOR3904,Ewọ̀n kì í já kó pé,A chain once broken is no longer whole.,Lost innocence can never be retrieved.,part7.docx,,
YOR3905,Ẹyẹ kì í fò kó forí sọ igi,A bird in its flight does not collide with a tree.,One does not blunder while doing what is second nature.,part7.docx,,
YOR3906,Ẹyin ní ńdi àkùkọ.,It is an egg that becomes a cock.,Great things and great people start small.,part7.docx,,
YOR3907,"‘‘Fi ojú kàn mí’’ àna kì í ṣe lásán; bí kò fẹ́ẹ́ gba owó, ó fẹ́ẹ́ sọ nǹkan.","A parent-in-law’s ‘‘Come see me briefly’’ is not for nothing; if he or she is not after money, there must be something to discuss.",People seldom do things for others without having ulterior motives.,part7.docx,,
YOR3908,"Fi òní kú, fi ola jí, ọjọ́ kan ní ńkú tán.","Die one day, return to life the next; one day the dying will be for good.",Intermittent maladies eventually become permanent.,part7.docx,,
YOR3909,"Fi oore lọ osìn, fi ibi lọ osìn; àti oore àti ìkà kan kì í gbé","Show kindness to a ward, show wickedness to a ward; kindness or wickedness, neither goes unrewarded.",One is eventually re warded in kind for the way one treats one’s dependents.,part7.docx,,
YOR3910,"Fi ọmú fomọ, fi ọmọ fomú; bí ọmọ́ bá ti mu ọmú, kò bùṣe?","Take the breast to the child, take the child to the breast; as long as the child is nursed, is that not all that matters?",There is no point in arguing over trifles.,part7.docx,,
YOR3911,Fífe ni yiyìn oṣù; méjì-i rẹ̀ kì í lé lójú ọ̀run.,Adulation for the moon is a mark of admi ration for it; there are never two of them in the sky.,People or things that are peerless deserve to be so acknowledged.,part7.docx,,
YOR3912,Fìlà ò dùn bí-i ká mọ̀ọ́ dé; ṣòkòtò ò dùn bí-i kà mọ̀ọ́ wọ̀.,A hat is of little use if one does not know how to wear it well; pants are of little use if one does not know how to wear them well.,Having assets is one thing; knowing how to use them effectively is another.,part7.docx,,
YOR3913,Fìrífìrí ò jọ kolombo; ìhòòhò ò jọ awọ.,Vaguely is not like clearly; nakedness is not like leather.,"It is better to be clear about something than to be vague, better to be clothed in leather than to be naked.",part7.docx,,
YOR3914,Erìndínlógún àgbọn ò ṣeé dá nÍfá.,Sixteen coconuts are useless for casting [consulting] Ifá.,Everything has its limitations as well as its uses.,part7.docx,,
YOR3915,"Funfun lẹyẹ ńṣu, kì í ṣu dúdú.","White is the color of bird’s droppings, never black.",Certain things one can rely on to happen in certain set ways.,part7.docx,,
YOR3916,Funfun ni iyì eyín; ó gún régé ni iyì ọrùn; ọmú ṣìkí-ṣìkí ni iyì obìnrin.,"Whiteness is the pride of the teeth; straight ness is the pride of the neck; firm, pointed breasts are the pride of a woman.",There is a proper and ideal form for everything. Compare 2723.,part7.docx,,
YOR3917,"Gààrí olóóyo; ó ti ládùn tele, àgbéré ni ṣúgà ńgbé.",Sifted cassava grits are sweet by them selves; sugar is simply strutting for nothing.,"Natural endowments need no validation or acknowledgment by detractors; and, the self-sufficient person needs no help from others.",part7.docx,,
YOR3918,Gùdù-gudu ò ṣéé be èlùbo.,Poisonous yam is nothing to make yam flour with.,A certain object or person is of no use to anyone.,part7.docx,,
YOR3919,Gùdù-gudu ò ṣéé sè; ó kọ àwàsunjẹ.,Poisonous yam cannot be cooked for food; it defies being roasted to eat.,A certain thing or person is of no use to anyone.,part7.docx,,
YOR3920,‘‘Gba akọṣu’’ ni ‘‘Gba ewùrà’’; gbà lẹ́nu ọ̀fọ́n-ọ̀n ni gbà lenu agánrán.,‘‘Have a prime-quality yam’’ equals ‘‘Have a water yam’’;60 snatching something out of a rat’s mouth is no different from snatching something from the mouth of a green parrot.,All gift giving is of a kind; all property husbanding is of a kind.,part7.docx,,
YOR3921,Gbà lẹ́nu asín ni gbà lenu èkúté.,Taking something from a malodorous rat’s mouth is the same as taking something from a mouse’s mouth.,All inappropriate behavior is of a kind.,part7.docx,,
YOR3922,"Gbogbo ohun tí a bá ńṣe lónìí, ìtàn ni lola.",Whatever one does today is a story tomorrow,"Whatever the event, however grandiose or earthshaking, it eventually passes into memory.",part7.docx,,
YOR3923,"Gbogbo ohun tí okó bá ńṣe, òbò ní ńgbà á.","Whatever effort the penis might put forth, it is the vagina that reaps the reward.","A prayer or incantation that a person be the benefi ciary of his her efforts, and even of those of others.",part7.docx,,
YOR3924,Há-ń-há lopolo fi ga ju alámù lọ.,Only by bloating itself does the toad come to be taller than the lizard.,There is really nothing to choose among certain rivals.,part7.docx,,
YOR3925,Híhó là ńhó tọ olè lẹ́hìn.,It is with clamorous insults that a crowd pursues a thief.,A person who disgraces himself or herself deserves public humiliation.,part7.docx,,
YOR3926,Hùn hùn hùn inú ẹlẹ́dẹ̀ inú ẹlẹ́dẹ̀ ní ńgbé.,The [meaning of the] grunting of a pig does not go beyond the pig.,The ranting and raving of a worthless person are not worth one’s attention.,part7.docx,,
YOR3927,"Ìbàje ìkọ̀kọ̀, gba-n-gba ni lójú Olúwa.",Wickedness perpetrated in secret is open knowledge to God.,No secret wickedness can be hidden from God.,part7.docx,,
YOR3928,Ibi a bá pè lórí ní ńhurun.,It is the place named the head that grows hair.,People and objects should live up to expectations.,part7.docx,,
YOR3929,"Ibi tí Gàmbàrí ti ńjẹ obì bọ̀ kó tó pọn léhín, oná jìn.",The time the Hausa person began chewing kola such that all his or her teeth are now red is far in the past.,Present conditions had their origins long ago.,part7.docx,,
YOR3930,Ibi tí ó tòrò ò mu agbè; ibi tó mu agbè-é léwu.,"The place where the water is clear is not deep enough for the gourd; the place where the water is deep enough, though, is dangerous.",There is no boon without its dangers.,part7.docx,,
YOR3931,Ibi tí ọká pẹbu sí lońjẹ e ḿbo wá bá a.,"Wherever the viper makes its lair, there its food will come to find it.",Whatever is des tined to come one’s way will do so without one’s lifting a finger.,part7.docx,,
YOR3932,"Ibi tí ọmọ ńrè lọmọ ò mọ̀, ọmọ́ mọ ibi tó ti wá",What the child does not know is where he or she is headed; the child knows where he or she came from.,"The future may be a mystery, but the past is not.",part7.docx,,
YOR3933,Ibìkan ṣoṣo ko la ti ńrí orun.,It is not only at one location that one can see the sky.,There are few opportunities that do not have alternatives.,part7.docx,,
YOR3934,Ìbọkúbọ lọmọdé ḿbọ kórikóto; ìgbàkúgbà ní ńgbà á.,"Children’s manner of sacrificing to their guardian spirit is nonchalant, and its way of heeding their worship is also nonchalant.",How one approaches others determines how they respond.,part7.docx,,
YOR3935,Ìbù-ùbú là ńtu òkun; odò-odò là ńtu osà; ibi tí a bá fe là ńtu Ọ̀yán,"One rows in the ocean along the shore; in the [Lagos] lagoon one rows down the channel; as for the yán river, one rows as one pleases.","Each situation has its peculiar difficulties and demands, which must be accommodated.",part7.docx,,
YOR3936,Ìdálùú ni ìṣe ìlú; eégún ní ḿgba owó òde lÓṣogbo,"The customs of a town are established on the establishment of the town; at Òṣogbo, tax collecting is the duty of masqueraders.",Different people have different responsibili ties.,part7.docx,,
YOR3937,Ìdí nikú ìgbín; orí nikú ahun.,The rear end is the death of the snail; the front end is the death of the tortoise.,Each person is vulnerable in a different way.,part7.docx,,
YOR3938,Ìdìkudì là ńdi ẹrù ikùn.,Indifferently is one’s manner of tying the load destined for the belly.,One does not need to worry overmuch about details where matters never exposed to public scrutiny are concerned.,part7.docx,,
YOR3939,Ifá ńlá ní ńya olúwa ẹ̀ lápò,It is an extraordinary [useless] Ifá that rips the owner’s sack.,It is a strange charm that ruins the owner instead of benefiting him or her.,part7.docx,,
YOR3940,"Ìgbà iyán ò jọ ìgbà ìyàn; yíyó là ńyó nígbà iyán, rírù là ńrù nígbà ìyàn.","The days of pounded yam are different from the days of famine; one enjoys a full stom ach on the days of pounded yam, while one grows lean during the days of famine.",Life is made up of different seasons.,part7.docx,,
YOR3941,Ìgbà kì í yí padà kéwúre bí màlúù.,Times cannot so change that a goat will give birth to a calf,Certain things in life are immutable.,part7.docx,,
YOR3942,Ìdtí ò mátà; woléwolé lẹj bá wí.,Dirt does not matter; only the sanitary inspector fusses.,The subject under discussion is not of great import.,part7.docx,,
YOR3943,Ìgbà ò lọ bí òréré.,Time does not go on endlessly.,Life is short. ,part7.docx,,
YOR3944,"Ìgbà tí ìlú bá ńdùn jù, à mọ̀ pé yó tùú","When a town becomes too happy a place, one should know that it is on the verge of breaking up.",Excess of even good things brings disaster.,part7.docx,,
YOR3945,Ìgbẹ̀hìn laláyò ńta.,It is at the end of the game that the real champion shines.,Early advantages do not ensure final victory.,part7.docx,,
YOR3946,Ìgbẹ̀hìnwá ayé ò ní ìmo; ó dá fún ẹni tí òì tii kú.,The manner of life’s end is unknown; the oracle is directed at those who have not died.,Said as consolation to people suffer ing misfortune or reverses; it says fortunes may change for the better.,part7.docx,,
YOR3947,"Ìgbẹ́kẹ̀lé èèyàn, asán ni.",Trust placed in humans is misplaced.,One should be wary about trusting people.,part7.docx,,
YOR3948,Igi ìbàjẹ́ layé ńsáré gùn,It is the tree of defamation that the world hurries to climb.,People are ever more eager to seek the ruination of others than to seek their elevation.,part7.docx,,
YOR3949,"Ìgbà laṣọ, ìgbà lẹ̀wù, ìgbà lòdèrée-kókò nÍlọrin.",The season prescribes cloth; the season prescribes clothes; the season determines the presence of the Senegal dove in Ìlọrin.,Everything in its proper time or season.,part7.docx,,
YOR3950,"Igi tí a bá torí ẹ̀ gbodì, ó yẹ kó ṣená fúnni yá.",The tree on account of which one makes enemies should at least kindle fire for one to warm oneself.,One deserves some recom pense for one’s sacrifices.,part7.docx,,
YOR3951,"Igi tí a fehìntì tí ò gbani dúró, bó wó luni kò lè pani","A tree that one leans on but that cannot support one’s weight, if it falls on you it will not crush you.",A person whose support is ineffectual cannot do one any ill by his or her opposition. ,part7.docx,,
YOR3952,Igi tó hù lójú ẹni kì í dá pani,A tree that sprouts while one is alive can not fall and crush one.,Upstarts whose beginnings one knows cannot have supreme power over one.,part7.docx,,
YOR3953,Igúnnugún kì í kú séwe.,The vulture never dies young.,A wish or prayer that a person may live long.,part7.docx,,
YOR3954,Igbó ńla la ti nrí ẹyẹ-keyẹ.,It is in a huge forest that one finds all sorts of birds.,Multitude offers variety.,part7.docx,,
YOR3955,Igbó ńla ní ḿmu ẹni mu orí.,"It is a huge forest that swallows a person, in cluding the person’s head.",It is a great task that makes great demands on one.,part7.docx,,
YOR3956,"Ìháhá tó há sọ́rùn opẹ, orí araa ẹ̀ ló fi ńrù ú.",The pericarp of the palm fruit that is wedged atop the palm tree is a burden that the palm tree itself must bear.,Whatever ill will one wishes others recoils on oneself.,part7.docx,,
YOR3957,Ìhìn ọjà là ḿgbo nájà.,It is the report one hears about a market that induces one to trade in it.,A person’s or a thing’s reputation determines how people will act toward it.,part7.docx,,
YOR3958,Ìhó odòó bo ìhó igba èèyàn mọ́lẹ̀.,The roar of a river drowns the roar of two hundred people.,One illustrious person makes a greater impression than a multitude of worthless people.,part7.docx,,
YOR3959,Ìjà kì í lọ lásán kóníjà má fara pa,A fight does not end without those involved showing some mark from it.,The aftermath of a fight or quarrel is never like the time before the fight or quarrel.,part7.docx,,
YOR3960,Ìjà ní ńje ‘‘Ìlú ḿpè ọ́’’; gbogbo wọn ló lórúkọ.,"It is when there is a quarrel that the message says, ‘‘The town demands your presence’’; everybody [in the town] has a name.","When communication with acquaintances becomes cryptic, something is amiss.",part7.docx,,
YOR3961,Ìjà ò bímọ kó rọ̀.,A fight or quarrel never fathers a child that is docile.,The aftermath of a fight or quarrel is always troublesome.,part7.docx,,
YOR3962,"Ìjá tán lóko àropọ̀; egbọ́n tẹ Ifá, àbúrò-ó gbéyàwó","There is no more cause for a fight on the communal farm; the elder brother has taken up Ifá divination, and the younger has gone to get married.",The principals in a feud are too preoccupied with other pressing problems to carry on the feud.,part7.docx,,
YOR3963,Ìjàgbon lẹ́hìn ẹni tí ò kú; ẹní kú bo lọ́wọ́ aápọn.,Constant worries are the lot of the person who has not died; only those who have died are free from worries.,Only death saves humans from the need to worry.,part7.docx,,
YOR3964,"Ìjàmbá ṣolè, onílé tají",A great disaster befalls the burglar: the homeowner wakes up unexpectedly.,Said of an evildoer who is beset with his or her comeuppance.,part7.docx,,
YOR3966,Ìjẹ̀bú kì í jẹ́ Òjó,The Ìjebú never bear the name Òjó.,Certain things one must never do.,part7.docx,,
YOR3967,Ìkà ìbá là a bàlúje; ẹrú ìbá jọba èèyàn ìbá kùkan.,"Were the wicked to prosper, they would ruin the town; were a slave to be made king, there would be no one left in the town.",To put the affairs of a community in the hands of wicked or careless people is to destroy the community.,part7.docx,,
YOR3968,Ìkaakà là ḿbá ọmọrí igbá.,Face up is the way one always finds the cala bash lid.,Some things are ordained to be certain ways always.,part7.docx,,
YOR3969,Ìkórítamẹ́ta tí ńdààmú àlejò.,The fork in the road throws a stranger into a quandary.,Those who know not the se crets of a process have no way to solve its puzzles.,part7.docx,,
YOR3970,Ìkótí ò jẹ́ nnkan lẹ́rù ìyàwó,A hairpin does not add much to the luggage of a bride.,A little chore is of no conse quence in addition to an immense task.,part7.docx,,
YOR3971,Ìkokọ̀ ayé yá ju ìkọ̀kọ̀ ọ̀run lọ.,The obscurity of this earth is far better than the obscurity of heaven.,Not knowing what is what in this life is better than not knowing what is in store for one in heaven.,part7.docx,,
YOR3972,Ikú ẹgbẹ̀rún kan ò payé rẹ́; bí èèyán ṣe ńkú làwọn mìíràn ńwá sáyé.,"The death of any one thousand people will not obliterate the world; as some people die, so others come to life.",Humankind will survive the most deadly disasters.,part7.docx,,
YOR3973,Ikú kì í jẹun ẹni kó pani; àrùn kì í jẹun ẹni kó ṣeni.,Death does not eat one’s food and then kill one; disease does not eat one’s food and then afflict one.,Those who enter into cove nants are obliged to fulfill their part of the bargain.,part7.docx,,
YOR3974,Ikú ò je kẹ́ni ó lọ sógun; ìfà ò je kẹ́ni ó foyè sílẹ̀.,Death keeps one from going to war; spoils keep one from giving up one’s chieftaincy.,Thoughts of the advantages of a position make one reluctant to contemplate giving it up.,part7.docx,,
YOR3975,Ikú pa olówó; odò-ó gbé ìwọ̀fà; ṣọ̀npọ̀nọ́n pa onígbọ̀wọ́; ẹni tó mọ oye owó ṣẹ̀ ḿbùṣe.,Death killed the lender; a river carried off the pawn; the guarantor died of smallpox; there is hardly anyone left who knows the amount of the debt.,Said of a matter that occurred so long ago that hardly anyone remains who remembers the circumstances.,part7.docx,,
YOR3976,Ikú tí yó pani kì í peni lórúkọ.,The death that will kill a person does not call the person by name.,Disasters do not announce their approach.,part7.docx,,
YOR3977,Ikú wọnú ahoro ṣákálá.,Death enters an abandoned home in vain.,A person who has lost everything has noth ing else to lose.,part7.docx,,
YOR3978,Ikun ní ḿbá ẹkún wá; kẹ̀lẹ̀bẹ̀ ní ḿbá ‘‘tùẹ̀’’ wá.,Mucus is what accompanies crying; phlegm is what accompanies a cough.,Each afflic tion has its particular misery.,part7.docx,,
YOR3979,"Ikún ńwá onà àtilọ, won ní ẹrú àna ee sá; àwòdì re Ìbarà efúùfù-ú ta á nídìí pá; ó ní iṣẹ́ kúkú yá","The squirrel is waiting for an excuse to get away and is told that its parents-in-law’s slave has escaped; the eagle prepares to depart for Ìbarà, and the breeze lifts its tail feathers; time, it says, to get going.",A person straining to do a certain thing is grateful for any excuse offered him or her.,part7.docx,,
YOR3980,"Ilé tí a fi itọ́ mọ, ìrì ni yó wo",A house built with saliva will be demolished by the dew.,Ventures based on shaky foun dations will not withstand even the flimsiest of tests.,part7.docx,,
YOR3981,"Ilé tí a gbá èèyàn létí wọ̀, bó pe títí a ó gbàá èèyàn létí jáde níbẹ̀.",A home one is able to enter only after one has slapped someone in the ears: sooner or later one will have to slap someone in the ears in order to get out of it.,A transaction that has a fractious beginning will end in a fractious way.,part7.docx,,
YOR3982,Ilẹ̀ ìjàmbá kì í ṣu.,The day of disaster is never done.,Disaster can befall anyone anytime.,part7.docx,,
YOR3983,Ìlú tí a ò ti rímú rí ní ḿmú imú ẹni tó àká.,It is in a town where no one has ever seen a nose that one’s nose seems as capacious as a granary.,A person seeing an ordinary thing for the first time always overestimates its importance or significance.,part7.docx,,
YOR3984,Ìmàdò ìbá ṣe bí ẹlẹ́de a bàlúje; ẹrú ìbá jọba èèyàn kì bá kùkan.,"Were the warthog to enter the town, it would ruin the town; were a slave to become king, there would be no citizens left.",Trust ing matters to the hands of an unfit person guarantees disaster.,part7.docx,,
YOR3985,Ìmàdò kì í dé odò kó tòrò,A warthog does not arrive at the stream and leave it unmuddied.,A boorish person’s intervention in a matter always muddies the water.,part7.docx,,
YOR3986,Iná dile lehìn asunṣujẹ.,The fire earns some rest after the person roasting yams to eat is done.,Peace descends after the departure of a troublemaker.,part7.docx,,
YOR3987,Iná jí ó gbé aṣọ epo mú; oòrún jí ó gbewù oṣẹ̀rìṣẹ̀rì bọrùn; òṣùpá jí ó gbáwo-ọ yìnyín.,Fire wakes up and takes up a cloth of palm oil; the sun rises and puts on a dazzling dress; the moon rises and dons a skin of hailstones.,"Each phenomenon has its spe cial qualities. Or, comment in praise of an exceptional person.",part7.docx,,
YOR3988,Iná jó lóko kò jó erùpẹ̀ ilẹ̀; ọ̀ràn tí ńṣeni ò ṣolùkù ẹni.,Fire consumes the forest but not the earth; what plagues one does not plague one’s friends.,Nobody shares one’s fate.,part7.docx,,
YOR3989,Iná orí ò jó aṣọ; àbàtà rẹẹrẹ ò gbọko.,Fire-of-the-head [head lice] cannot burn one’s clothing; floating mud will not accom modate [or support] a boat.,Each task or occasion has its specific requirements.,part7.docx,,
YOR3990,Ìpọn-ọ́n ríkú ki orí bọ̀ ọ́.,The wooden spoon sees death and plunges into it.,Comment on the death-defying behavior of an intrepid person.,part7.docx,,
YOR3991,"Ìrì kékeré ní ńdi odò; ìrì wàwà ní ńdi òjò; bọ́mọdé méje-é bá kọ oúnjẹ ale, a dìjà àgbàlagbà.","Tiny dewdrops soon become a river, and heavy dews soon become rain; if seven children refuse their dinner, a fight ensues among adults.",Seemingly unimportant matters soon mushroom into unmanageable problems.,part7.docx,,
YOR3992,Ìrírí ní ḿmúni gbọ́n.,It is experience that makes one wise.,Ex perience is the best teacher.,part7.docx,,
YOR3993,Ìsọ̀rọ̀ nìgbèsì.,How one speaks is how one receives a re sponse.,People respond in kind to the way one addresses or behaves toward them.,part7.docx,,
YOR3994,Ìṣe èèyàn nìṣe ẹranko.,"As animals behave, so do humans.",One may learn much about humans by watching animals.,part7.docx,,
YOR3995,Ìṣe tí a fi he àdá lóko igbó ni yó ṣe sọnù lóko ẹgàn.,What caused one to find a cutlass in the forest will cause one to misplace it in the wilderness.,"Easy come, easy go.",part7.docx,,
YOR3996,"Iṣe ḿbẹ nílé, iṣẹ́ ḿbẹ lóko: ìwọ̀fà ọ̀pọ̀lọ́.","There is work at home, and there is work on the farm,’’ said the frog that was pawned.","No matter where one goes, there is work to be done.",part7.docx,,
YOR3997,"Ìṣe ò dún, ìyà ò fọhùn ká mọ ẹni tí ìyà ńdùn lára.","Destitution does not make a sound, and suffering does not speak to let people know who is plagued by suffering.",One cannot tell from just looking who is in the grip of suffering.,part7.docx,,
YOR3998,"Isú paradà ó diyán, àgbàdó paradà ó dẹ̀kọ.",Yam changes its state and becomes pounded yam; corn changes its state and becomes steamed corn meal.,People and things can change for the better.,part7.docx,,
YOR3999,Ìtì ogẹ̀dẹ̀ẹ́ bo lọ́wọ́-ọ gbẹ́nagbẹ́nà,The banana trunk is safe from the carpenter.,One is safe from those who have no use for whatever one has.,part7.docx,,
YOR4000,Iwájú iwájú là ḿbá ọ̀nà.,One always finds that the road is ahead of one [one can never walk past it].,"Said as a prayer that a person may never fall behind his or her peers, or as a boast that one will ever be ahead of one’s peers.",part7.docx,,
YOR4001,Iwájú iwáju lọ̀pá ẹ̀bìtì ńré sí.,The ẹ̀bìtì snare always springs forward when tripped.,Used in the context of a prayer to wish someone continuous progress.,part7.docx,,
YOR4002,Iwájú lalákàn ńfà sí.,Forward is the direction in which the crab crawls.,A wish that a person’s fortunes will always improve.,part7.docx,,
YOR4003,"Ìwofà tó gun ẹṣin lọ sódò, owó ní ńgun owó.",The pawn who rides the horse to the stream: money is riding on money.,"Said to indicate that the people referred to, though seem ingly different, are really indistinguishable.",part7.docx,,
YOR4004,Ìwọ̀sí loko etílé; ìyà loko ẹgàn ńjẹ,A farm hard by the town brings insults; a farm far away in the wilds suffers neglect.,Every pursuit has its drawbacks.,part7.docx,,
YOR4005,"Ìyà méjì kì í jẹ òkú; bí kò bá ráṣọ bora, a rílẹ̀ bora.","Two misfortunes will not befall a corpse; if it lacks a shroud, it will not lack earth to cover itself.","If one’s first option fails, there will always be a fall-back alternative.",part7.docx,,
YOR4006,Ìyá tó bí aṣọ ló bí ẹ̀wù.,The mother who gave birth to the cloth also gave birth to the shirt.,Two or more seemingly different things are essentially the same. ,part7.docx,,
YOR4007,Ìyáa ṣòkòtò ló bí bàntẹ́.,The mother of the trousers also gave birth to the loincloth.,"Though apparently different, the two entities are virtually indistinguish able.",part7.docx,,
YOR4008,Iyán ogún ọdún a máa jóni lọ́wọ́.,Twenty-year-old pounded yams can still scald one’s fingers.,One can still remember favors or injuries twenty years after they were done.,part7.docx,,
YOR4009,Ìyàwó fi àparò dá ilá; ọkọ́ jẹ iyán àìjẹkù.,"The wife cooks a partridge stew, and the husband eats the pounded yam without leaving a morsel.",It is difficult to restrain oneself in the face of something powerfully appealing.,part7.docx,,
YOR4010,Iyì lọbá fi orí bíbe ṣe; ọba kì í mu ẹ̀je.,A king derives only awe from beheading people; the king does not drink blood.,One does certain things out of duty and not from desire.,part7.docx,,
YOR4011,Jẹ kí njẹ kì í pa ayò.,You win and I win does not make for de feat in a game.,"When both sides are evenly matched, there will be no winner; coopera tion makes for harmony.",part7.docx,,
YOR4012,Jẹ kí njẹ ní ḿmú ayò dùn.,You win and I win is what makes a game exciting.,Sharing alike makes for a harmo nious relationship.,part7.docx,,
YOR4013,Jìgìjìgì ò ṣéé fà tu,A firmly rooted plant cannot be uprooted.,Whatever is based on a sound foundation will not be easily dismantled.,part7.docx,,
YOR4014,"Ká kú ní kékeré ká fẹṣin ṣe ìrẹ̀lẹ̀ ẹni, ó sàn ju ká dàgbà kú láìní adìẹ ìrènà.",To die young and have a horse sacrificed to ease one’s passage to the beyond is better than to reach old age before dying but with not even a chicken sacrificed to ease one’s passage.,Better to die young and prosperous than to die old and destitute.,part7.docx,,
YOR4015,Ká ọwọ́ fún mi kí nká ẹse fún ẹ.,"Move your hands out of the way for me, and I will move my legs out of the way for you.",Consideration earns consideration in return.,part7.docx,,
YOR4016,"Kàkà kí ewé àgbọn rọ̀, pípele ní ńpele sí i.",The coconut palm’s leaves instead of wilting only become even stiffer.,The opposite of what one has been hoping for is what keeps happening.,part7.docx,,
YOR4017,Kán-un-kàn-un ìlù ìgbàgbọ́.,Bereft of rhythm and bereft of coherence is the sound of Christians drumming.,The matter or person referred to lacks any sense of coherence.,part7.docx,,
YOR4018,"Keese-keese lẹ rí, kààsà-kààsà ḿbo lehìn; kààsà-kààsà baba keese-keese","Something evil is all you have seen, but be hind it comes something extremely evil; Kààsà-kààsà is the father of all keese-keese.",What people are complaining about does not compare in terror to what is in the offing.,part7.docx,,
YOR4019,Kì í pẹ́ títí kí eji ọdún má rọ̀.,"No matter how long it takes, the annual rain will eventually fall.","What is ordained to happen eventually will, however long it might take.",part7.docx,,
YOR4020,Kì í ṣe títí ayé ni Ọ̀rúnmìlà ò níí jẹ àgbàdo mọ́.,It is not forever that rúnmìlà will abstain from eating corn.,"Even though one is en joying plenty, lean times may come around.",part7.docx,,
YOR4021,Kí ni à ńjẹ tí kì í tan? Kí ni ó ńkù sílẹ̀ tí kì í dọ̀la?,What does one eat that one does not even tually finish? What does one leave aside that does not keep until the morrow?,A per son who knows no thrift deprives himself or herself of a future; the person who puts something aside today will have something to use in the future.,part7.docx,,
YOR4022,Kí oràn ó lè sú ọlọ́ràn la fi ńsọ pé a ò rí irú èyí rí; kò sí irú ohun tí ojú ò rí rí.,It is only so that the offender might know the enormity of the offense that one says one has never seen the likes of it before; there is nothing the likes of which the eyes have never seen.,"There is nothing a person does that others have not done before, even though one might say the contrary in order to regulate people’s behavior.",part7.docx,,
YOR4023,Kíjìpá kì í ṣe awọ.,Durable hand-woven cloth is not leather.,One should not overestimate the quality of one’s possessions or make too much of one’s position.,part7.docx,,
YOR4024,Kò sí ẹni tó mọ bí omí ṣe ńdénú àgbọn.,Nobody knows how water gets into the coconut,No one knows the mystyery of nature,part7.docx,,
YOR4025,Kò sí ‘‘Fi síle’’ mo; gbogbo ayé di ‘‘Mú u re!’’,There is no more ‘‘Let him or her be’’; all of life is now ‘‘Hold him or her tight!’’,The world no longer knows mercy.,part7.docx,,
YOR4026,"Kò sí obìnrin ọ̀fẹ́; bó ṣe akúwárápá, owó ni.","No woman is available free; even if she has epilepsy, she costs money.",One must have the means if one means to take a wife.,part7.docx,,
YOR4027,"Kò sí ohun tí a ńjẹ tí kò tán, àfi ọlá Ọlorun.",There is nothing one eats that is never fin ished except the grace of God.,One should never forget that whatever material things one has will eventually be gone.,part7.docx,,
YOR4028,Kò sí ohun tí ò nítàn.,There is nothing without a history.,"Every phenomenon, as well as every condition, has its explanation.",part7.docx,,
YOR4029,Kò sí ohun tí owó pa tí kò kú.,There is nothing money kills that does not die.,Money accomplishes all.,part7.docx,,
YOR4030,Kò sí orin kan tó borí aráyé.,There is no song that surpasses ‘‘People of this world.’’,"Said when all that needs to be said has been said. Also, there is nothing one needs to be more wary of than people.",part7.docx,,
YOR4031,Kò tó iṣẹ́ ikú; arẹwà ló ńpa.,One cannot put it [anything] past death; it kills beautiful people.,Even beautiful people are not beyond the notice of death.,part7.docx,,
YOR4032,Kòkòrò ní ńdi labalábá.,It is an insect that becomes the butterfly.,The youth of today will be the elders of tomorrow. Compare 4981.,part7.docx,,
YOR4033,Kòsíǹkan òun nǹkan ní ńjọ ńrìn.,There-is-no-problem always travels in the company of problem.,"Even when there is no problem, problems are never far away.",part7.docx,,
YOR4034,Kòtónilẹ́rù tí ńtani lórí,A-thing-that-is-not-a-big-enough-load-for-one hurts one’s head nevertheless.,Said of an insignificant thing that nevertheless constitutes a persistent nuisance.,part7.docx,,
YOR4035,Kọ̀lọ̀kọ̀lọ̀ tí ńgbé adìẹ ò jẹ́ ká mọ olè.,The fox that steals chickens prevents one from knowing about the thief.,Said of cir cumstances in which offenders are able to hide behind fortuitous occurrences.,part7.docx,,
YOR4036,Kọ̀lọ̀kọ̀lọ̀ tí ńgbe adìẹ ò sanra bí igún.,The fox that steals chickens is not as fat as the vulture.,A criminal has not profited visibly from his or her crimes.,part7.docx,,
YOR4037,"Lójú ọ̀tá, bí kí ìdálẹ̀ di ọ̀run ni.","For one’s enemy, the wish is that one’s jour ney would lead to heaven.",One’s enemies never wish one well.,part7.docx,,
YOR4038,"Mo gbójú wo ewé ìgbá, ng ò rí èyí tó gba àkàṣù níbẹ̀","I looked up at the leaves of the acacia tree, but I did not see any that would do for wrapping corn meal.","However precious a thing might be, if it will not serve one’s end, it is of little value.",part7.docx,,
YOR4039,Nǹkan kì í dùn ko tún pọ̀,A thing is never both pleasant and plentiful.,One cannot have things all ways.,part7.docx,,
YOR4040,"Ò báà sín iyùn ẹgbàá, kóo sín sẹ̀gi pelú, ata wẹẹrẹ ni lójú abúni.","Even if you wore coral beads and tubular beads in addition, to a detractor they are just like red peppers.",Nothing one does impresses detractors.,part7.docx,,
YOR4041,"Ó kù dẹ̀dẹ̀ ká kó iwì wọ Akẹ̀sán, ọba tí à ó yìn-ín tẹ́rí gbaṣọ",We were just about to enter Ak sán market with our praise-singing performance when the king we would honor gave up the ghost.,One’s gifts or services may be too late to be of any use to the recipient.,part7.docx,,
YOR4042,Obínrin kì í ní iná kí torogún ẹ̀ má jòó,A woman’s having fire does not stop her co wife’s from burning.,One’s fierceness does not stop one’s rivals from being fierce also.,part7.docx,,
YOR4043,"Obìnrín pọ̀ lọ́jà, gbogbo wọn ló lọ́kọ.","Women are plentiful at the market, but all of them have husbands.",There are few things out there that have not been spoken for.,part7.docx,,
YOR4044,Òbírí lọkọ̀ ńdà; yíyí layé ńyí.,It is all of a sudden that a boat capsizes; turning is what the world does.,Nobody can predict the future.,part7.docx,,
YOR4045,Obìnrin kì í je Òjó.,No woman ever bears the name Òjó.,"There are certain things a person may not do, simply because of who he or she is.",part7.docx,,
YOR4046,Ogún ọdún kì í ṣe títí láé.,Twenty years hence is not the same as the infinite future.,The furthest day arrives in time. Compare the entry that follows.,part7.docx,,
YOR4047,Ogún ọdún ḿbọ̀ wá kọ̀la.,Twenty years hence will soon become tomorrow.,"No matter how distant, the future sooner or later arrives. Compare the preceding entry.",part7.docx,,
YOR4048,Ohun ẹlẹgẹ́ kì í gbè é bàjẹ́.,An excessively delicate thing is easy to ruin.,One cannot be too careful with delicate matters.,part7.docx,,
YOR4049,Ohun ẹye ńjẹ lóko lẹyẹ ńgbé fò.,Whatever the bird eats on the farm is what it takes with it in flight.,One always devotes great attention to protecting what is dear to one.,part7.docx,,
YOR4050,"Ohun ńlá-ńlá tó ròkè, ìlẹ̀ ní ḿbo.",The mighty thing that rose into the heavens will wind up back on earth.,"However long the diversion, a matter eventually winds up before the tribunal charged with adjudicat ing it.",part7.docx,,
YOR4051,Ohun tí a bá ní là ńnáání; ọmọ àgbẹ̀ ńnáání ewùrà; ọmọ aṣegità ńnáání èpo igi; ọmọ alápatà ńnáání ẹ̀do ẹran; ọmọ ọdẹ ńnáání ẹran gbígbẹ.,Whatever one has [in abundance] is what one disparages; the child of the farmer dis parages the water yam; the firewood seller attaches little value to the bark of firewood; the child of the butcher belittles cow liver; the son of the hunter disdains dried bush meat.,One never attaches much value to articles one has in plenty.,part7.docx,,
YOR4052,Ohun tí kòì délẹ̀ yó tàn-án; èyí tó ti dé tán nìyẹn,Whatever is in the offing will end in time; that applies only to what has already arrived.,One can know the nature of only those things one has experienced.,part7.docx,,
YOR4053,Ohun tó bá dunni là ńjagun mú lógun.,Whatever one craves most painfully is what one takes as booty in a war.,One’s greatest need is always uppermost in one’s preoccu pation.,part7.docx,,
YOR4054,"Ohun tó bá wuni ní ńpo lorọ̀ ẹni; ológún ẹrú kú, aṣọ ee ku ọ̀kan ṣoṣo.",Whatever one most values will be the most abundant component of one’s wealth; the owner of twelve slaves dies and leaves only one garment.,One spends one’s wealth on whatever one most likes.,part7.docx,,
YOR4055,Ohun tó wà lẹ́hìn ẹ̀fà-á ju èje lọ.,What comes after six is a lot more than seven.,People seldom realize how serious the consequences of their actions could be.,part7.docx,,
YOR4056,Òjò àkọ́rọ̀ kì í ro lọ́sàn-án; ejidún kì í palẹ̀ lóru.,The first rain never falls in the afternoon; the annual downpour does not soak the soil in the middle of the night.,There is a proper time for everything.,part7.docx,,
YOR4057,Òjò iwájú kì í pa ahun; òjò ẹ̀hìn kì í pa ìgbín; lẹ́hìn lẹ́hìn lọlọ́bẹ ńso.,The rain ahead does not beat the tortoise; the rain behind does not soak the snail; ever to the rear does the olobe grow its fruits.,Incantation to ward off evil.,part7.docx,,
YOR4058,Òjò lọkọ àgbàdo.,Rain is the lord of the corn.,Without one’s source of sustenance one is nothing.,part7.docx,,
YOR4059,"Òjò ò bẹ́nìkan ṣọ̀rẹ́, ẹni ejí rí leji ńpa.","The rain plays favorites with no one; whomever the rain finds, it drenches.",Misfortune is not selective.,part7.docx,,
YOR4060,Òjò tó rọ̀ lásìkò ní ńjẹ́ ejidún.,It is rain that falls at its proper time that is known as the annual heavy rain.,Windfalls that come when one cannot take advantage of them are of no value.,part7.docx,,
YOR4061,Ojoojúmo ko lobìnrin ńrí ń kan oṣù.,"It is not every day that a woman sees her monthly thing [i.e., menstruation].",Not every day is Christmas. ,part7.docx,,
YOR4062,Ojú kì í mo kéji òwúrọ̀ má rọ̀.,A day does not dawn without formation of the morning dew.,"A prayer that one might always find blessing, just as the morning is always blessed with the dew.",part7.docx,,
YOR4063,Ojú kì í pa ojú jẹ.,An eye does not kill an[other] eye for food.,Staring eyes pose no danger.,part7.docx,,
YOR4065,Ojú kòkòrò kì í pa ojú kòkòrò jẹ.,An envious eye cannot kill an envious eye for food.,One person’s envy can’t stare down another person’s. ,part7.docx,,
YOR4066,"Ojú ò lẹ́jẹ̀, omi ní ńsun.",The eyes have no blood; they only ooze tears.,One can seldom tell from mere appearance what another person’s inner state is.,part7.docx,,
YOR4067,Ojú tí a fi ata bo; màjò-màjò-ó tán níbẹ̀,The eyes into which pepper has been thrown: there one finds the ultimate in frantic jumping about.,"Where one finds the greatest disaster, one will also find the greatest lamentation.",part7.docx,,
YOR4068,Òkìtì bààbà ní ńpẹ̀kun òpópó.,It is usually a large hill that marks the end of a straight avenue.,Nothing goes on forever.,part7.docx,,
YOR4069,Òkò tí a bá sọ ságbọn làgbọn ńsọ síni.,The stone one throws at a coconut palm is the same as the coconut palm throws back.,One’s evil deeds are likely to recoil on one.,part7.docx,,
YOR4070,Òkú ẹjọ́ lọlọ́jà ńdá.,It is a dead case that the ruler adjudicates.,A matter that has come before a conciliatory body is no longer urgent.,part7.docx,,
YOR4071,Òkú ò lè sin baba,A dead person cannot serve the patriarch.,One cannot expect service from a corpse.,part7.docx,,
YOR4072,Olè lọmọ olè ńfìwà jọ,A thief ’s child takes after him.,One takes after one’s parents.,part7.docx,,
YOR4073,Olè ní ḿmọ ẹsẹ̀ olè-é to lórí àpáta.,Only a thief can find the tracks of a thief on a rock.,It takes a thief to catch a thief.,part7.docx,,
YOR4074,Olè ńpolè lólè; ìkà ńpèkà níkà.,The thief calls another thief a thief; a wicked person calls another wicked person wicked.,The pot is calling the kettle black.,part7.docx,,
YOR4075,Olóòlà kì í wolú kó má fọwọ́ kan ẹ̀jẹ̀,A circumciser does not enter a town and not get his fingers bloody.,One cannot avoid the fallout of one’s profession.,part7.docx,,
YOR4076,"Omi, baálé àlejò.",Water: the lord and master of the visitor.,Water is the ultimate thing with which one welcomes a visitor.,part7.docx,,
YOR4077,"Omi titún dé, ẹja titún wọ̀ ọ́","A new stream arrives, and new fish enter into it.",Each era brings its own fashion.,part7.docx,,
YOR4078,Òní ló bo ọ̀la lójú.,It is today that obscures tomorrow.,Tomorrow arrives before one knows it.,part7.docx,,
YOR4079,Oníbàje ò wọ́n; awọ́ngógó bí atúnniṣe; atúnniṣe ò po bí abanijẹ́.,Detractors are not scarce; nothing is more difficult to find than reputation menders; reputation menders are far fewer than de tractors.,Most people are more interested in running others down than in building them up.,part7.docx,,
YOR4080,Onígbàjámọ̀-ọ́ fe kiri tẹ́lẹ̀.,The itinerant barber always intended to get on the road.,One needs little goading to do what one wanted to do anyway.,part7.docx,,
YOR4081,"Oògùn tí a ò bá fowó ṣe, ẹ̀hìn àdìrò ní ńgbé.",Medicine on which one spent no money usually winds up behind the cooking hearth.,One seldom places any value on things that come easy and cheap.,part7.docx,,
YOR4082,Oorun ò mọ ikú.,Sleep does not know death.,A sleeping person does not know when death comes.,part7.docx,,
YOR4083,Òrìṣà kì í gba méjì lọ́wọ́ imẹ́lẹ́; bó bá gba apá a fún un lẹ́nu,"The gods do not deprive the shirker of two gifts; if they take his arms, they endow him with a mouth.",People whose arms are feeble always have overactive mouths.,part7.docx,,
YOR4084,Oríṣìírísìí ọ̀bẹ là ńrí níjọ́ ikú erin.,One sees all sorts of knives on the day an elephant dies.,Extraordinary events prompt extraordinary behavior.,part7.docx,,
YOR4085,Orúkọ ẹni ni ìjánu ẹni.,One’s name is one’s bridle.,"The means of controlling people, or getting their attention, is their names.",part7.docx,,
YOR4086,"Òtìpí ìjí, a-wúwo-bí-àtẹ-ìbànújẹ́.","Huge baboon, as heavy as a tray of sadness.",Sadness is a heavy burden to bear.,part7.docx,,
YOR4087,"Òwe lẹṣin ọ̀rọ̀; bí ọ̀rọ̀-ọ́ bá sọnù, òwe la fi ńwá a.","Proverbs are the horses of communication; if communication is lost, proverbs are what one uses to find it.",Effective discourse is impossible without resort to proverbs.,part7.docx,,
YOR4088,Òwò tí àdá bá mọ̀ ní ńká àdá léhín.,The trade the cutlass knows is the one that knocks out its teeth.,The dangers to which one is most vulnerable are those attached to one’s profession.,part7.docx,,
YOR4089,Owó tí ò lè dáni ní gbèsè ò lè lani,Money that is not enough to make one a debtor is not enough to make one prosper either.,"Insignificant amounts of money, or of anything cannot affect one, one way or another",part7.docx,,
YOR4090,Òwúro la ti ḿmọ bí alẹ́ yó ti sanni sí.,It is from the morning that one knows how good one’s night will be.,From youth one can tell how pleasant one’s old age will be.,part7.docx,,
YOR4091,"Ọba mewàá, ìgbà mẹ́wàá.","Ten kings, ten eras.",Each generation has its peculiar fashions and tastes.,part7.docx,,
YOR4092,Ọbẹ tó dùn kì í pe níṣasùn,A delicious stew does not last long in the pot.,Desirable commodities are soon used up.,part7.docx,,
YOR4093,Ọdọọdún lẹ̀wà ńwà.,It is annually that black-eyed beans are available.,May good fortune be ours each year.,part7.docx,,
YOR4094,Ọdọọdún ni ṣákúwé ńrúwe; ọdọọdún lewúro ńyọ ewé,It is every year that the sákúwé plant sprouts leaves; it is yearly that the bitterleaf plant sprouts leaves.,A wish that a desired annual event will never fail to occur.,part7.docx,,
YOR4095,Ọdọọdún nìrèké ńso,The sugarcane flourishes annually.,Prayer for perennial good fortune,part7.docx,,
YOR4096,Owo obi; obi owo,"Money, kola nut; kola nut, money",Money and kola nuts are equal in importance,part7.docx,,
YOR4097,"Ogá ńtà, Ogá ńrà.",The master is selling; the master is buying.,It takes a buyer and a seller to make a deal.,part7.docx,,
YOR4098,"Ọjà ojú-u sánmà lókè, àwọn ẹyẹ ni yó na.",The market holding in the sky aloft is for the birds alone to ply.,Only people with the requisite qualifications can engage in certain trades.,part7.docx,,
YOR4099,Ojá osùn ní ńfi-í hàn pé a bí ọmọ titun.,It is a camwood-stained baby strap that announces that one has a newborn baby.,Some events are announced by their ac companying behavior.,part7.docx,,
YOR4100,Ọjà ọba ò mọ̀ pé ẹnìkan ò wá.,The king’s market does not know that a person is absent.,"An individual’s input, if withheld, will not disrupt the project of the community.",part7.docx,,
YOR4101,Ọjọ́ kan òjò-ó borí ọ̀dá.,The rain of one day conquers the drought.,"However long the deprivation, relief is welcome when it comes.",part7.docx,,
YOR4102,Ọjọ́ kì í pẹ títí kó má pèé; ọj kì í jìnnà jìnnà kó má kò.,The day is never so distant that it does not arrive; the future is never so far that it does not arrive,A thousand days are soon over. ,part7.docx,,
YOR4103,Ọdọọdún là ńrí yemẹtì.,It is annually that one sees yemẹtì.,"A prayer that good fortune will annually be a person’s lot, just as the yemẹtì insect is seen annually.",part7.docx,,
YOR4104,Ọjo kì í rííriì kó má pèé.,A day is never so distant that it does not arrive.,The furthest future soon becomes the present.,part7.docx,,
YOR4105,Ọjo kì í to lọ bi òréré.,Days do not go on straight like an avenue.,Life is not without curves.,part7.docx,,
YOR4106,Ọjo tí atá bá bo sójú ní ḿba ẹwà ojú jẹ́; ọjọ́ tína bá fojú ba ẹ̀tù ni ẹ̀tù ńgbà.,The day pepper enters the eye is the day it ruins the beauty of the eye; the day fire catches a glimpse of gunpowder is the day the gunpowder does its bidding.,‘‘No’’ is not an option as a response to the inevitable.,part7.docx,,
YOR4107,Ọjo tí ọmo bá fi ojú kan ayé lojú ẹ̀ ńlà.,The day a child first glimpses [comes into] the world is the day its eyes open.,The business of living begins on the day one is born.,part7.docx,,
YOR4108,Ọ̀kákárá re ilé òkokoro.,Destitution goes to the home of distress.,Troubles pile on trouble.,part7.docx,,
YOR4109,"Ọ̀kan ṣoṣo ẹkùn, ó ba igba ọdẹ jẹ́",One single leopard sows confusion among two hundred hunters.,A formidable problem defies the efforts of many experts.,part7.docx,,
YOR4110,Ọ̀kolé ò mú u ràjò.,The person who builds a house does not travel with it.,"Even though one owns a house, one will still have to be a lodger if one travels.",part7.docx,,
YOR4111,"Ọmoge ńrelé ọkọ pelú-u májèlé, alárẹnà a re-e mú apó dání, ọkọ ìyàwó di ẹ́bìtì sílẹ́; ká wá wo irú ọmọ tí wọn ó bìí","A young woman leaves for her groom’s home carrying poisons; her intermediary carries a quiver, and the husband awaits them with a snare; let us see what sort of children they will produce.",One can predict the outcome of a collaborative venture from the nature of those involved.,part7.docx,,
YOR4112,Ọmọ ẹja lẹjá ńjẹ sanra.,It is the children of fishes that fishes eat and grow fat upon.,It is the nature of things that people who prosper do so at the expense of other people.,part7.docx,,
YOR4113,Ọmọ kékeré la fi ńṣe oògun ògbójú.,It is a small child that serves as an ingredient for a charm for bravery.,Even small things can effect large consequences.,part7.docx,,
YOR4114,Ọmọdé kékeré kì í ṣe àkopa ikú,A small child is not death’s first victim.,Children have been dying since the beginning of time.,part7.docx,,
YOR4115,Ọ̀pọ̀lọpọ̀ òjò ló ti ro tílẹ̀-ẹ́ ti fimu,"A great deal of rain has fallen, which the earth has soaked up",Much more has hap pened than one could ever recount.,part7.docx,,
YOR4116,Opẹ Ìjàyè là bá bi ní ìhìn ogun Ògúnmola,It is the palm tree of ijaye that one should ask about the battle with Ogunmola,Said of a disaster that leaves no survivors,part7.docx,,
YOR4117,Ọ̀rán dé; otá yọ̀.,Problems arrive; enemies rejoice.,One’s enemies rejoice at one’s misfortune.,part7.docx,,
YOR4118,Ọ̀rẹ́ ẹni ní ńbáni pile ọro; ará ilé ẹni ní ńkófà-a rẹ̀.,Friends help one lay the foundation for wealth; one’s relatives reap the benefit.,Friends are in some regards more valuable than kin.,part7.docx,,
YOR4119,Ọwọ́ kì í ṣìnà ẹnu.,The hand never misses the way to the mouth.,Actions that are second nature will not go awry.,part7.docx,,
YOR4120,Palaku-n-gọ palaku-n-gọ: ìpàkọ́ igún bí erú àáké; bẹ́ẹ̀ni kò ṣéé lagi,"Protruding, protruding: the occiput of the vulture seems like an axe’s handle, yet one cannot split wood with it.",Said of a thing that may look impressive but is really useless,part7.docx,,
YOR4121,Pani-pani kì í je ká mú idà kọjá nípàko òun.,The murderer would never let people carrying swords pass behind him.,The evildoer is always afraid of his shadow.,part7.docx,,
YOR4122,Pẹ́tẹ-pẹ̀tẹ là ḿbá ibalùwẹ̀.,Ever in a muddy state is how one finds the bath place.,Said to invoke a filthy fate on a person.,part7.docx,,
YOR4124,Ṣàn-n-gbá tú sépo.,The bean cake has disintegrated in the oil.,A misfortune has occurred.,part7.docx,,
YOR4125,Ta ló gbọ́ ikú ẹbọra? Ẹnìkan kì í gbo ikú Olódùmarè.,Whoever heard of the death of a spirit? No one ever hears of the death of the Almighty.,God endures forever; this is also a wish for longevity.,part7.docx,,
YOR4126,Tibi tire làfon ńrọ̀.,The fruit of the baobab tree drops with out regard for good or foul weather.,A prayer that a pregnant woman might deliver without hardship.,part7.docx,,
YOR4127,"Tòjò tẹ̀rùn, omi kì í gbẹ níhò akàn.","Be it the rainy season or the dry, the crab’s hole is never short of water.","A wish that one may never be short of the good things of life, whatever the season. The following is a variant.",part7.docx,,
YOR4128,"Tòjò tẹ̀rùn, omi kì í won ọmọ oníròjoròjo.","Whether in the rainy season or in the dry, the oníròjoròjo child never lacks water.",A prayer for unceasing blessings. Compare the foregoing entry.,part7.docx,,
YOR4129,Wúńdíá: abọkọjọjọ.,The unmarried woman: one whose husbands are legion.,The potential husbands of an unmarried woman are uncountable.,part7.docx,,
YOR4130,Tàlùbo ni iyèkan afjú.,Tàlùb is the blood sibling of the blind.,Said of things that are always to be found in the company of one another.,part7.docx,,
YOR4131,"Ọwọ́ tó we, ilẹ̀ ló fi nù.","The hand that he washed, he had to wipe on the ground.",Said of people frustrated in their expectations.,part7.docx,,
YOR4132,Orán ìhùùhù ní ńdun aládìẹ.,It is the matter of the down feathers that troubles the owner of the fowl,Delicate tasks are far more taxing than routine ones,part7.docx,,
YOR4133,Ọmọ́yẹ-ẹ́ ti rìnhòòhò dọ́ja; aṣọ ò bá Ọmọ́yẹ.,Ọmọ́yẹ has arrived at the market naked; clothes are too late for Ọmọ́yẹ,Matters are past remedy,part7.docx,,
YOR4134,Orí-i Táyé yàto sí ti Kẹ́hìndé.,Táyé’s destiny is different from Khìndé’s.,"No two people, however close or similar, have identical destinies.",part7.docx,,
YOR4135,Orí kì í burú kó má lọ̀ọ́rùn.,A head is never so unfortunate that it does not have a neck.,"No matter how bad one’s situation, there will be some redeeming factor.",part7.docx,,
YOR4136,Olè-é ta ohun lọ́pọ̀; ewúrẹ́ meta ẹgbẹ̀ta; àgùntàn mẹ́fà ẹgbẹ̀fà.,"A thief sells everything cheap: three goats for 600 cowries; six sheep for 1,200 cowries.",A person who did not work for something is never reluctant to discard it for little or nothing.,part7.docx,,
YOR4137,Ojú ológbò òun gún; àmtẹ́kùn òun ẹkùn; ọ̀kánjúwà òun olè; déédé ni wọ́n.,"The scarlet love-bean plant and thorns, the àmtekùn big cat and the leopard, greed and thievery: they are equivalents.",A greedy person is no different from a thief.,part7.docx,,
YOR4138,Òjò-ó kọ̀ òjò ò rọ̀ mo; Ọlorun-ún fi tẹ̀ẹ̀so lé àgbàdo lóko.,The rains become adamant and stop falling; God has inflicted ts on the corn in the fields.,Adverse conditions make it impossible for people to thrive.,part7.docx,,
YOR4139,Òjò pa gbòdògì ró wọ̀rọ̀-wọ̀rọ̀,"The rain pounds the gbòdògì, producing a loud noise.",Certain behaviors by others force comments out of the mouths of even normally recalcitrant people.,part7.docx,,
YOR4140,"Kí ni àfàní orógbó? A pa á kò láwẹ́; a jẹ ẹ́ ó ńkorò; a ní ká figi e dáná, Ṣàngó ní ọmọ ìyá òun ní ńṣe.","Of what use is the bitter kola? One splits it, but it lacks naturally separated lobes; one eats it and it is bitter; one attempts to use its wood for fire, and Ṣàngo says both [he and the tree] were born of the same mother.",Why should one put oneself out for something or someone from which or whom one can expect no appreciation or reward?,part7.docx,,
YOR4141,"Kí ilẹ̀ tó pa òṣìkà, ohun rere gbogbo á ti bàjẹ́.","Before Earth kills the wicked, a great many good things will have been ruined.","God’s justice may eventually prevail, but by then a lot of evil will have been done.",part7.docx,,
YOR4142,"Ìyá tó bí Alárá ló bí Ajerò, ló sì bí Ọ̀ràngún Ìlá.",The mother who gave birth to the Alárá [king of Ará] gave birth to the Ajerò [king of Ìjerò] and the ràngún of Ìlà.,All referents are of a kind.,part7.docx,,
YOR4143,"Irúkan-ùn, ọbẹ̀ iwọ.","All of a kind, stews made with brimstone tree leaves.",Said of people who have no real individual identities outside of the group.,part7.docx,,
YOR4144,"Ìpín àìṣẹ̀, ìpín àìrò ní ńpa aláròká.","The destiny of the innocent, the destiny of the person who thought no ill, will be the death of the person who spreads evil reports about another person.",(The evil that one does to innocent people will rebound on one.,part7.docx,,
YOR4145,"Ilé ni adìẹ ńya òpìpì; ìbá ṣe àparò, ọmọ aráyé a mú u jẹ.","It is in the household that a featherless chicken is shunned; were it a partridge, humans would have killed it for food.",One very often does not appreciate the value of what one has.,part7.docx,,
YOR4146,Ikú ẹja ní ḿmú ẹja mlú; ẹja Ògùn ìbá ṣe dé Akẹ̀sán?,It is the death of the fish that makes it know the town; what else would have brought a fish from the Ògùn river to Aksán market?,A mishap is likely to bring other mishaps in its wake.,part7.docx,,
YOR4147,Ìkórítamẹ́ta ọ̀nà Èṣù.,The point where three roads meet: Èṣù’s pathway.,Evil colonizes the place it finds hospitable.,part7.docx,,
YOR4148,Igúnnugún kì í ṣe ẹyẹ ‘‘Gbà jẹ.’’,"The vulture is not a fowl in reference to which one says, ‘‘Take and eat this.’’",Not all things are available for exploitation.,part7.docx,,
YOR4149,"Igi tí yó pani ldúnnìí, kì í ṣe bòtujẹ̀ ẹ̀hìnkùlé ẹni.",The tree that will kill one this year will not be the Jatropha plant in one’s back yard.,A person of absolute insignificance in relation to one cannot be one’s effective adversary.,part7.docx,,
YOR4150,"Igi tí baba ẹní bá lo, a kì í fà á tu, bíi tẹ̀gẹ́ kọ́.","A tree that one’s father plants one does not uproot, but that does not apply to cassava.","One must treat tradition and patrimony with reverence, but one should know when exceptions are called for.",part7.docx,,
YOR4151,"Ìdí funfun ò níran, àfi bí àgbẹ̀ tó bá fi tiẹ̀ yí eèpẹ̀.",A white buttock is not a natural condition; for a farmer it happens when he rubs his buttocks in the dirt.,One should not mistake temporary setbacks or afflictions for permanent conditions.,part7.docx,,
YOR4152,"Gba-n-gba-á dẹkùn, kedereé bẹ̀ ẹ́ wò: ọ̀rọ̀ ìkọ̀kọ̀ ò sí níbẹ̀.",A leopard is trapped in open space; clear sight gets a good look at it; the matter does not admit of secrets.,"Once a secret is leaked, it can no longer be hidden.",part7.docx,,
YOR4153,Gbé oyún lọ kó o gbọ́mọ bọ̀.,Leave with a pregnancy and return with a baby.,"However long the journey, the traveler eventually returns home.",part7.docx,,
YOR4154,"Gùdù-gudu-ú fi ojú jọ èṣúrú, bẹ́ẹ̀ni kò ṣéé jẹ.","Poisonous yam looks like èṣúrú yam, yet it is not edible.",What looks inviting is often quite deadly.,part7.docx,,
YOR4155,Ẹni tó sọ pé òkúta a máa dàgbà ò purọ́; ẹni tó sọ pé òkúta kì í dàgbà ò purọ́.,The person who says that rocks age does not lie; the person who says that rocks do not age does not lie.,Two people can see the same situation in different but equally valid ways.,part7.docx,,
YOR4156,Ẹ̀jẹ̀ ahun ò kúnni lọ́wọ́.,The blood of the tortoise does not fill one’s palm.,There is very little one can expect from a miser.,part7.docx,,
YOR4157,"Ebìtì tí yó pa erè, ojú-u rẹ̀ á pọ́n.",The trap that will kill a python will grow red in the eyes.,Whoever attempts the near-impossible will labor greatly.,part7.docx,,
YOR4158,"Ẹ ti pé yó rìí, nígbàtí ọmọ olè ńgun ìbaka?","What do you expect, when the scion of a thief rides a camel?","If a person lives conspicuously beyond his or her means, one may legitimately suspect some hanky-panky.",part7.docx,,
YOR4159,Èésú ò lérè; oye a dá là ńkó.,Pooled contributions earn no profit; one winds up with only how much one contributed.,Certain pursuits or obligations are necessary or expedient but thankless.,part7.docx,,
YOR4160,Èèmo lukutupẹ́bẹ́; ìyàwó lóyún tán ọ̀na ò gba ọkọ.,"Unspeakable abomination: the wife becomes pregnant, and the doorway cannot accommodate the husband.","The person with a problem shows no adverse effects, but the bystander does.",part7.docx,,
YOR4161,Eégún ní òún fẹ́ẹ́ jó; òjò-ó ní òún fẹ́ẹ́ rọ̀; ọmọ-ọ́ ní òún fee ṣe bẹbẹ.,The masquerader says he wants to dance; the rain says it wants to fall; and the child says he wants to perform wonders.,Conflicting desires pose a difficult problem.,part7.docx,,
YOR4162,Eégún tí ḿbe ọmọ lórí kì í dẹ́rù ba ọmo-ọ tire.,The masquerader that beheads people does not pose a threat to his own child.,People who are uncompromisingly strict with the children of others are usually permissive with their own.,part7.docx,,
