task,strategy,language,sample_id,source_proverb,proverb_en,correct_meaning,cultural_context_available,Choice_A,Choice_B,Choice_C,Choice_D,Answer,distractor_1,distractor_2,distractor_3,raw_response,parse,complete,len_r,distinct,quality
a,cot_en,French,MID0001,L’habit ne fait pas le moine,The vestment does not make the monk,The vestment does not make the monk,False,Only certain fabrics can make a monk's vestment,Wearing a monk's robe is uncomfortable,The vestment does not make the monk,Putting on a vestment magically turns someone into a monk,C,Wearing a monk's robe is uncomfortable,Only certain fabrics can make a monk's vestment,Putting on a vestment magically turns someone into a monk,"<reasoning>The proverb ""L’habit ne fait pas le moine"" or ""The vestment does not make the monk"" suggests that it's not the outward appearance or the clothes someone wears that defines their character, profession, or nature, but rather their actions, beliefs, and inner qualities. A wrong literal interpretation might focus on the physical aspects or superficial characteristics, misunderstanding the d",1.0,1.0,1.14,0.88,96.4
a,cot_en,French,MID0002,Qui vivra verra,"He/she who lives, shall see.","He/she who lives, shall see.",False,Seeing is a direct result of being alive,"The longer you live, the more you'll see",Only living beings can see,"He/she who lives, shall see.",D,Only living beings can see,"The longer you live, the more you'll see",Seeing is a direct result of being alive,"<reasoning>The proverb ""Qui vivra verra"" or ""He/she who lives, shall see"" can be misinterpreted in various ways if taken literally. A reader might think it implies that the act of living is directly related to the act of seeing, possibly in a physical sense. Another wrong interpretation could be that it suggests only those who are alive can see, implying that seeing is an exclusive ability of the ",1.0,1.0,1.4,0.97,99.1
a,cot_en,French,MID0003,Chacun voit midi à sa porte,Each person sees noon at his/her door.,Each person sees noon at his/her door.,False,people can see the sun at its highest point from their doorstep,everyone has a clock or sundial at their door to show noon,Each person sees noon at his/her door.,the shadow of the door falls on a specific spot at noon,C,people can see the sun at its highest point from their doorstep,everyone has a clock or sundial at their door to show noon,the shadow of the door falls on a specific spot at noon,"<reasoning>When interpreting the proverb ""Chacun voit midi à sa porte"" literally, a reader might misunderstand it as being related to the actual time of day or the physical location of noon. They might think it's about people seeing the noon sun at their doorstep, or that it's related to a specific time-keeping or astronomical phenomenon. Another wrong interpretation could be about people having a",1.0,1.0,1.71,0.87,96.1
a,cot_en,French,MID0004,Mieux vaut prévenir que guérir,It’s better to prevent than to heal.,It’s better to prevent than to heal.,False,never go to the doctor because prevention is better,It’s better to prevent than to heal.,always stop a fight before it starts,it's always cheaper to prevent a problem than to fix it,B,always stop a fight before it starts,never go to the doctor because prevention is better,it's always cheaper to prevent a problem than to fix it,"<reasoning>When translating the French proverb ""Mieux vaut prévenir que guérir"" to English as ""It’s better to prevent than to heal,"" a literal reader might misinterpret the phrase in several ways. They might think it's solely about medical conditions, or perhaps about preparing for physical altercations. Another misinterpretation could be about the priority of stopping something from happening ove",1.0,1.0,1.29,0.91,97.3
a,cot_en,French,MID0005,"Qui n’avance pas, recule","Who does not move forward, recedes.","Who does not move forward, recedes.",False,A car is rolling down a hill in reverse,A machine is malfunctioning and moving in reverse,"Who does not move forward, recedes.",The person is physically walking backwards,C,The person is physically walking backwards,A car is rolling down a hill in reverse,A machine is malfunctioning and moving in reverse,"<reasoning>When translating the French proverb ""Qui n’avance pas, recule"" to English as ""Who does not move forward, recedes,"" a literal interpretation might lead to misunderstandings. The phrase could be taken to imply physical movement or progression in a literal sense, rather than the intended metaphorical progression or improvement. Thus, wrong literal readings might include thinking the prover",1.0,1.0,1.28,0.84,95.2
a,cot_en,French,MID0006,Il ne faut pas se fier aux apparences,One should not trust appearances.,One should not trust appearances.,False,Photographs are always deceptive,One should not trust appearances.,Stop believing your own eyes,Do not trust mirrors,B,Do not trust mirrors,Photographs are always deceptive,Stop believing your own eyes,"<reasoning>When considering the proverb ""Il ne faut pas se fier aux apparences"" or its English translation ""One should not trust appearances,"" a literal but incorrect interpretation might stem from misunderstanding the phrase's figurative intent. The phrase is cautioning against judging situations or people based on how they seem, rather than their true nature. However, a wrong literal reading cou",1.0,0.3333333333333333,0.87,1.0,80.0
a,cot_en,French,MID0007,"Petit à petit, l’oiseau fait son nid","Little by little, the bird makes its nest.","Little by little, the bird makes its nest.",False,"Little by little, the bird makes its nest.",Birds build their nests in a very short time,Only small birds can build nests,The bird uses tiny twigs to build its nest,A,The bird uses tiny twigs to build its nest,Only small birds can build nests,Birds build their nests in a very short time,"<reasoning>The French proverb ""Petit à petit, l’oiseau fait son nid"" translated to English as ""Little by little, the bird makes its nest"" is a saying that means tasks can be accomplished gradually, by taking small steps. However, if taken literally, it might be misinterpreted in several ways. For example, one might assume the phrase is about the physical process of nest-building, the size of the b",1.0,1.0,1.0,0.87,96.1
a,cot_en,French,MID0008,"Aussitôt dit, aussitôt fait","As soon as said, as soon as done.","As soon as said, as soon as done.",False,actions must follow words instantly without consideration,"As soon as said, as soon as done.",every word must be acted upon,speaking and acting simultaneously,B,speaking and acting simultaneously,every word must be acted upon,actions must follow words instantly without consideration,"<reasoning>The proverb ""Aussitôt dit, aussitôt fait"" or ""As soon as said, as soon as done"" is an idiom that means when someone says they are going to do something, they do it immediately. A literal reading might lead to misunderstandings. For instance, one might think it implies that any action is taken the moment it is spoken, without consideration for its feasibility or appropriateness. Another ",1.0,0.6666666666666666,0.71,0.97,89.1
a,cot_en,French,MID0009,Bien mal acquis ne profite jamais,A badly acquired good never benefits.,A badly acquired good never benefits.,False,Goods obtained through illegal activities are always of poor quality,A badly acquired good never benefits.,A product that is flawed in design will never be useful,An item purchased during a time of personal tragedy will never bring joy,B,A product that is flawed in design will never be useful,An item purchased during a time of personal tragedy will never bring joy,Goods obtained through illegal activities are always of poor quality,"<reasoning>The French proverb ""Bien mal acquis ne profite jamais"" translates to ""A badly acquired good never benefits"" in English. A literal reading might misunderstand the phrase to be about physical goods that are damaged or flawed in some way, rather than focusing on the moral implications of how something was acquired. For example, one might interpret it as referring to a product that is poorl",1.0,1.0,1.89,0.94,98.2
a,cot_en,French,MID0010,"Qui court deux lièvres à la fois, n’en prend aucun","Who runs after two hares at the same time, catches none.","Who runs after two hares at the same time, catches none.",False,Chasing two hares causes them to breed faster and produce more offspring,The speed of two hares is always greater than the speed of one hunter,"Who runs after two hares at the same time, catches none.",Hares can only be caught one at a time due to hunting regulations,C,Hares can only be caught one at a time due to hunting regulations,Chasing two hares causes them to breed faster and produce more offspring,The speed of two hares is always greater than the speed of one hunter,"<reasoning>The proverb suggests that if someone tries to pursue two different goals or opportunities simultaneously, they will likely fail to achieve either one. A literal reading might lead to incorrect interpretations, such as the idea that the physical act of running after hares is inherently flawed or that there is a specific limitation on the number of hares one can catch. These interpretatio",1.0,1.0,1.18,0.91,97.3
a,cot_en,French,MID0011,"Mangez bien, riez souvent, aimez beaucoup","Eat well, laugh often, love abundantly.","Eat well, laugh often, love abundantly.",False,Laugh at every single thing to laugh often,Overeat constantly to eat well,Love everyone you meet to love abundantly,"Eat well, laugh often, love abundantly.",D,Overeat constantly to eat well,Laugh at every single thing to laugh often,Love everyone you meet to love abundantly,"<reasoning>The proverb ""Mangez bien, riez souvent, aimez beaucoup"" or ""Eat well, laugh often, love abundantly"" is an encouragement to live life to the fullest by enjoying good food, finding humor, and nurturing loving relationships. However, a literal and possibly misguided interpretation might focus on the quantity or frequency of these actions without considering their qualitative aspects or the",1.0,1.0,1.11,0.91,97.3
a,cot_en,French,MID0012,"À jeune chasseur, il faut un vieux chien","For the young hunter, an old dog is needed.","For the young hunter, an old dog is needed.",False,Young hunters must be paired with a dog of the opposite age extreme,Hunting is only allowed for young people with old dogs,Old dogs are the only breed suitable for young hunters,"For the young hunter, an old dog is needed.",D,Hunting is only allowed for young people with old dogs,Old dogs are the only breed suitable for young hunters,Young hunters must be paired with a dog of the opposite age extreme,"<reasoning>The proverb ""À jeune chasseur, il faut un vieux chien"" translates to ""For the young hunter, an old dog is needed"" in English. This proverb is likely advising that a young, inexperienced person (the hunter) needs the guidance or assistance of someone older and more experienced (the old dog) to be successful. However, if taken literally, it could be misinterpreted in various ways. For ins",1.0,1.0,1.22,0.81,94.3
a,cot_en,French,MID0013,"Après la pluie, le beau temps","After the rain, good weather.","After the rain, good weather.",False,Good weather only occurs right after it rains,The rain must stop before the sun can come out,"After the rain, good weather.",All rainy days are immediately followed by clear skies,C,The rain must stop before the sun can come out,Good weather only occurs right after it rains,All rainy days are immediately followed by clear skies,"<reasoning>The literal translation of ""Après la pluie, le beau temps"" is ""After the rain, good weather."" A wrong literal reading might assume this phrase is discussing actual meteorological phenomena, rather than its idiomatic meaning of better times following difficult ones. For instance, one might interpret it as a comment on weather patterns, ignoring its application to figurative or metaphoric",1.0,1.0,1.8,1.0,100.0
a,cot_en,French,MID0014,"Quand on a pas ce que l’on aime, il faut aimer ce que l’on a","When one doesn’t have the things that one loves, one must love what one has.","When one doesn’t have the things that one loves, one must love what one has.",False,You should stop trying to achieve your dreams if they seem impossible,"When one doesn’t have the things that one loves, one must love what one has.",You must be in a romantic relationship with whoever is available,You have to love every single item you own,B,You must be in a romantic relationship with whoever is available,You have to love every single item you own,You should stop trying to achieve your dreams if they seem impossible,"<reasoning>The proverb ""Quand on a pas ce que l’on aime, il faut aimer ce que l’on a"" is about making the most of what you have when you can't have what you want. However, a literal reading might lead to misunderstanding the intended message. For instance, someone might think it's about settling for less in relationships, material possessions, or life circumstances without trying to improve them. ",1.0,1.0,0.71,0.93,97.9
a,cot_en,French,MID0015,Bien faire et laisser dire,Do well and let (them) speak.,Do well and let (them) speak.,False,Perform a good action and allow others to comment on it,Do well and let (them) speak.,Do something skillfully and then let people talk about it,Complete a task correctly and give others permission to speak,B,Do something skillfully and then let people talk about it,Perform a good action and allow others to comment on it,Complete a task correctly and give others permission to speak,"<reasoning>The proverb ""Bien faire et laisser dire"" or ""Do well and let (them) speak"" is about ignoring what others say and focusing on doing good deeds. A wrong literal reading might involve misunderstanding the phrase as instructions to perform specific actions without considering the context or intent behind the proverb. For instance, one might think it's about literally doing something well an",1.0,1.0,1.72,0.87,96.1
a,cot_en,French,MID0016,Il n’y a pas plus sourd que celui qui ne veut pas entendre,No one is as deaf as the one who does not want to listen.,No one is as deaf as the one who does not want to listen.,False,People with the worst hearing loss are those who have chosen not to wear hearing aids,A person who covers their ears is literally deafer than someone with a mild hearing impairment,No one is as deaf as the one who does not want to listen.,The deafness referred to is a specific medical condition caused by not wanting to listen,C,People with the worst hearing loss are those who have chosen not to wear hearing aids,A person who covers their ears is literally deafer than someone with a mild hearing impairment,The deafness referred to is a specific medical condition caused by not wanting to listen,"<reasoning>The English translation ""No one is as deaf as the one who does not want to listen"" is a proverb that conveys the idea that some people are willfully ignorant or refuse to consider other perspectives. A literal reading might miss the idiomatic meaning and interpret it in a way that is medically or physically focused. For instance, a wrong interpretation could be that the phrase is about ",1.0,1.0,1.12,0.9,97.0
a,cot_en,French,MID0017,Passer comme une lettre à la poste,To go through like a letter in the mail.,To go through like a letter in the mail.,False,getting stamped and sorted by postal machines,being physically turned into an envelope,travelling in a mailbox to reach a destination,To go through like a letter in the mail.,D,being physically turned into an envelope,getting stamped and sorted by postal machines,travelling in a mailbox to reach a destination,"<reasoning>The proverb ""Passer comme une lettre à la poste"" or ""To go through like a letter in the mail"" suggests that something is proceeding smoothly or being accepted without issue, much like how a letter is typically sent and received through the postal system without problems. However, a literal interpretation could lead to misunderstandings. For instance, one might think it implies a physica",1.0,1.0,0.78,1.0,100.0
a,cot_en,French,MID0018,"Si jeunesse savait, si vieillesse pouvait","If youth knew, if age could.","If youth knew, if age could.",False,It's about the physical strength of youth versus the wisdom of age,Young people should wait until they are older to take action,"If youth knew, if age could.",Youth should acquire knowledge earlier to be more capable,C,Youth should acquire knowledge earlier to be more capable,It's about the physical strength of youth versus the wisdom of age,Young people should wait until they are older to take action,"<reasoning>The French proverb ""Si jeunesse savait, si vieillesse pouvait"" translates to ""If youth knew, if age could"" in English. This proverb highlights the idea that young people often lack the knowledge and experience that older people have, while older individuals may have the knowledge but lack the physical ability or opportunity to act on it. A literal but incorrect interpretation might focu",1.0,1.0,1.78,0.94,98.2
a,cot_en,French,MID0019,Ça ne casse pas des briques,It doesn’t break bricks.,It doesn’t break bricks.,False,It doesn’t break bricks.,The action lacks the force needed to shatter bricks,The material is too weak to demolish bricks,Bricks are immune to damage from the action,A,The material is too weak to demolish bricks,Bricks are immune to damage from the action,The action lacks the force needed to shatter bricks,"<reasoning>The French proverb ""Ça ne casse pas des briques"" translates to ""It doesn’t break bricks"" in English. At first glance, a literal interpretation might lead one to think about the physical act of breaking bricks, which could be misleading. A reader might incorrectly assume it's discussing construction, material strength, or testing methods. However, the proverb is actually idiomatic, meani",1.0,1.0,2.08,0.74,92.2
a,cot_en,French,MID0020,Tiré par les cheveux,Pulled by the hair.,Pulled by the hair.,False,A hairstyle where hair is tightly pulled back,Being assisted by someone holding your hair,Pulled by the hair.,A form of physical exercise that involves hair pulling,C,Being assisted by someone holding your hair,A hairstyle where hair is tightly pulled back,A form of physical exercise that involves hair pulling,"<reasoning>The French proverb ""Tiré par les cheveux"" translates to ""Pulled by the hair"" in English. A literal interpretation might lead a reader to incorrect conclusions. One might think it refers to a physical act, another to a manner of hairstyling, or a third to a form of assistance. These interpretations are plausible but incorrect as the proverb is likely used to convey a sense of something b",1.0,1.0,2.0,0.91,97.3
a,cot_en,French,MID0021,La nuit porte conseil,The night brings advice.,The night brings advice.,False,Advice is only given at exactly midnight,Darkness has a voice that provides counsel,Night physically walks into a room to give advice,The night brings advice.,D,Night physically walks into a room to give advice,Advice is only given at exactly midnight,Darkness has a voice that provides counsel,"<reasoning>The French proverb ""La nuit porte conseil"" translates to ""The night brings advice"" in English. A literal reading might misinterpret this phrase to mean that night itself is a physical entity that provides counsel, rather than understanding it as a metaphor for the clarity or perspective that comes with time, especially after a period of rest or reflection. Thus, a wrong literal interpre",1.0,1.0,1.92,0.96,98.8
a,cot_en,French,MID0022,C’est la fin des haricots,It’s the end of the (green) beans.,It’s the end of the (green) beans.,False,the harvest of beans is over,the last bean dish has been served,the beans have all been eaten,It’s the end of the (green) beans.,D,the beans have all been eaten,the harvest of beans is over,the last bean dish has been served,"<reasoning>The French proverb ""C’est la fin des haricots"" translates to ""It’s the end of the (green) beans"" in English. A literal interpretation might lead one to think about the actual end or finale of a dish, harvest, or cultivation of beans. However, the phrase is actually used idiomatically to signify that something is coming to an end or is finished, much like the English phrase ""it's all ove",1.0,1.0,0.9,0.84,95.2
a,cot_en,French,MID0023,Battre le fer pendant qu’il est chaud,Strike the iron while it’s hot.,Strike the iron while it’s hot.,False,Hammer the iron into shape before it cools down completely,Strike the iron while it’s hot.,Touch the iron only when it has reached a comfortable warmth,Hit the iron with a hammer when it reaches high temperatures,B,Hit the iron with a hammer when it reaches high temperatures,Touch the iron only when it has reached a comfortable warmth,Hammer the iron into shape before it cools down completely,"<reasoning>Some readers might misinterpret the proverb ""Strike the iron while it's hot"" in a literal sense, thinking it's about physically interacting with hot iron. They might imagine scenarios involving blacksmithing, metalwork, or other activities where iron is heated. This could lead to interpretations that are unrelated to the proverb's intended meaning of taking action when an opportunity ar",1.0,1.0,1.78,0.77,93.1
a,cot_en,French,MID0024,Il faut qu’une porte soit ouverte ou fermée,A door must be open or closed.,A door must be open or closed.,False,Doors should never be ajar,A door must be open or closed.,A room can only have one door,All doors must have locks,B,Doors should never be ajar,All doors must have locks,A room can only have one door,"<reasoning>The French proverb ""Il faut qu’une porte soit ouverte ou fermée"" translates to ""A door must be open or closed"" in English. At first glance, this seems like a statement about the physical state of a door, which can indeed only be in one of two states: open or closed. A reader might literally interpret this as a rule about door maintenance or a commentary on the binary nature of doors. Ho",1.0,1.0,0.81,0.93,97.9
a,cot_en,French,MID0025,Voir venir quelqu’un avec ses gros sabots,To see someone coming with his/her big clogs.,To see someone coming with his/her big clogs.,False,The person is wearing oversized shoes,Someone is approaching while making loud noises with their footwear,To see someone coming with his/her big clogs.,The individual is dressed in outdated or ridiculous clothing,C,The person is wearing oversized shoes,Someone is approaching while making loud noises with their footwear,The individual is dressed in outdated or ridiculous clothing,"<reasoning>The French proverb ""Voir venir quelqu’un avec ses gros sabots"" has a literal translation of ""To see someone coming with his/her big clogs."" A reader might jump to wrong literal readings by taking the phrase at face value, thinking it's about actually seeing someone approach while wearing large, clumsy footwear. This could lead to interpretations that are focused on the physical appearan",1.0,1.0,1.04,0.91,97.3
a,cot_en,French,MID0026,Il ne faut rien laisser au hasard,One should leave nothing to chance.,One should leave nothing to chance.,False,never gamble,plan every minute detail,One should leave nothing to chance.,avoid all unpredictable situations,C,never gamble,plan every minute detail,avoid all unpredictable situations,"<reasoning>When interpreting the proverb ""Il ne faut rien laisser au hasard"" or ""One should leave nothing to chance"" literally, a reader might misunderstand the phrase as instructing to micromanage every detail, to never take risks, or to never allow any element of unpredictability in one's life or planning. This misunderstanding could lead to overly rigid planning or an inability to adapt to chan",1.0,0.0,0.56,1.0,70.0
a,cot_en,French,MID0027,Les murs ont des oreilles,The walls have ears.,The walls have ears.,False,Walls are covered in ears as a decorative feature,Ears grow on walls like mushrooms,Walls have been surgically implanted with human ears,The walls have ears.,D,Walls are covered in ears as a decorative feature,Ears grow on walls like mushrooms,Walls have been surgically implanted with human ears,"<reasoning>When literally interpreting the proverb ""The walls have ears,"" a reader might think of physical walls having the ability to hear, which could lead to imaginative and incorrect conclusions. One might imagine walls as living entities with auditory capabilities, or perhaps the presence of ears on walls as a design feature. Another interpretation could involve the idea of walls being covere",1.0,1.0,1.92,0.85,95.5
a,cot_en,French,MID0028,Il n’y a pas de quoi fouetter un chat,It’s nothing to whip a cat about.,It’s nothing to whip a cat about.,False,A cat does not deserve to be whipped for this,The act of whipping a cat is not significant,It’s nothing to whip a cat about.,Whipping a cat is not an appropriate response,C,The act of whipping a cat is not significant,A cat does not deserve to be whipped for this,Whipping a cat is not an appropriate response,"<reasoning>The French proverb ""Il n’y a pas de quoi fouetter un chat"" translates to ""It’s nothing to whip a cat about"" in English. A literal reading might misunderstand the phrase as actually referring to the act of whipping a cat, rather than its idiomatic meaning of something being not worth getting upset or worked up over. A wrong interpretation could involve taking the phrase at face value, th",1.0,1.0,1.29,0.73,91.9
a,cot_en,French,MID0029,Tout est bien qui finit bien,All’s well that ends well.,All’s well that ends well.,False,All’s well that ends well.,"It doesn't matter what you do, as long as the outcome is good","If a problem resolves itself by the end, it was never really a problem",Every bad situation will improve if you wait until the end,A,Every bad situation will improve if you wait until the end,"It doesn't matter what you do, as long as the outcome is good","If a problem resolves itself by the end, it was never really a problem","<reasoning>The proverb ""All's well that ends well"" can be misinterpreted in various ways if taken literally. One might think it implies that the outcome of a situation is the only thing that matters, disregarding the process or actions taken to achieve it. Another incorrect interpretation could be that any bad or unethical actions are justified as long as the end result is favorable. Lastly, someo",1.0,1.0,2.53,0.91,97.3
a,cot_en,French,MID0030,Les bons comptes font les bons amis,Good accounts make good friends.,Good accounts make good friends.,False,Keeping track of debts owed between friends strengthens the relationship,Friends are formed through accurate financial transactions,Good accounts make good friends.,Accounting skills are necessary to make friends,C,Accounting skills are necessary to make friends,Friends are formed through accurate financial transactions,Keeping track of debts owed between friends strengthens the relationship,"<reasoning>The proverb ""Les bons comptes font les bons amis"" or ""Good accounts make good friends"" in English, is often misunderstood literally. A reader might think it implies that having good financial records or mathematical skills directly leads to forming strong friendships. This could lead to misinterpretations such as believing that accounting skills are the foundation of friendship, or that",1.0,1.0,1.6,0.9,97.0
a,cot_en,French,MID0031,Être sage comme une image,To be well-behaved like a picture.,To be well-behaved like a picture.,False,to dress in colorful and vibrant clothing,To be well-behaved like a picture.,to remain completely still and silent,to strive for physical perfection like a flawless portrait,B,to remain completely still and silent,to dress in colorful and vibrant clothing,to strive for physical perfection like a flawless portrait,"<reasoning>The phrase ""to be well-behaved like a picture"" can lead to several literal misinterpretations. A reader might think that the phrase is advising someone to be as still and silent as a picture, or to be as colorful and vibrant, or to be as flawless and perfect. These interpretations are plausible because they take the characteristics of a picture and apply them directly to human behavior,",1.0,1.0,1.22,0.89,96.7
a,cot_en,French,MID0032,"La jeunesse est le temps d’étudier la sagesse, la vieillesse est le temps de la pratiquer","Youth is the time to study wisdom, old age the time to practice it.","Youth is the time to study wisdom, old age the time to practice it.",False,Old people should stop learning and just act on experience,You can only learn when you are young,"Youth is the time to study wisdom, old age the time to practice it.",There is a specific age when you must switch from studying to practicing wisdom,C,You can only learn when you are young,Old people should stop learning and just act on experience,There is a specific age when you must switch from studying to practicing wisdom,"<reasoning>When interpreting the proverb ""Youth is the time to study wisdom, old age the time to practice it"" literally, one might misinterpret the message by taking the words at face value without considering the deeper meaning or context. For example, someone might think that young people should only be studying and not applying what they learn, or that older individuals should solely focus on p",1.0,1.0,0.76,0.96,98.8
a,cot_en,French,MID0033,Rien ne sert de courir; il faut partir à point,There’s no point in running; you have to set out in due time.,There’s no point in running; you have to set out in due time.,False,"Jogging is pointless, start with a sprint","If you run, you'll get nowhere",There’s no point in running; you have to set out in due time.,"Always leave exactly on time, no matter what",C,"If you run, you'll get nowhere","Always leave exactly on time, no matter what","Jogging is pointless, start with a sprint","<reasoning>The French proverb ""Rien ne sert de courir; il faut partir à point"" translates to ""There’s no point in running; you have to set out in due time"" in English. This proverb is advising against hastening or rushing into things, emphasizing the importance of timing. However, a literal interpretation might misunderstand the metaphorical intent behind ""running"" and ""setting out in due time"". A",1.0,1.0,0.54,1.0,100.0
a,cot_en,French,MID0034,"Qui sème le vent, récolte la tempête",Who sows the wind reaps the storm,Who sows the wind reaps the storm,False,Who sows the wind reaps the storm,someone plants seeds that grow into storms,sowing wind is a weather condition that causes storms to appear,a farmer harvests a storm like a crop,A,someone plants seeds that grow into storms,a farmer harvests a storm like a crop,sowing wind is a weather condition that causes storms to appear,"<reasoning>The proverb ""Who sows the wind reaps the storm"" is a metaphorical expression that warns about the consequences of one's actions. However, a literal reading might lead to misunderstandings. For instance, a reader might think that the phrase is about farming or weather, rather than the consequences of one's behavior. They might imagine someone planting wind or seeds that literally grow in",1.0,1.0,1.24,0.94,98.2
a,cot_en,French,MID0035,Ce n’est pas à un vieux singe qu’on apprend à faire des grimaces,It’s not to an old monkey that one can teach to pull faces,It’s not to an old monkey that one can teach to pull faces,False,old monkeys are physically unable to make facial expressions,It’s not to an old monkey that one can teach to pull faces,there is a specific age limit for teaching monkeys to pull faces,monkeys can only learn to make faces when they are young,B,old monkeys are physically unable to make facial expressions,monkeys can only learn to make faces when they are young,there is a specific age limit for teaching monkeys to pull faces,"<reasoning>The proverb ""Ce n’est pas à un vieux singe qu’on apprend à faire des grimaces"" or ""It’s not to an old monkey that one can teach to pull faces"" is a French idiom that means you can't teach an old dog new tricks or that older individuals are often set in their ways and resistant to change. However, a literal interpretation might lead a reader to misunderstand the meaning. For instance, th",1.0,1.0,0.82,0.83,94.9
a,cot_en,French,MID0036,Il faut casser le noyau pour avoir l’amande,You have to break the shell to get the almond,You have to break the shell to get the almond,False,Breaking things is necessary to get what you want,You must physically crush a hard object to eat a snack,A specific tool is required to crack open a food shell,You have to break the shell to get the almond,D,You must physically crush a hard object to eat a snack,Breaking things is necessary to get what you want,A specific tool is required to crack open a food shell,"<reasoning>The proverb ""Il faut casser le noyau pour avoir l’amande"" or ""You have to break the shell to get the almond"" is a metaphorical expression that conveys the idea that to achieve something desirable, one must first overcome or disrupt a protective or outer layer. A literal interpretation might lead a reader to misunderstand the intent of the phrase, focusing instead on the physical actions",1.0,1.0,1.03,0.88,96.4
a,cot_en,French,MID0037,De mauvais grain jamais bon pain,"From bad grain, never good bread","From bad grain, never good bread",False,Bakers should never attempt to mix bad grain with good grain,Bread made from low-quality wheat will always be inedible,"From bad grain, never good bread",The yeast used in bad grain cannot produce a good rise,C,Bread made from low-quality wheat will always be inedible,The yeast used in bad grain cannot produce a good rise,Bakers should never attempt to mix bad grain with good grain,"<reasoning>The proverb ""De mauvais grain jamais bon pain"" or ""From bad grain, never good bread"" is a metaphorical expression that advises against expecting good outcomes from poor beginnings or inferior materials. A literal reading might misunderstand the depth of the proverb, focusing instead on the actual process of baking and the quality of grain used. Such a reader might think the proverb is d",1.0,1.0,1.72,0.94,98.2
a,cot_en,French,MID0038,Faire d'une mouche un éléphant,Make of a fly an elephant,Make of a fly an elephant,False,Using genetic engineering to turn a fly into an elephant,Make of a fly an elephant,Declaring a national emergency in response to a single fly in the room,Building an elephant sculpture using fly carcasses,B,Using genetic engineering to turn a fly into an elephant,Building an elephant sculpture using fly carcasses,Declaring a national emergency in response to a single fly in the room,"<reasoning>When considering the proverb ""Faire d'une mouche un éléphant"" or its English translation ""Make of a fly an elephant"", a literal reading might lead one to think of physically transforming or exaggerating something small into something large. A wrong literal interpretation could involve actual physical transformations, exaggerated reactions, or unrealistic comparisons. For instance, one m",1.0,1.0,1.67,0.82,94.6
a,cot_en,French,MID0039,C'est en forgeant qu'on devient forgeron,It’s by forging that one becomes a blacksmith,It’s by forging that one becomes a blacksmith,False,the phrase is encouraging people to literally work with metal,one becomes a blacksmith by shaping metal,forging refers to creating fake documents to become successful,It’s by forging that one becomes a blacksmith,D,one becomes a blacksmith by shaping metal,the phrase is encouraging people to literally work with metal,forging refers to creating fake documents to become successful,"<reasoning>The English translation of the French proverb ""C'est en forgeant qu'on devient forgeron"" is ""It’s by forging that one becomes a blacksmith."" This proverb is meant to convey that through practice and experience, one develops the necessary skills to become proficient in a particular trade or profession. However, a literal interpretation might lead to misunderstandings. For instance, one m",1.0,1.0,1.08,0.96,98.8
a,cot_en,French,MID0040,Rome ne s'est pas faite en un jour,Rome wasn’t made in a day,Rome wasn’t made in a day,False,A single day is all it took to finish the Colosseum,Rome wasn’t made in a day,The city of Rome has a very short construction timeline,Rome's buildings were all built in a 24-hour period,B,The city of Rome has a very short construction timeline,Rome's buildings were all built in a 24-hour period,A single day is all it took to finish the Colosseum,"<reasoning>The proverb ""Rome wasn’t made in a day"" is often used to convey that great things take time to accomplish. However, a literal interpretation might lead a reader to misunderstand the phrase. For instance, they might think it's about the actual construction of Rome, the city, and jump to conclusions such as the city's building process, its architectural achievements, or the time it took t",1.0,1.0,1.67,0.91,97.3
a,cot_en,French,MID0041,C'est la paille et la poutre,It's the straw and the beam,It's the straw and the beam,False,a farming technique for growing straw near wooden beams,It's the straw and the beam,a type of construction material made from straw and wooden beams,a botanical comparison of the strength of straw versus wooden beams,B,a farming technique for growing straw near wooden beams,a type of construction material made from straw and wooden beams,a botanical comparison of the strength of straw versus wooden beams,"<reasoning>When literally interpreting the proverb ""It's the straw and the beam"", a reader might think it's about actual straw and beams, possibly in a construction or agricultural context. They might imagine the straw and beam as objects rather than figurative representations. This could lead to misunderstandings about the intended meaning of the proverb, which is actually about hypocrisy, where ",1.0,1.0,1.72,0.72,91.6
a,cot_en,French,MID0042,C'est vouloir prendre des lièvres au son du tambour,It’s wanting to catch hares by beating a drum,It’s wanting to catch hares by beating a drum,False,It’s wanting to catch hares by beating a drum,trying to catch hares with a drum,using drums as a hunting tool,training hares to respond to drumbeats,A,trying to catch hares with a drum,using drums as a hunting tool,training hares to respond to drumbeats,"<reasoning>When translating the French proverb ""C'est vouloir prendre des lièvres au son du tambour"" to English, it means ""It’s wanting to catch hares by beating a drum"". This proverb suggests that trying to accomplish something in a loud, attention-drawing manner is unlikely to be successful. A literal interpretation might miss the idiomatic meaning, leading to misunderstandings. For instance, a ",1.0,1.0,0.7,0.91,97.3
a,cot_en,French,MID0043,On ne fait pas boire un âne qui n'a pas soif,You can’t make an ass drink that isn’t thirsty,You can’t make an ass drink that isn’t thirsty,False,It's cruel to try to make an unwilling donkey drink water,Donkeys should only be given water when they show signs of thirst,Forcing water into an uncooperative donkey is impossible,You can’t make an ass drink that isn’t thirsty,D,Forcing water into an uncooperative donkey is impossible,Donkeys should only be given water when they show signs of thirst,It's cruel to try to make an unwilling donkey drink water,"<reasoning>The proverb ""On ne fait pas boire un âne qui n'a pas soif"" or ""You can’t make an ass drink that isn’t thirsty"" is a figurative expression that conveys the idea that you cannot force someone to do something they are not interested in or willing to do. However, if taken literally, it could lead to some misguided interpretations. For instance, one might think it's about animal care, specif",1.0,1.0,1.15,0.9,97.0
a,cot_en,French,MID0044,Mieux vaut être seul que mal accompagné,Better to be alone than in bad company,Better to be alone than in bad company,False,all social interactions are negative,it's better to be alone at all times,being with any people is bad,Better to be alone than in bad company,D,it's better to be alone at all times,being with any people is bad,all social interactions are negative,"<reasoning>The proverb ""Mieux vaut être seul que mal accompagné"" or ""Better to be alone than in bad company"" suggests that it is more beneficial to have no companions at all than to be surrounded by people who are not good for you. However, a literal reading might lead one to misunderstand the phrase as referring to physical accompaniment or situations where one is literally alone versus being wit",1.0,1.0,0.79,0.97,99.1
a,cot_en,French,MID0045,Chien qui aboie ne mord pas,The dog that barks doesn’t bite,The dog that barks doesn’t bite,False,The dog that barks doesn’t bite,Dogs are physically unable to bite while barking,The sound of barking prevents dogs from biting,Barking dogs are too tired to bite,A,Dogs are physically unable to bite while barking,Barking dogs are too tired to bite,The sound of barking prevents dogs from biting,"<reasoning>The French proverb ""Chien qui aboie ne mord pas"" translates to ""The dog that barks doesn’t bite"" in English. At first glance, a literal interpretation might lead one to think about the actual behavior of dogs. However, when considering wrong literal interpretations, one might incorrectly assume the phrase is discussing specific canine behaviors or physiological limitations rather than i",1.0,1.0,1.28,0.73,91.9
a,cot_en,French,MID0046,à beau mentir qui vient de loiny,"long ways, long lies","long ways, long lies",False,"long ways, long lies",the farther you travel the more words your lies will contain,it takes a long time to tell a single lie,travelers from far away are more likely to lie,A,travelers from far away are more likely to lie,it takes a long time to tell a single lie,the farther you travel the more words your lies will contain,"<reasoning>The French proverb ""à beau mentir qui vient de loiny"" translates to ""long ways, long lies"" in English. This proverb suggests that people who travel from far away often bring with them exaggerated or false stories. A literal interpretation might misunderstand the phrase's idiomatic meaning, focusing instead on the distance traveled or the length of the lies themselves. A wrong literal re",1.0,1.0,2.5,0.94,98.2
a,cot_en,French,MID0047,"à bon chat, bon rat",meet one's match; tit for tat; an equal [in combat],meet one's match; tit for tat; an equal [in combat],False,meet one's match; tit for tat; an equal [in combat],a large cat is paired with a large rat,a skilled cat catches a skilled rat,a well-fed cat is matched with a well-fed rat,A,a skilled cat catches a skilled rat,a well-fed cat is matched with a well-fed rat,a large cat is paired with a large rat,"<reasoning>The French proverb ""à bon chat, bon rat"" translates to ""to a good cat, a good rat"" in English. A literal reading might lead one to think of actual cats and rats rather than the figurative meaning of meeting one's match or equivalence in combat or exchange. Thus, incorrect interpretations could involve the quality or actions of cats and rats rather than the intended meaning of parity or ",1.0,1.0,0.83,0.59,87.7
a,cot_en,French,MID0048,"à bon vin, point d’enseigne",the reputation of a good thing precedes it,the reputation of a good thing precedes it,False,good wine does not have labels,the reputation of a good thing precedes it,high-quality wine is sold without advertisements,no signs are needed for fine wine,B,good wine does not have labels,no signs are needed for fine wine,high-quality wine is sold without advertisements,"<reasoning>The French proverb ""à bon vin, point d’enseigne"" translates to ""the reputation of a good thing precedes it"" in English. However, a literal reading might lead to misinterpretations. For instance, ""à bon vin"" means ""good wine"", and ""point d’enseigne"" means ""no sign"" or ""no label"". So, incorrect literal interpretations could involve the actual absence of signs or labels on wine, or the ide",1.0,1.0,0.79,0.91,97.3
a,cot_en,French,MID0049,à brebis tondue Dieu mesure le vent,the Lord tempers the wind to the shorn lamb,the Lord tempers the wind to the shorn lamb,False,The act of shearing sheep triggers a divine response to change the weather,Sheep shearing must be done during gentle winds to please God,God physically reduces wind speed after sheep are sheared,the Lord tempers the wind to the shorn lamb,D,God physically reduces wind speed after sheep are sheared,Sheep shearing must be done during gentle winds to please God,The act of shearing sheep triggers a divine response to change the weather,"<reasoning>The proverb ""à brebis tondue Dieu mesure le vent"" or ""the Lord tempers the wind to the shorn lamb"" is a metaphorical expression that means God will help those who are weak or vulnerable. A literal interpretation might lead a reader to misunderstand the phrase as being about actual sheep, wind, and divine intervention in a physical sense. Some incorrect literal readings could involve act",1.0,1.0,1.22,0.9,97.0
a,cot_en,French,MID0050,à chaque jour suffit sa peine,sufficient unto the day is the evil thereof,sufficient unto the day is the evil thereof,False,the world allots a certain amount of evil to each day,sufficient unto the day is the evil thereof,a day is complete once it has enough evil,each day gets exactly the evil it deserves,B,each day gets exactly the evil it deserves,the world allots a certain amount of evil to each day,a day is complete once it has enough evil,"<reasoning>The French proverb ""à chaque jour suffit sa peine"" and its English translation ""sufficient unto the day is the evil thereof"" caution against worrying about the future or past, focusing instead on the present. However, a literal reading might misunderstand the phrase as discussing the distribution or allocation of evil, pain, or trouble. This could lead to several misinterpretations, inc",1.0,1.0,1.17,0.78,93.4
a,cot_en,French,MID0051,à cheval donné on ne regarde pas le dents,don’t look a gift horse in the mouth,don’t look a gift horse in the mouth,False,don’t look a gift horse in the mouth,don't inspect the horse's mouth for signs of illness,never count the number of teeth the horse has,avoid checking the horse's teeth for cavities,A,avoid checking the horse's teeth for cavities,never count the number of teeth the horse has,don't inspect the horse's mouth for signs of illness,"<reasoning>The proverb 'don't look a gift horse in the mouth' is often misunderstood when taken literally. A reader might think it means to avoid inspecting the teeth of a horse that has been given as a gift, possibly because they believe it's impolite or unnecessary. However, the phrase actually means to accept gifts gratefully without being critical or examining them too closely. Some wrong lite",1.0,1.0,1.04,0.83,94.9
a,cot_en,French,MID0052,à cœur vaillant rien d’impossible,nothing is impossible to a willing heart,nothing is impossible to a willing heart,False,All tasks are achievable if one is in a good mood,nothing is impossible to a willing heart,A person with a healthy heart can do anything,Heart disease prevents people from accomplishing their goals,B,A person with a healthy heart can do anything,All tasks are achievable if one is in a good mood,Heart disease prevents people from accomplishing their goals,"<reasoning>The proverb ""à cœur vaillant rien d’impossible"" or ""nothing is impossible to a willing heart"" is encouraging and emphasizes the power of determination and will. However, a literal reading might lead to misunderstandings. For instance, one might interpret it as suggesting that physical heart conditions or emotional states directly impact the feasibility of tasks, which is not the intende",1.0,1.0,1.33,0.96,98.8
a,cot_en,French,MID0053,"à l’impossible, nul n’est tenu",no one can be expected to do the impossible,no one can be expected to do the impossible,False,individuals are exempt from obligations they cannot fulfill,no one is forced to do something they don't want to,people are not held to unrealistic physical standards,no one can be expected to do the impossible,D,no one is forced to do something they don't want to,people are not held to unrealistic physical standards,individuals are exempt from obligations they cannot fulfill,"<reasoning>The French proverb ""à l’impossible, nul n’est tenu"" translates to ""no one can be expected to do the impossible"" in English. A literal reading might lead a reader to misinterpret the phrase as having to do with laws, obligations, or physical constraints rather than the expectation of performing a task that is beyond one's capabilities. For example, one might think it refers to being exem",1.0,1.0,1.0,0.94,98.2
a,cot_en,French,MID0054,à l’œuvre on reconnaît l’artisan,you can tell an artist by his work,you can tell an artist by his work,False,An artist can be recognized by the clothes they wear while working,The quality of an artist's work is determined by how quickly they can produce it,The artist's work can be identified by the tools they use,you can tell an artist by his work,D,The artist's work can be identified by the tools they use,An artist can be recognized by the clothes they wear while working,The quality of an artist's work is determined by how quickly they can produce it,"<reasoning>The French proverb ""à l’œuvre on reconnaît l’artisan"" translates to ""you can tell an artist by his work"" in English. A literal reading might lead one to incorrect interpretations, such as focusing on the physical appearance or actions of the artist while they are working, rather than the quality or characteristics of the artwork itself. Another incorrect reading could involve judging an",1.0,1.0,1.58,0.72,91.6
a,cot_en,French,MID0055,"à la Chandeleur, l’hiver se passe ou prend vigueur","as of February 2, winter either wanes or gains strength","as of February 2, winter either wanes or gains strength",False,the duration of winter is physically cut in half on February 2,winter instantly disappears on February 2,February 2 is the exact day winter becomes stronger every year,"as of February 2, winter either wanes or gains strength",D,winter instantly disappears on February 2,February 2 is the exact day winter becomes stronger every year,the duration of winter is physically cut in half on February 2,"<reasoning>When reading the proverb ""à la Chandeleur, l’hiver se passe ou prend vigueur"" or its English translation ""as of February 2, winter either wanes or gains strength"", a literal interpretation might misunderstand the proverbial nature of the statement. It's not about the physical or meteorological effects on winter itself but rather a traditional saying to predict the remainder of the winte",1.0,1.0,0.97,0.74,92.2
a,cot_en,French,MID0056,"à la Sante-Luce, les jours croissent du saut d’une puce","as of Sainte Luce Day (Dec. 13), the days start to lengthen ever so slowly","as of Sainte Luce Day (Dec. 13), the days start to lengthen ever so slowly",False,days grow by the size of a flea jump,"as of Sainte Luce Day (Dec. 13), the days start to lengthen ever so slowly",fleas are involved in a ritual to lengthen days,Sainte Luce Day itself becomes longer,B,days grow by the size of a flea jump,fleas are involved in a ritual to lengthen days,Sainte Luce Day itself becomes longer,"<reasoning>The proverb ""à la Sante-Luce, les jours croissent du saut d’une puce"" is a French expression that marks the beginning of lengthening days after Sainte Luce Day on December 13th. A literal interpretation might lead a reader to misunderstand the metaphorical or figurative language used. For instance, they might think that the days are literally growing by the jump of a flea, which could i",1.0,1.0,0.53,0.96,98.8
a,cot_en,French,MID0057,à mauvais ouvrier point de bons outils,a bad workman blames his tools,a bad workman blames his tools,False,Poor quality tools will always result in a bad worker,Only skilled workers are given good tools to work with,a bad workman blames his tools,A bad worker is unable to afford good tools,C,A bad worker is unable to afford good tools,Poor quality tools will always result in a bad worker,Only skilled workers are given good tools to work with,"<reasoning>When interpreting the proverb ""à mauvais ouvrier point de bons outils"" or ""a bad workman blames his tools"" literally, one might jump to conclusions that are not in line with the proverb's intended meaning, which is about work ethic and accountability. A literal reading could lead one to believe that the quality of the tools themselves is what determines the skill of the worker, or that ",1.0,1.0,1.61,0.83,94.9
a,cot_en,French,MID0058,à père avare fils prodigue,the miser’s son is a spendthrift,the miser’s son is a spendthrift,False,Fathers who are misers will always have sons who are prodigals,Sons of misers are biologically predisposed to spendthrift behavior,the miser’s son is a spendthrift,The son is forced to spend all his father's money,C,The son is forced to spend all his father's money,Fathers who are misers will always have sons who are prodigals,Sons of misers are biologically predisposed to spendthrift behavior,"<reasoning>The French proverb ""à père avare fils prodigue"" translates to ""the miser’s son is a spendthrift"" in English. A literal reading might misunderstand the proverb's intent, which is to convey a common pattern of behavior where the son of a frugal or stingy person tends to be excessively generous or wasteful. Wrong interpretations could arise from taking the phrase at face value, without con",1.0,1.0,1.67,0.91,97.3
a,cot_en,French,MID0059,à quelque chose malheur est bon,every cloud has a silver lining,every cloud has a silver lining,False,misfortune is necessary for good things to happen,clouds contain silver,clouds are a cause of good luck,every cloud has a silver lining,D,clouds contain silver,misfortune is necessary for good things to happen,clouds are a cause of good luck,"<reasoning>The French proverb ""à quelque chose malheur est bon"" translates to ""every cloud has a silver lining"" in English, which is a metaphorical expression meaning that even in difficult or unpleasant situations, there is often something to be found that is good or beneficial. A literal interpretation of this phrase might lead to misunderstandings. For instance, one might think it suggests that",1.0,0.6666666666666666,1.0,0.94,88.2
a,cot_en,French,MID0060,"à tout seigneur, tout honneur",honor to whom honor is due,honor to whom honor is due,False,distributing honor as a physical reward,honor to whom honor is due,every lord gets the same honor,honor is only for nobles,B,every lord gets the same honor,honor is only for nobles,distributing honor as a physical reward,"<reasoning>The French proverb ""à tout seigneur, tout honneur"" translates to ""honor to whom honor is due"" in English, which is a call to give respect where it is deserved. However, a literal and incorrect interpretation might misunderstand the phrase as being about granting something to every lord or person of high rank, or about bestowing honor in a physical sense. This could lead to misinterpreta",1.0,1.0,0.94,0.9,97.0
a,cot_en,French,MID0061,"à vieille mule, frein doré",a golden brake for an old mule,a golden brake for an old mule,False,putting a golden brake on an old mule to stop it,using a golden brake to control every old mule,a golden brake for an old mule,giving old mules golden brakes as a standard practice,C,putting a golden brake on an old mule to stop it,giving old mules golden brakes as a standard practice,using a golden brake to control every old mule,"<reasoning>The proverb ""à vieille mule, frein doré"" or ""a golden brake for an old mule"" in English, suggests that an old mule, typically considered to be past its prime or less valuable, is being given a golden brake, which is an excessively expensive or luxurious item for such an animal. Literal interpretations might misinterpret the metaphorical or idiomatic meaning behind the phrase, focusing i",1.0,1.0,1.38,0.73,91.9
a,cot_en,French,MID0062,abondance de biens ne nuit pas,an abundance of goods does no harm,an abundance of goods does no harm,False,an overabundance of resources is always beneficial,excessive wealth can never cause problems,having too many possessions is never bad,an abundance of goods does no harm,D,having too many possessions is never bad,excessive wealth can never cause problems,an overabundance of resources is always beneficial,"<reasoning>The French proverb ""abondance de biens ne nuit pas"" translates to ""an abundance of goods does no harm"" in English. A literal reading might misunderstand the proverb's intended meaning, which is to convey that having a lot of something good is not bad. However, wrong literal interpretations could arise from misinterpreting ""abundance"" or ""goods"" or the concept of ""harm"". For instance, on",1.0,1.0,0.95,0.95,98.5
a,cot_en,French,MID0063,"aide-toi, le ciel t’aidera",God helps those who help themselves,God helps those who help themselves,False,God helps those who help themselves,God only helps people with physical strength,God's help is a direct reward for the amount of effort you put in,Heaven will send tools to help you,A,God only helps people with physical strength,Heaven will send tools to help you,God's help is a direct reward for the amount of effort you put in,"<reasoning>The proverb ""aide-toi, le ciel t’aidera"" or ""God helps those who help themselves"" suggests that divine intervention is contingent upon one's own efforts. However, a literal interpretation might lead to misunderstandings. For instance, one might think that God's help is only available to those who are physically capable of helping themselves, or that the heavens will literally provide ai",1.0,1.0,1.56,0.96,98.8
a,cot_en,French,MID0064,"après la pluie, le beau temps",every cloud has a silver lining; good and bad things come one after the other,every cloud has a silver lining; good and bad things come one after the other,False,every cloud has a silver lining; good and bad things come one after the other,The sun always shines immediately after it stops raining,Bad weather is always directly followed by an equal amount of good weather,Rain is a necessary precursor to good weather,A,The sun always shines immediately after it stops raining,Rain is a necessary precursor to good weather,Bad weather is always directly followed by an equal amount of good weather,"<reasoning>The French proverb ""après la pluie, le beau temps"" translates to ""after the rain, the good weather"" in English, which is often interpreted as ""every cloud has a silver lining"" or ""good and bad things come one after the other"". However, a literal reading might lead one to think of it solely in terms of weather patterns, rather than its figurative meaning of finding hope or positivity aft",1.0,1.0,0.67,0.92,97.6
a,cot_en,French,MID0065,"araignée du matin, chagrin, araignée du soir, espoir","seeing a spider in the morning brings bad luck, seeing a spider in the evening brings good luck","seeing a spider in the morning brings bad luck, seeing a spider in the evening brings good luck",False,The evening spider's web has magical good luck properties,Spiders change color from bad luck black to good luck white at sunset,"seeing a spider in the morning brings bad luck, seeing a spider in the evening brings good luck",Spiders have a bad luck hormone that they release in the morning,C,Spiders have a bad luck hormone that they release in the morning,The evening spider's web has magical good luck properties,Spiders change color from bad luck black to good luck white at sunset,"<reasoning>The French proverb 'araignée du matin, chagrin, araignée du soir, espoir' translates to 'seeing a spider in the morning brings bad luck, seeing a spider in the evening brings good luck' in English. A literal interpretation might lead one to believe various incorrect notions about spiders and their timings. For instance, one might think that the mere presence of spiders at certain times ",1.0,1.0,0.63,0.88,96.4
a,cot_en,French,MID0066,"au bout du fossé, la culbute",danger is imminent,danger is imminent,False,a warning sign near a ditch,an obstacle in a parkour course,danger is imminent,a gymnastics move,C,a warning sign near a ditch,a gymnastics move,an obstacle in a parkour course,"<reasoning>The French proverb ""au bout du fossé, la culbute"" translates to ""at the end of the ditch, the tumble"" in English. A literal reading might lead one to think of a physical scenario rather than the idiomatic expression of impending danger. WRONG interpretations could involve taking the words at face value, imagining a literal ditch and a physical tumble, perhaps in the context of sports, o",1.0,0.6666666666666666,1.67,0.88,86.4
a,cot_en,French,MID0067,"au royaume des aveugles, les borgnes sont rois","in the kingdom of the blind, the one-eyed man is king","in the kingdom of the blind, the one-eyed man is king",False,"In a place where everyone is blind, a person missing one eye will be the ruler due to their unique condition","in the kingdom of the blind, the one-eyed man is king",A person with one eye will rule a country where all inhabitants are blind,"If all people in a kingdom are blind, the law dictates that the person with one functioning eye must be crowned king",B,A person with one eye will rule a country where all inhabitants are blind,"In a place where everyone is blind, a person missing one eye will be the ruler due to their unique condition","If all people in a kingdom are blind, the law dictates that the person with one functioning eye must be crowned king","<reasoning>The proverb ""in the kingdom of the blind, the one-eyed man is king"" suggests that when everyone around is lacking in a particular area, someone with even a slight advantage will stand out and have an upper hand. A wrong literal reading of this might lead one to think about physical kingdoms and physical blindness, rather than metaphorical or situational disadvantages. Therefore, incorre",1.0,1.0,1.73,0.76,92.8
a,cot_en,French,MID0068,"aussitôt dit, aussitôt fait",said and done,said and done,False,said and done,comparing speech speed to action speed,speaking and acting at the same time,magical transformation of words into actions instantly,A,speaking and acting at the same time,magical transformation of words into actions instantly,comparing speech speed to action speed,"<reasoning>The French proverb ""aussitôt dit, aussitôt fait"" translates to ""said and done"" in English, which is an idiom that means something is done as soon as it is decided or said. However, a literal reading might lead to misunderstandings. For instance, one might think it implies an immediate physical action after speaking, or that it refers to the completion of a task the moment it's uttered, ",1.0,1.0,2.22,1.0,100.0
a,cot_en,French,MID0069,"autant des têtes, autant d’avis",too many cooks spoil the broth,too many cooks spoil the broth,False,The number of people directly affects the broth's flavor,Different opinions in the kitchen cause the broth to spoil,too many cooks spoil the broth,"A specific number of cooks, such as five or ten, is the threshold for spoiling the broth",C,The number of people directly affects the broth's flavor,Different opinions in the kitchen cause the broth to spoil,"A specific number of cooks, such as five or ten, is the threshold for spoiling the broth","<reasoning>The French proverb ""autant des têtes, autant d’avis"" translates to ""as many heads, as many opinions"" in English, but a common English equivalent is ""too many cooks spoil the broth"". A literal reading might lead to misinterpretations such as the number of heads or people directly causing the broth to spoil, the broth being spoiled due to the variety of opinions rather than the actions of",1.0,1.0,2.0,0.9,97.0
a,cot_en,French,MID0070,autant en emporte le vent,empty promises,empty promises,False,the wind carries away physical objects,the wind sweeps people away,empty promises,the wind blows away voices or sounds,C,the wind carries away physical objects,the wind blows away voices or sounds,the wind sweeps people away,"<reasoning>The French proverb ""autant en emporte le vent"" translates to ""empty promises"" in English. A literal reading might lead one to misunderstand the metaphorical nature of the phrase. One might think it's about the physical act of the wind taking things away, rather than the idea that promises are being made but not kept. This could lead to interpretations that are focused on physical object",1.0,1.0,3.0,0.66,89.8
a,cot_en,French,MID0071,"autres temps, autres mœurs",times change,times change,False,clocks need to be reset,we are replacing winter with summer,time passes differently now,times change,D,time passes differently now,we are replacing winter with summer,clocks need to be reset,"<reasoning>When translating the French proverb ""autres temps, autres mœurs"" to English as ""times change"", a literal reading might lead to misunderstandings. A reader might think it's about time itself changing, rather than customs or practices. This could lead to interpretations such as time passing differently, altering schedules, or modifying clocks. Another incorrect interpretation could be abo",1.0,0.6666666666666666,2.5,1.0,90.0
a,cot_en,French,MID0072,"aux grands maux, les grands remèdes",big problems require big solutions; desperate situations call for desperate measures,big problems require big solutions; desperate situations call for desperate measures,False,all issues should be solved with extreme actions,severe illnesses require strong medicine,large problems need large tools,big problems require big solutions; desperate situations call for desperate measures,D,severe illnesses require strong medicine,large problems need large tools,all issues should be solved with extreme actions,"<reasoning>When translating the French proverb ""aux grands maux, les grands remèdes"" to English, a literal but incorrect interpretation might involve taking the words at face value, ignoring the idiomatic expression. This could lead to misconstruing ""grands maux"" as physical ailments or diseases and ""grands remèdes"" as medical treatments or cures, rather than understanding the phrase as referring ",1.0,1.0,0.55,1.0,100.0
a,cot_en,French,MID0073,aux innocents les mains pleines,fortune favors the innocent,fortune favors the innocent,False,fortune favors the innocent,one should give handfuls to innocent individuals,innocent people have their hands physically full,innocent people are known for carrying full handfuls,A,innocent people have their hands physically full,one should give handfuls to innocent individuals,innocent people are known for carrying full handfuls,"<reasoning>The French proverb ""aux innocents les mains pleines"" translates to ""fortune favors the innocent"" in English. A literal reading might lead one to misunderstand the metaphorical nature of the phrase. For instance, one could think that the phrase is about physical fullness of hands, or a description of a specific group's hands being full, or even an instruction on how to treat innocent peo",1.0,1.0,1.83,0.84,95.2
a,cot_en,French,MID0074,"avant de balayer devant la porte du voisin, il faut commencer par balayer devant sa propre porte","before cleaning up your neighbor’s door, you must start by cleaning your own","before cleaning up your neighbor’s door, you must start by cleaning your own",False,prioritize mowing your lawn before helping your neighbor with theirs,"before cleaning up your neighbor’s door, you must start by cleaning your own",always clean your own windows before cleaning those of your neighbor,you must sweep your own porch before sweeping your neighbor's,B,you must sweep your own porch before sweeping your neighbor's,prioritize mowing your lawn before helping your neighbor with theirs,always clean your own windows before cleaning those of your neighbor,"<reasoning>When interpreting the proverb ""avant de balayer devant la porte du voisin, il faut commencer par balayer devant sa propre porte"" or its English translation ""before cleaning up your neighbor’s door, you must start by cleaning your own,"" a reader might misunderstand the metaphorical intent behind the phrase. The proverb is urging individuals to address their own issues before criticizing ",1.0,1.0,0.79,0.83,94.9
a,cot_en,French,MID0075,"avec des “si,” on mettrait Paris en bouteille","if ifs and ands were pots and pans, there’d be no work for tinker’s hands; if wishes were horses","if ifs and ands were pots and pans, there’d be no work for tinker’s hands; if wishes were horses",False,Horses are a viable mode of transportation for people's wishes,Paris can be bottled like a perfume,"if ifs and ands were pots and pans, there’d be no work for tinker’s hands; if wishes were horses",Tinkers are unemployed due to an overabundance of cookware,C,Paris can be bottled like a perfume,Tinkers are unemployed due to an overabundance of cookware,Horses are a viable mode of transportation for people's wishes,"<reasoning>The given proverb has a few components that could be misinterpreted literally. ""Ifs"" and ""ands"" could be mistaken for physical objects, and the idea of putting Paris in a bottle might suggest a physical action rather than a figurative expression of uncertainty or doubt. Additionally, the reference to pots, pans, and tinker's hands could be taken as a commentary on the metalwork industry",1.0,1.0,0.46,0.94,98.2
a,cot_en,French,MID0076,avoir le beurre et l’argent du beurre,have one’s cake and eat it too,have one’s cake and eat it too,False,have one’s cake and eat it too,receiving payment for butter without giving it up,having both butter and the money from its sale,eating cake while still possessing it,A,having both butter and the money from its sale,eating cake while still possessing it,receiving payment for butter without giving it up,"<reasoning>The French proverb ""avoir le beurre et l’argent du beurre"" translates to ""have one’s cake and eat it too"" in English, which is an idiom that means to enjoy the benefits of two things that are mutually exclusive. However, a literal reading might lead one to think of physical objects or actions. For instance, one might imagine having a physical cake and also being able to consume it, whic",1.0,1.0,1.1,0.95,98.5
a,cot_en,French,MID0077,L’argent ne se trouve pas sous le sabot d'un cheval,Money doesn't grow on trees,Money doesn't grow on trees,False,Money doesn't grow on trees,There is a specific species of tree known for not producing money,Money can be cultivated like fruit on trees with the right conditions,Horses have a special talent for hiding money,A,Horses have a special talent for hiding money,Money can be cultivated like fruit on trees with the right conditions,There is a specific species of tree known for not producing money,"<reasoning>When translating the French proverb ""L’argent ne se trouve pas sous le sabot d'un cheval"" to English, it becomes ""Money doesn't grow on trees"", which is a common idiom. However, taking the original phrase or its translation literally could lead to several misinterpretations. A literal reading might lead one to believe that money is not found under a horse's hoof, which could be misinter",1.0,1.0,2.13,0.91,97.3
a,cot_en,French,MID0078,Le monde appartient à ceux qui se lèvent tôt,The early bird catches the worm,The early bird catches the worm,False,The world is owned by people who wake up at dawn,Birds that wake up early will catch more worms than birds that sleep in,The early bird catches the worm,The first person to wake up will find a worm waiting for them,C,Birds that wake up early will catch more worms than birds that sleep in,The world is owned by people who wake up at dawn,The first person to wake up will find a worm waiting for them,"<reasoning>The proverb ""The early bird catches the worm"" suggests that those who wake up and start their day early will have an advantage over others. However, a literal interpretation might lead to some incorrect conclusions. For instance, one might think that the proverb is about the actual act of birds catching worms, or the ownership of the world by early risers, or the ability to capture a sp",1.0,1.0,2.11,0.88,96.4
a,cot_en,French,MID0079,Deux avis valent mieux qu'un,Two heads are better than one,Two heads are better than one,False,Two people are physically stronger than one,Having two heads would allow for more brain capacity,Two heads are better than one,A person with two heads would be smarter,C,Two people are physically stronger than one,A person with two heads would be smarter,Having two heads would allow for more brain capacity,"<reasoning>When translating the French proverb ""Deux avis valent mieux qu'un"" to English as ""Two heads are better than one"", a literal reading might misunderstand the metaphorical intention behind the phrase. The phrase suggests that having more people contributing their thoughts or ideas leads to better decision-making or problem-solving. However, a wrong literal interpretation might take this ph",1.0,1.0,1.33,0.88,96.4
a,cot_en,French,MID0080,"À mauvais ouvrier, mauvais outils",A bad workman quarrels with his tools,A bad workman quarrels with his tools,False,A poor craftsman argues with their coworkers who handle tools,A bad workman quarrels with his tools,Incompetent workers are given defective tools,A bad workman breaks all their equipment,B,A bad workman breaks all their equipment,A poor craftsman argues with their coworkers who handle tools,Incompetent workers are given defective tools,"<reasoning>The proverb ""A bad workman quarrels with his tools"" suggests that a person who is not skilled at their job will often blame their tools for their own mistakes or lack of proficiency. A wrong literal reading might assume the phrase is about the actual interaction between a worker and their equipment, rather than a metaphor for deflecting responsibility. This could lead to interpretations",1.0,1.0,1.1,0.93,97.9
a,cot_en,French,MID0081,"Faire d'une pierre, deux coups",To kill two birds with one stone,To kill two birds with one stone,False,To kill two birds with one stone,hitting two birds with a single stone to hunt them,using a stone to build a nest for two birds,dividing a stone into two parts to serve as markers for bird watching,A,hitting two birds with a single stone to hunt them,using a stone to build a nest for two birds,dividing a stone into two parts to serve as markers for bird watching,"<reasoning>The proverb ""Faire d'une pierre, deux coups"" or ""To kill two birds with one stone"" is an idiomatic expression that means to accomplish two things with a single action. A literal reading might lead one to think of physical actions involving stones and birds, rather than the figurative meaning of efficiency and multipurpose action. Therefore, incorrect interpretations could involve unusua",1.0,1.0,1.57,0.71,91.3
a,cot_en,French,MID0082,'Impossible' n'est pas français,There is no such word as 'can't.',There is no such word as 'can't.',False,The word 'can't' is not in the French dictionary,The French language does not have a word for 'impossible',The word 'can't' is not allowed in France,There is no such word as 'can't.',D,The word 'can't' is not in the French dictionary,The French language does not have a word for 'impossible',The word 'can't' is not allowed in France,"<reasoning>The proverb 'Impossible' n'est pas français, or 'There is no such word as 'can't,' is a motivational phrase that encourages people to push beyond their perceived limits and strive for greatness. However, a literal reading might lead one to believe that the phrase is commenting on the French language itself or the existence of certain words. This could result in misinterpretations such a",1.0,1.0,1.29,0.64,89.2
a,cot_en,French,MID0083,"Deux s'amusent, trois s'ennuient","Two is company, three is a crowd","Two is company, three is a crowd",False,All activities have an optimal number of participants for maximum enjoyment,The size of a room determines the enjoyment of its occupants,A mathematical formula exists to calculate fun based on the number of people,"Two is company, three is a crowd",D,The size of a room determines the enjoyment of its occupants,A mathematical formula exists to calculate fun based on the number of people,All activities have an optimal number of participants for maximum enjoyment,"<reasoning>When considering the literal interpretation of the proverb ""Deux s'amusent, trois s'ennuient"" or its English translation ""Two is company, three is a crowd,"" a reader might jump to conclusions that are overly simplistic or miss the idiomatic meaning. For instance, one might think it's about the physical space required by individuals rather than the social dynamics at play. Another could ",1.0,1.0,1.67,0.88,96.4
a,cot_en,French,MID0084,"Qui se ressemble, s'assemble",Birds of a feather flock together,Birds of a feather flock together,False,Objects of the same color should be stored in the same box,Birds of a feather flock together,People with similar hairstyles will sit together,Animals with identical spots will always play together,B,People with similar hairstyles will sit together,Objects of the same color should be stored in the same box,Animals with identical spots will always play together,"<reasoning>Upon reading the proverb ""Qui se ressemble, s'assemble"" or its English translation ""Birds of a feather flock together"", a reader might jump to wrong literal readings. They could interpret it as a statement about the physical appearance or characteristics of birds and how they group together based on visual similarity. Alternatively, they might think it's about a literal assembly or gath",1.0,1.0,1.5,0.92,97.6
a,cot_en,French,MID0085,"Vouloir, c'est pouvoir",Where there's a will there's a way,Where there's a will there's a way,False,Having desire gives super strength,Wanting something makes it legally yours,Existing wills give people magical powers,Where there's a will there's a way,D,Having desire gives super strength,Wanting something makes it legally yours,Existing wills give people magical powers,"<reasoning>The proverb ""Vouloir, c'est pouvoir"" or ""Where there's a will there's a way"" is often misunderstood in a literal sense. A reader might think it implies that having a will or desire is enough to grant physical or superhuman abilities. They might also interpret it as a phrase that promises success or the ability to do something simply because one wants to. Furthermore, a literal reading c",1.0,1.0,0.81,1.0,100.0
a,cot_en,French,MID0086,Ce ne sont pas les mots qui comptent mais les actions,Actions speak louder than words,Actions speak louder than words,False,Actions produce louder sounds than words,Movement is necessary for effective communication,Only physical actions can be perceived by the senses,Actions speak louder than words,D,Actions produce louder sounds than words,Movement is necessary for effective communication,Only physical actions can be perceived by the senses,"<reasoning>The French proverb ""Ce ne sont pas les mots qui comptent mais les actions"" and its English translation ""Actions speak louder than words"" is a figurative expression that emphasizes the importance of actions over verbal promises or statements. A literal reading might lead one to misinterpret the phrase in various ways. For instance, one might think it's about the physical properties of so",1.0,1.0,1.4,0.98,99.4
a,cot_en,French,MID0087,À beaucoup d'ouvriers la tâche est aisée,Many hands make light work,Many hands make light work,False,The presence of many workers makes the task less serious or important,The task becomes less complex or substantial with more workers,Many hands make light work,The weight of the task is physically reduced when many workers are involved,C,The weight of the task is physically reduced when many workers are involved,The task becomes less complex or substantial with more workers,The presence of many workers makes the task less serious or important,"<reasoning>The proverb ""Many hands make light work"" suggests that when a task is shared among many people, it becomes easier to accomplish. However, a literal interpretation might lead to incorrect conclusions. For instance, one might think that having many workers would physically lighten the load, or that the task itself becomes less substantial. Another incorrect interpretation could be that th",1.0,1.0,2.33,0.75,92.5
a,cot_en,French,MID0088,Bouillon de chou fait perdre au médecin cinq sous,An apple a day keeps the doctor away,An apple a day keeps the doctor away,False,The doctor is fined five cents every time someone eats an apple,Eating cabbage soup directly reduces a doctor's income by five cents,Apples have a magical property that repels doctors,An apple a day keeps the doctor away,D,Eating cabbage soup directly reduces a doctor's income by five cents,Apples have a magical property that repels doctors,The doctor is fined five cents every time someone eats an apple,"<reasoning>The proverb ""Bouillon de chou fait perdre au médecin cinq sous"" translates to a similar idea as the English proverb ""An apple a day keeps the doctor away"", which suggests that eating something healthy can prevent visits to the doctor. However, a literal reading might misunderstand the relationship between the food, the doctor, and the payment. A wrong literal interpretation might think ",1.0,1.0,1.29,0.95,98.5
a,cot_en,French,MID0089,La beauté est affaire de goût,Beauty is in the eyes of the beholder,Beauty is in the eyes of the beholder,False,Beauty is in the eyes of the beholder,The eyeball contains a special beauty-detecting organ,Beauty is measured by the number of eyes looking at it,The beauty of an object can be found by dissecting the eyeball,A,The beauty of an object can be found by dissecting the eyeball,Beauty is measured by the number of eyes looking at it,The eyeball contains a special beauty-detecting organ,"<reasoning>The French proverb ""La beauté est affaire de goût"" or its English translation ""Beauty is in the eyes of the beholder"" suggests that the perception of beauty varies from person to person, emphasizing subjectivity. However, a literal misinterpretation might lead one to think of physical eyes or tangible, physical aspects, rather than the metaphorical or subjective interpretation. Thus, wr",1.0,1.0,1.25,0.86,95.8
a,cot_en,French,MID0090,Ce n'est pas la mer à boire!,It's not that bad / hard / difficult! It's not such a big deal!,It's not that bad / hard / difficult! It's not such a big deal!,False,It's not that bad / hard / difficult! It's not such a big deal!,The ocean is not potable and should not be consumed,Drinking the entire sea is an impossible task,The sea is too salty for human consumption,A,The ocean is not potable and should not be consumed,Drinking the entire sea is an impossible task,The sea is too salty for human consumption,"<reasoning>The French proverb ""Ce n'est pas la mer à boire"" literally translates to ""It's not the sea to drink."" A reader who interprets this proverb literally might think it's talking about the actual act of drinking seawater, rather than understanding it as an idiomatic expression. This could lead to some amusing but incorrect interpretations. For instance, one might think it's advising against ",1.0,1.0,0.62,0.83,94.9
a,cot_en,French,MID0091,C'est mon petit doigt qui me le dit,A little bird tells me,A little bird tells me,False,A little bird tells me,My little finger is talking to me,A bird is sitting on my little finger telling me things,My little finger has magical powers to gather information,A,My little finger is talking to me,A bird is sitting on my little finger telling me things,My little finger has magical powers to gather information,"<reasoning>The French proverb ""C'est mon petit doigt qui me le dit"" translates to ""A little bird tells me"" in English, which is an idiomatic expression meaning that someone has informed the speaker about something, often in a confidential or mysterious manner. However, if we take the phrase literally, a reader might misinterpret it in various ways. For instance, they might think that the speaker's",1.0,1.0,1.8,0.7,91.0
a,cot_en,French,MID0092,"Quand le vin est tiré, il faut le boire",There's no going back. You have to see it through.,There's no going back. You have to see it through.,False,There's no going back. You have to see it through.,It's imperative to drink wine as soon as it's poured to fully appreciate its flavor,You should always finish a bottle of wine once it's been uncorked,"Once wine is opened, it must be consumed immediately to avoid spoilage",A,"Once wine is opened, it must be consumed immediately to avoid spoilage",You should always finish a bottle of wine once it's been uncorked,It's imperative to drink wine as soon as it's poured to fully appreciate its flavor,"<reasoning>When considering the literal meaning of the French proverb ""Quand le vin est tiré, il faut le boire"", a reader might misinterpret it as being related to wine and drinking, rather than understanding its idiomatic meaning of committing to a course of action. The phrase could be taken to mean that once wine has been poured or drawn (""tiré"" can mean drawn or pulled, like a cork), one must d",1.0,1.0,1.3,0.91,97.3
a,cot_en,French,MID0093,Il n’y a que les imbéciles qui ne changent pas d’avis,Only fools never change their minds,Only fools never change their minds,False,Never altering your opinion is a definitive characteristic of stupidity,Only fools never change their minds,Frequently switching between opinions is the key to avoiding foolishness,Changing your mind daily is a sign of genius,B,Changing your mind daily is a sign of genius,Never altering your opinion is a definitive characteristic of stupidity,Frequently switching between opinions is the key to avoiding foolishness,"<reasoning>The proverb ""Only fools never change their minds"" is open to misinterpretation due to its literal meaning. A reader might incorrectly assume it implies that changing one's mind is always a sign of intelligence or that not changing one's mind is a universal trait of foolishness, without considering the context or intent behind the statement. They might also overlook the fact that it's a ",1.0,1.0,1.61,0.88,96.4
a,cot_en,French,MID0094,On n’apprend pas au vieux singe à faire la grimace,This old dog knows all the tricks,This old dog knows all the tricks,False,This old dog knows all the tricks,a person is trying to teach their old dog to perform circus tricks,an old monkey cannot physically learn new facial expressions,the proverb is about facial yoga for senior primates,A,an old monkey cannot physically learn new facial expressions,a person is trying to teach their old dog to perform circus tricks,the proverb is about facial yoga for senior primates,"<reasoning>When translating the French proverb ""On n’apprend pas au vieux singe à faire la grimace"" to English, it becomes ""You can't teach an old monkey to make faces,"" which is then idiomatically translated to ""This old dog knows all the tricks."" A literal interpretation might lead a reader to misunderstand the proverb's meaning, focusing instead on the actual act of teaching or the subjects inv",1.0,1.0,1.48,0.95,98.5
a,cot_en,French,MID0095,Il n’y a que la vérité qui blesse,Truth hurts,Truth hurts,False,Truth hurts,Facts are living creatures that bite or sting,Truth is a physical object that can inflict wounds,Honesty has a toxic chemical that harms humans,A,Truth is a physical object that can inflict wounds,Honesty has a toxic chemical that harms humans,Facts are living creatures that bite or sting,"<reasoning>When considering the proverb ""Truth hurts,"" a literal interpretation might lead a reader to misunderstand the figurative meaning. The phrase is often used to convey that honest information, even if unpalatable, is necessary for growth or understanding. However, a wrong literal reading could lead one to believe in physical harm from truth, or that truth itself has a tangible, harmful for",1.0,1.0,4.17,0.91,97.3
a,cot_en,French,MID0096,La vengeance est un plat qui se mange froid,Revenge is a dish best served cold,Revenge is a dish best served cold,False,Revenge is a dish best served cold,The best revenge dishes are found in refrigerators,Serving revenge with chilled beverages enhances its flavor,Revenge is a type of cold soup,A,Revenge is a type of cold soup,The best revenge dishes are found in refrigerators,Serving revenge with chilled beverages enhances its flavor,"<reasoning>When literally interpreting the proverb ""Revenge is a dish best served cold"", a reader might misunderstand the phrase to be about culinary practices or food safety rather than a figure of speech about timing and strategy in seeking revenge. They could think it's advising on how to prepare or consume dishes, particularly those that are typically served chilled, rather than understanding ",1.0,1.0,1.1,0.93,97.9
a,cot_en,French,MID0097,"À vaincre sans péril, on triomphe sans gloire","No guts, no glory","No guts, no glory",False,not having intestines leads to no glory,tripping without danger results in no triumph,lack of nuts causes failure,"No guts, no glory",D,not having intestines leads to no glory,tripping without danger results in no triumph,lack of nuts causes failure,"<reasoning>The proverb ""À vaincre sans péril, on triomphe sans gloire"" or ""No guts, no glory"" suggests that without taking risks or facing challenges, one cannot achieve true success or glory. However, a literal reading might misinterpret this phrase. For instance, one might think it's about the absence of a physical gut or stomach, or the lack of glory in a tripping or falling incident, or even a",1.0,1.0,1.58,0.97,99.1
a,cot_en,French,MID0098,Il ne faut pas mettre la charrue avant les bœufs,Don’t put the cart before the horse,Don’t put the cart before the horse,False,Always lead with the cart when guiding a horse through a narrow path,Position the cart in front of the horse when loading cargo,Attach the plow to the field before connecting it to the oxen,Don’t put the cart before the horse,D,Attach the plow to the field before connecting it to the oxen,Position the cart in front of the horse when loading cargo,Always lead with the cart when guiding a horse through a narrow path,"<reasoning>The proverb ""Il ne faut pas mettre la charrue avant les bœufs"" or ""Don’t put the cart before the horse"" is a metaphorical expression that conveys the importance of doing things in the right order. However, a literal interpretation might lead to misunderstandings. A person might think it's about the physical arrangement of farm equipment or the sequence of actions when preparing for farm",1.0,1.0,1.71,0.89,96.7
a,cot_en,French,MID0099,On n’est jamais mieux servi que par soi-même,"If you want something done right, do it yourself","If you want something done right, do it yourself",False,One should always cook for themselves,"Never hire a professional, do it yourself","If you want something done right, do it yourself",You are your own best waiter,C,One should always cook for themselves,You are your own best waiter,"Never hire a professional, do it yourself","<reasoning>The French proverb 'On n’est jamais mieux servi que par soi-même' translates to 'If you want something done right, do it yourself' in English. This phrase suggests that personal involvement is necessary for achieving the best results. However, if taken literally in a wrong sense, it might imply several incorrect meanings. For instance, it could be misconstrued to mean that serving onese",1.0,1.0,0.7,1.0,100.0
a,cot_en,French,MID0100,Qui ne risque rien n’a rien,"Nothing ventured, nothing gained","Nothing ventured, nothing gained",False,"If you don't spend any money, you won't have any possessions","Nothing ventured, nothing gained","If you don't put any objects in harm's way, you will gain nothing","If you don't move from your house, you will have nothing",B,"If you don't move from your house, you will have nothing","If you don't spend any money, you won't have any possessions","If you don't put any objects in harm's way, you will gain nothing","<reasoning>The French proverb ""Qui ne risque rien n’a rien"" translates to ""Nothing ventured, nothing gained"" in English. This proverb is encouraging people to take risks in order to achieve something. A literal reading might lead one to think it's about physical ventures or actions, rather than the idiomatic expression of taking risks. Some incorrect interpretations could be about not taking physi",1.0,1.0,2.92,0.73,91.9
a,cot_en,French,MID0101,Ne remets pas à demain ce que tu peux faire aujourd’hui,Don’t put off until tomorrow what you can do today,Don’t put off until tomorrow what you can do today,False,Don’t put off until tomorrow what you can do today,Never leave laundry for tomorrow if you can wash it today,Mow your lawn every day to avoid having to do it tomorrow,Always eat tomorrow's lunch today to avoid waiting,A,Never leave laundry for tomorrow if you can wash it today,Always eat tomorrow's lunch today to avoid waiting,Mow your lawn every day to avoid having to do it tomorrow,"<reasoning>When interpreting the proverb ""Don’t put off until tomorrow what you can do today"" literally, a reader might misunderstand the intended message. They could think it's about scheduling tasks, rather than a call to action for productivity and responsibility. A literal reading might lead to incorrect conclusions such as not leaving any tasks for the next day, regardless of their urgency or",1.0,1.0,1.03,0.91,97.3
a,cot_en,French,MID0102,Les chiens ne font pas des chats,The apple doesn’t fall far from the tree,The apple doesn’t fall far from the tree,False,The apple doesn’t fall far from the tree,The behavior of dogs is so different from cats that they can't be compared,Dogs can't turn into cats through some kind of transformation,Dogs are biologically incapable of producing cat offspring,A,Dogs are biologically incapable of producing cat offspring,The behavior of dogs is so different from cats that they can't be compared,Dogs can't turn into cats through some kind of transformation,"<reasoning>The French proverb ""Les chiens ne font pas des chats"" translates to ""Dogs don't make cats"" in English, which is equivalent to the English proverb ""The apple doesn’t fall far from the tree"", meaning that children often resemble their parents. A literal reading might misunderstand this proverb, thinking it's about the biological impossibility of dogs giving birth to cats, or the idea that",1.0,1.0,1.33,0.86,95.8
a,cot_en,French,MID0103,"Rien ne sert de courir, il faut partir à point",Slow and steady wins the race,Slow and steady wins the race,False,Every aspect of life should be treated as a competitive race to be won,Never run because it serves no purpose,Slow and steady wins the race,Always leave at the exact right time or you will fail,C,Never run because it serves no purpose,Always leave at the exact right time or you will fail,Every aspect of life should be treated as a competitive race to be won,"<reasoning>When literally interpreting the French proverb ""Rien ne sert de courir, il faut partir à point"" or its English translation ""Slow and steady wins the race"", a reader might misunderstand the metaphorical advice about pacing oneself in life or competitions. They could take ""slow and steady"" to imply a physical speed, ""partir à point"" as a specific time to leave, or ""wins the race"" as refer",1.0,1.0,1.78,1.0,100.0
a,cot_en,French,MID0104,"Chassez le naturel, il revient au galop",A leopard cannot change its spots,A leopard cannot change its spots,False,A leopard cannot change its spots,leopards are magically prevented from transforming into other animals,a leopard's spots are a type of fashion accessory that cannot be altered,leopards are unable to change the color pattern of their fur,A,leopards are unable to change the color pattern of their fur,a leopard's spots are a type of fashion accessory that cannot be altered,leopards are magically prevented from transforming into other animals,"<reasoning>The proverb ""Chassez le naturel, il revient au galop"" or its English translation ""A leopard cannot change its spots"" is an idiomatic expression that means it's difficult for someone or something to change their inherent nature. However, a literal interpretation could lead to misunderstandings, such as thinking the phrase is about animal behavior, fashion, or supernatural transformations",1.0,1.0,1.83,0.91,97.3
a,cot_en,French,MID0105,Il n’est pire aveugle que celui qui ne veut pas voir,You cannot reason with someone who’s not interested in the truth,You cannot reason with someone who’s not interested in the truth,False,You cannot reason with someone who’s not interested in the truth,A person who is physically blind is the worst kind of blind,Someone with poor eyesight is worse off than someone with no eyesight,The most severe visual impairment is being unwilling to see,A,A person who is physically blind is the worst kind of blind,Someone with poor eyesight is worse off than someone with no eyesight,The most severe visual impairment is being unwilling to see,"<reasoning>The French proverb ""Il n’est pire aveugle que celui qui ne veut pas voir"" translates to ""There is no worse blind person than one who does not want to see"" in English. This proverb is often used to convey that some people are willfully ignorant or refuse to accept the truth. A literal reading might lead one to think of physical blindness or sight. Thus, wrong literal interpretations coul",1.0,1.0,1.03,0.93,97.9
a,cot_en,French,MID0106,On ne fait pas d’omelette sans casser d’oeufs,No pain no gain,No pain no gain,False,omelets require broken eggs,No pain no gain,you must break eggs to cook,every omelet needs exactly two broken eggs,B,you must break eggs to cook,omelets require broken eggs,every omelet needs exactly two broken eggs,"<reasoning>The French proverb ""On ne fait pas d’omelette sans casser d’oeufs"" translates to ""No pain no gain"" in English, but literal interpretations might lead to misunderstandings. A reader might think the phrase is about cooking, eggs, or omelets, rather than the idiomatic expression of sacrifice and reward. For example, they might believe it's about the physical act of breaking eggs, the messi",1.0,0.6666666666666666,1.42,0.86,85.8
a,cot_en,French,MID0107,Les petits ruisseaux font les grandes rivières,Little streams make great rivers,Little streams make great rivers,False,Little streams carve out paths to create large riverbeds,Little streams make great rivers,The water from small streams directly contributes to the volume of large rivers,Small streams physically merge to form large rivers,B,Small streams physically merge to form large rivers,Little streams carve out paths to create large riverbeds,The water from small streams directly contributes to the volume of large rivers,"<reasoning>When literally interpreting the French proverb ""Les petits ruisseaux font les grandes rivières"" or its English translation ""Little streams make great rivers,"" a reader might misunderstand the intended metaphorical meaning. This proverb is meant to convey that small, individual contributions can collectively lead to something significant. However, a literal reading could lead to misinter",1.0,1.0,2.0,0.76,92.8
a,cot_en,French,MID0108,Ce qui est fait n’est plus à faire,What is done is no longer to be done,What is done is no longer to be done,False,"Once a project is finished, all similar projects must be abandoned","If you have already eaten breakfast, you should never eat breakfast again","If a problem is solved, no similar problems should be tackled",What is done is no longer to be done,D,"If you have already eaten breakfast, you should never eat breakfast again","Once a project is finished, all similar projects must be abandoned","If a problem is solved, no similar problems should be tackled","<reasoning>When a reader encounters the proverb ""What is done is no longer to be done,"" they might interpret it in a literal sense, rather than understanding its idiomatic or proverbial meaning. One wrong literal interpretation could be that once a task is completed, it should never be repeated or attempted again, which could lead to misunderstandings in contexts where repetition of a task is nece",1.0,1.0,1.26,0.89,96.7
a,cot_en,French,MID0109,L’appétit vient en mangeant,Appetite comes while eating,Appetite comes while eating,False,Appetite is a physical presence that emerges during meals,Eating causes hunger,Appetite comes while eating,The act of eating triggers a desire to eat more,C,Eating causes hunger,Appetite is a physical presence that emerges during meals,The act of eating triggers a desire to eat more,"<reasoning>The proverb ""L’appétit vient en mangeant"" or ""Appetite comes while eating"" can be misinterpreted in several literal ways. A reader might think it means that the physical act of eating is what triggers the sensation of hunger, rather than the presence of food or the anticipation of a meal. Another wrong interpretation could be that the appetite is a physical entity that appears during th",1.0,0.6666666666666666,1.83,0.95,88.5
a,cot_en,French,MID0110,Il faut réfléchir avant d’agir,One must think before acting,One must think before acting,False,One must think for a specific amount of time before acting,It is necessary to think about all possible outcomes before taking any action,Every action requires a prior thought process that must be visibly observed,One must think before acting,D,One must think for a specific amount of time before acting,Every action requires a prior thought process that must be visibly observed,It is necessary to think about all possible outcomes before taking any action,"<reasoning>When literally interpreting the French proverb ""Il faut réfléchir avant d’agir"" or its English translation ""One must think before acting"", a reader might misunderstand the phrase to mean that thinking is an action that must physically precede any other action, or that it implies a specific sequence of thoughts before every single action, no matter how mundane. Another possible misinterp",1.0,1.0,2.4,0.92,97.6
a,cot_en,French,MID0111,Un malheur ne vient jamais seul,A misfortune never arrives alone,A misfortune never arrives alone,False,Every action will inevitably lead to a misfortune,Misfortunes have physical companions,All bad events are caused by a single preceding misfortune,A misfortune never arrives alone,D,Misfortunes have physical companions,All bad events are caused by a single preceding misfortune,Every action will inevitably lead to a misfortune,"<reasoning>When translating the French proverb ""Un malheur ne vient jamais seul"" to English as ""A misfortune never arrives alone"", a literal reading might lead to misunderstandings. A reader might think it implies that misfortunes are always accompanied by other misfortunes in a physical sense, or that the misfortune itself has a physical presence that can be seen arriving. They might also interpr",1.0,0.6666666666666666,1.47,0.96,88.8
a,cot_en,French,MID0112,Qui va à la chasse perd sa place,He who goes hunting loses his seat,He who goes hunting loses his seat,False,going on a hunting trip causes one to forget where they sat,hunters must stand while hunting and cannot sit,He who goes hunting loses his seat,the act of hunting physically removes a person's seat or chair,C,hunters must stand while hunting and cannot sit,going on a hunting trip causes one to forget where they sat,the act of hunting physically removes a person's seat or chair,"<reasoning>The French proverb ""Qui va à la chasse perd sa place"" translates to ""He who goes hunting loses his seat"" in English. A literal reading could lead to misunderstandings, such as assuming it's about physical seating or the consequences of going on a hunt. Some might interpret it as a warning about the physical act of hunting causing one to lose their position or status in a literal sense, ",1.0,1.0,1.48,0.93,97.9
a,cot_en,French,MID0113,"Tel père, tel fils","Like father, like son","Like father, like son",False,A father and son must be identical twins,A son's physical health is directly tied to his father's current health,All sons must follow their father's career,"Like father, like son",D,A father and son must be identical twins,All sons must follow their father's career,A son's physical health is directly tied to his father's current health,"<reasoning>The French proverb ""Tel père, tel fils"" translates to ""Like father, like son"" in English. This proverb is often used to convey that a son's behavior or characteristics are similar to those of his father. However, if we take the proverb literally, without considering its idiomatic meaning, we might interpret it in the following incorrect ways: the physical appearance of a father and son ",1.0,1.0,2.25,0.94,98.2
a,cot_en,French,MID0114,"Loin des yeux, loin du cœur","Far from the eyes, far from the heart","Far from the eyes, far from the heart",False,"If you don't see it, your heart won't be affected",Keep things out of sight to avoid loving them,"The farther away something is, the less it impacts your heart health","Far from the eyes, far from the heart",D,"If you don't see it, your heart won't be affected",Keep things out of sight to avoid loving them,"The farther away something is, the less it impacts your heart health","<reasoning>The proverb ""Loin des yeux, loin du cœur"" or ""Far from the eyes, far from the heart"" is an idiom that suggests that if something or someone is out of sight, it will also be out of mind or forgotten. However, a literal interpretation might lead to misunderstandings. For instance, one might think it implies a physical distance between eyes and heart, or that it's about the location of obj",1.0,1.0,1.29,0.96,98.8
a,cot_en,French,MID0115,Mieux vaut tard que jamais,Better late than never,Better late than never,False,Never start a project until the deadline is near,Better late than never,Punctuality is overrated and can be ignored,It's always better to show up late to parties,B,It's always better to show up late to parties,Never start a project until the deadline is near,Punctuality is overrated and can be ignored,"<reasoning>When considering the French proverb ""Mieux vaut tard que jamais"" or its English translation ""Better late than never"", a literal reading might lead to misunderstandings. For instance, one might interpret it as suggesting that being late is always superior to being on time, or that procrastination is a good strategy as long as the task is completed eventually. Another misinterpretation co",1.0,1.0,2.08,0.98,99.4
a,cot_en,French,MID0116,La fin justifie les moyens,The end justifies the means,The end justifies the means,False,The last step in a manufacturing process is more important than the previous steps,The final amount of money in your bank account justifies how you earned it,Reaching the end of a road is more important than how you drive,The end justifies the means,D,Reaching the end of a road is more important than how you drive,The last step in a manufacturing process is more important than the previous steps,The final amount of money in your bank account justifies how you earned it,"<reasoning>The proverb ""The end justifies the means"" is often misunderstood in a literal sense. A reader might think it's talking about physical ends or destinations, or the conclusion of a process, rather than the outcome or goal of an action. They might also misinterpret ""means"" as methods of transportation or financial resources, rather than the actions taken to achieve a goal. This could lead ",1.0,1.0,2.73,0.82,94.6
a,cot_en,French,MID0117,Qui veut voyager loin ménage sa monture,He who wants to travel far spares his mount,He who wants to travel far spares his mount,False,Travelers should bring extra horses for long journeys,Always choose the strongest horse for travel,One must walk beside their horse to spare it,He who wants to travel far spares his mount,D,Always choose the strongest horse for travel,Travelers should bring extra horses for long journeys,One must walk beside their horse to spare it,"<reasoning>The proverb ""He who wants to travel far spares his mount"" can be misinterpreted in several ways when taking it literally. One might think it's about taking care of an animal to travel, but there are other possible literal misunderstandings such as focusing on the distance or the method of travel. For example, a wrong interpretation could be that the proverb advises on how to select or m",1.0,1.0,0.89,0.95,98.5
a,cot_en,French,MID0118,À l’impossible nul n’est tenu,No one is bound to do the impossible,No one is bound to do the impossible,False,A person is never obligated to complete a task that is physically demanding,If something is deemed impossible it cannot be a condition of a contract,No one is bound to do the impossible,No person can be legally forced to do something beyond human capability,C,No person can be legally forced to do something beyond human capability,A person is never obligated to complete a task that is physically demanding,If something is deemed impossible it cannot be a condition of a contract,"<reasoning>The French proverb ""À l’impossible nul n’est tenu"" translates to ""No one is bound to do the impossible"" in English. A literal reading might lead one to misunderstand the phrase's intent. For instance, one might interpret it as a statement about physical or legal obligations, rather than a philosophical or figurative expression about the limits of human capability or the unfairness of ex",1.0,1.0,1.58,0.91,97.3
a,cot_en,French,MID0119,"Quand on parle du loup, on en voit la queue","When one speaks of the wolf, you see its tail","When one speaks of the wolf, you see its tail",False,A wolf's tail is detachable and appears when mentioned,Speaking of a wolf summons it to the location,The wolf is hiding behind the speaker,"When one speaks of the wolf, you see its tail",D,The wolf is hiding behind the speaker,A wolf's tail is detachable and appears when mentioned,Speaking of a wolf summons it to the location,"<reasoning>The proverb ""Quand on parle du loup, on en voit la queue"" or its English translation ""When one speaks of the wolf, you see its tail"" is a metaphorical expression that suggests when you talk about something or someone, it often appears or manifests shortly after. A literal reading might misinterpret this to mean that the actual animal, a wolf, is physically present and visible when the s",1.0,1.0,0.83,0.91,97.3
a,cot_en,French,MID0120,Un ‘tiens’ vaut mieux que deux ‘tu l’auras’,One “here you go” is better than two “you’ll get it”,One “here you go” is better than two “you’ll get it”,False,Saying 'here you go' once is more valuable than saying 'you will get it' twice,Receiving one gift immediately is better than receiving two gifts later,One “here you go” is better than two “you’ll get it”,Having an object in your hand is better than being promised two objects,C,Having an object in your hand is better than being promised two objects,Saying 'here you go' once is more valuable than saying 'you will get it' twice,Receiving one gift immediately is better than receiving two gifts later,"<reasoning>The phrase ""Un ‘tiens’ vaut mieux que deux ‘tu l’auras’"" is a French proverb that conveys the idea that it's better to have something now than to wait for something potentially better in the future. However, a literal reading might lead to incorrect interpretations. For instance, one might think it's about the literal action of giving or receiving something, or the value of specific wor",1.0,1.0,1.18,0.87,96.1
a,cot_en,French,MID0121,A beau mentir qui vient de loin,He who comes from afar can easily lie,He who comes from afar can easily lie,False,The farther you travel the more you lie,Strangers are always untrustworthy,He who comes from afar can easily lie,Travelers are naturally dishonest,C,Travelers are naturally dishonest,The farther you travel the more you lie,Strangers are always untrustworthy,"<reasoning>When considering the literal meaning of the proverb ""A beau mentir qui vient de loin"" or its English translation ""He who comes from afar can easily lie"", one might mistakenly think it's about the physical act of traveling, the credibility of strangers, or the geographical distance enabling dishonesty. A wrong literal interpretation could involve misjudging the phrase's intent, leading t",1.0,0.3333333333333333,0.67,0.95,78.5
a,cot_en,French,MID0122,L’argent est la racine de tous les maux,Money is the root of all evil,Money is the root of all evil,False,Money is a physical root that grows in the ground and causes evil,Money is the root of all evil,Money is a foundational element from which evil is manufactured,Money has a root system that spreads evil,B,Money has a root system that spreads evil,Money is a physical root that grows in the ground and causes evil,Money is a foundational element from which evil is manufactured,"<reasoning>The proverb 'Money is the root of all evil' can be misunderstood in a literal sense, leading to interpretations that are not in line with its intended meaning, which is that the love of money is a primary cause of problems. A literal reading might lead one to imagine physical or direct correlations between money and evil, rather than understanding it as a metaphor for the troubles that ",1.0,1.0,1.48,0.75,92.5
a,cot_en,French,MID0123,Nécessité est mère d’invention,Necessity is the mother of invention,Necessity is the mother of invention,False,Necessity is a physical parent of all inventions,Necessity can biologically give birth to inventions,Necessity is the mother of invention,Every invention has a mother named Necessity,C,Necessity can biologically give birth to inventions,Every invention has a mother named Necessity,Necessity is a physical parent of all inventions,"<reasoning>When readers encounter the proverb ""Necessity is the mother of invention,"" they might interpret it literally in several incorrect ways. One possible misinterpretation is that necessity can physically give birth to inventions, implying a direct biological connection. Another incorrect reading could be that the proverb suggests every invention has a mother named Necessity, which is a pers",1.0,1.0,1.22,0.87,96.1
a,cot_en,French,MID0124,Rira bien qui rira le dernier,He who laughs last laughs longest,He who laughs last laughs longest,False,The individual who laughs last in a group setting will experience the longest period of laughter,The person who laughs at the very end of a conversation will laugh the loudest,Laughter that occurs last in a series of events will be the longest in duration,He who laughs last laughs longest,D,The person who laughs at the very end of a conversation will laugh the loudest,Laughter that occurs last in a series of events will be the longest in duration,The individual who laughs last in a group setting will experience the longest period of laughter,"<reasoning>The French proverb ""Rira bien qui rira le dernier"" translates to ""He who laughs last laughs longest"" in English. A literal reading might misinterpret the phrase, leading to incorrect conclusions. For instance, a reader might think the phrase is about the physical act of laughing, the timing of laughter, or the duration of laughter, rather than its idiomatic meaning of ultimately succeed",1.0,1.0,2.56,0.72,91.6
a,cot_en,French,MID0125,Une minute d’hésitation peut coûter cher,He who hesitates is lost,He who hesitates is lost,False,He who hesitates is lost,Hesitation causes immediate physical disappearance,A 60-second pause leads to inevitable failure,Every hesitant decision results in a direct financial penalty,A,Hesitation causes immediate physical disappearance,A 60-second pause leads to inevitable failure,Every hesitant decision results in a direct financial penalty,"<reasoning>When reading the proverb ""He who hesitates is lost"" or its French translation ""Une minute d’hésitation peut coûter cher"", a literal interpretation might lead to misunderstandings. The phrase is metaphorical, warning against the consequences of indecision. However, a reader might jump to conclusions such as the phrase implying that hesitation directly causes physical loss, that it refers",1.0,1.0,1.4,0.98,99.4
a,cot_en,French,MID0126,C’est dans le besoin que l’on connaît ses vrais amis,A friend in need is a friend indeed,A friend in need is a friend indeed,False,A friend in need is a friend indeed,You only know who your friends are when you are poor,You should only go to your friends when you need something,A friend is only a friend if they give you things when you need them,A,You only know who your friends are when you are poor,A friend is only a friend if they give you things when you need them,You should only go to your friends when you need something,"<reasoning>When considering the literal meaning of the proverb ""A friend in need is a friend indeed,"" some readers might misinterpret it in various ways. They could think that the phrase is about the specific circumstances under which a friendship is formed or recognized, rather than the quality or character of the friend. For instance, one might assume it implies that friendships are only valid o",1.0,1.0,1.54,0.75,92.5
a,cot_en,French,MID0127,Nécessité fait loi,Beggars can’t be choosers,Beggars can’t be choosers,False,Beggars can’t be choosers,Beggars are not allowed to choose what to eat,People in need have no legal rights,The law prohibits beggars from making any choices,A,Beggars are not allowed to choose what to eat,People in need have no legal rights,The law prohibits beggars from making any choices,"<reasoning>When translating the French proverb ""Nécessité fait loi"" to English as ""Beggars can’t be choosers"", a literal reading might misinterpret the phrase. A reader might think it implies that people in need have no legal rights, or that the law only applies to those who are wealthy. Another misinterpretation could be that the phrase suggests beggars are not allowed to make choices in general,",1.0,1.0,2.0,0.98,99.4
a,cot_en,French,MID0128,Rira vendredi dimanche pleurera,He who laughs on Friday will cry on Sunday,He who laughs on Friday will cry on Sunday,False,The calendar dictates emotional shifts,Everyone cries on Sundays due to Friday's happiness,Laughing on Fridays causes tears on Sundays,He who laughs on Friday will cry on Sunday,D,The calendar dictates emotional shifts,Laughing on Fridays causes tears on Sundays,Everyone cries on Sundays due to Friday's happiness,"<reasoning>When interpreting the proverb ""Rira vendredi dimanche pleurera"" or ""He who laughs on Friday will cry on Sunday"" literally, a reader might misunderstand the intended meaning, which is to convey that one's actions or behaviors have consequences that follow later. Instead, a literal reading could lead to misinterpretations such as the proverb being about the specific days of the week, the ",1.0,1.0,0.74,0.94,98.2
a,cot_en,French,MID0129,Chaque chose en son temps,Don’t cross your bridges before you come to them,Don’t cross your bridges before you come to them,False,Organize your day so that bridge crossing is done in the correct order of tasks,Wait until you physically reach the bridge before crossing it,Only cross bridges during designated crossing times,Don’t cross your bridges before you come to them,D,Wait until you physically reach the bridge before crossing it,Only cross bridges during designated crossing times,Organize your day so that bridge crossing is done in the correct order of tasks,"<reasoning>When translating the French proverb ""Chaque chose en son temps"" to English as ""Don’t cross your bridges before you come to them"", a literal reading might lead to misunderstandings. A reader might interpret this as advice on physical actions or timing rather than a metaphorical warning against premature worry or action. For instance, they might think it's about not physically crossing br",1.0,1.0,1.19,0.92,97.6
a,cot_en,French,MID0130,Un petit service en vaut un autre,You scratch my back and I’ll scratch yours,You scratch my back and I’ll scratch yours,False,trading items of similar monetary value,You scratch my back and I’ll scratch yours,exchanging back massages,performing tasks that take the same amount of time,B,exchanging back massages,trading items of similar monetary value,performing tasks that take the same amount of time,"<reasoning>The French proverb ""Un petit service en vaut un autre"" translates to ""You scratch my back and I’ll scratch yours"" in English. This proverb suggests a reciprocal exchange of favors or services between individuals. A literal interpretation might lead one to misunderstand the figurative nature of the phrase. For instance, a wrong literal reading could involve physical actions or misplaced ",1.0,0.6666666666666666,0.75,0.98,89.4
a,cot_en,French,MID0131,Un point à temps en vaut cent,A stitch in time saves nine,A stitch in time saves nine,False,A stitch in time saves nine,A single sewn stitch is more valuable than a hundred loose threads,The ninth stitch in any sewing project is the most crucial,You should sew exactly one stitch at a time to be efficient,A,A single sewn stitch is more valuable than a hundred loose threads,You should sew exactly one stitch at a time to be efficient,The ninth stitch in any sewing project is the most crucial,"<reasoning>The French proverb ""Un point à temps en vaut cent"" translates to ""A stitch in time saves nine"" in English. This proverb is meant to convey that taking care of small problems now can prevent larger ones from developing later. However, if taken literally, a reader might misinterpret the phrase in several ways. They could think it's about the value of a single stitch in sewing, comparing i",1.0,1.0,1.94,0.92,97.6
a,cot_en,French,MID0132,L’argent ne fait pas le bonheur,Money cannot buy happiness,Money cannot buy happiness,False,Money cannot buy happiness,Buying things with money always leads to sadness,Happiness is not for sale at any price,Money is useless for buying things that bring joy,A,Money is useless for buying things that bring joy,Buying things with money always leads to sadness,Happiness is not for sale at any price,"<reasoning>When considering the literal meaning of the phrase ""Money cannot buy happiness,"" some readers might misinterpret it as stating that money has no capability to purchase items or services that could lead to happiness, or that happiness is not something that can be acquired through financial means. Others might understand it to mean that the act of buying something with money inherently pr",1.0,1.0,2.08,0.88,96.4
a,cot_en,French,MID0133,Il ne faut pas vendre la peau de l’ours avant de l’avoir tué,Don’t count your chickens before they hatch,Don’t count your chickens before they hatch,False,Bear skin vendors require proof of bear death,You must kill a bear to legally sell its fur,Don’t count your chickens before they hatch,Selling bear hides is illegal until the bear is dead,C,Selling bear hides is illegal until the bear is dead,You must kill a bear to legally sell its fur,Bear skin vendors require proof of bear death,"<reasoning>The French proverb ""Il ne faut pas vendre la peau de l’ours avant de l’avoir tué"" literally translates to ""Do not sell the bear's skin before you have killed it."" A reader might jump to wrong literal readings because the phrase is advising against selling something that hasn't been obtained yet, which could lead to misunderstandings about the context and intent of the phrase. WRONG lite",1.0,1.0,1.33,0.94,98.2
a,cot_en,French,MID0134,Chat échaudé craint l’eau froide,"Once bitten, twice shy","Once bitten, twice shy",False,People who have been bitten by an animal will be shy of all water,"Once bitten, twice shy","If you are burned, you should fear cold water because it might cause further injury",A cat that has been scalded will avoid cold water,B,A cat that has been scalded will avoid cold water,People who have been bitten by an animal will be shy of all water,"If you are burned, you should fear cold water because it might cause further injury","<reasoning>The proverb ""Chat échaudé craint l’eau froide"" or its English translation ""Once bitten, twice shy"" is an idiom that means if someone has a bad experience, they will be cautious in similar situations in the future. A literal reading might misunderstand the figurative language used, leading to incorrect interpretations. For instance, one might think it's about an actual cat being burned a",1.0,1.0,3.25,0.91,97.3
a,cot_en,French,MID0135,On ne change pas une équipe qui gagne,"If it ain’t broken, don’t fix it","If it ain’t broken, don’t fix it",False,Do not replace athletes in a winning team,Refuse to alter a chemical formula that works,"If it ain’t broken, don’t fix it",Avoid fixing a machine that still operates,C,Do not replace athletes in a winning team,Avoid fixing a machine that still operates,Refuse to alter a chemical formula that works,"<reasoning>The proverb ""On ne change pas une équipe qui gagne"" or ""If it ain’t broken, don’t fix it"" is a common saying that means if something is working well, there is no need to change it. However, a literal reading might lead to incorrect interpretations. For instance, one might think it's about not replacing a winning sports team, or not repairing something that is still functional but damage",1.0,1.0,1.1,0.9,97.0
a,cot_en,French,MID0136,Il vaut mieux prévenir que guérir,Better safe than sorry,Better safe than sorry,False,always wear protective gear,Better safe than sorry,never take risks in business,avoid medical treatment if possible,B,always wear protective gear,never take risks in business,avoid medical treatment if possible,"<reasoning>When considering the proverb ""Il vaut mieux prévenir que guérir"" or its English translation ""Better safe than sorry"", a reader might mistakenly take it to mean various incorrect things. For instance, they might interpret it as solely related to physical health, thinking that preventing illnesses is always better than treating them, which is too narrow. Others might think it's about alwa",1.0,0.6666666666666666,1.17,1.0,90.0
a,cot_en,French,MID0137,Il n’y a pas de fumée sans feu,"Where there is smoke, there is fire","Where there is smoke, there is fire",False,Smoke can only be produced by burning fires,"Where there is smoke, there is fire","Every time smoke is seen, a fire must be visible",All smoke comes from fires that are burning out of control,B,"Every time smoke is seen, a fire must be visible",Smoke can only be produced by burning fires,All smoke comes from fires that are burning out of control,"<reasoning>The proverb ""Il n’y a pas de fumée sans feu"" or ""Where there is smoke, there is fire"" is often used to convey that if there's a rumor or indication of something, it's likely based on truth. However, a literal reading might lead to misunderstandings. For instance, someone might think it's about the physical properties of smoke and fire, the detection of fires, or the conditions necessary",1.0,1.0,1.38,0.88,96.4
a,cot_en,French,MID0138,Qui aime bien châtie bien,Spare the rod and spoil the child,Spare the rod and spoil the child,False,Physically hitting children with rods is necessary,Spare the rod and spoil the child,Withholding a rod-like gift will result in a spoiled child,Not giving children rods as toys will spoil them,B,Physically hitting children with rods is necessary,Not giving children rods as toys will spoil them,Withholding a rod-like gift will result in a spoiled child,"<reasoning>When considering the French proverb ""Qui aime bien châtie bien"" or its English translation ""Spare the rod and spoil the child,"" a literal reading might lead to misinterpretations. The phrase is often used to convey that discipline is necessary for a child's development. However, a wrong literal interpretation could lead one to think that the phrase is advocating for physical punishment ",1.0,1.0,1.24,0.93,97.9
a,cot_en,French,MID0139,Paris ne s’est pas fait en un jour,Paris wasn’t built in a day,Paris wasn’t built in a day,False,Paris was built by a single person in less than 24 hours,The construction of Paris was halted for a day due to bad weather,Paris wasn’t built in a day,The city of Paris has a record of exactly two days of construction,C,The city of Paris has a record of exactly two days of construction,Paris was built by a single person in less than 24 hours,The construction of Paris was halted for a day due to bad weather,"<reasoning>The proverb ""Paris wasn’t built in a day"" is often used to convey that great things take time to accomplish. However, a literal interpretation might lead a reader to misunderstand the phrase. They might think it's about the actual construction of Paris, the city, and its timeline. A wrong literal reading could assume the phrase is discussing historical facts about Paris' building proces",1.0,1.0,2.11,0.84,95.2
a,cot_en,French,MID0140,Qui vole un œuf vole un bœuf,He who steals an egg will steal an ox,He who steals an egg will steal an ox,False,Stealing eggs gives thieves experience to steal oxen,He who steals an egg will steal an ox,Only those who steal eggs are capable of stealing oxen,The thief starts with eggs and progresses to oxen,B,The thief starts with eggs and progresses to oxen,Stealing eggs gives thieves experience to steal oxen,Only those who steal eggs are capable of stealing oxen,"<reasoning>The proverb ""Qui vole un œuf vole un bœuf"" or ""He who steals an egg will steal an ox"" is a saying that implies those who are willing to commit small acts of theft or dishonesty may also be capable of committing larger, more significant ones. However, if taken literally, it could lead to some misguided interpretations. For example, one might think it's about the progression of a thief fr",1.0,1.0,1.0,0.79,93.7
a,cot_en,French,MID0141,Un clou chasse l'autre,One nail drives out another,One nail drives out another,False,One nail drives out another,Nails are physically attracted to each other and will push one nail out when another is introduced,Nails made of different metals repel each other and one will drive the other out,A larger nail can dislodge a smaller nail from the same piece of wood,A,Nails are physically attracted to each other and will push one nail out when another is introduced,A larger nail can dislodge a smaller nail from the same piece of wood,Nails made of different metals repel each other and one will drive the other out,"<reasoning>The French proverb ""Un clou chasse l'autre"" translates to ""One nail drives out another"" in English. When considering literal interpretations, one might misinterpret this phrase by thinking about physical nails and their interactions. A wrong literal reading could involve the idea of nails being used to physically dislodge other nails from a surface. Another incorrect interpretation migh",1.0,1.0,3.07,0.86,95.8
a,cot_en,French,MID0142,"En tout pays, il y a une lieue de mauvais chemin",In every country there is a league/area of bad road,In every country there is a league/area of bad road,False,In every country there is a league/area of bad road,There is exactly one mile of bad road in every nation due to lack of funding,A specific area in each country is intentionally left unpaved for historical preservation,Every country has a legally mandated bad road for testing vehicle durability,A,Every country has a legally mandated bad road for testing vehicle durability,There is exactly one mile of bad road in every nation due to lack of funding,A specific area in each country is intentionally left unpaved for historical preservation,"<reasoning>The proverb ""En tout pays, il y a une lieue de mauvais chemin"" translates to ""In every country, there is a league/area of bad road"" in English. A literal reading of this proverb might lead one to think it's talking about actual road conditions in various countries. Thus, a reader might jump to conclusions such as the idea that every nation has a specific, perhaps notoriously bad, stretc",1.0,1.0,1.37,0.89,96.7
a,cot_en,French,MID0143,Tout vient à point à qui sait attendre,All comes on time to the one who knows how to wait,All comes on time to the one who knows how to wait,False,There's a specific moment in time when all your needs will be met if you just wait,You need to stand in one place to get what you want,Everything will be delivered to your doorstep if you wait,All comes on time to the one who knows how to wait,D,Everything will be delivered to your doorstep if you wait,You need to stand in one place to get what you want,There's a specific moment in time when all your needs will be met if you just wait,"<reasoning>The proverb ""Tout vient à point à qui sait attendre"" or ""All comes on time to the one who knows how to wait"" suggests that patience is a virtue and that good things will happen to those who wait. However, a literal interpretation might lead to misunderstandings. For instance, one might think that this phrase implies a physical arrival or delivery of items at a specific point in time or ",1.0,1.0,1.08,0.84,95.2
a,cot_en,French,MID0144,Il n’y a pas plus sourd que celui qui ne veut pas entendre,The deafest are those who don’t want to listen,The deafest are those who don’t want to listen,False,People become physically deaf if they refuse to listen to others,Not wanting to listen is a medical cause of hearing loss,The physically deaf are deaf because they chose not to listen,The deafest are those who don’t want to listen,D,People become physically deaf if they refuse to listen to others,The physically deaf are deaf because they chose not to listen,Not wanting to listen is a medical cause of hearing loss,"<reasoning>When interpreting the proverb ""Il n’y a pas plus sourd que celui qui ne veut pas entendre"" or its English translation ""The deafest are those who don’t want to listen"" literally, one might misunderstand the figurative meaning behind it. The proverb is not talking about physical deafness but rather about willful ignorance or refusal to consider other viewpoints. A literal reading could le",1.0,1.0,1.22,0.8,94.0
a,cot_en,French,MID0145,Ce n’est pas la mer à boire,It’s not the end of the world,It’s not the end of the world,False,It’s not the end of the world,the sea is too big to be consumed,drinking all the ocean's water is impossible,the world is ending in a sea-related disaster,A,drinking all the ocean's water is impossible,the world is ending in a sea-related disaster,the sea is too big to be consumed,"<reasoning>When translating the French proverb ""Ce n’est pas la mer à boire"" to English as ""It’s not the end of the world,"" a literal reading might lead to misunderstandings. A reader might think the phrase is about the actual act of drinking the sea, the impossibility of consuming such a vast amount of water, or the idea that the world is ending due to a catastrophic event involving the ocean. Th",1.0,1.0,1.1,0.85,95.5
a,cot_en,French,MID0146,"À bon chat, bon rat","To a good cat, a good rat","To a good cat, a good rat",False,A good cat deserves to be given a high-quality rat as a gift,The quality of the cat determines the quality of the rat,A skilled cat should be matched with a skilled rat,"To a good cat, a good rat",D,A skilled cat should be matched with a skilled rat,A good cat deserves to be given a high-quality rat as a gift,The quality of the cat determines the quality of the rat,"<reasoning>The French proverb ""À bon chat, bon rat"" translates to ""To a good cat, a good rat"" in English. This proverb is often used to convey the idea that a good or suitable response is given to someone who deserves it, implying a sense of reciprocity or appropriateness in the interaction between two entities. However, a literal interpretation might lead to misunderstandings. For instance, one m",1.0,1.0,1.62,0.81,94.3
a,cot_en,French,MID0147,Il faut tourner sept fois sa langue dans sa bouche avant de parler,You should turn your tongue around in your mouth seven times before you speak,You should turn your tongue around in your mouth seven times before you speak,False,You should turn your tongue around in your mouth seven times before you speak,count to seven before every sentence,physically rotate your tongue seven times,move your tongue in a circular motion to warm up your voice,A,physically rotate your tongue seven times,count to seven before every sentence,move your tongue in a circular motion to warm up your voice,"<reasoning>The proverb ""Il faut tourner sept fois sa langue dans sa bouche avant de parler"" or ""You should turn your tongue around in your mouth seven times before you speak"" is a figurative expression that advises caution and thoughtful consideration before speaking. A literal interpretation might lead to misunderstanding the intended meaning, focusing instead on physical actions or numerical cou",1.0,1.0,0.57,0.9,97.0
a,cot_en,French,MID0148,Ce n’est pas à un vieux singe qu’on apprend à faire des grimaces,You don’t teach an old monkey how to make funny faces,You don’t teach an old monkey how to make funny faces,False,There is a specific age limit for monkeys to master the art of making various faces,Monkeys can only learn to make funny faces when they are young,Old monkeys are physically unable to learn new facial expressions,You don’t teach an old monkey how to make funny faces,D,Old monkeys are physically unable to learn new facial expressions,Monkeys can only learn to make funny faces when they are young,There is a specific age limit for monkeys to master the art of making various faces,"<reasoning>The proverb ""Ce n’est pas à un vieux singe qu’on apprend à faire des grimaces"" or ""You don’t teach an old monkey how to make funny faces"" in English, is advising against trying to teach someone, especially an older person, something new that they are unlikely to learn or change, as it is believed that older individuals are set in their ways. However, a literal interpretation might lead ",1.0,1.0,1.15,0.86,95.8
a,cot_en,French,MID0149,Impossible n’est pas français,Impossible isn’t French,Impossible isn’t French,False,Impossibility is not a concept in France,Impossible isn’t French,The word 'impossible' is not a French word,French people can do anything,B,The word 'impossible' is not a French word,French people can do anything,Impossibility is not a concept in France,"<reasoning>The French proverb ""Impossible n’est pas français"" translates to ""Impossible isn’t French"" in English. At first glance, this might lead to some literal misunderstandings. One might think it suggests that the word ""impossible"" itself is not of French origin, or that French people or language are incapable of expressing impossibility. Another misinterpretation could be that the phrase is ",1.0,1.0,2.22,0.88,96.4
a,cot_en,French,MID0150,Bien mal acquis ne profite jamais,Goods badly acquired never benefit,Goods badly acquired never benefit,False,Goods that are damaged during purchase will never be useful,Products obtained too quickly will not last,Goods badly acquired never benefit,Items bought through illegal means will be seized by the authorities,C,Goods that are damaged during purchase will never be useful,Items bought through illegal means will be seized by the authorities,Products obtained too quickly will not last,"<reasoning>The proverb ""Bien mal acquis ne profite jamais"" or ""Goods badly acquired never benefit"" in English, suggests that things gained through improper or unethical means will ultimately not bring any advantage. However, a literal interpretation might overlook the figurative aspect and lead to misunderstandings. For instance, one might think it refers to the quality of goods, the method of acq",1.0,1.0,1.87,0.92,97.6
a,cot_en,French,MID0151,Qui vole un oeuf vole un boeuf,Who steals an egg steals a cow,Who steals an egg steals a cow,False,Eggs and cows are equally valuable to thieves,Who steals an egg steals a cow,The egg is a necessary tool for stealing a cow,The thief who stole the egg will next steal a cow,B,The thief who stole the egg will next steal a cow,Eggs and cows are equally valuable to thieves,The egg is a necessary tool for stealing a cow,"<reasoning>The proverb ""Qui vole un oeuf vole un boeuf"" or ""Who steals an egg steals a cow"" is a French idiom that suggests someone who is willing to commit a small crime will also be willing to commit a larger one. However, if taken literally, it could be misinterpreted in various ways. For instance, one might think it implies that the act of stealing an egg directly leads to the act of stealing ",1.0,1.0,1.38,0.91,97.3
a,cot_en,French,MID0152,Les jours se suivent et ne se ressemblent pas,The days follow one another and do not resemble each other,The days follow one another and do not resemble each other,False,The visual appearance of each day is completely different,The days follow one another and do not resemble each other,Days have varying lengths of time,Days are not scheduled in a regular sequence,B,Days have varying lengths of time,The visual appearance of each day is completely different,Days are not scheduled in a regular sequence,"<reasoning>The French proverb ""Les jours se suivent et ne se ressemblent pas"" translated to English as ""The days follow one another and do not resemble each other"" is a metaphorical expression that conveys the idea that each day is unique and brings its own experiences and challenges. A literal reading, however, might lead to misunderstandings. For instance, one might interpret it as days having d",1.0,1.0,0.7,0.95,98.5
a,cot_en,French,MID0153,C'est pas demain la veille!,It's not the day before tomorrow!,It's not the day before tomorrow!,False,the eve of a new year,the day preceding a weekend,It's not the day before tomorrow!,the day before a holiday,C,the day before a holiday,the eve of a new year,the day preceding a weekend,"<reasoning>The French proverb ""C'est pas demain la veille!"" translates to ""It's not the day before tomorrow!"" in English. A literal reading might lead one to think about the timing or scheduling of events. A wrong interpretation could involve misunderstanding the phrase as referring to a specific calendar date, a particular day of the week, or a point in time. Thus, a reader might incorrectly assu",1.0,1.0,0.89,0.71,91.3
a,cot_en,French,MID0154,On ne peut pas plaire à tout le monde,We can't please everyone,We can't please everyone,False,We can't please everyone,It is physically impossible to make every single person happy at the same time,The phrase refers to a specific historical event where it was proven that not everyone could be pleased,There is a mathematical formula that proves pleasing everyone is impossible,A,It is physically impossible to make every single person happy at the same time,There is a mathematical formula that proves pleasing everyone is impossible,The phrase refers to a specific historical event where it was proven that not everyone could be pleased,"<reasoning>When literally interpreting the phrase ""We can't please everyone,"" a reader might misunderstand its idiomatic meaning and jump to conclusions such as it being impossible to make anyone happy due to personal inadequacy, or that there's a physical or logistical limitation to pleasing people. Another wrong interpretation could be that the phrase refers to a mathematical or statistical impo",1.0,1.0,3.58,0.9,97.0
a,cot_en,French,MID0155,Tall oaks from little acorns grow,Tall oaks from little acorns grow,Tall oaks from little acorns grow,False,the height of an oak tree is determined by the size of its acorn,Tall oaks from little acorns grow,oak trees grow out of acorns overnight,acorns contain a magical growth substance that makes oak trees tall,B,oak trees grow out of acorns overnight,the height of an oak tree is determined by the size of its acorn,acorns contain a magical growth substance that makes oak trees tall,"<reasoning>The proverb ""Tall oaks from little acorns grow"" is often misunderstood when taken literally. A reader might think it's about the physical process of how oak trees grow, rather than the metaphorical idea that great things can come from small beginnings. They might imagine that the phrase is describing a unique botanical process where acorns directly transform into tall oaks without going",1.0,1.0,1.78,0.88,96.4
a,cot_en,French,MID0156,Vouloir c'est pouvoir,"Where there's a will, there's a way","Where there's a will, there's a way",False,"Where there's a will, there's a way",Desire physically empowers you,Finding physical paths or roads,Guaranteed success in legal inheritance,A,Desire physically empowers you,Guaranteed success in legal inheritance,Finding physical paths or roads,"<reasoning>The French proverb ""Vouloir c'est pouvoir"" or its English translation ""Where there's a will, there's a way"" is often misunderstood in a literal sense. A reader might think it implies that having a desire for something automatically grants the ability to do it, which could lead to incorrect interpretations such as the proverb supporting the idea that desire alone can physically empower s",1.0,0.6666666666666666,0.67,1.0,90.0
a,cot_en,French,MID0157,"Tant qu'il y a de la vie, il y a de l'espoir","While there is life, there is hope","While there is life, there is hope",False,The presence of oxygen and food in the body guarantees a constant supply of hopeful feelings,Medical professionals can always revive hope in a patient as long as they are still breathing,"As long as a person's heart is beating, they will never run out of positive thoughts","While there is life, there is hope",D,"As long as a person's heart is beating, they will never run out of positive thoughts",The presence of oxygen and food in the body guarantees a constant supply of hopeful feelings,Medical professionals can always revive hope in a patient as long as they are still breathing,"<reasoning>The proverb ""Tant qu'il y a de la vie, il y a de l'espoir"" or ""While there is life, there is hope"" is a statement about the human condition, emphasizing the importance of perseverance and optimism in the face of adversity. A literal reading might misunderstand the philosophical intent behind the phrase, instead interpreting it in a more concrete or medical sense. For instance, one might",1.0,1.0,2.29,0.9,97.0
a,cot_en,French,MID0158,Les grands esprits se rencontrent,Great minds think alike,Great minds think alike,False,Great minds physically meet each other,Great minds think alike,People with high intellect have similar facial features,Intelligent people have identical thoughts at the same time,B,Great minds physically meet each other,Intelligent people have identical thoughts at the same time,People with high intellect have similar facial features,"<reasoning>When translating the French proverb ""Les grands esprits se rencontrent"" to English as ""Great minds think alike"", a literal interpretation might lead to misunderstandings. A reader might think that the phrase is suggesting great minds physically meet or gather, or that they have the same thoughts at the same time, or even that intelligent people have similar physical appearances. These i",1.0,1.0,1.92,0.96,98.8
a,cot_en,French,MID0159,Même les meilleures choses ont une fin,Even the best things come to an end,Even the best things come to an end,False,all good things must be relocated to a final destination,the best things are stored in a location called 'an end',Even the best things come to an end,every positive object has a physical boundary,C,all good things must be relocated to a final destination,every positive object has a physical boundary,the best things are stored in a location called 'an end',"<reasoning>When literally interpreting the phrase ""Even the best things come to an end,"" a reader might mis understand it in several ways. One could think that all good things must physically move to a destination called ""an end."" Another wrong interpretation could be that all positive objects or experiences have a physical edge or boundary. Lastly, someone might believe the phrase is about the ph",1.0,1.0,1.17,0.92,97.6
a,cot_en,French,MID0160,"Bon à tout, bon à rien","Jack of all trades, master of none","Jack of all trades, master of none",False,an expert in every profession but fails to achieve mastery,a tool useful for everything but serves no purpose,a person skilled in all tasks but competent in none,"Jack of all trades, master of none",D,a person skilled in all tasks but competent in none,a tool useful for everything but serves no purpose,an expert in every profession but fails to achieve mastery,"<reasoning>The proverb ""Bon à tout, bon à rien"" or ""Jack of all trades, master of none"" is an idiom that suggests someone who is competent in many areas but not exceptional in any. A literal reading, however, might lead to misunderstandings. For instance, one might think it's about a person being good at everything but somehow simultaneously being good at nothing, which doesn't logically align wit",1.0,1.0,1.38,0.9,97.0
