task,strategy,language,sample_id,source_proverb,proverb_en,correct_meaning,cultural_context_available,Choice_A,Choice_B,Choice_C,Choice_D,Answer,distractor_1,distractor_2,distractor_3,raw_response,parse,complete,len_r,distinct,quality
b,cot_en,French,MID0001,L’habit ne fait pas le moine,The vestment does not make the monk,"Just because a monk is wearing a renunciate’s robe, it doesn’t mean that the monk is sincere in his intentions. The phrase implies that appearances can sometimes mislead one’s better judgment. The English equivalent would be, “Don’t judge a book by its cover.”",True,The quality of a person's character is directly reflected by the quality of their clothing,"Just because a monk is wearing a renunciate’s robe, it doesn’t mean that the monk is sincere in his intentions. The phrase implies that appearances can sometimes mislead one’s better judgment. The English equivalent would be, “Don’t judge a book by its cover.”","To be a true monk, one must first dress like one, as the attire inspires the behavior",Monks should not wear robes as it deceives people into thinking they are pious,B,Monks should not wear robes as it deceives people into thinking they are pious,The quality of a person's character is directly reflected by the quality of their clothing,"To be a true monk, one must first dress like one, as the attire inspires the behavior","<reasoning>The task requires generating wrong cultural interpretations that are plausible but subtly incorrect. To achieve this, we need to consider the core idea of the proverb, which is about not judging someone based on their appearance, and then slightly twist it in a way that seems reasonable but is actually incorrect. One approach is to take the literal meaning of the proverb and extend it i",1.0,1.0,0.36,0.96,98.8
b,cot_en,French,MID0002,Qui vivra verra,"He/she who lives, shall see.","Something is unknown now, but will become clear in the future; the only way to find out is to wait and see. Typically used when an outcome is unpredictable or uncertain, like in the English phrase, “The future will tell.”",True,Only the strongest will have the privilege of understanding the future,Waiting idly is the key to gaining insight into unknown matters,Elderly individuals possess a deeper understanding of life due to their age,"Something is unknown now, but will become clear in the future; the only way to find out is to wait and see. Typically used when an outcome is unpredictable or uncertain, like in the English phrase, “The future will tell.”",D,Only the strongest will have the privilege of understanding the future,Waiting idly is the key to gaining insight into unknown matters,Elderly individuals possess a deeper understanding of life due to their age,"<reasoning>When interpreting proverbs, the nuances of language and cultural context can lead to subtly incorrect interpretations. For the French proverb ""Qui vivra verra,"" a wrong interpretation might arise from taking the phrase too literally or out of its common usage context. For instance, one might mistakenly believe the phrase is about the superiority of survivors or the idea that only those ",1.0,1.0,0.28,0.93,97.9
b,cot_en,French,MID0003,Chacun voit midi à sa porte,Each person sees noon at his/her door.,"Each person prioritizes their own interests, and their unique perspective on life guides how they interact with others, set goals, work and live. This saying can also refer to a person’s selfishness...",True,Each person has a unique geographical location that influences their perception of time,Everyone has their own perfect timing,"Each person prioritizes their own interests, and their unique perspective on life guides how they interact with others, set goals, work and live. This saying can also refer to a person’s selfishness...",People are most aware of their surroundings at noon,C,Everyone has their own perfect timing,People are most aware of their surroundings at noon,Each person has a unique geographical location that influences their perception of time,"[""Everyone has their own perfect timing"", ""People are most aware of their surroundings at noon"", ""Each person has a unique geographical location that influences their perception of time""]",1.0,1.0,0.29,0.9,97.0
b,cot_en,French,MID0004,Mieux vaut prévenir que guérir,It’s better to prevent than to heal.,"It’s better to take the necessary precautions to prevent a sickness, than to have to treat and heal this sickness.",True,It's better to anticipate and prepare for all possible outcomes rather than taking action after a problem has occurred,Prevention is only necessary for physical health and not for emotional or psychological well-being,"It’s better to take the necessary precautions to prevent a sickness, than to have to treat and heal this sickness.","The proverb suggests that once a problem occurs, it's futile to try and fix it, so one should focus solely on prevention",C,Prevention is only necessary for physical health and not for emotional or psychological well-being,It's better to anticipate and prepare for all possible outcomes rather than taking action after a problem has occurred,"The proverb suggests that once a problem occurs, it's futile to try and fix it, so one should focus solely on prevention","<reasoning>When interpreting the proverb ""Mieux vaut prévenir que guérir"" or ""It’s better to prevent than to heal,"" one might overlook the context of health and medicine, leading to misinterpretations. A plausible but incorrect interpretation could arise from taking the phrase too literally or out of its original context, applying it to situations where prevention isn't the primary goal or where t",1.0,1.0,0.92,0.91,97.3
b,cot_en,French,MID0005,"Qui n’avance pas, recule","Who does not move forward, recedes.","There can be no standstill in life, only evolution or devolution. You can either adapt, or become stagnant and “recede.”",True,"It's a warning that if you don't advance in your career, you'll be demoted or fired","It's a commentary on the need for constant technological progress, or else society will collapse","There can be no standstill in life, only evolution or devolution. You can either adapt, or become stagnant and “recede.”",This proverb is about the importance of physical movement and exercise to stay healthy,C,This proverb is about the importance of physical movement and exercise to stay healthy,"It's a warning that if you don't advance in your career, you'll be demoted or fired","It's a commentary on the need for constant technological progress, or else society will collapse","[""This proverb is about the importance of physical movement and exercise to stay healthy"", ""It's a warning that if you don't advance in your career, you'll be demoted or fired"", ""It's a commentary on the need for constant technological progress, or else society will collapse""]",1.0,1.0,0.75,0.95,98.5
b,cot_en,French,MID0006,Il ne faut pas se fier aux apparences,One should not trust appearances.,"This saying is the English equivalent of “You can’t judge a book by its cover,” or “Looks can be deceiving.”",True,"This saying is the English equivalent of “You can’t judge a book by its cover,” or “Looks can be deceiving.”",Never judge someone based on the color of their clothes,Be suspicious of gifts that look expensive,Do not trust people who are attractive,A,Do not trust people who are attractive,Never judge someone based on the color of their clothes,Be suspicious of gifts that look expensive,"<reasoning>When interpreting the French proverb ""Il ne faut pas se fier aux apparences,"" it's essential to consider the nuances of language and cultural context. A wrong interpretation might arise from a literal translation or a failure to account for idiomatic expressions. For instance, one might assume the phrase warns against physical appearances alone, overlooking its broader implications. Ano",1.0,1.0,0.4,0.98,99.4
b,cot_en,French,MID0007,"Petit à petit, l’oiseau fait son nid","Little by little, the bird makes its nest.","This proverb designates patience and perseverance. It can be used in many situations, particularly to refer to something substantial that has not yet been accomplished, but will be with time and perseverance.",True,"This proverb designates patience and perseverance. It can be used in many situations, particularly to refer to something substantial that has not yet been accomplished, but will be with time and perseverance.","It suggests that small, incremental actions are a waste of time and that one should strive for grand, immediate accomplishments",The bird's nest is a symbol of fragility and thus the proverb warns against taking small risks,"This proverb highlights the importance of speed and efficiency, as the bird quickly builds its nest",A,The bird's nest is a symbol of fragility and thus the proverb warns against taking small risks,"This proverb highlights the importance of speed and efficiency, as the bird quickly builds its nest","It suggests that small, incremental actions are a waste of time and that one should strive for grand, immediate accomplishments","reasoning: To create subtly incorrect interpretations, we need to consider the literal meaning of the proverb and the context in which it's used, then slightly alter the intended meaning to make it plausible yet incorrect. For instance, focusing on the bird or the nest rather than the action of building could lead to misinterpretations. Additionally, taking the phrase out of its usual context of p",1.0,1.0,0.55,0.88,96.4
b,cot_en,French,MID0008,"Aussitôt dit, aussitôt fait","As soon as said, as soon as done.","The equivalent English saying is, “It’s as good as done.” It indicates that something is or will be done almost immediately upon request.",True,Impulsive decisions are always best,"The equivalent English saying is, “It’s as good as done.” It indicates that something is or will be done almost immediately upon request.",Act without considering consequences,Speak before you think,B,Speak before you think,Act without considering consequences,Impulsive decisions are always best,"[""Speak before you think"", ""Act without considering consequences"", ""Impulsive decisions are always best""]",1.0,0.3333333333333333,0.19,1.0,80.0
b,cot_en,French,MID0009,Bien mal acquis ne profite jamais,A badly acquired good never benefits.,"In English, the saying goes, “Ill-gotten goods seldom prosper,” or “Crime doesn’t pay,” meaning it’s best to be honest because dishonesty doesn’t get you anywhere.",True,"In English, the saying goes, “Ill-gotten goods seldom prosper,” or “Crime doesn’t pay,” meaning it’s best to be honest because dishonesty doesn’t get you anywhere.",Inheriting wealth or goods from others will bring no joy,Illegal activities will eventually lead to financial loss but are worth the temporary gain,Acquiring something cheaply will not be profitable,A,Acquiring something cheaply will not be profitable,Illegal activities will eventually lead to financial loss but are worth the temporary gain,Inheriting wealth or goods from others will bring no joy,"<reasoning>When interpreting proverbs, cultural nuances and context play a significant role. A wrong interpretation can arise from a misunderstanding of the proverb's idiom, historical context, or the values it embodies. For instance, if one takes the phrase ""badly acquired"" too literally, they might assume it refers to the quality of the acquisition process rather than its moral implications. Sim",1.0,1.0,0.41,0.95,98.5
b,cot_en,French,MID0010,"Qui court deux lièvres à la fois, n’en prend aucun","Who runs after two hares at the same time, catches none.",We ought to concentrate on one task at a time with optimal attention...,True,Hares symbolize luck and one should always chase luck,It teaches that speed is not as important as the number of targets one pursues,The proverb advises on the best hunting strategies in the wilderness,We ought to concentrate on one task at a time with optimal attention...,D,Hares symbolize luck and one should always chase luck,The proverb advises on the best hunting strategies in the wilderness,It teaches that speed is not as important as the number of targets one pursues,"<reasoning>When interpreting the proverb ""Qui court deux lièvres à la fois, n’en prend aucun"" or ""Who runs after two hares at the same time, catches none,"" it's easy to overlook the nuances of its cultural context and the intentions behind the metaphor. A wrong interpretation might arise from literal translations or misunderstandings of the symbolic hares. For instance, one might think the proverb",1.0,1.0,0.9,0.97,99.1
b,cot_en,French,MID0011,"Mangez bien, riez souvent, aimez beaucoup","Eat well, laugh often, love abundantly.",This saying is analogous to “Live life to the fullest” or carpe diem...,True,This saying is analogous to “Live life to the fullest” or carpe diem...,Pursue numerous romantic conquests to fulfill love,Laugh at others' misfortunes to find joy,Overindulge in food and drink to be happy,A,Overindulge in food and drink to be happy,Laugh at others' misfortunes to find joy,Pursue numerous romantic conquests to fulfill love,"<reasoning>When interpreting proverbs, the nuances of language and cultural context can lead to subtle misinterpretations. For the French proverb ""Mangez bien, riez souvent, aimez beaucoup,"" a wrong cultural interpretation might occur if one focuses too narrowly on individual words or phrases, missing the broader idiomatic meaning. For instance, taking ""mangez bien"" to imply an overindulgence in f",1.0,1.0,0.56,0.93,97.9
b,cot_en,French,MID0012,"À jeune chasseur, il faut un vieux chien","For the young hunter, an old dog is needed.",An inexperienced person needs someone older and wiser to show him/her the ropes.,True,Older animals are better for new hunters because they are easier to train,An inexperienced person needs someone older and wiser to show him/her the ropes.,"The proverb suggests that only old dogs can hunt with young hunters, excluding other age groups","It implies that young hunters are incapable of hunting without an old dog, emphasizing dependency over guidance",B,Older animals are better for new hunters because they are easier to train,"The proverb suggests that only old dogs can hunt with young hunters, excluding other age groups","It implies that young hunters are incapable of hunting without an old dog, emphasizing dependency over guidance","<reasoning>A culturally wrong interpretation could stem from a literal or overly broad understanding of the proverb, neglecting its metaphorical intent. For instance, one might interpret the proverb as emphasizing the importance of age in tasks, overlooking the aspect of experience and guidance. Another misinterpretation could arise from focusing on the characteristics of the ""young hunter"" and ""o",1.0,1.0,1.18,0.94,98.2
b,cot_en,French,MID0013,"Après la pluie, le beau temps","After the rain, good weather.","This saying is a poetic way of saying “Hang in there.” Even if things are bad at the moment, they’ll get better.",True,Prosperity is guaranteed after a period of hardship,The weather will always clear up after a storm so outdoor plans should be scheduled for after rain,Bad actions will be followed by a lack of consequences,"This saying is a poetic way of saying “Hang in there.” Even if things are bad at the moment, they’ll get better.",D,The weather will always clear up after a storm so outdoor plans should be scheduled for after rain,Bad actions will be followed by a lack of consequences,Prosperity is guaranteed after a period of hardship,"<reasoning>One possible wrong interpretation could be that the phrase is about the literal weather and how it affects outdoor activities. Another could be related to the idea of consequences, where ""good weather"" represents a lack of repercussions after a negative event. A third incorrect interpretation might view the phrase as a commentary on the cyclical nature of fortune, where ""good weather"" i",1.0,1.0,0.55,0.89,96.7
b,cot_en,French,MID0014,"Quand on a pas ce que l’on aime, il faut aimer ce que l’on a","When one doesn’t have the things that one loves, one must love what one has.","It reflects the saying, “Want what you have and you’ll have what you want,”...",True,Settling for less is always the best option,"It reflects the saying, “Want what you have and you’ll have what you want,”...",Suppressing personal desires is the key to happiness,"Ambition is overrated, be content with your current situation",B,Settling for less is always the best option,"Ambition is overrated, be content with your current situation",Suppressing personal desires is the key to happiness,"<reasoning>One of the main challenges in interpreting proverbs from different cultures is the potential for subtle misunderstandings due to linguistic and cultural nuances. A proverb like ""Quand on a pas ce que l’on aime, il faut aimer ce que l’on a"" can be particularly tricky because its message, while seemingly straightforward, can be twisted or misinterpreted in various ways. For instance, the ",1.0,1.0,0.6,0.91,97.3
b,cot_en,French,MID0015,Bien faire et laisser dire,Do well and let (them) speak.,Do what you believe is right and don’t pay attention to what others have to say about it.,True,Do what you believe is right and don’t pay attention to what others have to say about it.,Do good deeds only for public recognition,Believe your actions are flawless and never require criticism,Ignore all feedback to preserve your ego,A,Ignore all feedback to preserve your ego,Do good deeds only for public recognition,Believe your actions are flawless and never require criticism,"<reasoning>When interpreting the proverb ""Bien faire et laisser dire"" or ""Do well and let (them) speak,"" it's essential to understand the nuances of the phrase to avoid misinterpretation. A wrong interpretation could arise from taking the phrase too literally or out of context. For instance, one might think it implies ignoring all feedback, which could lead to missing valuable insights for improve",1.0,1.0,0.43,0.98,99.4
b,cot_en,French,MID0016,Il n’y a pas plus sourd que celui qui ne veut pas entendre,No one is as deaf as the one who does not want to listen.,People who are too stubborn... pay no attention to others’ advice or opinions.,True,The saying means that silence is the most powerful response to any situation,It implies that not listening is a fundamental human right that should be respected,The proverb suggests that people who are physically deaf are more resistant to external influences,People who are too stubborn... pay no attention to others’ advice or opinions.,D,The proverb suggests that people who are physically deaf are more resistant to external influences,It implies that not listening is a fundamental human right that should be respected,The saying means that silence is the most powerful response to any situation,"<reasoning>One way to create wrong cultural interpretations is to take the literal meaning of the proverb and apply it to unrelated contexts or to misinterpret the figurative language used. Another approach is to consider the cultural background and values of the proverb, then intentionally misapply or overextend them. For instance, the proverb ""No one is as deaf as the one who does not want to li",1.0,1.0,1.08,0.91,97.3
b,cot_en,French,MID0017,Passer comme une lettre à la poste,To go through like a letter in the mail.,"...used to refer to something... that’s easy, runs smoothly and is hassle-free.",True,It implies that the outcome is determined by the address it's sent to,It means something is likely to get lost in the process,It signifies that the process involves many intermediaries,"...used to refer to something... that’s easy, runs smoothly and is hassle-free.",D,It means something is likely to get lost in the process,It signifies that the process involves many intermediaries,It implies that the outcome is determined by the address it's sent to,"<reasoning>When interpreting the proverb ""Passer comme une lettre à la poste"" or ""To go through like a letter in the mail,"" one might consider various aspects of mail delivery to draw a comparison. However, to create subtly incorrect interpretations, we must consider plausible but misguided views. For instance, one might think of the speed, the potential for loss, the process of being sent from on",1.0,1.0,0.89,0.81,94.3
b,cot_en,French,MID0018,"Si jeunesse savait, si vieillesse pouvait","If youth knew, if age could.",This saying is a French equivalent of “Youth is wasted on the young.”,True,Wealth is directly proportional to one's youthfulness,This saying is a French equivalent of “Youth is wasted on the young.”,Knowledge and power increase linearly with age,Youth and age are interdependent for societal progress,B,Youth and age are interdependent for societal progress,Wealth is directly proportional to one's youthfulness,Knowledge and power increase linearly with age,"<reasoning>The phrase ""Si jeunesse savait, si vieillesse pouvait"" suggests a contrast between the knowledge of youth and the capability of age. A wrong interpretation might arise from misattributing the focus of the phrase, either to the relationship between different generations, the accumulation of wealth, or the balance between knowledge and power. For instance, one might think the phrase is ab",1.0,1.0,0.56,0.95,98.5
b,cot_en,French,MID0019,Ça ne casse pas des briques,It doesn’t break bricks.,"Basically, this is the French version of “It’s nothing to write home about.”",True,The new policy is ineffective at demolishing brick walls,The team's strategy isn't strong enough to break through brick-like defenses,"Basically, this is the French version of “It’s nothing to write home about.”",The construction worker's technique doesn't break many bricks,C,The new policy is ineffective at demolishing brick walls,The construction worker's technique doesn't break many bricks,The team's strategy isn't strong enough to break through brick-like defenses,"<reasoning>The phrase ""Ça ne casse pas des briques"" seems to literally translate to ""It doesn't break bricks,"" which could lead to various misinterpretations. A plausible but incorrect interpretation could be that the phrase is referencing the strength or resilience of an object or action, suggesting it's not capable of breaking something as sturdy as bricks. Another wrong interpretation could be ",1.0,1.0,0.72,0.92,97.6
b,cot_en,French,MID0020,Tiré par les cheveux,Pulled by the hair.,This phrase means that something is “far-fetched” or unlikely.,True,A hair care technique to stimulate hair growth,A traditional French hairstyle that signifies strength,A form of ancient torture used during the Inquisition,This phrase means that something is “far-fetched” or unlikely.,D,A traditional French hairstyle that signifies strength,A form of ancient torture used during the Inquisition,A hair care technique to stimulate hair growth,"<reasoning>When interpreting the phrase ""Tiré par les cheveux"" or ""Pulled by the hair"" in a cultural context, it's easy to get misled by literal translations or associations. For instance, one might think of physical violence, hair care, or even historical practices involving hair. However, these interpretations miss the idiomatic use of the phrase to describe something as far-fetched or improbabl",1.0,1.0,0.89,0.93,97.9
b,cot_en,French,MID0021,La nuit porte conseil,The night brings advice.,"This saying is the equivalent of the English saying “Sleep on it,”...",True,Nighttime is when experts and consultants are available for hire,The night is a time for seeking guidance from spiritual advisors,The cover of darkness provides an opportunity for secretive and illicit counseling,"This saying is the equivalent of the English saying “Sleep on it,”...",D,The night is a time for seeking guidance from spiritual advisors,Nighttime is when experts and consultants are available for hire,The cover of darkness provides an opportunity for secretive and illicit counseling,"[""The night is a time for seeking guidance from spiritual advisors"", ""Nighttime is when experts and consultants are available for hire"", ""The cover of darkness provides an opportunity for secretive and illicit counseling""]",1.0,1.0,0.92,0.9,97.0
b,cot_en,French,MID0022,C’est la fin des haricots,It’s the end of the (green) beans.,...synonymous with Il n’y a plus rien ! (“There’s nothing left!”). This saying dates back to the 18th century...,True,The last course of a meal has been served,The final phase of a project is complete,The harvest season has concluded,...synonymous with Il n’y a plus rien ! (“There’s nothing left!”). This saying dates back to the 18th century...,D,The harvest season has concluded,The last course of a meal has been served,The final phase of a project is complete,"<reasoning>When interpreting foreign proverbs, subtle cultural nuances can be lost in translation, leading to plausible but incorrect meanings. For ""C’est la fin des haricots,"" a literal translation might suggest a conclusion of a bean-related event or period. Considering the historical context and common idiomatic expressions, one might mistakenly associate the phrase with the end of a harvest se",1.0,1.0,0.39,0.85,95.5
b,cot_en,French,MID0023,Battre le fer pendant qu’il est chaud,Strike the iron while it’s hot.,...means to take advantage of favorable conditions.,True,...means to take advantage of favorable conditions.,Rush into decisions without considering long-term consequences,Encourage incessant work without rest,Promote aggression or violence in conflict resolution,A,Rush into decisions without considering long-term consequences,Promote aggression or violence in conflict resolution,Encourage incessant work without rest,"<reasoning>When interpreting proverbs, cultural nuances can lead to subtle misinterpretations. For ""Battre le fer pendant qu’il est chaud"" or ""Strike the iron while it’s hot,"" a literal or overly simplistic understanding might lead to incorrect conclusions. Here are three plausible but subtly incorrect interpretations: 
1. It could be misconstrued as advice to rush into decisions without consideri",1.0,1.0,0.9,0.97,99.1
b,cot_en,French,MID0024,Il faut qu’une porte soit ouverte ou fermée,A door must be open or closed.,Pure and simple: “You can’t have it both ways.”,True,Doors should always be kept closed for security reasons,It implies that all decisions in life must be binary with no room for compromise,Pure and simple: “You can’t have it both ways.”,This proverb advises against leaving doors ajar to save energy,C,Doors should always be kept closed for security reasons,This proverb advises against leaving doors ajar to save energy,It implies that all decisions in life must be binary with no room for compromise,"<reasoning>When interpreting proverbs, one must consider the cultural context and nuances of language. A plausible but incorrect interpretation may arise from literal translation or misunderstanding of idiomatic expressions. For the given French proverb, ""Il faut qu’une porte soit ouverte ou fermée,"" a wrong interpretation might stem from taking the phrase at face value, focusing on the physical s",1.0,1.0,1.26,0.95,98.5
b,cot_en,French,MID0025,Voir venir quelqu’un avec ses gros sabots,To see someone coming with his/her big clogs.,To be able to clearly and easily decipher someone’s intentions...,True,To be able to clearly and easily decipher someone’s intentions...,To anticipate someone's arrival due to the noise they make,To identify an aggressive or confrontational person by their demeanor,To recognize someone's profession by their attire,A,To recognize someone's profession by their attire,To anticipate someone's arrival due to the noise they make,To identify an aggressive or confrontational person by their demeanor,"<reasoning>The phrase ""Voir venir quelqu’un avec ses gros sabots"" can be misleading due to the literal translation of ""big clogs,"" which might lead one to think of the phrase in terms of footwear or a person's approach being clumsy or obvious in a physical sense, rather than an idiomatic expression about intentions. This could lead to interpretations that are plausible but incorrect, focusing on t",1.0,1.0,0.9,0.86,95.8
b,cot_en,French,MID0026,Il ne faut rien laisser au hasard,One should leave nothing to chance.,"This one simply means, “Plan ahead.”",True,The phrase means to always wait for the right opportunity to come along,One should try to control every aspect of life,It's about avoiding any situation where luck plays a role,"This one simply means, “Plan ahead.”",D,One should try to control every aspect of life,It's about avoiding any situation where luck plays a role,The phrase means to always wait for the right opportunity to come along,"<reasoning>When interpreting the French proverb ""Il ne faut rien laisser au hasard,"" it's easy to get caught up in the literal translation and overlook the nuances of the phrase. A culturally wrong interpretation might arise from taking the phrase too literally or out of context, leading to misunderstandings about the level of control or responsibility being advocated. For instance, one might thin",1.0,1.0,1.78,0.98,99.4
b,cot_en,French,MID0027,Les murs ont des oreilles,The walls have ears.,"One should pay attention to what they say, because there’s a chance they could be overheard...",True,You should talk to inanimate objects like walls because they can understand you,The walls are haunted and can hear your thoughts,"One should pay attention to what they say, because there’s a chance they could be overheard...",The phrase is a warning that walls are fragile and can be easily damaged by loud noises,C,The walls are haunted and can hear your thoughts,You should talk to inanimate objects like walls because they can understand you,The phrase is a warning that walls are fragile and can be easily damaged by loud noises,"[""The walls are haunted and can hear your thoughts"", ""You should talk to inanimate objects like walls because they can understand you"", ""The phrase is a warning that walls are fragile and can be easily damaged by loud noises""]",1.0,1.0,0.81,0.86,95.8
b,cot_en,French,MID0028,Il n’y a pas de quoi fouetter un chat,It’s nothing to whip a cat about.,"It’s a lively way of saying, C’est pas grave ! (It’s no big deal!)",True,The situation is so severe it's not even worth punishing a cat,"A problem is so insignificant that it's beneath notice, much like a cat is beneath human concern","It’s a lively way of saying, C’est pas grave ! (It’s no big deal!)",Someone is overreacting to a minor issue,C,The situation is so severe it's not even worth punishing a cat,Someone is overreacting to a minor issue,"A problem is so insignificant that it's beneath notice, much like a cat is beneath human concern","<reasoning>When interpreting foreign proverbs, nuance and context can lead to subtle misunderstandings. In the case of ""Il n’y a pas de quoi fouetter un chat,"" a literal translation might suggest a negative or violent connotation, whereas the correct meaning is actually quite harmless. Wrong interpretations could arise from taking the phrase at face value, or from not fully grasping the idiomatic ",1.0,1.0,0.86,0.85,95.5
b,cot_en,French,MID0029,Tout est bien qui finit bien,All’s well that ends well.,"...as long as the final outcomes are successful, such experiences should be considered positive overall.",True,"The ends justify the means, no matter the cost","...as long as the final outcomes are successful, such experiences should be considered positive overall.","Once something ends well, there's no need to evaluate or learn from the experience",A good outcome means the process is irrelevant,B,"The ends justify the means, no matter the cost",A good outcome means the process is irrelevant,"Once something ends well, there's no need to evaluate or learn from the experience","<reasoning>When interpreting the proverb ""All's well that ends well,"" it's easy to overlook the nuances of the phrase and assign incorrect meanings. A plausible but subtly incorrect interpretation might arise from taking the phrase too literally, ignoring the context of the outcome, or misunderstanding the relationship between the process and the end result. For instance, one might think that the ",1.0,1.0,0.69,0.9,97.0
b,cot_en,French,MID0030,Les bons comptes font les bons amis,Good accounts make good friends.,"In English we say, “A debt paid is a friend kept.”",True,Honest tax returns are the foundation of friendships,Good financial advisors make loyal companions,Transparent budgeting is key to social harmony,"In English we say, “A debt paid is a friend kept.”",D,Good financial advisors make loyal companions,Honest tax returns are the foundation of friendships,Transparent budgeting is key to social harmony,"<reasoning>When interpreting proverbs across cultures, nuances in language and context can lead to subtly incorrect interpretations. For the French proverb ""Les bons comptes font les bons amis,"" a literal translation might suggest that having good accounting skills or being meticulous with financial records is what fosters strong friendships. However, this misses the underlying message about the i",1.0,1.0,0.64,1.0,100.0
b,cot_en,French,MID0031,Être sage comme une image,To be well-behaved like a picture.,"In English, an equivalent saying is “to be good as gold.”",True,being photogenic is key to social success,posing like a mannequin is a virtue,creating a work of art is the path to good behavior,"In English, an equivalent saying is “to be good as gold.”",D,being photogenic is key to social success,posing like a mannequin is a virtue,creating a work of art is the path to good behavior,"<reasoning>The phrase ""Être sage comme une image"" is an idiom that suggests being well-behaved or quiet, much like a picture. A wrong cultural interpretation might arise from taking the phrase too literally or misunderstanding the context in which it is used. For instance, one might think it implies being attractive or eye-catching like a picture, or that it involves being static and unchanging. A",1.0,1.0,0.76,0.89,96.7
b,cot_en,French,MID0032,"La jeunesse est le temps d’étudier la sagesse, la vieillesse est le temps de la pratiquer","Youth is the time to study wisdom, old age the time to practice it.","...nothing should be taken for granted, because La vie est courte (Life is short)!",True,The transition from studying to practicing wisdom is abrupt and happens only once in a lifetime,"...nothing should be taken for granted, because La vie est courte (Life is short)!",Youth should solely focus on academic achievements without considering practical wisdom,Old age is the only time when one can truly understand and apply wisdom,B,Youth should solely focus on academic achievements without considering practical wisdom,Old age is the only time when one can truly understand and apply wisdom,The transition from studying to practicing wisdom is abrupt and happens only once in a lifetime,"<reasoning>When interpreting the French proverb ""La jeunesse est le temps d’étudier la sagesse, la vieillesse est le temps de la pratiquer,"" it's essential to consider the nuances of cultural context. A plausible but subtly incorrect interpretation might arise from misunderstanding the balance between studying wisdom in youth and practicing it in old age. For instance, one might incorrectly assume",1.0,1.0,0.98,0.91,97.3
b,cot_en,French,MID0033,Rien ne sert de courir; il faut partir à point,There’s no point in running; you have to set out in due time.,This one is from the first lines of “Le lièvre et la tortue”... “Slow and steady wins the race.”,True,It implies that rushing into anything is always a bad idea and one should never hurry,"The phrase suggests that the timing of one's actions is more important than the actions themselves, thereby encouraging procrastination","It means that one should only start a task when they are completely ready, even if that means never starting at all",This one is from the first lines of “Le lièvre et la tortue”... “Slow and steady wins the race.”,D,It implies that rushing into anything is always a bad idea and one should never hurry,"The phrase suggests that the timing of one's actions is more important than the actions themselves, thereby encouraging procrastination","It means that one should only start a task when they are completely ready, even if that means never starting at all","<reasoning>One of the key aspects that makes a culturally wrong interpretation plausible but subtly incorrect is the loss of context or a slight misinterpretation of the idiom's intent. For instance, taking the phrase ""Rien ne sert de courir; il faut partir à point"" literally could lead to misunderstandings. Another factor is cultural or linguistic barriers that might cause the proverb to be under",1.0,1.0,1.0,0.9,97.0
b,cot_en,French,MID0034,"Qui sème le vent, récolte la tempête",Who sows the wind reaps the storm,...eventually you will always have to face the consequences of your actions.,True,...eventually you will always have to face the consequences of your actions.,The proverb warns against the dangers of climate change by emphasizing the relationship between wind and storms,It suggests that planting or sowing in windy conditions will inevitably lead to poor agricultural outcomes,The phrase is cautioning people to prepare for natural disasters by highlighting the unpredictability of storms,A,The proverb warns against the dangers of climate change by emphasizing the relationship between wind and storms,It suggests that planting or sowing in windy conditions will inevitably lead to poor agricultural outcomes,The phrase is cautioning people to prepare for natural disasters by highlighting the unpredictability of storms,"<reasoning>When interpreting proverbs, it's easy to get caught up in literal translations or to overlook the nuances of cultural context. In the case of ""Qui sème le vent, récolte la tempête,"" a subtle misunderstanding could lead to misinterpretations that seem plausible at first glance but ultimately miss the mark. For instance, one might think the proverb is about the power of nature, the import",1.0,1.0,1.36,0.94,98.2
b,cot_en,French,MID0035,Ce n’est pas à un vieux singe qu’on apprend à faire des grimaces,It’s not to an old monkey that one can teach to pull faces,This is a fun version of the familiar English proverb...,True,It implies that one should not attempt to change their behavior after a certain age,This is a fun version of the familiar English proverb...,It suggests that older people are incapable of learning new skills,The proverb warns against mocking elderly individuals,B,The proverb warns against mocking elderly individuals,It suggests that older people are incapable of learning new skills,It implies that one should not attempt to change their behavior after a certain age,"<reasoning>When interpreting proverbs across cultures, nuances can be lost in translation. A plausible but incorrect interpretation may arise from a literal translation or a misunderstanding of the cultural context. For the French proverb ""Ce n’est pas à un vieux singe qu’on apprend à faire des grimaces,"" a wrong interpretation could stem from taking the phrase too literally or not accounting for ",1.0,1.0,1.1,0.97,99.1
b,cot_en,French,MID0036,Il faut casser le noyau pour avoir l’amande,You have to break the shell to get the almond,The English version of this seems much more modern...,True,The English version of this seems much more modern...,Violence is a means to achieve spiritual enlightenment,You must destroy relationships to gain personal success,Breaking rules is necessary for social advancement,A,You must destroy relationships to gain personal success,Breaking rules is necessary for social advancement,Violence is a means to achieve spiritual enlightenment,"<reasoning>The French proverb ""Il faut casser le noyau pour avoir l’amande"" can be misinterpreted in various ways due to cultural or linguistic nuances. A wrong interpretation might stem from literal translation issues or overlooking the metaphorical context. For instance, focusing too much on the act of breaking could lead to missing the idea of overcoming obstacles for a greater reward. Similarl",1.0,1.0,0.85,0.95,98.5
b,cot_en,French,MID0037,De mauvais grain jamais bon pain,"From bad grain, never good bread",...the quality of something depends on its origin...,True,...the quality of something depends on its origin...,All bad beginnings guarantee total failure,Anything deemed bad should be immediately discarded,People with bad pasts can never change,A,All bad beginnings guarantee total failure,People with bad pasts can never change,Anything deemed bad should be immediately discarded,"<reasoning>To create plausible but subtly incorrect interpretations of the proverb ""De mauvais grain jamais bon pain"" or ""From bad grain, never good bread,"" we must consider the literal meaning and how it might be misapplied or misunderstood in a cultural context. The correct interpretation suggests that the quality of the outcome is directly related to the quality of the initial components or cir",1.0,1.0,0.83,0.92,97.6
b,cot_en,French,MID0038,Faire d'une mouche un éléphant,Make of a fly an elephant,Another proverb that needs little explanation.,True,Another proverb that needs little explanation.,"It suggests that with enough effort, anyone can transform their insignificant ideas into monumental successes",The phrase advises to always maximize the potential of small things,"It warns against the dangers of small, initially insignificant problems",A,The phrase advises to always maximize the potential of small things,"It warns against the dangers of small, initially insignificant problems","It suggests that with enough effort, anyone can transform their insignificant ideas into monumental successes","<reasoning>When interpreting the proverb ""Faire d'une mouche un éléphant"" or ""Make of a fly an elephant,"" a wrong cultural interpretation could stem from misunderstanding the idiomatic expression's intention. The phrase is meant to convey exaggeration or making a big deal out of something minor. However, a subtly incorrect interpretation might arise from taking the phrase too literally or applying",1.0,1.0,2.0,0.93,97.9
b,cot_en,French,MID0039,C'est en forgeant qu'on devient forgeron,It’s by forging that one becomes a blacksmith,This proverb transports you right back to a medieval French town...,True,It's by counterfeiting that one becomes a skilled faker,This proverb is about ancient Japanese sword-making techniques,The phrase is encouraging people to pursue careers in modern metal manufacturing,This proverb transports you right back to a medieval French town...,D,It's by counterfeiting that one becomes a skilled faker,This proverb is about ancient Japanese sword-making techniques,The phrase is encouraging people to pursue careers in modern metal manufacturing,"<reasoning>When interpreting proverbs, cultural context and historical background are crucial. A wrong interpretation can occur when the literal meaning is taken out of context or when the cultural reference is misunderstood. In the case of the French proverb ""C'est en forgeant qu'on devient forgeron,"" a subtle mistake could be made by associating ""forging"" with its modern connotation of counterfe",1.0,1.0,0.88,0.98,99.4
b,cot_en,French,MID0040,Rome ne s'est pas faite en un jour,Rome wasn’t made in a day,...reminds us that great tasks take time and that we need patience...,True,...reminds us that great tasks take time and that we need patience...,Rome's architecture is a testament to the ingenuity of a single visionary leader,The building of Rome symbolizes the futility of human endeavor in the face of time and nature,The rapid construction of Rome led to its eventual downfall due to a lack of strong foundations,A,Rome's architecture is a testament to the ingenuity of a single visionary leader,The rapid construction of Rome led to its eventual downfall due to a lack of strong foundations,The building of Rome symbolizes the futility of human endeavor in the face of time and nature,"<reasoning>When interpreting proverbs, it's easy to get close to the correct meaning but still be off. For ""Rome wasn’t made in a day,"" a wrong interpretation might seem plausible if it relates to time, effort, or the city of Rome itself, but subtly misses the core message of patience and the time required for significant accomplishments. One might think it's about the historical construction of R",1.0,1.0,1.31,0.87,96.1
b,cot_en,French,MID0041,C'est la paille et la poutre,It's the straw and the beam,...points out people’s ability to see faults in others while not recognising their own.,True,A metaphor for balancing light and heavy responsibilities,The importance of proper building materials,A warning against mixing weak and strong elements,...points out people’s ability to see faults in others while not recognising their own.,D,The importance of proper building materials,A warning against mixing weak and strong elements,A metaphor for balancing light and heavy responsibilities,"<reasoning>When interpreting proverbs, it's essential to consider the cultural context and nuances of language to avoid misinterpretations. A wrong cultural interpretation can be plausible but subtly incorrect if it's based on a literal translation or a misunderstanding of the idiom's intended meaning. For the French proverb ""C'est la paille et la poutre,"" a correct interpretation requires underst",1.0,1.0,0.52,0.95,98.5
b,cot_en,French,MID0042,C'est vouloir prendre des lièvres au son du tambour,It’s wanting to catch hares by beating a drum,...refers to taking the wrong approach to doing something.,True,...refers to taking the wrong approach to doing something.,It means being bold and loud in pursuit of one's goals,It's about using creative tactics to lure in opportunities,It refers to the thrill of the hunt and the excitement of the chase,A,It means being bold and loud in pursuit of one's goals,It's about using creative tactics to lure in opportunities,It refers to the thrill of the hunt and the excitement of the chase,"<reasoning>When interpreting proverbs, it's easy to get caught up in literal translations or surface-level understandings, rather than considering the nuanced cultural context and figurative language. A wrong interpretation might seem plausible because it's based on a partial understanding or a misunderstanding of the cultural references or idiomatic expressions. In the case of the French proverb ",1.0,1.0,1.26,0.91,97.3
b,cot_en,French,MID0043,On ne fait pas boire un âne qui n'a pas soif,You can’t make an ass drink that isn’t thirsty,...remind us of a world where transport by horse or donkey was common.,True,Forcing someone to drink is a form of coercion and never acceptable,...remind us of a world where transport by horse or donkey was common.,It advises against providing resources to those who don't appreciate them,The proverb is about ignoring the needs of stubborn people,B,Forcing someone to drink is a form of coercion and never acceptable,The proverb is about ignoring the needs of stubborn people,It advises against providing resources to those who don't appreciate them,"<reasoning>When interpreting proverbs, it's easy to get caught up in literal translations or modernize the context, leading to plausible but incorrect interpretations. For the French proverb ""On ne fait pas boire un âne qui n'a pas soif,"" a wrong interpretation might occur if one overlooks the historical context of transportation by animals or misattributes the proverb's message to contemporary is",1.0,1.0,0.85,0.95,98.5
b,cot_en,French,MID0044,Mieux vaut être seul que mal accompagné,Better to be alone than in bad company,A proverb that requires little explanation.,True,A proverb that requires little explanation.,Always prioritize solitude to avoid any potential negative influences,This proverb suggests that forming close relationships is inherently risky and should be avoided,The presence of any imperfect individual in your social circle justifies complete social isolation,A,Always prioritize solitude to avoid any potential negative influences,The presence of any imperfect individual in your social circle justifies complete social isolation,This proverb suggests that forming close relationships is inherently risky and should be avoided,"<reasoning>The French proverb ""Mieux vaut être seul que mal accompagné"" or ""Better to be alone than in bad company"" has a clear and straightforward meaning. However, to create wrong cultural interpretations that are plausible but subtly incorrect, one needs to consider the nuances of language, cultural context, and the potential for misinterpretation. A wrong interpretation might arise from taking",1.0,1.0,2.06,0.98,99.4
b,cot_en,French,MID0045,Chien qui aboie ne mord pas,The dog that barks doesn’t bite,Another proverb that is well known in both French and English.,True,Barking is a self-defense mechanism that renders biting unnecessary,Dogs that cannot bark are more aggressive,Another proverb that is well known in both French and English.,All loud animals are harmless,C,Dogs that cannot bark are more aggressive,All loud animals are harmless,Barking is a self-defense mechanism that renders biting unnecessary,"<reasoning>The French proverb ""Chien qui aboie ne mord pas"" or ""The dog that barks doesn’t bite"" has a straightforward meaning that a person who threatens or complains loudly is unlikely to take actual action. However, to create subtly incorrect interpretations, we must consider the nuances of language and culture that could lead to misinterpretations. For instance, one might mistakenly believe th",1.0,1.0,0.64,0.95,98.5
b,cot_en,French,MID0046,à beau mentir qui vient de loiny,"long ways, long lies",(lit.: he who comes from afar can lie well; i.e.: someone from far away can more easily tell lies without fear of being caught because he is unknown in his new region),True,(lit.: he who comes from afar can lie well; i.e.: someone from far away can more easily tell lies without fear of being caught because he is unknown in his new region),"People who travel long distances are naturally better at storytelling, including fabricating tales","The longer the distance someone travels, the more honest they become",Travelers from afar are more trustworthy because they have seen more of the world,A,Travelers from afar are more trustworthy because they have seen more of the world,"The longer the distance someone travels, the more honest they become","People who travel long distances are naturally better at storytelling, including fabricating tales","<reasoning>To create plausible but subtly incorrect interpretations, we need to consider the potential missteps in understanding the proverb's message. One common mistake could be misinterpreting the proverb's focus, either on the distance traveled, the act of lying, or the perceived credibility of the speaker. Another mistake could be overgeneralizing the proverb's application, applying it to sit",1.0,1.0,0.4,0.93,97.9
b,cot_en,French,MID0047,"à bon chat, bon rat",meet one's match; tit for tat; an equal [in combat],(lit.: a good rat for a good cat),True,A good cat deserves a good rat as a gift,The quality of the cat determines the quality of the rat it encounters,(lit.: a good rat for a good cat),Only morally superior cats and rats interact,C,A good cat deserves a good rat as a gift,Only morally superior cats and rats interact,The quality of the cat determines the quality of the rat it encounters,"<reasoning>When interpreting proverbs, the nuances of language and cultural context can lead to misunderstandings. For the French proverb ""à bon chat, bon rat,"" a literal translation might suggest a focus on the quality or character of the cat and the rat, rather than their interaction or the balance of power between them. This could lead to interpretations that, while seemingly plausible, deviate",1.0,1.0,1.25,0.95,98.5
b,cot_en,French,MID0048,"à bon vin, point d’enseigne",the reputation of a good thing precedes it,(lit.: not need to explain a good wine; i.e.: what is good needs no recomendation),True,Good wine is overpriced and thus doesn't need advertising,A good product needs a fancy label to be recognized,The best wines are always imported from other places,(lit.: not need to explain a good wine; i.e.: what is good needs no recomendation),D,Good wine is overpriced and thus doesn't need advertising,The best wines are always imported from other places,A good product needs a fancy label to be recognized,"<reasoning>When interpreting the proverb ""à bon vin, point d’enseigne,"" it's easy to get caught up in the literal translation and overlook the nuanced cultural context. A good wine, in this case, is a metaphor for something of high quality. However, a plausible but incorrect interpretation could arise from misattributing the focus of the phrase. For instance, one might think the phrase is about th",1.0,1.0,0.62,0.98,99.4
b,cot_en,French,MID0049,à brebis tondue Dieu mesure le vent,the Lord tempers the wind to the shorn lamb,(a Biblical reference),True,The weather is unpredictable and beyond human control,God helps those who take bold risks,Complacency leads to divine retribution,(a Biblical reference),D,God helps those who take bold risks,The weather is unpredictable and beyond human control,Complacency leads to divine retribution,"<reasoning>When interpreting proverbs, cultural context and historical background play a significant role. A wrong interpretation can occur when the translator or interpreter takes the proverb out of its cultural or historical context. For the given French proverb ""à brebis tondue Dieu mesure le vent"" or its English translation ""the Lord tempers the wind to the shorn lamb,"" a correct understanding",1.0,1.0,2.22,1.0,100.0
b,cot_en,French,MID0050,à chaque jour suffit sa peine,sufficient unto the day is the evil thereof,"(lit.: for each day there suffices suffering; i.e.: deal with today’s difficulties without worrying about what might come tomorrow; n.b.: from the New Testament, Matthew 6:34)",True,"(lit.: for each day there suffices suffering; i.e.: deal with today’s difficulties without worrying about what might come tomorrow; n.b.: from the New Testament, Matthew 6:34)",daily troubles are a necessary evil to appreciate life's goodness,each day should bring its own unique struggle to overcome,one should only plan for the worst-case scenario each day,A,each day should bring its own unique struggle to overcome,one should only plan for the worst-case scenario each day,daily troubles are a necessary evil to appreciate life's goodness,"<reasoning>One approach to creating wrong but plausible cultural interpretations is to slightly misalign the core message of the proverb with similar concepts or to extend its application in inappropriate ways. For instance, taking the idea of ""sufficient unto the day is the evil thereof"" and twisting it could lead to interpretations that either overly focus on the negative aspects, misinterpret t",1.0,1.0,0.38,0.92,97.6
b,cot_en,French,MID0051,à cheval donné on ne regarde pas le dents,don’t look a gift horse in the mouth,(lit.: one doesn’t look at the reins of a horse given as a gift),True,(lit.: one doesn’t look at the reins of a horse given as a gift),Do not try to exert control over a gift,Avoid being too curious about a gift's origins,Do not assess the monetary value of a gift,A,Do not assess the monetary value of a gift,Avoid being too curious about a gift's origins,Do not try to exert control over a gift,"<reasoning>When interpreting proverbs, it's easy to get misled by literal translations or overlook cultural nuances. For the French proverb ""à cheval donné on ne regarde pas le dents,"" a wrong interpretation might arise from misunderstanding the purpose of examining a horse's teeth, which is to determine its age and value. A plausible but incorrect interpretation could be that the proverb is advis",1.0,1.0,0.62,0.86,95.8
b,cot_en,French,MID0052,à cœur vaillant rien d’impossible,nothing is impossible to a willing heart,"(lit.: for a brave heart, nothing is impossible)",True,"(lit.: for a brave heart, nothing is impossible)",nothing is impossible if you have a lot of money,nothing is impossible if you are in love,nothing is impossible for someone with a medical condition of the heart,A,nothing is impossible if you have a lot of money,nothing is impossible for someone with a medical condition of the heart,nothing is impossible if you are in love,"<reasoning>When interpreting proverbs, the context and cultural background play a significant role. A wrong cultural interpretation can occur when the literal translation is taken out of context or when the cultural nuances are misunderstood. For the French proverb ""à cœur vaillant rien d’impossible"", a subtle mistake could be made by misinterpreting the word ""vaillant"" or by applying a different ",1.0,1.0,1.25,0.71,91.3
b,cot_en,French,MID0053,"à l’impossible, nul n’est tenu",no one can be expected to do the impossible,"(lit.: for what is impossible, nothing is expected)",True,One should never be held accountable for any actions,Lower your expectations of others to avoid disappointment,"(lit.: for what is impossible, nothing is expected)","If a task seems too hard, don't bother trying",C,One should never be held accountable for any actions,"If a task seems too hard, don't bother trying",Lower your expectations of others to avoid disappointment,"<reasoning>When interpreting proverbs, the nuances of language and cultural context can lead to subtly incorrect interpretations. For the French proverb ""à l’impossible, nul n’est tenu,"" a literal translation may not fully capture the intended meaning, leading to plausible but incorrect interpretations. One might mistakenly believe the phrase implies a lack of responsibility or obligation in gener",1.0,1.0,1.08,1.0,100.0
b,cot_en,French,MID0054,à l’œuvre on reconnaît l’artisan,you can tell an artist by his work,(lit.: by his work one recognizes the artisan),True,The quality of the work determines the artisan's social status,One must always introduce themselves before showing their work,An artisan is only as good as their tools,(lit.: by his work one recognizes the artisan),D,An artisan is only as good as their tools,One must always introduce themselves before showing their work,The quality of the work determines the artisan's social status,"<reasoning>When interpreting proverbs from another culture, it's easy to get caught up in literal translations or to miss the nuances of idiomatic expressions. For the French proverb ""à l’œuvre on reconnaît l’artisan,"" a wrong interpretation might occur if one focuses too heavily on the individual words rather than the overall message. For instance, overemphasizing ""work"" could lead to misundersta",1.0,1.0,1.17,0.96,98.8
b,cot_en,French,MID0055,"à la Chandeleur, l’hiver se passe ou prend vigueur","as of February 2, winter either wanes or gains strength","(lit.: on Candlemass [Feb. 2], winter ends or becomes stronger than before; n.b.: the date Feb. 2 is also Groundhog Day, whose connotations are similar)",True,Winter is a test of personal strength that one must pass or gain from,"The phrase is about the economic impact of winter on local businesses, which either decline or gain strength after February 2","(lit.: on Candlemass [Feb. 2], winter ends or becomes stronger than before; n.b.: the date Feb. 2 is also Groundhog Day, whose connotations are similar)","It signifies a spiritual or mystical winter that an individual must endure or overcome, which either ends or becomes more challenging on February 2",C,Winter is a test of personal strength that one must pass or gain from,"The phrase is about the economic impact of winter on local businesses, which either decline or gain strength after February 2","It signifies a spiritual or mystical winter that an individual must endure or overcome, which either ends or becomes more challenging on February 2","<reasoning>One possible incorrect interpretation could be related to the literal meaning of the words, focusing on the idea of winter as a physical entity that can be passed or gained, rather than a season. Another could be related to the cultural significance of the date, but attributing it to the wrong cultural practice or tradition. Lastly, an interpretation could be based on a misunderstanding",1.0,1.0,0.79,0.81,94.3
b,cot_en,French,MID0056,"à la Sante-Luce, les jours croissent du saut d’une puce","as of Sainte Luce Day (Dec. 13), the days start to lengthen ever so slowly","(lit.: on Sainte Luce, the days grow at the pace of a flea)",True,"(lit.: on Sainte Luce, the days grow at the pace of a flea)",Sainte Luce Day marks the beginning of a period of rapid growth and change,The days significantly shorten after Sainte Luce Day,The proverb is advising people to make large leaps in their personal growth starting from Sainte Luce Day,A,The days significantly shorten after Sainte Luce Day,Sainte Luce Day marks the beginning of a period of rapid growth and change,The proverb is advising people to make large leaps in their personal growth starting from Sainte Luce Day,"<reasoning>When interpreting proverbs, the nuances of language and cultural context can lead to subtle misinterpretations. For the French proverb ""à la Sante-Luce, les jours croissent du saut d’une puce,"" a literal translation might miss the poetic intent, leading to plausible but incorrect interpretations. The mention of Sainte Luce Day (December 13th) and the comparison of the days' lengthening ",1.0,1.0,1.03,0.8,94.0
b,cot_en,French,MID0057,à mauvais ouvrier point de bons outils,a bad workman blames his tools,"(lit.: for a bad workman, no good tools)",True,Bad tools can make anyone a bad worker,Only skilled workers deserve good tools,Incompetent workers ruin good tools,"(lit.: for a bad workman, no good tools)",D,Only skilled workers deserve good tools,Bad tools can make anyone a bad worker,Incompetent workers ruin good tools,"<reasoning>When interpreting the proverb ""à mauvais ouvrier point de bons outils"" or ""a bad workman blames his tools,"" it's essential to understand the nuance behind the phrase. The correct cultural meaning is that a worker who is incompetent or unskilled will often attribute their failures to the quality of their tools rather than their own abilities. However, creating wrong interpretations that ",1.0,1.0,0.79,0.82,94.6
b,cot_en,French,MID0058,à père avare fils prodigue,the miser’s son is a spendthrift,(lit.: for a miserly father a prodigal son; i.e.: a vice or fault in a parent can turn into the opposite vice or fault in a child),True,The proverb suggests that being a miser is necessary to raise a successful child,The saying implies that a miserly father is directly responsible for teaching his child to be prodigal as a form of revenge,(lit.: for a miserly father a prodigal son; i.e.: a vice or fault in a parent can turn into the opposite vice or fault in a child),A child of a miser will naturally follow in their footsteps and also be frugal,C,A child of a miser will naturally follow in their footsteps and also be frugal,The proverb suggests that being a miser is necessary to raise a successful child,The saying implies that a miserly father is directly responsible for teaching his child to be prodigal as a form of revenge,"[""A child of a miser will naturally follow in their footsteps and also be frugal"", ""The proverb suggests that being a miser is necessary to raise a successful child"", ""The saying implies that a miserly father is directly responsible for teaching his child to be prodigal as a form of revenge""]",1.0,1.0,0.63,0.84,95.2
b,cot_en,French,MID0059,à quelque chose malheur est bon,every cloud has a silver lining,(lit.: for something bad there is good; i.e.: bad things can have a positive aspect),True,It suggests that misfortune is inherently virtuous and should be pursued as a moral duty.,(lit.: for something bad there is good; i.e.: bad things can have a positive aspect),"It means that any misfortune will inevitably produce a tangible benefit, so one should welcome disasters as guaranteed blessings.","It implies that only through experiencing misfortune can one achieve goodness, denying that positive outcomes can arise without adversity.",B,"It means that any misfortune will inevitably produce a tangible benefit, so one should welcome disasters as guaranteed blessings.",It suggests that misfortune is inherently virtuous and should be pursued as a moral duty.,"It implies that only through experiencing misfortune can one achieve goodness, denying that positive outcomes can arise without adversity.","[""It means that any misfortune will inevitably produce a tangible benefit, so one should welcome disasters as guaranteed blessings."", ""It suggests that misfortune is inherently virtuous and should be pursued as a moral duty."", ""It implies that only through experiencing misfortune can one achieve goodness, denying that positive outcomes can arise without adversity.""]",1.0,1.0,1.18,0.85,95.5
b,cot_en,French,MID0060,"à tout seigneur, tout honneur",honor to whom honor is due,"(lit.: to all nobles, all honor; i.e.: honor should be bestowed upon people according to rank and achievement)",True,"(lit.: to all nobles, all honor; i.e.: honor should be bestowed upon people according to rank and achievement)","Everyone, regardless of status, deserves equal honor.","Honor should be given only to the highest‑ranking noble, ignoring lesser achievements.",The phrase encourages constant flattery of superiors to gain favor.,A,"Everyone, regardless of status, deserves equal honor.","Honor should be given only to the highest‑ranking noble, ignoring lesser achievements.",The phrase encourages constant flattery of superiors to gain favor.,"<reasoning>The proverb stresses that honor should be allocated according to one's rank and merit, reflecting a hierarchical yet merit‑based view of respect. Misinterpretations often arise from taking the literal words at face value, overgeneralizing the scope of ""seigneur,"" or confusing deference with mere flattery, leading to ideas that either ignore merit, over‑emphasize exclusivity, or reduce t",1.0,1.0,0.54,0.95,98.5
b,cot_en,French,MID0061,"à vieille mule, frein doré",a golden brake for an old mule,(i.e.: be nice to older animals so they can be sold at market; also used to refer to older women who apply makeup excessively),True,"It means giving luxurious gifts to elderly people to honor them, reflecting a duty to show respect through material generosity.","It warns against over‑investing in costly repairs for aging tools or animals, suggesting that such effort is wasteful and futile.",(i.e.: be nice to older animals so they can be sold at market; also used to refer to older women who apply makeup excessively),"It advises using expensive jewelry or adornments to make older women appear younger, implying that outward wealth masks age.",C,"It means giving luxurious gifts to elderly people to honor them, reflecting a duty to show respect through material generosity.","It warns against over‑investing in costly repairs for aging tools or animals, suggesting that such effort is wasteful and futile.","It advises using expensive jewelry or adornments to make older women appear younger, implying that outward wealth masks age.","<reasoning>
The proverb’s literal image of a golden brake on an old mule can lead readers to focus on the material (gold) or the object (brake) rather than the intended advice about kindness or subtle flattery. Because French proverbs often involve animal metaphors for human behavior, it’s easy to misinterpret the metaphor as a commentary on luxury, waste, or bribery, when the core meaning is abou",1.0,1.0,0.82,0.94,98.2
b,cot_en,French,MID0062,abondance de biens ne nuit pas,an abundance of goods does no harm,(said when receiving something that one already has in sufficient quantity),True,The saying encourages hoarding wealth because accumulating more possessions cannot cause any harm.,"Having more of something you already own is always beneficial, so you should never refuse extra gifts.",(said when receiving something that one already has in sufficient quantity),It advises that sharing your surplus with others will never result in negative consequences.,C,"Having more of something you already own is always beneficial, so you should never refuse extra gifts.",The saying encourages hoarding wealth because accumulating more possessions cannot cause any harm.,It advises that sharing your surplus with others will never result in negative consequences.,"<reasoning>The proverb’s literal translation “an abundance of goods does no harm” can be misread as a universal statement about surplus being benign, ignoring the nuance that it applies specifically when one already possesses enough of the item received. This makes interpretations that generalize the benefit of excess or shift the focus to giving/accumulation seem plausible, yet they miss the cond",1.0,1.0,1.33,0.98,99.4
b,cot_en,French,MID0063,"aide-toi, le ciel t’aidera",God helps those who help themselves,"(lit.: help yourself, and the heavens will help you)",True,"(lit.: help yourself, and the heavens will help you)","The proverb means that heaven will help you only after you have exhausted all your own efforts, implying you must try everything yourself before seeking divine aid.","It implies that you must first pray or ask for heaven’s help, and only then will you be motivated to help yourself, reversing the original cause‑effect order.","It suggests that divine assistance is earned as a reward for good deeds, turning the saying into a merit‑based exchange where you ‘pay’ for heaven’s help.",A,"The proverb means that heaven will help you only after you have exhausted all your own efforts, implying you must try everything yourself before seeking divine aid.","It suggests that divine assistance is earned as a reward for good deeds, turning the saying into a merit‑based exchange where you ‘pay’ for heaven’s help.","It implies that you must first pray or ask for heaven’s help, and only then will you be motivated to help yourself, reversing the original cause‑effect order.","<reasoning>The French proverb “aide-toi, le ciel t’aidera” encourages personal initiative with the promise that heavenly support will follow. Plausible but subtly wrong interpretations might misread the conditionality, the nature of the help, or the role of divine intervention, turning the encouragement into a transactional rule, a strict prerequisite, or a prayer‑only promise.</reasoning>
[""The p",1.0,1.0,2.96,0.87,96.1
b,cot_en,French,MID0064,"après la pluie, le beau temps",every cloud has a silver lining; good and bad things come one after the other,"(lit.: after the rain, nice weather)",True,"It suggests bad periods are always followed by good ones in a fixed, predictable pattern, like a rule of nature.","It advises seeking out hardship because enduring rain guarantees the forthcoming sunshine, so you should welcome adversity.","It means you must actively create good times after hardship, implying personal effort guarantees success.","(lit.: after the rain, nice weather)",D,"It means you must actively create good times after hardship, implying personal effort guarantees success.","It suggests bad periods are always followed by good ones in a fixed, predictable pattern, like a rule of nature.","It advises seeking out hardship because enduring rain guarantees the forthcoming sunshine, so you should welcome adversity.","<reasoning>The proverb’s surface similarity to optimistic English sayings can lead readers to impose ideas of guaranteed outcomes, personal agency, or strict cyclicality that aren’t present in the French usage. The original phrase simply notes that pleasant weather follows rain as a natural observation, encouraging patience and acceptance rather than asserting causality, determinism, or a merit‑ba",1.0,1.0,2.89,0.94,98.2
b,cot_en,French,MID0065,"araignée du matin, chagrin, araignée du soir, espoir","seeing a spider in the morning brings bad luck, seeing a spider in the evening brings good luck",(a commonly cited French superstition),True,Seeing a spider in the morning means you will lose a valuable object that day,Seeing a spider in the evening means you will meet a new friend soon,"The proverb actually warns that a spider seen at any time predicts a change in the weather, with morning sightings indicating rain and evening sightings indicating sunshine",(a commonly cited French superstition),D,Seeing a spider in the morning means you will lose a valuable object that day,Seeing a spider in the evening means you will meet a new friend soon,"The proverb actually warns that a spider seen at any time predicts a change in the weather, with morning sightings indicating rain and evening sightings indicating sunshine","<reasoning>
People often take the proverb at face value, assuming the spider itself directly causes emotional states, or they confuse the timing with other folk beliefs about omens (e.g., spiders as weather predictors or messengers). This leads to interpretations that sound reasonable because they keep the morning/evening dichotomy but swap or add details that are not part of the original supersti",1.0,1.0,3.73,0.74,92.2
b,cot_en,French,MID0066,"au bout du fossé, la culbute",danger is imminent,"(lit.: at the end of a ditch, a somersault)",True,"It means that after hard work (digging a ditch), you will enjoy a playful break (doing a somersault).",It refers to the traditional French game where children jump over ditches and perform a somersault as a sign of agility.,"(lit.: at the end of a ditch, a somersault)",It signifies that reaching the end of a project (the ditch) will result in a surprising twist (a somersault) that brings good fortune.,C,"It means that after hard work (digging a ditch), you will enjoy a playful break (doing a somersault).",It refers to the traditional French game where children jump over ditches and perform a somersault as a sign of agility.,It signifies that reaching the end of a project (the ditch) will result in a surprising twist (a somersault) that brings good fortune.,"[""It means that after hard work (digging a ditch), you will enjoy a playful break (doing a somersault)."",""It refers to the traditional French game where children jump over ditches and perform a somersault as a sign of agility."",""It signifies that reaching the end of a project (the ditch) will result in a surprising twist (a somersault) that brings good fortune.""]",1.0,1.0,2.3,0.9,97.0
b,cot_en,French,MID0067,"au royaume des aveugles, les borgnes sont rois","in the kingdom of the blind, the one-eyed man is king","(lit.: in the kingdom of the blind, the one-eyed are kings)",True,The proverb teaches that blind people should be given leadership because disability confers inherent authority.,It warns that possessing even a little knowledge in an ignorant crowd inevitably leads to tyrannical and oppressive rule.,"It advises that society should strive for monocular vision as the ideal state, valuing one eye over two.","(lit.: in the kingdom of the blind, the one-eyed are kings)",D,The proverb teaches that blind people should be given leadership because disability confers inherent authority.,"It advises that society should strive for monocular vision as the ideal state, valuing one eye over two.",It warns that possessing even a little knowledge in an ignorant crowd inevitably leads to tyrannical and oppressive rule.,"<reasoning>
Wrong interpretations often arise when readers focus too narrowly on the literal elements of a proverb (blindness, one‑eyedness, kingship) and then extrapolate a moral or prescriptive message that isn’t present in the original sense. The French saying merely observes that a modest advantage can make someone stand out among those lacking any ability; it does not advocate for or condemn ",1.0,1.0,1.58,0.94,98.2
b,cot_en,French,MID0068,"aussitôt dit, aussitôt fait",said and done,"(lit.: soon said, soon done)",True,It warns that speaking too quickly leads to regret and should be avoided,"It means you must always keep your promises, no matter the cost","(lit.: soon said, soon done)","It suggests that merely saying something makes it happen instantly, as if words have magical power",C,"It means you must always keep your promises, no matter the cost","It suggests that merely saying something makes it happen instantly, as if words have magical power",It warns that speaking too quickly leads to regret and should be avoided,"<reasoning>The proverb ""aussitôt dit, aussitôt fait"" stresses the swift execution of a promise or statement, highlighting reliability and promptness. Wrong interpretations often mistakenly focus on the moral duty to keep one's word, assign magical power to speech, or treat it as a caution against speaking too quickly, thereby missing its core meaning of immediate action following declaration.</rea",1.0,1.0,2.73,0.95,98.5
b,cot_en,French,MID0069,"autant des têtes, autant d’avis",too many cooks spoil the broth,"(lit.: so many heads, so much advice)",True,It means that having many advisors guarantees a successful outcome because each head contributes valuable insight.,"It suggests that the best decisions are made when everyone's opinion is counted equally, implying consensus is always achievable.","It advises leaders to limit the number of people involved to avoid confusion, essentially advocating for a single leader.","(lit.: so many heads, so much advice)",D,It means that having many advisors guarantees a successful outcome because each head contributes valuable insight.,"It suggests that the best decisions are made when everyone's opinion is counted equally, implying consensus is always achievable.","It advises leaders to limit the number of people involved to avoid confusion, essentially advocating for a single leader.","[""It means that having many advisors guarantees a successful outcome because each head contributes valuable insight."", ""It suggests that the best decisions are made when everyone's opinion is counted equally, implying consensus is always achievable."", ""It advises leaders to limit the number of people involved to avoid confusion, essentially advocating for a single leader.""]",1.0,1.0,2.57,0.94,98.2
b,cot_en,French,MID0070,autant en emporte le vent,empty promises,(lit.: as much as the wind can carry),True,"It serves as a reminder that even the strongest fortifications can be eroded by invisible forces like wind, thus urging continual vigilance.",It means that hopes and dreams are as light as breath and will dissipate unless acted upon quickly.,"It encourages people to go with the flow and accept change, implying that resistance is pointless.",(lit.: as much as the wind can carry),D,"It encourages people to go with the flow and accept change, implying that resistance is pointless.","It serves as a reminder that even the strongest fortifications can be eroded by invisible forces like wind, thus urging continual vigilance.",It means that hopes and dreams are as light as breath and will dissipate unless acted upon quickly.,"<reasoning>These interpretations mistakenly treat the wind as a symbol of change, fragility, or urgency, which feels intuitive given the image of something being blown away. However, the proverb’s core idea is not about adapting to forces, guarding against erosion, or acting swiftly; it emphasizes the utter emptiness or insignificance of what is being described—like a promise that carries no weigh",1.0,1.0,2.33,0.91,97.3
b,cot_en,French,MID0071,"autres temps, autres mœurs",times change,"(lit.: other times, other customs)",True,"It suggests that each historical period is completely isolated, so we cannot learn anything from the past",Other times mean that morality is entirely relative and there are no universal ethical truths,"(lit.: other times, other customs)","The proverb advises us to always follow the prevailing customs of the moment, abandoning personal values",C,Other times mean that morality is entirely relative and there are no universal ethical truths,"The proverb advises us to always follow the prevailing customs of the moment, abandoning personal values","It suggests that each historical period is completely isolated, so we cannot learn anything from the past","<reasoning>Each wrong interpretation starts from a plausible reading of the phrase—linking time, customs, and behavior—but subtly misrepresents the proverb’s nuance. The saying observes that customs evolve with eras, yet it does not endorse moral relativism, prescribe blind conformity, or deny any continuity between periods. These interpretations appear reasonable because they touch on change and ",1.0,1.0,3.2,0.97,99.1
b,cot_en,French,MID0072,"aux grands maux, les grands remèdes",big problems require big solutions; desperate situations call for desperate measures,"(lit.: for large evils, great remedies)",True,"It applies solely to medical advice, stating only physicians can administer strong treatments for serious illnesses.","(lit.: for large evils, great remedies)","The proverb means that physically large problems require physically large solutions, like using a huge bandage for a big cut.","It encourages using extreme, possibly violent measures for any difficulty, equating 'great evils' with justification for drastic action regardless of proportionality.",B,"The proverb means that physically large problems require physically large solutions, like using a huge bandage for a big cut.","It encourages using extreme, possibly violent measures for any difficulty, equating 'great evils' with justification for drastic action regardless of proportionality.","It applies solely to medical advice, stating only physicians can administer strong treatments for serious illnesses.","<reasoning>
The proverb ""aux grands maux, les grands remèdes"" literally means ""for great evils, great remedies."" Its cultural sense is that serious problems demand serious, proportional responses. A plausible but subtly wrong reading might focus on the literal size of the evils and remedies, suggesting that the saying is about physical magnitude (e.g., big wounds need big bandages) rather than the",1.0,1.0,3.17,0.95,98.5
b,cot_en,French,MID0073,aux innocents les mains pleines,fortune favors the innocent,(lit.: the innocent have their hands full),True,The phrase warns that innocence leads to greed and material excess,Innocent people are overwhelmed with responsibilities,It suggests that only the naive can afford to be careless with their hands,(lit.: the innocent have their hands full),D,Innocent people are overwhelmed with responsibilities,The phrase warns that innocence leads to greed and material excess,It suggests that only the naive can afford to be careless with their hands,"<reasoning>The proverb hinges on the dual sense of ""mains pleines"" – it can mean either ""hands full of blessings"" (abundance) or ""hands full of work/toil"" (burden). A superficial reading might latch onto the burden sense, assuming innocence brings responsibilities rather than rewards. Additionally, cultural assumptions that innocence equals naivety or that prosperity must be earned through effort ",1.0,1.0,1.48,0.94,98.2
b,cot_en,French,MID0074,"avant de balayer devant la porte du voisin, il faut commencer par balayer devant sa propre porte","before cleaning up your neighbor’s door, you must start by cleaning your own","(lit.: before sweeping at your neighbor's door, you must sweep your own door)",True,"The saying advises that you should only sweep the street in front of your neighbor’s door after you have swept the sidewalk in front of your own, emphasizing communal cleanliness over personal responsibility.","(lit.: before sweeping at your neighbor's door, you must sweep your own door)","It means that before you criticize a neighbor’s faults, you must first ensure your own front yard is free of litter, implying that environmental stewardship precedes moral judgment.","Before you help your neighbor clean their house, you must first clean your own house as a sign of good hospitality.",B,"Before you help your neighbor clean their house, you must first clean your own house as a sign of good hospitality.","The saying advises that you should only sweep the street in front of your neighbor’s door after you have swept the sidewalk in front of your own, emphasizing communal cleanliness over personal responsibility.","It means that before you criticize a neighbor’s faults, you must first ensure your own front yard is free of litter, implying that environmental stewardship precedes moral judgment.","<reasoning>The proverb uses sweeping as a metaphor for self‑improvement before judging others. A plausible but incorrect reading might treat the sweeping literally as a chore, or shift the focus to hospitality, environmental duty, or social hierarchy, thereby missing the introspective moral.</reasoning>
[""Before you help your neighbor clean their house, you must first clean your own house as a sig",1.0,1.0,2.1,0.86,95.8
b,cot_en,French,MID0075,"avec des “si,” on mettrait Paris en bouteille","if ifs and ands were pots and pans, there’d be no work for tinker’s hands; if wishes were horses","(lit.: with ifs, Paris could be put in a bottle)",True,If we collected enough ‘ifs’ we could literally bottle the city of Paris as a tourist souvenir,"The proverb advises using conditional statements as a practical method to compress or contain large ideas, like putting Paris in a bottle","It suggests that French culinary techniques (e.g., bottling sauces or essences) could capture the spirit of Paris if we had enough conditional 'ifs' as ingredients","(lit.: with ifs, Paris could be put in a bottle)",D,If we collected enough ‘ifs’ we could literally bottle the city of Paris as a tourist souvenir,"The proverb advises using conditional statements as a practical method to compress or contain large ideas, like putting Paris in a bottle","It suggests that French culinary techniques (e.g., bottling sauces or essences) could capture the spirit of Paris if we had enough conditional 'ifs' as ingredients","<reasoning>
A plausible but subtly incorrect reading might treat the proverb as a literal suggestion about preserving Paris in a bottle, perhaps linking it to French tourism souvenirs or the idea of bottling memories. Another could misinterpret the conditional “si” as a call to action for using “ifs” as a tool to shape reality, implying that speculation can physically contain a city. A third might",1.0,1.0,2.13,0.83,94.9
b,cot_en,French,MID0076,avoir le beurre et l’argent du beurre,have one’s cake and eat it too,(lit.: to have one’s butter and the money for it),True,being able to consume butter while still retaining its monetary value,owning both the butter and the cash earned from selling it,having the butter and also keeping its price saved for later,(lit.: to have one’s butter and the money for it),D,having the butter and also keeping its price saved for later,owning both the butter and the cash earned from selling it,being able to consume butter while still retaining its monetary value,"<reasoning>The proverb's literal image of having both butter and its price can be misread as advocating frugality, dual ownership, or simultaneous enjoyment without trade‑off, leading to interpretations that focus on possession rather than the impossibility of having both benefits at once.</reasoning>
[""having the butter and also keeping its price saved for later"",""owning both the butter and the c",1.0,1.0,1.1,0.89,96.7
b,cot_en,French,MID0077,L’argent ne se trouve pas sous le sabot d'un cheval,Money doesn't grow on trees,"Money must be earned through work, not easily found.",True,"It warns against relying on luck or chance discoveries, advocating instead for meticulous inspection of horse hooves as a metaphor for due diligence in financial matters.","It suggests that wealth is only attainable by those who own horses, implying that horse ownership is a prerequisite for financial success.","Money must be earned through work, not easily found.","The proverb means you should never pick up money you find on the ground because it might be cursed or bring bad luck, similar to avoiding picking up a horse's shoe.",C,"The proverb means you should never pick up money you find on the ground because it might be cursed or bring bad luck, similar to avoiding picking up a horse's shoe.","It suggests that wealth is only attainable by those who own horses, implying that horse ownership is a prerequisite for financial success.","It warns against relying on luck or chance discoveries, advocating instead for meticulous inspection of horse hooves as a metaphor for due diligence in financial matters.","[""The proverb means you should never pick up money you find on the ground because it might be cursed or bring bad luck, similar to avoiding picking up a horse's shoe."",""It suggests that wealth is only attainable by those who own horses, implying that horse ownership is a prerequisite for financial success."",""It warns against relying on luck or chance discoveries, advocating instead for meticulous ",1.0,1.0,2.93,0.92,97.6
b,cot_en,French,MID0078,Le monde appartient à ceux qui se lèvent tôt,The early bird catches the worm,Success comes to those who are diligent and start early.,True,It means that only people who wake up before sunrise can literally own the world’s land and resources.,Success comes to those who are diligent and start early.,"It suggests that waking up early is a prerequisite for any form of success, implying that night‑shift workers cannot achieve their goals.","It implies that the early bird metaphor applies only to literal birds, so humans must rise with the sun to catch actual worms for nourishment.",B,It means that only people who wake up before sunrise can literally own the world’s land and resources.,"It suggests that waking up early is a prerequisite for any form of success, implying that night‑shift workers cannot achieve their goals.","It implies that the early bird metaphor applies only to literal birds, so humans must rise with the sun to catch actual worms for nourishment.","[""It means that only people who wake up before sunrise can literally own the world’s land and resources."", ""It suggests that waking up early is a prerequisite for any form of success, implying that night‑shift workers cannot achieve their goals."", ""It implies that the early bird metaphor applies only to literal birds, so humans must rise with the sun to catch actual worms for nourishment.""]",1.0,1.0,2.17,0.9,97.0
b,cot_en,French,MID0079,Deux avis valent mieux qu'un,Two heads are better than one,Two opinions are worth more than one.,True,"In French culture, actively pursuing two opposing viewpoints is encouraged because disagreement itself is seen as a sign of intellectual vigor.",Two opinions are worth more than one.,"A single opinion is considered worthless unless paired with another, so solitary thinking is strongly discouraged.","You must always seek exactly two opinions before deciding, and consulting a third is unnecessary or even detrimental.",B,"You must always seek exactly two opinions before deciding, and consulting a third is unnecessary or even detrimental.","In French culture, actively pursuing two opposing viewpoints is encouraged because disagreement itself is seen as a sign of intellectual vigor.","A single opinion is considered worthless unless paired with another, so solitary thinking is strongly discouraged.","<reasoning>
The proverb ""Deux avis valent mieux qu'un"" simply conveys that consulting a second opinion improves decision‑making; it does not prescribe a strict number, mandate disagreement, or devalue solitary thought. Each wrong interpretation below sounds reasonable at first glance but adds an unwarranted nuance that diverges from the core idea.
</reason>
[""You must always seek exactly two opini",1.0,1.0,2.62,0.93,97.9
b,cot_en,French,MID0080,"À mauvais ouvrier, mauvais outils",A bad workman quarrels with his tools,"To a bad workman, bad tools.",True,"If you have poor tools, you will inevitably become a bad worker.","To a bad workman, bad tools.",The proverb advises workers to blame their tools for poor performance.,A good worker must always have the best tools to succeed.,B,A good worker must always have the best tools to succeed.,"If you have poor tools, you will inevitably become a bad worker.",The proverb advises workers to blame their tools for poor performance.,"<reasoning>The proverb warns that a bad workman blames his tools rather than his own skill. Wrong interpretations often shift focus to the tools themselves—either claiming they determine skill, that good tools guarantee success, or that the saying encourages blaming tools—each sounding plausible but missing the core idea of excuse‑making.</reason>
[""A good worker must always have the best tools to",1.0,1.0,1.89,0.9,97.0
b,cot_en,French,MID0081,"Faire d'une pierre, deux coups",To kill two birds with one stone,"To make from one stone, two strikes.",True,"To make from one stone, two strikes.","Understood as a geological metaphor where a single strike on a rock can split it into two pieces, representing unforeseen consequences.",Seen as a warning that attempting to accomplish two tasks simultaneously will likely result in both being done poorly.,Interpreted as advice to practice stone‑skipping so that a single throw produces two skips.,A,Interpreted as advice to practice stone‑skipping so that a single throw produces two skips.,Seen as a warning that attempting to accomplish two tasks simultaneously will likely result in both being done poorly.,"Understood as a geological metaphor where a single strike on a rock can split it into two pieces, representing unforeseen consequences.","[""Interpreted as advice to practice stone‑skipping so that a single throw produces two skips."", ""Seen as a warning that attempting to accomplish two tasks simultaneously will likely result in both being done poorly."", ""Understood as a geological metaphor where a single strike on a rock can split it into two pieces, representing unforeseen consequences.""]",1.0,1.0,2.57,0.87,96.1
b,cot_en,French,MID0082,'Impossible' n'est pas français,There is no such word as 'can't.','Impossible' is not French.,True,French speakers avoid saying the word 'impossible' altogether in everyday conversation.,"It reflects a cultural belief that admitting something is impossible is socially unacceptable, thus the saying encourages denial of impossibility as a virtue.",'Impossible' is not French.,"The phrase means that French has no direct equivalent for the English word 'can't,' so speakers must express inability differently.",C,French speakers avoid saying the word 'impossible' altogether in everyday conversation.,"The phrase means that French has no direct equivalent for the English word 'can't,' so speakers must express inability differently.","It reflects a cultural belief that admitting something is impossible is socially unacceptable, thus the saying encourages denial of impossibility as a virtue.","<reasoning>Wrong interpretations often arise when readers conflate the literal wording of the proverb with broader cultural attitudes, assume lexical gaps where none exist, or mistake the phrase for a prescriptive rule about usage rather than a figurative comment on mindset. These readings sound plausible because they touch on language, optimism, and national character, but they subtly misrepresen",1.0,1.0,4.5,0.91,97.3
b,cot_en,French,MID0083,"Deux s'amusent, trois s'ennuient","Two is company, three is a crowd","Two have fun, three get bored.",True,"Two have fun, three get bored.","Two people working together are efficient, but adding a third causes conflict and inefficiency.","In French culture, the saying warns that a love triangle will inevitably lead to boredom for all three.","The phrase suggests that only pairs can enjoy leisure activities, while groups of three are destined to be dull.",A,"Two people working together are efficient, but adding a third causes conflict and inefficiency.","In French culture, the saying warns that a love triangle will inevitably lead to boredom for all three.","The phrase suggests that only pairs can enjoy leisure activities, while groups of three are destined to be dull.","<reasoning>The proverb ""Deux s'amusent, trois s'ennuient"" is often misunderstood because its brevity invites readers to project familiar social dynamics onto it. A plausible but subtly incorrect take is to assume it speaks about romantic entanglements, interpreting the boredom as jealousy or emotional fatigue in a love triangle. Another common misreading links it to workplace productivity, suggest",1.0,1.0,2.83,0.95,98.5
b,cot_en,French,MID0084,"Qui se ressemble, s'assemble",Birds of a feather flock together,"Those who are similar, gather together.",True,"People who share physical appearance will inevitably become close friends, ignoring other similarities.","Those who are similar, gather together.","Spending time with someone causes you to become like them, turning the proverb into a statement about influence rather than pre‑existing similarity.",Only individuals who are identical in every way can associate; any difference stops them from flocking together.,B,"People who share physical appearance will inevitably become close friends, ignoring other similarities.","Spending time with someone causes you to become like them, turning the proverb into a statement about influence rather than pre‑existing similarity.",Only individuals who are identical in every way can associate; any difference stops them from flocking together.,"<reasoning>
The proverb ""Qui se ressemble, s'assemble"" suggests a tendency for people who share traits, interests, or backgrounds to gravitate toward each other. A plausible but subtly wrong interpretation might narrow the similarity to only physical appearance, implying that looks alone dictate friendship. Another could reverse the causality, claiming that association causes similarity rather tha",1.0,1.0,2.89,0.98,99.4
b,cot_en,French,MID0085,"Vouloir, c'est pouvoir",Where there's a will there's a way,To want is to be able.,True,Wanting something entitles you to possess it regardless of others' rights,To want is to be able.,To want is to be able to command others to fulfill your wishes,Desire automatically provides the skills and resources needed to achieve any goal,B,Wanting something entitles you to possess it regardless of others' rights,Desire automatically provides the skills and resources needed to achieve any goal,To want is to be able to command others to fulfill your wishes,"<reasoning>The proverb stresses that internal motivation enables action, but wrong interpretations often shift focus to external entitlement, automatic skill acquisition, or power over others, making them seem plausible yet subtly off by ignoring the nuance that desire facilitates ability rather than guarantees outcomes or rights.</reason>
[""Wanting something entitles you to possess it regardless ",1.0,1.0,2.0,0.95,98.5
b,cot_en,French,MID0086,Ce ne sont pas les mots qui comptent mais les actions,Actions speak louder than words,It is not the words that count but the actions.,True,"French law invalidates verbal agreements, so written contracts are always required to reflect this proverb.",It is not the words that count but the actions.,Words are unnecessary; one should remain silent to truly be understood.,Any spoken promise is worthless in French culture unless immediately followed by action.,B,Words are unnecessary; one should remain silent to truly be understood.,Any spoken promise is worthless in French culture unless immediately followed by action.,"French law invalidates verbal agreements, so written contracts are always required to reflect this proverb.","<reasoning>Plausible but subtly wrong interpretations often arise from taking the proverb's emphasis on actions to an extreme, ignoring the role of words in communication, context, or cultural nuance. They may suggest that words are entirely irrelevant, that verbal promises are meaningless, or that written documentation is required, which misrepresents the balanced view that actions hold greater w",1.0,1.0,1.3,0.96,98.8
b,cot_en,French,MID0087,À beaucoup d'ouvriers la tâche est aisée,Many hands make light work,To lots of workers the task is easy.,True,The proverb means that many workers will inevitably slack off because each assumes others will pick up the slack.,"It suggests that a task only becomes easy when performed by a large crew, implying that smaller groups cannot succeed at all.",To lots of workers the task is easy.,It implies that the ease of the task stems from French workers’ inherent efficiency when they are numerous.,C,The proverb means that many workers will inevitably slack off because each assumes others will pick up the slack.,"It suggests that a task only becomes easy when performed by a large crew, implying that smaller groups cannot succeed at all.",It implies that the ease of the task stems from French workers’ inherent efficiency when they are numerous.,"<reasoning>The proverb’s literal meaning emphasizes collective effort reducing difficulty, but a superficial reading can lead to misinterpretations that overemphasize negative group dynamics, strict thresholds for success, or cultural stereotypes. These readings seem plausible because they touch on real social phenomena (social loafing, group size effects, national work ethic) yet they subtly dist",1.0,1.0,2.46,0.93,97.9
b,cot_en,French,MID0088,Bouillon de chou fait perdre au médecin cinq sous,An apple a day keeps the doctor away,Cabbage soup costs the doctor five pennies.,True,Cabbage soup costs the doctor five pennies.,The saying warns that eating cabbage soup will make doctors lose five pennies in income because they’ll have to give it away as charity.,Doctors are advised to eat cabbage soup themselves to avoid losing five pennies in fees from patients who stay healthy.,"Cabbage soup must be bought by doctors, costing them five pennies each time they treat a patient.",A,"Cabbage soup must be bought by doctors, costing them five pennies each time they treat a patient.",The saying warns that eating cabbage soup will make doctors lose five pennies in income because they’ll have to give it away as charity.,Doctors are advised to eat cabbage soup themselves to avoid losing five pennies in fees from patients who stay healthy.,"<reasoning>
The proverb uses a metaphor where inexpensive cabbage soup reduces the doctor's earnings, implying it keeps people healthy. Plausible but subtly wrong interpretations might treat the ""five sous"" as a literal payment to the doctor, confuse the soup's health benefit with a financial transaction, or invert the cause‑effect relationship (e.g., thinking the doctor loses money because they m",1.0,1.0,2.9,0.86,95.8
b,cot_en,French,MID0089,La beauté est affaire de goût,Beauty is in the eyes of the beholder,Beauty is a matter of taste.,True,Beauty is determined by current fashion trends,Beauty is a matter of taste.,Beauty depends on culinary preferences and food taste,Beauty is a question of proper etiquette and manners,B,Beauty is determined by current fashion trends,Beauty is a question of proper etiquette and manners,Beauty depends on culinary preferences and food taste,"[""Beauty is determined by current fashion trends"",""Beauty is a question of proper etiquette and manners"",""Beauty depends on culinary preferences and food taste""]",1.0,1.0,1.33,0.88,96.4
b,cot_en,French,MID0090,Ce n'est pas la mer à boire!,It's not that bad / hard / difficult! It's not such a big deal!,It's not the sea that you have to drink!,True,"It warns against attempting to drink seawater, implying that such an act is futile and dangerous.","It suggests that the task at hand is as impossible as drinking the entire ocean, thus emphasizing the enormity of the challenge.",It's not the sea that you have to drink!,"It is a metaphor for environmental responsibility, urging people not to pollute the sea because you cannot 'drink' it away.",C,"It warns against attempting to drink seawater, implying that such an act is futile and dangerous.","It suggests that the task at hand is as impossible as drinking the entire ocean, thus emphasizing the enormity of the challenge.","It is a metaphor for environmental responsibility, urging people not to pollute the sea because you cannot 'drink' it away.","<reasoning>These incorrect interpretations seem plausible because they focus on the literal image of drinking seawater, which is indeed impossible or undesirable, but they miss the idiomatic point that the phrase downplays difficulty rather than emphasizing impossibility or warning against a specific action.</reasoning>
[""It warns against attempting to drink seawater, implying that such an act is ",1.0,1.0,2.15,0.91,97.3
b,cot_en,French,MID0091,C'est mon petit doigt qui me le dit,A little bird tells me,It's my little finger that tells me.,True,It refers to a pinky‑swear promise that someone made,It means a child whispered the information to me,It means I heard a rumor from a tiny bird,It's my little finger that tells me.,D,It means I heard a rumor from a tiny bird,It means a child whispered the information to me,It refers to a pinky‑swear promise that someone made,"<reasoning>
The French proverb “C’est mon petit doigt qui me le dit” literally translates to “It’s my little finger that tells me,” but its idiomatic meaning is that the speaker has a gut feeling or intuition about something. A non‑native speaker might latch onto the literal image of a “little finger” and associate it with other small entities (like a bird, a child, or a pinky promise) that could ",1.0,1.0,1.33,0.83,94.9
b,cot_en,French,MID0092,"Quand le vin est tiré, il faut le boire",There's no going back. You have to see it through.,"Once the wine has been fetched, you have to drink it.",True,It means you should never waste wine; once poured you must finish the glass to avoid disrespecting the drink.,"It advises that once you offer someone wine, they are obligated to drink it as a sign of politeness and acceptance.","It warns that after you start drinking alcohol, you must continue responsibly to avoid losing control.","Once the wine has been fetched, you have to drink it.",D,It means you should never waste wine; once poured you must finish the glass to avoid disrespecting the drink.,"It advises that once you offer someone wine, they are obligated to drink it as a sign of politeness and acceptance.","It warns that after you start drinking alcohol, you must continue responsibly to avoid losing control.","<reasoning>
The proverb suggests inevitability after an action is set in motion. Plausible wrong readings might focus on the literal act of drinking wine, social obligations around drinking, or health advice, but they miss the core idea of committing to a course of action and instead shift emphasis to peripheral aspects like waste avoidance, hospitality norms, or moderation.
</reasoning>
[""It mean",1.0,1.0,1.7,0.85,95.5
b,cot_en,French,MID0093,Il n’y a que les imbéciles qui ne changent pas d’avis,Only fools never change their minds,"Our opinions may vary, and people clinging to their beliefs or decisions when they have every reason not to are being stupid. We use this proverb to point out stubbornness or to justify changing our minds.",True,"Our opinions may vary, and people clinging to their beliefs or decisions when they have every reason not to are being stupid. We use this proverb to point out stubbornness or to justify changing our minds.",Changing one's opinion is viewed as a sign of weakness; only fools admit they were wrong,"Only foolish people are capable of changing their minds, so wisdom lies in steadfastness","The proverb applies exclusively to academic or intellectual debates, not to everyday personal decisions",A,"Only foolish people are capable of changing their minds, so wisdom lies in steadfastness",Changing one's opinion is viewed as a sign of weakness; only fools admit they were wrong,"The proverb applies exclusively to academic or intellectual debates, not to everyday personal decisions","<reasoning>These interpretations seem plausible because they play with the negation in the proverb or focus on specific contexts where changing one's mind is discussed, but they miss the core cultural nuance that the saying praises flexibility and criticizes stubbornness in any situation, not just academic debates or as a sign of weakness.</reasoning>
[""Only foolish people are capable of changing ",1.0,1.0,0.41,0.96,98.8
b,cot_en,French,MID0094,On n’apprend pas au vieux singe à faire la grimace,This old dog knows all the tricks,You don’t need to teach something to someone who has much more experience than you have. We typically use this expression when someone with less experience or knowledge is trying to explain something we find obvious or easy.,True,"The proverb means that elderly people are incapable of learning new skills or adapting to change, suggesting that age prevents any further growth.","It implies that one should never attempt to teach someone how to express emotions or make facial expressions, as these are innate and cannot be instructed.",You don’t need to teach something to someone who has much more experience than you have. We typically use this expression when someone with less experience or knowledge is trying to explain something we find obvious or easy.,"The saying advises against trying to change a person's inherent nature or habits, insisting that trying to alter someone's core personality is futile and disrespectful.",C,"The proverb means that elderly people are incapable of learning new skills or adapting to change, suggesting that age prevents any further growth.","It implies that one should never attempt to teach someone how to express emotions or make facial expressions, as these are innate and cannot be instructed.","The saying advises against trying to change a person's inherent nature or habits, insisting that trying to alter someone's core personality is futile and disrespectful.","[""The proverb means that elderly people are incapable of learning new skills or adapting to change, suggesting that age prevents any further growth."", ""It implies that one should never attempt to teach someone how to express emotions or make facial expressions, as these are innate and cannot be instructed."", ""The saying advises against trying to change a person's inherent nature or habits, insisti",1.0,1.0,0.65,0.91,97.3
b,cot_en,French,MID0095,Il n’y a que la vérité qui blesse,Truth hurts,"If you feel offended by a statement or reproach, it only proves that it was true. The most hurtful comments are the ones we deserve. This expression is often used as a taunt, or when someone is denying their fault or wrongdoing and acting offended by the accusation.",True,"The saying advises that to avoid hurting others, one should always lie, because only truth can cause pain.","It means that the only way to heal emotional wounds is to speak the truth, implying that confession is therapeutic.","If you feel offended by a statement or reproach, it only proves that it was true. The most hurtful comments are the ones we deserve. This expression is often used as a taunt, or when someone is denying their fault or wrongdoing and acting offended by the accusation.","The proverb suggests that people who are easily offended are actually lying about their feelings, and the truth is what exposes their deceit.",C,"The saying advises that to avoid hurting others, one should always lie, because only truth can cause pain.","It means that the only way to heal emotional wounds is to speak the truth, implying that confession is therapeutic.","The proverb suggests that people who are easily offended are actually lying about their feelings, and the truth is what exposes their deceit.","<reasoning>These interpretations seem plausible because they each focus on the relationship between truth and emotional pain, but they misinterpret the proverb’s core idea that feeling offended by a statement proves the statement’s truth, rather than offering advice about lying, healing, or exposing deceit.</reasoning>
[""The saying advises that to avoid hurting others, one should always lie, becau",1.0,1.0,0.42,0.9,97.0
b,cot_en,French,MID0096,La vengeance est un plat qui se mange froid,Revenge is a dish best served cold,"Vengeance is more satisfying when delayed and exacted with a clear head. You’ll take more pleasure if you wait until the heat of anger has cooled off, rather than take revenge as an immediate act of rage.",True,"Vengeance is more satisfying when delayed and exacted with a clear head. You’ll take more pleasure if you wait until the heat of anger has cooled off, rather than take revenge as an immediate act of rage.","The proverb advises sharing revenge with others, implying that vengeance is a communal meal best served cold to a group.","Revenge should be enjoyed as a literal cold dish, like a salad or ice cream, to physically cool one's anger.","It means that seeking revenge is inherently unhealthy, comparable to eating spoiled food, so one should avoid it altogether.",A,"Revenge should be enjoyed as a literal cold dish, like a salad or ice cream, to physically cool one's anger.","The proverb advises sharing revenge with others, implying that vengeance is a communal meal best served cold to a group.","It means that seeking revenge is inherently unhealthy, comparable to eating spoiled food, so one should avoid it altogether.","<reasoning>
Plausible but subtly wrong interpretations often arise when readers take the metaphor literally, confuse the proverb with similar sayings about patience or food, or apply a moral judgment that the original does not contain. They sound reasonable because they retain key words like ""vengeance,"" ""dish,"" or ""cold,"" but they shift the focus from the timing and emotional state of revenge to ",1.0,1.0,0.53,0.89,96.7
b,cot_en,French,MID0097,"À vaincre sans péril, on triomphe sans gloire","No guts, no glory",Success won’t come if you’re not brave enough to take risks. This is a quote from Le Cid.,True,"In French culinary culture, the saying advises that a dish must be prepared without any risk of mishap (e.g., no burning or over‑spicing) to be considered glorious, implying safety in the kitchen yields praise.",Success won’t come if you’re not brave enough to take risks. This is a quote from Le Cid.,"À vaincre sans péril, on triomphe sans gloire means that true glory is achieved only by avoiding all danger, so playing it safe is the path to honor.","The proverb is read as advice for romantic relationships: love that lacks any peril or challenge brings no glory, thus partners should deliberately introduce drama to earn genuine affection.",B,"À vaincre sans péril, on triomphe sans gloire means that true glory is achieved only by avoiding all danger, so playing it safe is the path to honor.","In French culinary culture, the saying advises that a dish must be prepared without any risk of mishap (e.g., no burning or over‑spicing) to be considered glorious, implying safety in the kitchen yields praise.","The proverb is read as advice for romantic relationships: love that lacks any peril or challenge brings no glory, thus partners should deliberately introduce drama to earn genuine affection.","<reasoning>Misinterpretations often arise when the proverb's key terms are taken too literally or when it is conflated with similar sayings about risk and reward. Subtle errors can involve reversing the relationship between danger and glory, applying the saying to unrelated domains like cuisine or romance, or assuming it encourages seeking peril rather than valuing courageous action.</reasoning>
[",1.0,1.0,1.69,0.92,97.6
b,cot_en,French,MID0098,Il ne faut pas mettre la charrue avant les bœufs,Don’t put the cart before the horse,This expression from the fifteenth century means that you shouldn’t go so fast that you fail to do things in the right order.,True,It advises against celebrating a victory before the battle is finished.,It cautions against declaring love before you have established trust.,This expression from the fifteenth century means that you shouldn’t go so fast that you fail to do things in the right order.,It warns against investing in a business before you have a viable product.,C,It cautions against declaring love before you have established trust.,It warns against investing in a business before you have a viable product.,It advises against celebrating a victory before the battle is finished.,"[""It cautions against declaring love before you have established trust."",""It warns against investing in a business before you have a viable product."",""It advises against celebrating a victory before the battle is finished.""]",1.0,1.0,0.49,0.78,93.4
b,cot_en,French,MID0099,On n’est jamais mieux servi que par soi-même,"If you want something done right, do it yourself","If you want something done exactly the way you want it, you should just do it yourself.",True,"It advises doing everything yourself solely to avoid paying for labor, rejecting the value of skilled workers.","It means you should never accept help from anyone, even in emergencies, promoting total isolation.","If you want something done exactly the way you want it, you should just do it yourself.",It claims that all service industries are inherently inferior and that self‑service is always the best option.,C,"It means you should never accept help from anyone, even in emergencies, promoting total isolation.",It claims that all service industries are inherently inferior and that self‑service is always the best option.,"It advises doing everything yourself solely to avoid paying for labor, rejecting the value of skilled workers.","<reasoning>The proverb emphasizes personal standards of quality rather than absolute self-reliance; wrong interpretations often stretch this idea into a universal rule against any external help, conflating preference for control with a blanket rejection of collaboration, expertise, or service industries.</reasoning>
[""It means you should never accept help from anyone, even in emergencies, promotin",1.0,1.0,0.96,0.96,98.8
b,cot_en,French,MID0100,Qui ne risque rien n’a rien,"Nothing ventured, nothing gained","One must take risks to achieve something. If you don’t risk anything, you won’t get anything good.",True,"It encourages taking only calculated, low‑stakes risks, suggesting that only safe ventures lead to reward.","It implies that success is purely a matter of luck, and that effort without risk is pointless, thus endorsing a fatalistic view of achievement.","The proverb warns that avoiding risk guarantees you will lose what you already have, so you must gamble to protect your current assets.","One must take risks to achieve something. If you don’t risk anything, you won’t get anything good.",D,"The proverb warns that avoiding risk guarantees you will lose what you already have, so you must gamble to protect your current assets.","It encourages taking only calculated, low‑stakes risks, suggesting that only safe ventures lead to reward.","It implies that success is purely a matter of luck, and that effort without risk is pointless, thus endorsing a fatalistic view of achievement.","<reasoning>Each wrong interpretation starts from a kernel of truth in the proverb—risk is necessary for gain—but then adds a nuance that shifts the meaning: focusing on protecting existing assets, limiting risk to only low‑stakes ventures, or framing success as luck‑driven. These twists make the readings sound reasonable at first glance, yet they misrepresent the original French advice, which is a",1.0,1.0,1.22,0.94,98.2
b,cot_en,French,MID0101,Ne remets pas à demain ce que tu peux faire aujourd’hui,Don’t put off until tomorrow what you can do today,No time like the present! You shouldn’t delay doing something if you can do it right now.,True,No time like the present! You shouldn’t delay doing something if you can do it right now.,It means you should never plan for the future; live only for today.,"It suggests that if you can't finish something today, you should abandon it altogether.","It advises that tomorrow is unreliable, so you should avoid making any commitments for the next day.",A,It means you should never plan for the future; live only for today.,"It advises that tomorrow is unreliable, so you should avoid making any commitments for the next day.","It suggests that if you can't finish something today, you should abandon it altogether.","<reasoning>The proverb encourages immediate action on tasks that are doable now, but it does not forbid future planning, imply that tomorrow is untrustworthy, or suggest abandoning incomplete work. Plausible misinterpretations often arise from over‑generalizing the idea of “don’t delay” into absolute rules about the future, productivity, or task completion, which subtly shift the meaning from a pr",1.0,1.0,0.86,0.83,94.9
b,cot_en,French,MID0102,Les chiens ne font pas des chats,The apple doesn’t fall far from the tree,Children usually have similar characteristics or qualities to those of their parents.,True,"It suggests that loyalty is inherited, so a dog's loyalty is passed to its offspring like a cat's aloofness.",Children usually have similar characteristics or qualities to those of their parents.,"It means that people cannot change their inherent traits, just as a dog cannot become a cat, implying destiny is fixed.","It advises against interspecies relationships, warning that mixing different kinds (like dogs and cats) leads to undesirable outcomes.",B,"It means that people cannot change their inherent traits, just as a dog cannot become a cat, implying destiny is fixed.","It advises against interspecies relationships, warning that mixing different kinds (like dogs and cats) leads to undesirable outcomes.","It suggests that loyalty is inherited, so a dog's loyalty is passed to its offspring like a cat's aloofness.","<reasoning>These interpretations sound reasonable because they play on the idea of inherent traits or incompatibility suggested by the image of dogs and cats, but they miss the proverb's core point about offspring resembling parents rather than about unchangeable destiny, mixing prohibitions, or specific inherited traits like loyalty.</reasoning>
[""It means that people cannot change their inherent",1.0,1.0,1.61,0.91,97.3
b,cot_en,French,MID0103,"Rien ne sert de courir, il faut partir à point",Slow and steady wins the race,(from La Fontaine’s fable Le Lièvre et la Tortue),True,"It suggests that in competition, the slower participant will always win if they maintain a steady pace, regardless of obstacles.",(from La Fontaine’s fable Le Lièvre et la Tortue),"It advises that punctuality is more valuable than speed, so being on time outweighs any effort to hurry.","It means you should always wait for the perfect moment before acting, never start until everything is ideal.",B,"It means you should always wait for the perfect moment before acting, never start until everything is ideal.","It advises that punctuality is more valuable than speed, so being on time outweighs any effort to hurry.","It suggests that in competition, the slower participant will always win if they maintain a steady pace, regardless of obstacles.","<reasoning>Wrong interpretations often arise when readers focus on isolated phrases like ""partir à point"" (starting at the right moment) or assume the proverb guarantees victory for the slow, overlooking that La Fontaine’s fable emphasizes consistent effort over sheer speed, not timing guarantees or punctuality as the core lesson.</reasoning>
[""It means you should always wait for the perfect momen",1.0,1.0,2.07,0.93,97.9
b,cot_en,French,MID0104,"Chassez le naturel, il revient au galop",A leopard cannot change its spots,"If you go against your nature, it will never last.",True,"If you go against your nature, it will never last.","If you ignore your natural talents, they will disappear forever.",The proverb warns that running away from your problems makes them chase you faster.,It means that trying to be polite will eventually cause you to act rudely.,A,"If you ignore your natural talents, they will disappear forever.",The proverb warns that running away from your problems makes them chase you faster.,It means that trying to be polite will eventually cause you to act rudely.,"<reasoning>Wrong interpretations often capture a surface-level idea—such as the inevitability of return or the futility of resistance—but miss the core nuance that the proverb speaks about one's intrinsic nature resisting forced change, not about external consequences, habits, or social behaviors. They may conflate “nature” with talents, problems, or manners, leading to plausible‑sounding but inac",1.0,1.0,1.27,0.91,97.3
b,cot_en,French,MID0105,Il n’est pire aveugle que celui qui ne veut pas voir,You cannot reason with someone who’s not interested in the truth,(variant of “There are none so blind as those who will not see”),True,(variant of “There are none so blind as those who will not see”),"The saying warns that people who are physically blind are worse than those who choose not to see, implying a hierarchy of disability.","The proverb asserts that blindness itself is a moral failing, so anyone who lacks sight is inherently blameworthy regardless of circumstance.","It suggests that refusing to look at something (averting one's eyes) is a virtuous act of self‑protection, encouraging willful ignorance as a positive trait.",A,"The saying warns that people who are physically blind are worse than those who choose not to see, implying a hierarchy of disability.","It suggests that refusing to look at something (averting one's eyes) is a virtuous act of self‑protection, encouraging willful ignorance as a positive trait.","The proverb asserts that blindness itself is a moral failing, so anyone who lacks sight is inherently blameworthy regardless of circumstance.","<reasoning>The proverb uses blindness as a metaphor for willful ignorance, but a reader unfamiliar with the figurative use might take the imagery literally, leading to interpretations that mistakenly focus on physical disability, vision health, or the moral value of not seeing. Such readings seem plausible because they latch onto the concrete words “aveugle” (blind) and “voir” (to see), yet they m",1.0,1.0,1.74,0.89,96.7
b,cot_en,French,MID0106,On ne fait pas d’omelette sans casser d’oeufs,No pain no gain,You cannot achieve great things without making sacrifices.,True,"It conveys that success in any endeavor requires strict adherence to recipes, meaning you must follow instructions exactly (like breaking eggs) to achieve the desired outcome.","It means that in French culture, omelettes are considered a symbol of prosperity, so breaking eggs is a ritual to invite wealth, linking culinary action to financial gain.","The proverb warns against wasting food, suggesting that you should never break eggs unless you're making an omelette, thus promoting zero-waste cooking.",You cannot achieve great things without making sacrifices.,D,"The proverb warns against wasting food, suggesting that you should never break eggs unless you're making an omelette, thus promoting zero-waste cooking.","It conveys that success in any endeavor requires strict adherence to recipes, meaning you must follow instructions exactly (like breaking eggs) to achieve the desired outcome.","It means that in French culture, omelettes are considered a symbol of prosperity, so breaking eggs is a ritual to invite wealth, linking culinary action to financial gain.","[""The proverb warns against wasting food, suggesting that you should never break eggs unless you're making an omelette, thus promoting zero-waste cooking."",""It conveys that success in any endeavor requires strict adherence to recipes, meaning you must follow instructions exactly (like breaking eggs) to achieve the desired outcome."",""It means that in French culture, omelettes are considered a symbo",1.0,1.0,3.17,0.93,97.9
b,cot_en,French,MID0107,Les petits ruisseaux font les grandes rivières,Little streams make great rivers,This proverb emphasizes that small efforts or contributions can accumulate into something much larger over time. It is often used to encourage consistency and patience in achieving goals.,True,"It claims that great rivers arise solely from the accumulation of tiny streams, denying any influence of larger tributaries, rainfall, or geography, thus presenting a reductive, inevitable‑outcome view of achievement.","The proverb advises that literal small streams must be physically combined to build rivers, promoting large‑scale water engineering projects as the path to societal progress.",This proverb emphasizes that small efforts or contributions can accumulate into something much larger over time. It is often used to encourage consistency and patience in achieving goals.,"It suggests that remaining a small stream is virtuous and superior to becoming a great river, encouraging humility and resistance to growth.",C,"The proverb advises that literal small streams must be physically combined to build rivers, promoting large‑scale water engineering projects as the path to societal progress.","It suggests that remaining a small stream is virtuous and superior to becoming a great river, encouraging humility and resistance to growth.","It claims that great rivers arise solely from the accumulation of tiny streams, denying any influence of larger tributaries, rainfall, or geography, thus presenting a reductive, inevitable‑outcome view of achievement.","<reasoning>These interpretations seem plausible because they focus on concrete elements of the proverb (streams, rivers, size) or on a logical extrapolation (collaboration, inevitability). However, each subtly misses the core metaphorical message about the cumulative power of small, consistent efforts, instead overemphasizing literal water‑works, hierarchical superiority, or deterministic reductio",1.0,1.0,0.92,0.93,97.9
b,cot_en,French,MID0108,Ce qui est fait n’est plus à faire,What is done is no longer to be done,"This simply means that once a task is completed, there’s no need to do it again. Often used to underline that you should complete tasks properly the first time.",True,"Once something is done, you should never attempt to improve or refine it, even if flaws are discovered later.","This simply means that once a task is completed, there’s no need to do it again. Often used to underline that you should complete tasks properly the first time.","It encourages you to treat every finished task as permanently closed, discouraging any form of review, documentation, or follow‑up.","The saying means that past actions have no bearing on future decisions, so you can completely ignore lessons learned from completed tasks.",B,"Once something is done, you should never attempt to improve or refine it, even if flaws are discovered later.","The saying means that past actions have no bearing on future decisions, so you can completely ignore lessons learned from completed tasks.","It encourages you to treat every finished task as permanently closed, discouraging any form of review, documentation, or follow‑up.","<reasoning>
The proverb emphasizes completing a task correctly the first time so that repetition is unnecessary. Plausible but subtly wrong interpretations often arise by over‑extending the idea of finality—suggesting that once something is done it should never be revisited, improved, or considered relevant, ignoring the nuance that the saying assumes the task was done well and that learning from ",1.0,1.0,0.69,0.95,98.5
b,cot_en,French,MID0109,L’appétit vient en mangeant,Appetite comes while eating,"This suggests that the more you have of something, the more you want. It can refer to food literally, but it’s also used figuratively to highlight how taking the first step can increase motivation.",True,"If you avoid eating, your appetite will shrink, so fasting reduces hunger.","Eating with others makes you hungrier, thus social meals amplify appetite.","To boost your appetite you should snack frequently throughout the day, grazing to keep hunger alive.","This suggests that the more you have of something, the more you want. It can refer to food literally, but it’s also used figuratively to highlight how taking the first step can increase motivation.",D,"If you avoid eating, your appetite will shrink, so fasting reduces hunger.","Eating with others makes you hungrier, thus social meals amplify appetite.","To boost your appetite you should snack frequently throughout the day, grazing to keep hunger alive.","<reasoning>Wrong interpretations often arise from taking the proverb too literally, focusing only on the physical act of eating and ignoring its figurative sense about motivation and desire. They may also incorrectly shift the emphasis to external factors like social settings or dieting tactics, which sound plausible because they involve eating but miss the core idea that engaging with something i",1.0,1.0,0.38,0.93,97.9
b,cot_en,French,MID0110,Il faut réfléchir avant d’agir,One must think before acting,A straightforward exhortation to consider consequences before taking action. Similar to “Look before you leap.”,True,"It implies that thinking must be a solitary, individual activity, undermining the value of collaborative or communal decision‑making.","It suggests that any action taken without prolonged deliberation is inherently reckless and morally wrong, discouraging spontaneity.",A straightforward exhortation to consider consequences before taking action. Similar to “Look before you leap.”,"It means only intellectuals or philosophers should act, dismissing practical wisdom from everyday people.",C,"It means only intellectuals or philosophers should act, dismissing practical wisdom from everyday people.","It suggests that any action taken without prolonged deliberation is inherently reckless and morally wrong, discouraging spontaneity.","It implies that thinking must be a solitary, individual activity, undermining the value of collaborative or communal decision‑making.","<reasoning>
The proverb “Il faut réfléchir avant d’agir” is a general advice about prudence. Plausible but subtly wrong interpretations often arise when readers import specific cultural stereotypes—such as the French reputation for intellectualism, bureaucratic caution, or existential angst—into the saying, treating it as a commentary on those traits rather than a universal counsel. These readings",1.0,1.0,1.09,0.95,98.5
b,cot_en,French,MID0111,Un malheur ne vient jamais seul,A misfortune never arrives alone,"This proverb reflects the belief that bad events tend to happen in clusters (“When it rains, it pours”).",True,"It suggests that misfortune only befalls those who are socially isolated, implying loneliness invites disaster.","It means that after experiencing a single misfortune, you will inevitably face exactly two more, no more, no less.","The proverb advises that to avoid misfortune, one must never be alone; companionship wards off bad luck.","This proverb reflects the belief that bad events tend to happen in clusters (“When it rains, it pours”).",D,"The proverb advises that to avoid misfortune, one must never be alone; companionship wards off bad luck.","It suggests that misfortune only befalls those who are socially isolated, implying loneliness invites disaster.","It means that after experiencing a single misfortune, you will inevitably face exactly two more, no more, no less.","[""The proverb advises that to avoid misfortune, one must never be alone; companionship wards off bad luck."",""It suggests that misfortune only befalls those who are socially isolated, implying loneliness invites disaster."",""It means that after experiencing a single misfortune, you will inevitably face exactly two more, no more, no less.""]",1.0,1.0,0.94,0.95,98.5
b,cot_en,French,MID0112,Qui va à la chasse perd sa place,He who goes hunting loses his seat,"Commonly used when someone leaves their seat or position temporarily and finds it taken upon return. “You snooze, you lose.”",True,"If you go hunting, you will lose your physical hunting blind to another hunter.","Commonly used when someone leaves their seat or position temporarily and finds it taken upon return. “You snooze, you lose.”",The proverb warns that chasing romantic interests will make you lose your place in a steady relationship.,It means that taking a leave from work to hunt will cause you to forfeit your job position or promotion.,B,"If you go hunting, you will lose your physical hunting blind to another hunter.",The proverb warns that chasing romantic interests will make you lose your place in a steady relationship.,It means that taking a leave from work to hunt will cause you to forfeit your job position or promotion.,"<reasoning>Wrong interpretations often arise by interpreting the hunt literally, applying the loss to physical objects like a hunting blind or a game token, or extending the metaphor to unrelated domains such as love or gambling, while missing that the proverb specifically concerns the temporary abandonment of a seat or position and the social norm that others may take it in one's absence.</reason",1.0,1.0,0.85,0.85,95.5
b,cot_en,French,MID0113,"Tel père, tel fils","Like father, like son","This emphasizes that children often resemble their parents in character, behavior, or fate.",True,"It applies only to sons, suggesting that daughters are exempt from any resemblance to their parents in character or destiny.","It guarantees that a son will inevitably achieve the same level of success or failure as his father, leaving no room for personal agency or external circumstances.","This emphasizes that children often resemble their parents in character, behavior, or fate.","It refers specifically to the transmission of a father’s trade or profession to his son, implying that occupational inheritance is the proverb’s core meaning.",C,"It guarantees that a son will inevitably achieve the same level of success or failure as his father, leaving no room for personal agency or external circumstances.","It refers specifically to the transmission of a father’s trade or profession to his son, implying that occupational inheritance is the proverb’s core meaning.","It applies only to sons, suggesting that daughters are exempt from any resemblance to their parents in character or destiny.","<reasoning>
The proverb ""Tel père, tel fils"" notes a tendency for children to mirror parents in traits or fate, but it is not an absolute rule. Plausible misinterpretations often arise by overgeneralizing this tendency into deterministic claims, narrowing its scope to specific domains like profession or inheritance, or incorrectly limiting its application to male lineage only. These readings seem ",1.0,1.0,1.82,0.88,96.4
b,cot_en,French,MID0114,"Loin des yeux, loin du cœur","Far from the eyes, far from the heart","Suggests that if someone or something is not physically present, it can be easily forgotten.",True,"Suggests that if someone or something is not physically present, it can be easily forgotten.","The saying claims that moral judgments fade when the offending act is not witnessed, asserting that ethical responsibility depends solely on visual observation of wrongdoing.","It means that if you stop seeing someone, your heart will literally stop beating for them, suggesting a direct physiological link between visual perception and cardiac function.","The proverb advises people to physically distance themselves from anything they wish to forget, implying that avoidance is a deliberate strategy for emotional healing.",A,"The proverb advises people to physically distance themselves from anything they wish to forget, implying that avoidance is a deliberate strategy for emotional healing.","It means that if you stop seeing someone, your heart will literally stop beating for them, suggesting a direct physiological link between visual perception and cardiac function.","The saying claims that moral judgments fade when the offending act is not witnessed, asserting that ethical responsibility depends solely on visual observation of wrongdoing.","<reasoning>
The French proverb ""Loin des yeux, loin du cœur"" is often rendered as ""Out of sight, out of mind,"" conveying that absence leads to forgetting or diminished attachment. A plausible but subtly wrong reading might treat the phrase as a prescriptive rule about behavior (e.g., advising avoidance) or as a statement about causality that reverses the direction of influence (e.g., claiming that",1.0,1.0,1.69,0.94,98.2
b,cot_en,French,MID0115,Mieux vaut tard que jamais,Better late than never,"Encourages taking action or completing a task even if it’s delayed, rather than abandoning it altogether.",True,"It means that if you cannot do something perfectly or on time, you should abstain from doing it altogether, favoring inaction over imperfect effort.","Encourages taking action or completing a task even if it’s delayed, rather than abandoning it altogether.","It suggests that lateness is a virtue and that being punctual is less valuable, promoting a culture where tardiness is celebrated.","It encourages procrastination by framing delay as a wise strategy, implying that putting things off is better than doing them early.",B,"It encourages procrastination by framing delay as a wise strategy, implying that putting things off is better than doing them early.","It suggests that lateness is a virtue and that being punctual is less valuable, promoting a culture where tardiness is celebrated.","It means that if you cannot do something perfectly or on time, you should abstain from doing it altogether, favoring inaction over imperfect effort.","<reasoning>When a proverb like ""Better late than never"" is taken out of its nuanced context, its surface meaning can be misread as endorsing delay or devaluing timeliness. A plausible but subtly incorrect interpretation often twists the encouragement of eventual completion into a justification for procrastination, a praise of lateness itself, or a preference for inaction over imperfect effort. The",1.0,1.0,1.38,0.92,97.6
b,cot_en,French,MID0116,La fin justifie les moyens,The end justifies the means,This can be used either positively or critically to say that achieving a goal can sometimes excuse the methods used.,True,It means that the final result of a process is always ethically superior to the steps taken to get there.,"It asserts that any action taken with good intentions is morally acceptable, regardless of outcome.",This can be used either positively or critically to say that achieving a goal can sometimes excuse the methods used.,It is a legal principle in French law that permits illegal actions if they lead to a beneficial societal outcome.,C,"It asserts that any action taken with good intentions is morally acceptable, regardless of outcome.",It is a legal principle in French law that permits illegal actions if they lead to a beneficial societal outcome.,It means that the final result of a process is always ethically superior to the steps taken to get there.,"<reasoning>These interpretations sound plausible because they each touch on ideas of morality, legality, or outcome evaluation that are related to the proverb’s theme of ends and means. However, they misrepresent the nuance: the saying does not judge intentions, does not establish a legal rule, and does not claim inherent ethical superiority of results over processes—it merely notes that goals can",1.0,1.0,0.92,0.84,95.2
b,cot_en,French,MID0117,Qui veut voyager loin ménage sa monture,He who wants to travel far spares his mount,Encourages pacing oneself and preserving one’s resources to achieve long-term objectives.,True,Encourages pacing oneself and preserving one’s resources to achieve long-term objectives.,To travel far you must continually replace your mount with a fresher one before it tires,"The best way to endure long travel is to push your mount hard, believing that hardship builds endurance","If you cannot afford a mount you should not travel at all, as the proverb limits travel to those who can afford luxury",A,To travel far you must continually replace your mount with a fresher one before it tires,"If you cannot afford a mount you should not travel at all, as the proverb limits travel to those who can afford luxury","The best way to endure long travel is to push your mount hard, believing that hardship builds endurance","<reasoning>These interpretations seem plausible because they each focus on the mount (the horse) and the idea of preparing for a journey, but they twist the original advice of conserving and pacing one's resources into either constant upgrading, avoidance of travel unless luxurious, or harsh treatment—each missing the core message of sustainable, steady effort.</reasoning>
[""To travel far you must",1.0,1.0,1.73,0.86,95.8
b,cot_en,French,MID0118,À l’impossible nul n’est tenu,No one is bound to do the impossible,This proverb means that no one can be expected to accomplish the unachievable.,True,This proverb means that no one can be expected to accomplish the unachievable.,It suggests that any contract or duty can be ignored if it feels too hard,It means you should never try anything difficult because you’re excused from effort,"It implies that society must never place any expectations on individuals, granting total freedom from responsibility",A,It means you should never try anything difficult because you’re excused from effort,It suggests that any contract or duty can be ignored if it feels too hard,"It implies that society must never place any expectations on individuals, granting total freedom from responsibility","<reasoning>Each wrong interpretation starts from a true element of the proverb—acknowledging limits, excusing failure, or relieving duty—but then extends it beyond the original scope, turning a statement about the unachievable into a blanket excuse for avoiding difficulty, a legal loophole, or a rejection of all responsibility.</reasoning>
[""It means you should never try anything difficult because",1.0,1.0,1.13,0.91,97.3
b,cot_en,French,MID0119,"Quand on parle du loup, on en voit la queue","When one speaks of the wolf, you see its tail",The French counterpart to “Speak of the devil and he appears.” It’s often said when the subject of a conversation suddenly appears.,True,"It suggests that if you discuss someone’s shortcomings, you will only see the minor, insignificant part of their character (the tail) rather than their full nature.","When you talk about a wolf you only notice its tail, meaning you perceive only superficial traits of a person or situation.",The French counterpart to “Speak of the devil and he appears.” It’s often said when the subject of a conversation suddenly appears.,"The saying warns that speaking of dangerous subjects (like wolves) will summon them, so one should stay silent to avoid attracting trouble.",C,"When you talk about a wolf you only notice its tail, meaning you perceive only superficial traits of a person or situation.","The saying warns that speaking of dangerous subjects (like wolves) will summon them, so one should stay silent to avoid attracting trouble.","It suggests that if you discuss someone’s shortcomings, you will only see the minor, insignificant part of their character (the tail) rather than their full nature.","<reasoning>Plausible but subtly wrong interpretations often arise from taking the proverb literally, over‑emphasizing a single element (like the tail), or conflating it with similar sayings about secrecy or omens. They seem reasonable because they touch on themes of speech, appearance, and caution, but they miss the specific cultural nuance that the phrase is used when the person being spoken abou",1.0,1.0,1.06,0.93,97.9
b,cot_en,French,MID0120,Un ‘tiens’ vaut mieux que deux ‘tu l’auras’,One “here you go” is better than two “you’ll get it”,"Similar to “A bird in the hand is worth two in the bush,” it emphasizes that a guaranteed or immediate gain is more valuable than a larger but uncertain promise.",True,"It suggests that French people prefer to settle debts immediately with a small payment rather than risk owing a larger amount later, highlighting a cultural aversion to debt.","It means that offering a small immediate concession ('tiens') is a tactic to secure a larger future commitment ('tu l'auras'), implying that small favors lead to bigger gains.","Similar to “A bird in the hand is worth two in the bush,” it emphasizes that a guaranteed or immediate gain is more valuable than a larger but uncertain promise.","It reflects the belief that verbal agreements ('tiens') are legally binding in France, whereas future promises ('tu l'auras') are merely intentions without enforceable weight.",C,"It means that offering a small immediate concession ('tiens') is a tactic to secure a larger future commitment ('tu l'auras'), implying that small favors lead to bigger gains.","It reflects the belief that verbal agreements ('tiens') are legally binding in France, whereas future promises ('tu l'auras') are merely intentions without enforceable weight.","It suggests that French people prefer to settle debts immediately with a small payment rather than risk owing a larger amount later, highlighting a cultural aversion to debt.","<reasoning>
Each wrong interpretation takes a plausible angle—such as strategic bargaining, legal enforceability, or debt aversion—that touches on the tension between immediate and future benefits, but they misstate the proverb’s lesson by either reversing the value relationship, adding a legal dimension not present, or shifting focus to debt avoidance rather than the comparative worth of a certai",1.0,1.0,0.89,0.9,97.0
b,cot_en,French,MID0121,A beau mentir qui vient de loin,He who comes from afar can easily lie,Suggests that someone whose story cannot be easily verified can make grand or false claims without fear of being exposed.,True,Suggests that someone whose story cannot be easily verified can make grand or false claims without fear of being exposed.,"It suggests that those who come from afar are inherently trustworthy, so their lies are harmless.",It means that travelers are naturally gifted at deception because distance grants them credibility.,"It implies that lying is praiseworthy when done by foreigners, as it shows cunning.",A,It means that travelers are naturally gifted at deception because distance grants them credibility.,"It suggests that those who come from afar are inherently trustworthy, so their lies are harmless.","It implies that lying is praiseworthy when done by foreigners, as it shows cunning.","[""It means that travelers are naturally gifted at deception because distance grants them credibility."",""It suggests that those who come from afar are inherently trustworthy, so their lies are harmless."",""It implies that lying is praiseworthy when done by foreigners, as it shows cunning.""]",1.0,1.0,0.73,0.91,97.3
b,cot_en,French,MID0122,L’argent est la racine de tous les maux,Money is the root of all evil,Classic warning about the dangers of greed and how money can corrupt.,True,"The proverb means that any possession of money inevitably corrupts a person’s character, implying wealth itself is intrinsically evil rather than the desire for it.",Classic warning about the dangers of greed and how money can corrupt.,"It suggests that abolishing money would eliminate all suffering, treating currency as the direct cause of every societal ill instead of warning against greed.","It is read as an endorsement of total asceticism, advocating that moral virtue requires completely rejecting all financial exchange and living without money.",B,"The proverb means that any possession of money inevitably corrupts a person’s character, implying wealth itself is intrinsically evil rather than the desire for it.","It suggests that abolishing money would eliminate all suffering, treating currency as the direct cause of every societal ill instead of warning against greed.","It is read as an endorsement of total asceticism, advocating that moral virtue requires completely rejecting all financial exchange and living without money.","<reasoning>These interpretations sound reasonable because they address the proverb’s warning about money’s negative influence, but they misattribute the fault to money itself or to a prescriptive rejection of wealth, overlooking the original nuance that it is the love or greed for money—not money as a neutral tool—that leads to evil.</reasoning>
[""The proverb means that any possession of money ine",1.0,1.0,2.0,0.91,97.3
b,cot_en,French,MID0123,Nécessité est mère d’invention,Necessity is the mother of invention,"When you really need something, you find a way to make it happen.",True,"The saying means that every invention is literally born from a specific necessity, as if the need physically creates the object.","Necessity forces people to invent only when they are starving, ignoring other motivations like curiosity or ambition.","It suggests that without any pressing need, humans are incapable of any inventive thought at all.","When you really need something, you find a way to make it happen.",D,"Necessity forces people to invent only when they are starving, ignoring other motivations like curiosity or ambition.","The saying means that every invention is literally born from a specific necessity, as if the need physically creates the object.","It suggests that without any pressing need, humans are incapable of any inventive thought at all.","<reasoning>
The proverb emphasizes that urgent need drives creative problem‑solving. A plausible but slightly off interpretation might shift the focus from invention to mere survival, suggest that necessity creates the invention itself rather than motivating it, or imply that only material needs count, ignoring social or intellectual motivations. These nuances make the interpretations sound reason",1.0,1.0,1.38,0.98,99.4
b,cot_en,French,MID0124,Rira bien qui rira le dernier,He who laughs last laughs longest,The person who has the last laugh is the one who ultimately succeeds.,True,It suggests that the best way to win a French argument is to wait until the opponent has finished laughing at your joke before delivering your punchline.,The person who has the last laugh is the one who ultimately succeeds.,"It means that in French workplace hierarchy, the employee who gets the final joke in a meeting is considered the most authoritative.",It implies that French comedians achieve lasting fame only if they save their best joke for the end of their act.,B,"It means that in French workplace hierarchy, the employee who gets the final joke in a meeting is considered the most authoritative.",It suggests that the best way to win a French argument is to wait until the opponent has finished laughing at your joke before delivering your punchline.,It implies that French comedians achieve lasting fame only if they save their best joke for the end of their act.,"<reasoning>Wrong interpretations often arise when the proverb's core idea—timing of laughter as a proxy for ultimate victory—is conflated with unrelated cultural notions such as social hierarchy, conversational tactics, or performance structure. These readings seem plausible because they still involve laughter, timing, or French cultural contexts, but they subtly shift the meaning from eventual su",1.0,1.0,1.79,0.83,94.9
b,cot_en,French,MID0125,Une minute d’hésitation peut coûter cher,He who hesitates is lost,A moment of doubt can lead to missing a great opportunity.,True,"The proverb teaches that you must act instantly without any thought, as thinking is a sign of weakness.",A moment of doubt can lead to missing a great opportunity.,"Hesitation always leads to financial loss, so any delay in spending or investing is disastrous.","It means that hesitation is a moral failing, indicating a lack of courage, and only decisive people are virtuous.",B,"Hesitation always leads to financial loss, so any delay in spending or investing is disastrous.","The proverb teaches that you must act instantly without any thought, as thinking is a sign of weakness.","It means that hesitation is a moral failing, indicating a lack of courage, and only decisive people are virtuous.","<reasoning>
The wrong interpretations appear plausible because they latch onto elements of the proverb—hesitation, cost, and loss—but they misapply or over‑specify those elements. Each one takes a kernel of truth (e.g., hesitation can have negative consequences, financial stakes matter, decisiveness is valued) and stretches it into a rule that ignores the proverb’s broader, situational nuance abou",1.0,1.0,1.58,0.92,97.6
b,cot_en,French,MID0126,C’est dans le besoin que l’on connaît ses vrais amis,A friend in need is a friend indeed,True friends reveal themselves when times are hard.,True,"It suggests that you should avoid forming friendships with people who are currently experiencing hardship, as they will only drag you down.","It means that a person who helps you only when you are in need is not a true friend; true friends help you all the time, not just in crisis.",True friends reveal themselves when times are hard.,"It implies that friendship is a transactional exchange: you owe help to friends only when they are in need, and they owe you nothing otherwise.",C,"It means that a person who helps you only when you are in need is not a true friend; true friends help you all the time, not just in crisis.","It suggests that you should avoid forming friendships with people who are currently experiencing hardship, as they will only drag you down.","It implies that friendship is a transactional exchange: you owe help to friends only when they are in need, and they owe you nothing otherwise.","<reasoning>Misinterpretations often arise when the conditional nature of the proverb is over‑generalized, reversed, or reduced to a purely transactional view. People may mistakenly think the saying prescribes how to behave toward friends rather than describing how true friendship is revealed, or they may invert the direction of who should be in need. These readings sound plausible because they sti",1.0,1.0,3.21,0.79,93.7
b,cot_en,French,MID0127,Nécessité fait loi,Beggars can’t be choosers,"When you have no choice, you must accept what is offered.",True,Necessity creates legal obligations that must be followed when you are in need.,"In desperate situations, you can disregard existing laws and create your own rules because necessity makes law.","When you are poor, you are obliged to help others because necessity forces generosity.","When you have no choice, you must accept what is offered.",D,Necessity creates legal obligations that must be followed when you are in need.,"When you are poor, you are obliged to help others because necessity forces generosity.","In desperate situations, you can disregard existing laws and create your own rules because necessity makes law.","[""Necessity creates legal obligations that must be followed when you are in need."",""When you are poor, you are obliged to help others because necessity forces generosity."",""In desperate situations, you can disregard existing laws and create your own rules because necessity makes law.""]",1.0,1.0,1.33,0.86,95.8
b,cot_en,French,MID0128,Rira vendredi dimanche pleurera,He who laughs on Friday will cry on Sunday,What starts well may end badly — don’t get too cocky too soon.,True,What starts well may end badly — don’t get too cocky too soon.,It suggests the saying advises that weekend frivolity on Friday causes guilt and sorrow by Sunday due to overspending.,It claims the proverb is based on planetary superstition: Friday (Venus) brings joy that invites misfortune on Sunday (Sun).,It warns that laughing on Friday leads to regret by Sunday because you'll have unfinished work from the week.,A,It warns that laughing on Friday leads to regret by Sunday because you'll have unfinished work from the week.,It claims the proverb is based on planetary superstition: Friday (Venus) brings joy that invites misfortune on Sunday (Sun).,It suggests the saying advises that weekend frivolity on Friday causes guilt and sorrow by Sunday due to overspending.,"<reasoning>These interpretations seem plausible because they tie the proverb to specific cultural frames like workweek, astrology, or weekend spending, but they incorrectly narrow the general warning about premature joy into domain‑specific causes, missing the broader moral.</reasoning>[""It warns that laughing on Friday leads to regret by Sunday because you'll have unfinished work from the week."",",1.0,1.0,1.46,0.78,93.4
b,cot_en,French,MID0129,Chaque chose en son temps,Don’t cross your bridges before you come to them,Do things in the proper order; don’t rush ahead.,True,It means you should never plan ahead and just live in the moment,It suggests that each task must be done exactly once and never revisited,Do things in the proper order; don’t rush ahead.,"It encourages waiting for the perfect moment, justifying procrastination",C,It means you should never plan ahead and just live in the moment,"It encourages waiting for the perfect moment, justifying procrastination",It suggests that each task must be done exactly once and never revisited,"<reasoning>The proverb’s literal phrasing can be misread as a blanket rule about timing, leading to interpretations that seem reasonable but miss its nuance of orderly, context‑appropriate action. For instance, one might think it rejects planning altogether, equates “right time” with an elusive perfect moment demanding delay, or treats the sequence as rigid and non‑repetitive. Each of these captur",1.0,1.0,1.3,0.91,97.3
b,cot_en,French,MID0130,Un petit service en vaut un autre,You scratch my back and I’ll scratch yours,One good turn deserves another.,True,One good turn deserves another.,"It means you should only do a small favor if you expect an immediate, equivalent return in kind.","It suggests that any minor service can be swapped for any other minor service, treating favors as interchangeable commodities.","It implies you must keep a mental ledger of help given and received, refusing to assist until the balance is even.",A,"It means you should only do a small favor if you expect an immediate, equivalent return in kind.","It suggests that any minor service can be swapped for any other minor service, treating favors as interchangeable commodities.","It implies you must keep a mental ledger of help given and received, refusing to assist until the balance is even.","<reasoning>These interpretations mistakenly treat the proverb as a strict accounting of favors, adding notions of immediacy, fungibility, or ledger‑keeping that distort its original spirit of goodwill and mutual aid. While they sound plausible because they involve reciprocity, they introduce subtle inaccuracies about the cultural emphasis on generosity without strict calculation.</reasoning>
[""It ",1.0,1.0,3.87,0.95,98.5
b,cot_en,French,MID0131,Un point à temps en vaut cent,A stitch in time saves nine,Fixing a small problem early saves much bigger trouble later.,True,Cooking meat to the exact point of doneness prevents overcooking and saves a lot of wasted food,Being punctual saves you a hundred times the effort of being late,Doing something perfectly the first time avoids any need for rework later,Fixing a small problem early saves much bigger trouble later.,D,Being punctual saves you a hundred times the effort of being late,Doing something perfectly the first time avoids any need for rework later,Cooking meat to the exact point of doneness prevents overcooking and saves a lot of wasted food,"<reasoning>
The proverb uses the metaphor of a single stitch preventing a larger tear, emphasizing preventive action. A plausible but subtly wrong reading might replace the stitch with other timely actions—like being punctual, achieving perfection on the first try, or cooking meat to the exact doneness—because these also involve acting early to avoid later trouble. However, each shifts the focus f",1.0,1.0,1.37,0.91,97.3
b,cot_en,French,MID0132,L’argent ne fait pas le bonheur,Money cannot buy happiness,"Nearly identical to its English counterpart, this expression means that although money lets you buy things, it’s not enough to achieve happiness. The most materialistic people often follow it with mais il y contribue (“but it contributes to it”).",True,"The proverb means that having any amount of money guarantees unhappiness, so the richer you are, the less happy you become.","It conveys that money actively destroys happiness, so spending money leads to immediate dissatisfaction.","Nearly identical to its English counterpart, this expression means that although money lets you buy things, it’s not enough to achieve happiness. The most materialistic people often follow it with mais il y contribue (“but it contributes to it”).","It suggests that French culture values poverty as a virtue, implying that true happiness is only found by rejecting wealth entirely.",C,"The proverb means that having any amount of money guarantees unhappiness, so the richer you are, the less happy you become.","It suggests that French culture values poverty as a virtue, implying that true happiness is only found by rejecting wealth entirely.","It conveys that money actively destroys happiness, so spending money leads to immediate dissatisfaction.","<reasoning>These interpretations take the proverb's denial of money as a sufficient condition for happiness and stretch it into a claim that money is either harmful, irrelevant, or that poverty is virtuous. They sound plausible because they play on the idea that money isn't everything, but they miss the nuance that money can contribute to well‑being and that the saying does not condemn wealth itse",1.0,1.0,0.48,0.93,97.9
b,cot_en,French,MID0133,Il ne faut pas vendre la peau de l’ours avant de l’avoir tué,Don’t count your chickens before they hatch,This traditional saying comes from Old French. It means that you should wait to act until you know that something is certain.,True,"It advises traders in the fur market to wait until a bear pelt is fully cured before attempting to sell it, emphasizing product readiness.","It cautions hunters against prematurely claiming a trophy, implying that one must wait until the bear is dead before bragging about the kill.",This traditional saying comes from Old French. It means that you should wait to act until you know that something is certain.,"It suggests that one should not act on unverified reports of a bear's presence, stressing the need for direct evidence before taking action.",C,"It cautions hunters against prematurely claiming a trophy, implying that one must wait until the bear is dead before bragging about the kill.","It advises traders in the fur market to wait until a bear pelt is fully cured before attempting to sell it, emphasizing product readiness.","It suggests that one should not act on unverified reports of a bear's presence, stressing the need for direct evidence before taking action.","<reasoning>These interpretations focus on peripheral aspects like hunting bragging, fur preparation, or rumor verification, which seem related to the idea of waiting but miss the core lesson about not counting on uncertain outcomes.</reasoning>
[""It cautions hunters against prematurely claiming a trophy, implying that one must wait until the bear is dead before bragging about the kill."",""It advise",1.0,1.0,1.06,0.84,95.2
b,cot_en,French,MID0134,Chat échaudé craint l’eau froide,"Once bitten, twice shy",This is what you’d say if you were scared of doing something again because you previously had an unpleasant experience doing that thing. Bad experiences make us cautious.,True,"It warns that cold water is inherently dangerous and must be avoided entirely, regardless of any prior experience.",It means that after a bad experience you should deliberately seek similar situations to build resilience and overcome fear.,The proverb advises you to always check the water temperature before bathing a cat to avoid scaring it.,This is what you’d say if you were scared of doing something again because you previously had an unpleasant experience doing that thing. Bad experiences make us cautious.,D,The proverb advises you to always check the water temperature before bathing a cat to avoid scaring it.,It means that after a bad experience you should deliberately seek similar situations to build resilience and overcome fear.,"It warns that cold water is inherently dangerous and must be avoided entirely, regardless of any prior experience.","<reasoning>These interpretations arise from taking the proverb too literally or conflating it with unrelated advice about cats, water safety, or exposure therapy, making them seem plausible but they miss the core idea that a past negative experience leads to general caution, not specific actions about water temperature or seeking repeat exposure.</reason>
[""The proverb advises you to always check ",1.0,1.0,0.65,0.93,97.9
b,cot_en,French,MID0135,On ne change pas une équipe qui gagne,"If it ain’t broken, don’t fix it",There’s no need to make any changes to something that’s already working well.,True,"You must never change the members of a winning team, even if they become ineffective","It applies only to sports teams, implying that winning strategies in athletics should never be adjusted","The saying encourages complacency, suggesting that once something works you should never seek improvement",There’s no need to make any changes to something that’s already working well.,D,"You must never change the members of a winning team, even if they become ineffective","The saying encourages complacency, suggesting that once something works you should never seek improvement","It applies only to sports teams, implying that winning strategies in athletics should never be adjusted","The proverb’s focus on not altering a successful situation can be misread as a rule about team composition or innovation, leading to interpretations that seem plausible but miss the nuance that it advises against unnecessary change rather than forbidding any change or applying only to specific contexts like sports or cooking.

[""You must never change the members of a winning team, even if they bec",1.0,1.0,1.15,0.9,97.0
b,cot_en,French,MID0136,Il vaut mieux prévenir que guérir,Better safe than sorry,You might use this proverb when it seems wiser to be careful and protect yourself instead of taking unnecessary risks.,True,"It means you should never take any risks, even if they could lead to great rewards.",It suggests that it's better to apologize after a mistake than to invest effort in preventing it.,You might use this proverb when it seems wiser to be careful and protect yourself instead of taking unnecessary risks.,It implies that saving money is more important than spending on safety precautions.,C,"It means you should never take any risks, even if they could lead to great rewards.",It suggests that it's better to apologize after a mistake than to invest effort in preventing it.,It implies that saving money is more important than spending on safety precautions.,"[""It means you should never take any risks, even if they could lead to great rewards."",""It suggests that it's better to apologize after a mistake than to invest effort in preventing it."",""It implies that saving money is more important than spending on safety precautions.""]",1.0,1.0,0.77,0.93,97.9
b,cot_en,French,MID0137,Il n’y a pas de fumée sans feu,"Where there is smoke, there is fire","If there’s any sign of something being true, then it must be at least partly true.",True,"If there’s any sign of something being true, then it must be at least partly true.","The absence of smoke guarantees the absence of fire, so if you don’t see any signs you can be sure nothing is wrong","Any rumor or suspicion is definitely true, leaving no room for doubt or false alarms","If you see smoke, there must be a fire nearby, so you should always investigate any sign of trouble",A,"If you see smoke, there must be a fire nearby, so you should always investigate any sign of trouble","The absence of smoke guarantees the absence of fire, so if you don’t see any signs you can be sure nothing is wrong","Any rumor or suspicion is definitely true, leaving no room for doubt or false alarms","<reasoning>
The proverb ""Il n’y a pas de fumée sans feu"" is often misread as asserting a strict two‑way link between signs and reality, or as applying only to literal fire. These readings seem reasonable because they echo the idea of cause and effect, but they add nuances the original saying does not contain—such as guaranteeing truth in the absence of signs, prescribing action, or claiming absolu",1.0,1.0,1.19,0.89,96.7
b,cot_en,French,MID0138,Qui aime bien châtie bien,Spare the rod and spoil the child,"When you love someone, you’ll punish them proportionally to their wrongdoing instead of being too harsh or ignoring their fault.",True,"When you love someone, you’ll punish them proportionally to their wrongdoing instead of being too harsh or ignoring their fault.","If you truly love someone, you should never punish them at all.","Love means you must always punish, regardless of the severity of the fault.",The phrase suggests that love is demonstrated by giving the harshest possible punishment to show you care.,A,"Love means you must always punish, regardless of the severity of the fault.","If you truly love someone, you should never punish them at all.",The phrase suggests that love is demonstrated by giving the harshest possible punishment to show you care.,"<reasoning>The proverb’s phrasing links love and punishment, which can lead readers to overlook the nuance of proportionality and interpret it as a blanket justification for any disciplinary action—or its opposite—based on affection. This makes interpretations that either equate love with unlimited punishment or claim love eliminates the need for discipline seem plausible, yet they miss the origin",1.0,1.0,0.7,0.9,97.0
b,cot_en,French,MID0139,Paris ne s’est pas fait en un jour,Paris wasn’t built in a day,"Just like the English saying “Rome wasn’t built in a day,” it reminds us that significant achievements require time and effort. It’s a call for patience and perseverance.",True,"The saying means that Paris’s famous cafés can only open after a full day of preparation, emphasizing daily routines.","Parisian fashion trends take exactly one day to change, so the proverb warns against rushing style changes.","It suggests that visiting all of Paris’s landmarks requires at least a day per site, advising tourists to plan lengthy itineraries.","Just like the English saying “Rome wasn’t built in a day,” it reminds us that significant achievements require time and effort. It’s a call for patience and perseverance.",D,"Parisian fashion trends take exactly one day to change, so the proverb warns against rushing style changes.","The saying means that Paris’s famous cafés can only open after a full day of preparation, emphasizing daily routines.","It suggests that visiting all of Paris’s landmarks requires at least a day per site, advising tourists to plan lengthy itineraries.","<reasoning>
The proverb ""Paris ne s’est pas fait en un jour"" is often mistaken for a statement about Paris itself rather than a general metaphor for any lengthy endeavor. Because the city is iconic, listeners may attribute specific Parisian traits—such as its monuments, fashion, or culinary scene—to the saying, interpreting it as a comment on how those particular aspects develop slowly. These inte",1.0,1.0,0.68,0.91,97.3
b,cot_en,French,MID0140,Qui vole un œuf vole un bœuf,He who steals an egg will steal an ox,It warns that small misdeeds can lead to bigger crimes or that a dishonest person might not stop at minor offenses.,True,It warns that small misdeeds can lead to bigger crimes or that a dishonest person might not stop at minor offenses.,"The proverb advises that stealing an egg is a justified first step toward acquiring wealth, as it will eventually enable you to steal an ox.","It means that the moral guilt of stealing an egg is equal to that of stealing an ox, emphasizing that all theft is equally sinful regardless of scale.","It warns that if you allow someone to steal an egg from your farm, they will soon steal your ox, so you must guard your livestock against petty thieves.",A,"The proverb advises that stealing an egg is a justified first step toward acquiring wealth, as it will eventually enable you to steal an ox.","It means that the moral guilt of stealing an egg is equal to that of stealing an ox, emphasizing that all theft is equally sinful regardless of scale.","It warns that if you allow someone to steal an egg from your farm, they will soon steal your ox, so you must guard your livestock against petty thieves.","<reasoning>The proverb’s pattern of moving from a small theft (egg) to a large one (ox) can be misread as endorsing the first step as a means to an end, as equating the moral weight of both acts, or as shifting the focus to the victim’s preventive duty rather than the offender’s escalating tendency. These readings seem plausible because they each latch onto a different element of the imagery, but ",1.0,1.0,1.3,0.81,94.3
b,cot_en,French,MID0141,Un clou chasse l'autre,One nail drives out another,Life goes on.,True,Life goes on.,"In French carpentry tradition, the saying means you must always replace an old nail with a newer one to maintain a structure’s integrity, symbolizing the necessity of regular upkeep in craftsmanship.","It reflects a French workplace belief that when a new employee joins, they inevitably push out an older employee, indicating a culture of constant turnover and competition for positions.","It conveys that in French romantic culture a new lover will inevitably drive out the memory of a previous one, implying love is fundamentally transactional and replaceable.",A,"In French carpentry tradition, the saying means you must always replace an old nail with a newer one to maintain a structure’s integrity, symbolizing the necessity of regular upkeep in craftsmanship.","It conveys that in French romantic culture a new lover will inevitably drive out the memory of a previous one, implying love is fundamentally transactional and replaceable.","It reflects a French workplace belief that when a new employee joins, they inevitably push out an older employee, indicating a culture of constant turnover and competition for positions.","<reasoning>The proverb uses a nail as a metaphor for how one concern or sorrow can be supplanted by another, suggesting that life continues despite setbacks. Wrong interpretations often latch onto the literal image of a nail and apply it to specific cultural practices—such as trades, romance, or employment—making them seem plausible but missing the broader, abstract sense of emotional renewal.</re",1.0,1.0,9.67,0.86,95.8
b,cot_en,French,MID0142,"En tout pays, il y a une lieue de mauvais chemin",In every country there is a league/area of bad road,There will be bumps in the smoothest roads.,True,There will be bumps in the smoothest roads.,"It means that no matter where you go, you will inevitably encounter a stretch of road that is morally corrupt, suggesting a universal presence of ethical decline.",Every nation contains at least one league (about 3 miles) of deliberately poorly maintained road that travelers must cross before reaching any good highway.,"The saying warns that each country has a specific geographic region known for its bad roads, implying that avoiding that area ensures a smooth journey.",A,Every nation contains at least one league (about 3 miles) of deliberately poorly maintained road that travelers must cross before reaching any good highway.,"The saying warns that each country has a specific geographic region known for its bad roads, implying that avoiding that area ensures a smooth journey.","It means that no matter where you go, you will inevitably encounter a stretch of road that is morally corrupt, suggesting a universal presence of ethical decline.","<reasoning>The proverb uses the image of a road to speak metaphorically about inevitable difficulties in life; wrong interpretations often treat the metaphor as a literal statement about travel distance, geography, or morality, missing the nuance that the ""bad road"" represents minor, unavoidable obstacles rather than a fixed, measurable segment or a moral failing.</reasoning>
[""Every nation contai",1.0,1.0,3.17,0.95,98.5
b,cot_en,French,MID0143,Tout vient à point à qui sait attendre,All comes on time to the one who knows how to wait,All things come to those who wait.,True,"If you wait long enough, every negative situation will inevitably improve, so enduring hardship is always the best course.",It implies that the universe follows a fixed schedule and that waiting is a way to align one's personal timetable with astrological or cosmic timing.,All things come to those who wait.,"The proverb encourages postponing action until the perfect moment appears, effectively endorsing procrastination as a successful strategy.",C,"If you wait long enough, every negative situation will inevitably improve, so enduring hardship is always the best course.","The proverb encourages postponing action until the perfect moment appears, effectively endorsing procrastination as a successful strategy.",It implies that the universe follows a fixed schedule and that waiting is a way to align one's personal timetable with astrological or cosmic timing.,"<reasoning>Each wrong interpretation takes a kernel of truth from the proverb—such as the idea that timing matters or that waiting can be beneficial—but twists it into a claim that overstates, misdirects, or adds unwarranted elements (like guaranteed positive outcomes, procrastination as virtue, or cosmic alignment). These readings sound plausible because they echo the theme of patience, yet they ",1.0,1.0,2.9,0.96,98.8
b,cot_en,French,MID0144,Il n’y a pas plus sourd que celui qui ne veut pas entendre,The deafest are those who don’t want to listen,"Stubborn teenagers might hear this French proverb quite often, especially if they’re not heeding their parents’ advice.",True,"It is frequently cited in French cooking schools to scold students who refuse to taste new ingredients, claiming they are the most deaf to flavor.","It warns about age‑related hearing loss, implying that elderly people who refuse hearing aids are the most deaf.","Stubborn teenagers might hear this French proverb quite often, especially if they’re not heeding their parents’ advice.","In French corporate culture it is used to chastise employees who ignore safety briefings, suggesting they are the most deaf to danger.",C,"It warns about age‑related hearing loss, implying that elderly people who refuse hearing aids are the most deaf.","In French corporate culture it is used to chastise employees who ignore safety briefings, suggesting they are the most deaf to danger.","It is frequently cited in French cooking schools to scold students who refuse to taste new ingredients, claiming they are the most deaf to flavor.",<reasoning>Wrong interpretations often seem plausible because they keep the core metaphor of “deafness” but shift the focus to a specific literal cause (like age‑related hearing loss) or a narrow social setting (such as workplace safety or culinary training). This makes them feel culturally relevant while actually misplacing the proverb’s broader point about willful ignorance versus genuine inabil,1.0,1.0,1.27,0.78,93.4
b,cot_en,French,MID0145,Ce n’est pas la mer à boire,It’s not the end of the world,"If you’re exasperated by someone who complains, and complains, and complains some more, simply for the sake of complaining (and their life is pretty easy and carefree) you can say to them: Stop complaining. It’s not the end of the world.",True,"If you’re exasperated by someone who complains, and complains, and complains some more, simply for the sake of complaining (and their life is pretty easy and carefree) you can say to them: Stop complaining. It’s not the end of the world.","It is used to console someone who is grieving, suggesting that their sorrow is not as overwhelming as the sea, so they should move on.","It warns against attempting literally impossible tasks, like drinking the sea, and encourages a realistic assessment of one’s abilities.","It advises not to worry about minor inconveniences because they are as insignificant as trying to drink the sea, promoting a stoic attitude toward life’s hardships.",A,"It warns against attempting literally impossible tasks, like drinking the sea, and encourages a realistic assessment of one’s abilities.","It advises not to worry about minor inconveniences because they are as insignificant as trying to drink the sea, promoting a stoic attitude toward life’s hardships.","It is used to console someone who is grieving, suggesting that their sorrow is not as overwhelming as the sea, so they should move on.","<reasoning>These wrong interpretations sound plausible because they take the literal image of “drinking the sea” and apply it to general advice about impossibility, insignificance, or emotional consolation. However, they miss the proverb’s specific cultural use in French to gently rebuke someone who is complaining excessively about trivial matters, treating the complaint as if it were a monumental",1.0,1.0,0.57,0.88,96.4
b,cot_en,French,MID0146,"À bon chat, bon rat","To a good cat, a good rat",Tit for tat./Equally matched./To meet your match,True,Tit for tat./Equally matched./To meet your match,"It implies that to succeed, you must find a partner whose abilities perfectly complement yours, just as a cat needs a rat to hunt",The proverb suggests that a skilled cat should be rewarded with a prized rat as a treat,"It advises that one should only engage in contests where both sides are equally strong, like a cat and a rat of matching skill",A,The proverb suggests that a skilled cat should be rewarded with a prized rat as a treat,"It advises that one should only engage in contests where both sides are equally strong, like a cat and a rat of matching skill","It implies that to succeed, you must find a partner whose abilities perfectly complement yours, just as a cat needs a rat to hunt","[""The proverb suggests that a skilled cat should be rewarded with a prized rat as a treat"",""It advises that one should only engage in contests where both sides are equally strong, like a cat and a rat of matching skill"",""It implies that to succeed, you must find a partner whose abilities perfectly complement yours, just as a cat needs a rat to hunt""]",1.0,1.0,3.1,0.85,95.5
b,cot_en,French,MID0147,Il faut tourner sept fois sa langue dans sa bouche avant de parler,You should turn your tongue around in your mouth seven times before you speak,Think before you speak,True,You must physically rotate your tongue seven times inside your mouth as a vocal warm‑up before any conversation.,The saying suggests you should practice speaking in seven different languages before you are allowed to speak in your native tongue.,Think before you speak,It advises cleaning or scraping your tongue seven times to ensure fresh breath before you utter any words.,C,You must physically rotate your tongue seven times inside your mouth as a vocal warm‑up before any conversation.,The saying suggests you should practice speaking in seven different languages before you are allowed to speak in your native tongue.,It advises cleaning or scraping your tongue seven times to ensure fresh breath before you utter any words.,"<reasoning>
The proverb advises pausing to reflect before speaking, but its vivid imagery can be misread as a literal physical ritual. Plausible yet subtly incorrect interpretations might focus on the number seven, the tongue’s movement, or oral preparation, treating the saying as a health, linguistic, or mechanical guideline rather than a metaphor for deliberation.
</reasoning>
[""You must physica",1.0,1.0,4.75,0.82,94.6
b,cot_en,French,MID0148,Ce n’est pas à un vieux singe qu’on apprend à faire des grimaces,You don’t teach an old monkey how to make funny faces,I wasn’t born yesterday,True,"It advises that you should not bother trying to teach someone who is already set in their ways, as it's futile.",It means that older people are incapable of learning new jokes or expressions.,"It suggests that making funny faces is a juvenile behavior that only the young can master, implying age limits one's ability to be playful.",I wasn’t born yesterday,D,It means that older people are incapable of learning new jokes or expressions.,"It advises that you should not bother trying to teach someone who is already set in their ways, as it's futile.","It suggests that making funny faces is a juvenile behavior that only the young can master, implying age limits one's ability to be playful.","[""It means that older people are incapable of learning new jokes or expressions."",""It advises that you should not bother trying to teach someone who is already set in their ways, as it's futile."",""It suggests that making funny faces is a juvenile behavior that only the young can master, implying age limits one's ability to be playful.""]",1.0,1.0,4.83,0.93,97.9
b,cot_en,French,MID0149,Impossible n’est pas français,Impossible isn’t French,There’s no such thing as “impossible”,True,There’s no such thing as “impossible”,"It asserts that the French language forbids expressing impossibility, implying that any statement of impossibility is grammatically incorrect in French",French speakers literally do not have the word “impossible” in their vocabulary,"The saying means that French people never admit that something is impossible, reflecting a cultural refusal to concede defeat",A,French speakers literally do not have the word “impossible” in their vocabulary,"The saying means that French people never admit that something is impossible, reflecting a cultural refusal to concede defeat","It asserts that the French language forbids expressing impossibility, implying that any statement of impossibility is grammatically incorrect in French","<reasoning>The proverb plays on the idea that French speakers reject the notion of impossibility, but a subtle misreading can treat it as a literal claim about the French language or culture—e.g., that the word “impossible” doesn’t exist in French, that French people never admit defeat, or that the phrase is a commentary on French linguistic purism. These interpretations sound plausible because th",1.0,1.0,2.83,0.9,97.0
b,cot_en,French,MID0150,Bien mal acquis ne profite jamais,Goods badly acquired never benefit,"This proverb is used to admonish someone, like a wayward child who steals, emphasizing that ill-gotten gains do not benefit and carry wider implications, staying with them for life.",True,"It advises that wealth received through inheritance carries no lasting value, urging individuals to reject familial legacies in favor of self‑made success.","This proverb is used to admonish someone, like a wayward child who steals, emphasizing that ill-gotten gains do not benefit and carry wider implications, staying with them for life.","It encourages the immediate donation of any newly acquired wealth to avoid the moral burden of possession, implying that giving away money is the only way to ensure it ‘profits’ you.","The proverb warns against investing in speculative ventures, suggesting that any profit from risk is ultimately illusory and will never bring true benefit.",B,"The proverb warns against investing in speculative ventures, suggesting that any profit from risk is ultimately illusory and will never bring true benefit.","It advises that wealth received through inheritance carries no lasting value, urging individuals to reject familial legacies in favor of self‑made success.","It encourages the immediate donation of any newly acquired wealth to avoid the moral burden of possession, implying that giving away money is the only way to ensure it ‘profits’ you.","[""The proverb warns against investing in speculative ventures, suggesting that any profit from risk is ultimately illusory and will never bring true benefit."", ""It advises that wealth received through inheritance carries no lasting value, urging individuals to reject familial legacies in favor of self‑made success."", ""It encourages the immediate donation of any newly acquired wealth to avoid the m",1.0,1.0,0.87,0.92,97.6
b,cot_en,French,MID0151,Qui vole un oeuf vole un boeuf,Who steals an egg steals a cow,"This 19th Century proverb communicates that theft is theft regardless of scale, and stealing small things leads to stealing bigger ones, with punishment being equally harsh in the era it originated.",True,The proverb warns against eating eggs because it leads to craving beef and overindulgence in meat.,"This 19th Century proverb communicates that theft is theft regardless of scale, and stealing small things leads to stealing bigger ones, with punishment being equally harsh in the era it originated.","It is a commentary on class struggle, suggesting that the poor who steal small items like eggs will eventually be forced to steal large assets like cows from the wealthy.","It reflects an old French farming belief that stealing an egg will cause a cow to die, so farmers must protect their poultry to safeguard cattle.",B,The proverb warns against eating eggs because it leads to craving beef and overindulgence in meat.,"It reflects an old French farming belief that stealing an egg will cause a cow to die, so farmers must protect their poultry to safeguard cattle.","It is a commentary on class struggle, suggesting that the poor who steal small items like eggs will eventually be forced to steal large assets like cows from the wealthy.","<reasoning>People might misinterpret the proverb by focusing on the literal animals involved (egg and cow) and assume it speaks about agricultural practices, livestock value, or specific regional customs, rather than its moral lesson about the escalation of dishonesty. Others could read it as a comment on economic inequality or as a warning about gluttony, linking the small theft to larger indulge",1.0,1.0,0.77,0.91,97.3
b,cot_en,French,MID0152,Les jours se suivent et ne se ressemblent pas,The days follow one another and do not resemble each other,"This saying, with origins unknown but noted as originating in a different language, highlights how consecutive days can vary greatly.",True,Each day is guaranteed to be better than the one before it.,"It means that every day brings a completely new set of opportunities, erasing the relevance of yesterday’s experiences.",The saying advises you to avoid making any plans because each day is completely unpredictable.,"This saying, with origins unknown but noted as originating in a different language, highlights how consecutive days can vary greatly.",D,Each day is guaranteed to be better than the one before it.,The saying advises you to avoid making any plans because each day is completely unpredictable.,"It means that every day brings a completely new set of opportunities, erasing the relevance of yesterday’s experiences.","<reasoning>
The proverb stresses that successive days differ in character, but it does not imply any direction (improvement or decline), nor does it suggest that days are completely unrelated or that planning is futile. Wrong interpretations often mistakenly add a sense of progression, causality, or prescription that the original saying lacks.
</reason>
[""Each day is guaranteed to be better than t",1.0,1.0,0.75,0.87,96.1
b,cot_en,French,MID0153,C'est pas demain la veille!,It's not the day before tomorrow!,This short proverb about life is roughly similar to 'Don't put the cart before the horse'.,True,It means you should never postpone tasks until tomorrow; act today.,This short proverb about life is roughly similar to 'Don't put the cart before the horse'.,"It advises that you cannot predict tomorrow's outcome based solely on yesterday's conditions, so avoid overconfidence in forecasts.","It warns against counting on future events that haven't happened yet, like don't spend money you expect to earn.",B,It means you should never postpone tasks until tomorrow; act today.,"It warns against counting on future events that haven't happened yet, like don't spend money you expect to earn.","It advises that you cannot predict tomorrow's outcome based solely on yesterday's conditions, so avoid overconfidence in forecasts.","<reasoning>The French proverb ""C'est pas demain la veille!"" plays on a logical contradiction (tomorrow vs. the eve) to suggest that something is unlikely or far off. A plausible but subtly incorrect reading might treat the contradiction as advice about timing or planning, interpreting it as a directive about when to act rather than a comment on the futility of premature assumptions. Such interpret",1.0,1.0,1.0,0.91,97.3
b,cot_en,French,MID0154,On ne peut pas plaire à tout le monde,We can't please everyone,-,True,"It means that attempting to please anyone is pointless, so one should avoid all social obligations.",-,It suggests that cultural conformity is unnecessary; you can ignore societal norms entirely.,"The proverb encourages selfishness, telling people to prioritize their own desires over others' feelings.",B,"The proverb encourages selfishness, telling people to prioritize their own desires over others' feelings.","It means that attempting to please anyone is pointless, so one should avoid all social obligations.",It suggests that cultural conformity is unnecessary; you can ignore societal norms entirely.,"<reasoning>These interpretations take the literal sense of the proverb too far, ignoring its nuance about accepting limits rather than abandoning effort or promoting isolation. They seem plausible because they focus on the impossibility of universal approval, but they miss the cultural advice to balance authenticity with social harmony.</reasoning>
[""The proverb encourages selfishness, telling peo",1.0,1.0,14.33,0.95,98.5
b,cot_en,French,MID0155,Tall oaks from little acorns grow,Tall oaks from little acorns grow,-,True,"It means that only those born into noble lineages can achieve greatness, just as only noble oaks come from noble acorns.",-,"It implies that the French oak is a unique national symbol of perseverance, whereas the proverb is about generic growth rather than any specific tree.",It suggests that small efforts will inevitably lead to massive success without any further work or external support.,B,"It means that only those born into noble lineages can achieve greatness, just as only noble oaks come from noble acorns.",It suggests that small efforts will inevitably lead to massive success without any further work or external support.,"It implies that the French oak is a unique national symbol of perseverance, whereas the proverb is about generic growth rather than any specific tree.","<reasoning>A culturally wrong interpretation often takes the literal imagery of the proverb and maps it onto a specific cultural belief or value that the saying does not actually convey, while still sounding plausible because it uses familiar symbols (oak, acorn, growth). The error usually lies in adding a condition—such as exclusivity, inevitability, or a particular social hierarchy—that the orig",1.0,1.0,21.33,0.94,98.2
b,cot_en,French,MID0156,Vouloir c'est pouvoir,"Where there's a will, there's a way",-,True,-,"It means that in French culture, desire alone guarantees success without effort, implying that wishing for something makes it happen magically.","It reflects the French belief that the state’s will determines citizens' capabilities, i.e., governmental will enables personal ability.","It is a motto of French Romanticism asserting that intense emotion (volonté) directly creates artistic genius, ignoring the role of discipline.",A,"It means that in French culture, desire alone guarantees success without effort, implying that wishing for something makes it happen magically.","It reflects the French belief that the state’s will determines citizens' capabilities, i.e., governmental will enables personal ability.","It is a motto of French Romanticism asserting that intense emotion (volonté) directly creates artistic genius, ignoring the role of discipline.","<reasoning>The proverb ""Vouloir c'est pouvoir"" is often understood as an encouragement of individual agency: having the will to act enables one to find a way. Plausible but subtly wrong interpretations might shift the focus from personal determination to external forces (like the state or mystical thinking), or tie it too narrowly to a specific artistic movement, thereby preserving the surface ide",1.0,1.0,20.0,0.9,97.0
b,cot_en,French,MID0157,"Tant qu'il y a de la vie, il y a de l'espoir","While there is life, there is hope",-,True,"If you stop breathing, hope disappears forever",Hope depends on achieving tangible success before death,-,Hope is only valid if you are physically healthy,C,Hope is only valid if you are physically healthy,"If you stop breathing, hope disappears forever",Hope depends on achieving tangible success before death,"<reasoning>The French proverb is generally understood as an optimistic reminder that hope endures as long as one is alive. Misinterpretations often arise when readers take the phrase too literally, equating “life” with mere biological existence or assuming hope is a conditional reward tied to specific circumstances, thereby missing its broader existential encouragement to persevere regardless of i",1.0,1.0,8.0,0.88,96.4
b,cot_en,French,MID0158,Les grands esprits se rencontrent,Great minds think alike,-,True,"It warns that when great thinkers gather, they will inevitably clash, so the proverb actually advises avoiding intellectual crowds.",-,"It suggests that only people with high intellectual status are destined to cross paths, implying that ordinary individuals never encounter like‑minded thinkers.","It conveys that great minds must physically travel to the same places to meet, emphasizing geographical convergence over mere similarity of thought.",B,"It suggests that only people with high intellectual status are destined to cross paths, implying that ordinary individuals never encounter like‑minded thinkers.","It conveys that great minds must physically travel to the same places to meet, emphasizing geographical convergence over mere similarity of thought.","It warns that when great thinkers gather, they will inevitably clash, so the proverb actually advises avoiding intellectual crowds.","[""It suggests that only people with high intellectual status are destined to cross paths, implying that ordinary individuals never encounter like‑minded thinkers."", ""It conveys that great minds must physically travel to the same places to meet, emphasizing geographical convergence over mere similarity of thought."", ""It warns that when great thinkers gather, they will inevitably clash, so the prove",1.0,1.0,21.0,0.91,97.3
b,cot_en,French,MID0159,Même les meilleures choses ont une fin,Even the best things come to an end,-,True,The proverb warns us to avoid enjoying the best things because their inevitable end makes them not worth pursuing.,Only the best things eventually end; lesser things may last forever.,-,It means that the best things are limited resources that will run out if we use them too quickly.,C,Only the best things eventually end; lesser things may last forever.,The proverb warns us to avoid enjoying the best things because their inevitable end makes them not worth pursuing.,It means that the best things are limited resources that will run out if we use them too quickly.,"<reasoning>The proverb’s wording focuses on “the best things” having an end, which can lead readers to infer a limitation or condition that isn’t actually stated—such as assuming only the best things end, that the observation carries a warning, or that it speaks to scarcity. These readings seem plausible because they latch onto the phrase “meilleures choses” and the idea of finitude, but they add ",1.0,1.0,16.33,0.88,96.4
b,cot_en,French,MID0160,"Bon à tout, bon à rien","Jack of all trades, master of none",-,True,"It refers to a person who is good at everything they do, but chooses not to specialize, implying a deliberate lifestyle choice.","It praises individuals who are competent in many areas, suggesting versatility is a strength.",-,It means that someone who tries many things will eventually become a master in at least one of them through practice.,C,"It praises individuals who are competent in many areas, suggesting versatility is a strength.",It means that someone who tries many things will eventually become a master in at least one of them through practice.,"It refers to a person who is good at everything they do, but chooses not to specialize, implying a deliberate lifestyle choice.","<reasoning>Misinterpretations often arise from taking the literal phrase ""good at everything, good at nothing"" as a neutral or positive statement about versatility, overlooking its pejorative nuance that highlights a lack of depth. They may also confuse it with sayings that celebrate generalists or assume eventual mastery through breadth, missing the warning against superficial competence.</reason",1.0,1.0,19.0,0.86,95.8
