task,strategy,language,sample_id,source_proverb,proverb_en,correct_meaning,cultural_context_available,Choice_A,Choice_B,Choice_C,Choice_D,Answer,distractor_1,distractor_2,distractor_3,raw_response,parse,complete,len_r,distinct,quality
a,cot_en,German,MID0001,Aller Anfang ist schwer,All beginnings are difficult,All beginnings are difficult,False,The start of everything is always the toughest part,Every first step is heavy to take,All beginnings are difficult,Initiating any project is impossible without great struggle,C,Every first step is heavy to take,The start of everything is always the toughest part,Initiating any project is impossible without great struggle,"<reasoning>The German proverb ""Aller Anfang ist schwer"" translates to ""All beginnings are difficult"" in English. A literal reading might lead a reader to misinterpret the phrase in various ways. For instance, one might think it implies that every new project or task is inherently hard to start due to some intrinsic property of beginnings themselves, rather than the challenges that come with learni",1.0,1.0,2.0,0.93,97.9
a,cot_en,German,MID0002,Der Apfel fällt nicht weit vom Stamm,The apple does not fall far from the tree,The apple does not fall far from the tree,False,A specific variety of apple grows near its parent tree,The apple does not fall far from the tree,Apples have a limited falling distance due to gravity,Apples always fall straight down from the branch,B,Apples have a limited falling distance due to gravity,A specific variety of apple grows near its parent tree,Apples always fall straight down from the branch,"<reasoning>The proverb ""The apple does not fall far from the tree"" has a common idiomatic meaning that refers to the similarity between parents and their children. However, if taken literally, it could lead to some incorrect interpretations. For instance, one might think about the physical distance an apple falls from its tree, the type of apples that grow on a tree, or the way apples fall. These ",1.0,1.0,1.0,0.96,98.8
a,cot_en,German,MID0003,Besser spät als nie,Better late than never,Better late than never,False,Better late than never,It's always okay to show up late to events as long as you show up,Bills and debts do not need to be paid on time as long as they are paid,Career milestones can be achieved effectively regardless of how late in life they are pursued,A,It's always okay to show up late to events as long as you show up,Bills and debts do not need to be paid on time as long as they are paid,Career milestones can be achieved effectively regardless of how late in life they are pursued,"<reasoning>The proverb ""Better late than never"" can be misinterpreted in various ways if taken literally. For instance, if someone is expecting a guest, a literal reading might lead them to believe that as long as the guest shows up, no matter how late, it's acceptable. Another misinterpretation could be in the context of paying debts or bills, where someone might think it's fine to delay payments",1.0,1.0,3.92,0.91,97.3
a,cot_en,German,MID0004,Der frühe Vogel fängt den Wurm,The early bird catches the worm,The early bird catches the worm,False,Some bird species are professional worm catchers,The early bird catches the worm,Birds can only catch worms in the morning,The phrase is a warning to birds about worm attacks,B,Birds can only catch worms in the morning,Some bird species are professional worm catchers,The phrase is a warning to birds about worm attacks,"<reasoning>The proverb ""The early bird catches the worm"" is often misunderstood literally, leading to incorrect interpretations. A reader might think that the phrase is about birds and worms, rather than the actual meaning of taking advantage of opportunities early on. Some possible literal misunderstandings could be that birds have a unique ability to catch worms only in the morning, or that ther",1.0,1.0,1.39,0.94,98.2
a,cot_en,German,MID0005,"Was du heute kannst besorgen, das verschiebe nicht auf morgen",Don't put off until tomorrow what you can do today,Don't put off until tomorrow what you can do today,False,Don't put off until tomorrow what you can do today,Ignore schedules and deadlines if you can do something sooner,Never sleep on a decision or action,Do every task the moment it occurs to you,A,Do every task the moment it occurs to you,Never sleep on a decision or action,Ignore schedules and deadlines if you can do something sooner,"<reasoning>When literally interpreting the proverb ""Don't put off until tomorrow what you can do today,"" a reader might misunderstand the message by taking it to an extreme or out of context. For instance, they might think it implies that one should never delay any action, regardless of its importance or urgency, or that it suggests disregarding the concept of planning and scheduling. Another misi",1.0,1.0,0.87,0.96,98.8
a,cot_en,German,MID0006,Übung macht den Meister,Practice makes perfect,Practice makes perfect,False,practicing any activity will automatically make you a master,practice is the sole determining factor in achieving perfection,Practice makes perfect,the more you practice the more perfect you become without any limits,C,practicing any activity will automatically make you a master,the more you practice the more perfect you become without any limits,practice is the sole determining factor in achieving perfection,"<reasoning>When translating the proverb ""Übung macht den Meister"" to English as ""Practice makes perfect"", a literal reading might misinterpret the phrase. A wrong literal interpretation could be that practice alone is enough to make someone a master, without considering other factors such as talent or dedication. Another wrong interpretation could be that the phrase is suggesting a direct causal l",1.0,1.0,3.33,0.92,97.6
a,cot_en,German,MID0007,Kleinvieh macht auch Mist,Small cattle also make manure,Small cattle also make manure,False,Small cattle also make manure,Only small cattle are capable of producing manure,Small cattle produce less manure than large cattle,The manure from small cattle is more potent than from large cattle,A,Small cattle produce less manure than large cattle,Only small cattle are capable of producing manure,The manure from small cattle is more potent than from large cattle,"<reasoning>When translating the German proverb ""Kleinvieh macht auch Mist"" to English as ""Small cattle also make manure"", a literal interpretation might lead a reader to misunderstand the metaphorical intent behind the phrase. The proverb is actually suggesting that even small or seemingly insignificant things can have an impact or contribute to a larger whole. However, a wrong literal reading cou",1.0,1.0,1.87,0.71,91.3
a,cot_en,German,MID0008,Man soll den Tag nicht vor dem Abend loben,Don't praise the day before the evening,Don't praise the day before the evening,False,do not give compliments before 6 PM,wait until evening to discuss daytime events,Don't praise the day before the evening,evenings are always more worthy of praise than days,C,do not give compliments before 6 PM,evenings are always more worthy of praise than days,wait until evening to discuss daytime events,"<reasoning>When interpreting the proverb ""Don't praise the day before the evening"" literally, a reader might mistakenly think it's about timing of compliments or judgments related to a specific period of time, rather than about waiting for the outcome of events. They could assume it advises against giving praise during certain hours of the day, or that certain times are more appropriate for praise",1.0,1.0,1.1,1.0,100.0
a,cot_en,German,MID0009,"Wer den Pfennig nicht ehrt, ist des Talers nicht wert",He who does not honor the penny is not worth the dollar,He who does not honor the penny is not worth the dollar,False,He who does not honor the penny is not worth the dollar,The person is not physically able to hold a dollar because they don't know how to handle a penny,A person's worth is directly tied to their ability to possess a certain amount of dollars if they don't respect pennies,The economic system has a rule that you must show appreciation for pennies to be eligible to use dollars,A,The person is not physically able to hold a dollar because they don't know how to handle a penny,The economic system has a rule that you must show appreciation for pennies to be eligible to use dollars,A person's worth is directly tied to their ability to possess a certain amount of dollars if they don't respect pennies,"<reasoning>The proverb ""He who does not honor the penny is not worth the dollar"" can be misinterpreted in several literal ways. One might think it's about the physical act of honoring coins, another might consider it a rule about currency exchange, and a third might interpret it as a comparison of a person's value to the value of money. These interpretations miss the idiomatic meaning, which is ab",1.0,1.0,1.64,0.87,96.1
a,cot_en,German,MID0010,"Was Hänschen nicht lernt, lernt Hans nimmermehr","What little Hans doesn't learn, big Hans will never learn","What little Hans doesn't learn, big Hans will never learn",False,Children are incapable of learning what adults can,The person named Hans will have diminished learning capacity as he grows older,People of smaller stature are less capable of learning,"What little Hans doesn't learn, big Hans will never learn",D,People of smaller stature are less capable of learning,Children are incapable of learning what adults can,The person named Hans will have diminished learning capacity as he grows older,"<reasoning>When translating the proverb ""Was Hänschen nicht lernt, lernt Hans nimmermehr"" to English as ""What little Hans doesn't learn, big Hans will never learn,"" a literal reading might misunderstand the metaphorical use of ""Hänschen"" (little Hans) and ""Hans"" (big Hans). A wrong literal interpretation could assume the proverb is talking about different individuals or stages of growth rather tha",1.0,1.0,1.0,0.89,96.7
a,cot_en,German,MID0011,Der Weg zur Hölle ist mit guten Vorsätzen gepflastert,The road to hell is paved with good intentions,The road to hell is paved with good intentions,False,hell is accessible through a road made of written promises and kind thoughts,The road to hell is paved with good intentions,people's unfulfilled good intentions are used as a literal paving material,the road to hell is paved with physical stones engraved with good deeds,B,the road to hell is paved with physical stones engraved with good deeds,people's unfulfilled good intentions are used as a literal paving material,hell is accessible through a road made of written promises and kind thoughts,"<reasoning>The proverb ""The road to hell is paved with good intentions"" is often misunderstood when taken literally. A reader might think that the phrase is talking about an actual road or path that leads to hell, and that this road is physically paved with the intentions or thoughts of people who had good aims but failed to achieve them. They might imagine that these intentions are somehow tangib",1.0,1.0,1.37,0.92,97.6
a,cot_en,German,MID0012,In der Kürze liegt die Würze,Brevity is the soul of wit,Brevity is the soul of wit,False,Short foods are spicier,Concise language has spiritual power,Brief recipes are more potent,Brevity is the soul of wit,D,Short foods are spicier,Brief recipes are more potent,Concise language has spiritual power,"<reasoning>When literally translating the German proverb ""In der Kürze liegt die Würze"" to English as ""Brevity is the soul of wit"", a reader might misunderstand the phrase to be about physical things or tastes rather than the essence of cleverness or humor. They might think it's about short things having more flavor, or spice, or that shortness has a special power. They could also interpret it as ",1.0,0.6666666666666666,0.78,0.96,88.8
a,cot_en,German,MID0013,Kein Rauch ohne Flamme,No smoke without fire,No smoke without fire,False,Smoke can only be produced by burning flames,All fires produce visible smoke,Every combustion reaction creates a significant amount of smoke,No smoke without fire,D,All fires produce visible smoke,Smoke can only be produced by burning flames,Every combustion reaction creates a significant amount of smoke,"<reasoning>The proverb ""No smoke without fire"" has a metaphorical meaning that suggests that there is usually a reason or a cause behind a rumor or an incident. However, a literal interpretation might lead to incorrect conclusions. A reader might think that this phrase is talking about the physical phenomenon of smoke and fire, and jump to conclusions such as the idea that smoke can only be produc",1.0,1.0,1.83,0.93,97.9
a,cot_en,German,MID0014,"Wer A sagt, muss auch B sagen",He who says A must also say B,He who says A must also say B,False,Always saying the alphabet in order,He who says A must also say B,Forced speech patterns in conversations,A magical connection between words A and B,B,Always saying the alphabet in order,Forced speech patterns in conversations,A magical connection between words A and B,"<reasoning>The proverb ""Wer A sagt, muss auch B sagen"" or ""He who says A must also say B"" is an idiomatic expression that means if you start something or make a commitment, you should follow through with it. However, a literal interpretation could lead to misunderstandings. For example, one might think it's about speech or language patterns, where saying one word necessitates saying another. Anoth",1.0,1.0,0.79,0.97,99.1
a,cot_en,German,MID0015,"Der Mensch denkt, Gott lenkt","Man proposes, God disposes","Man proposes, God disposes",False,People think they are in control but God is actually steering everything,"Man proposes, God disposes",Humans make plans but God physically stops them,Man suggests an action and God decides what to do with it,B,Humans make plans but God physically stops them,Man suggests an action and God decides what to do with it,People think they are in control but God is actually steering everything,"<reasoning>When translating the proverb ""Der Mensch denkt, Gott lenkt"" to English as ""Man proposes, God disposes"", a literal reading might misunderstand the figurative nature of the phrase. It could be interpreted in ways that are too direct or physical, rather than understanding the philosophical or spiritual intent behind the words. For example, one might think it's about human planning versus d",1.0,1.0,2.67,0.93,97.9
a,cot_en,German,MID0016,"Was lange währt, wird endlich gut",What lasts long becomes good in the end,What lasts long becomes good in the end,False,An old piece of furniture will become more valuable over time,Old clothes become comfortable after years,What lasts long becomes good in the end,A long-lasting illness will eventually become curable,C,Old clothes become comfortable after years,A long-lasting illness will eventually become curable,An old piece of furniture will become more valuable over time,"<reasoning>The proverb suggests that with time and patience, something will eventually turn out well. However, a literal interpretation might lead to misunderstandings. For instance, one might think that the phrase is talking about the quality of a physical object or a food item that has been stored for a long time, rather than a situation or a process. Another incorrect interpretation could be re",1.0,1.0,1.0,0.89,96.7
a,cot_en,German,MID0017,"Erst kommt das Fressen, dann die Moral","First comes eating, then morality","First comes eating, then morality",False,Morality is only considered after the physical needs like hunger are met,Eating must be finished before moral discussions can begin,"First comes eating, then morality",The satisfaction of hunger is a prerequisite for understanding moral principles,C,Eating must be finished before moral discussions can begin,Morality is only considered after the physical needs like hunger are met,The satisfaction of hunger is a prerequisite for understanding moral principles,"<reasoning>The proverb ""Erst kommt das Fressen, dann die Moral"" or ""First comes eating, then morality"" can be misinterpreted in several literal ways. A reader might think it implies a sequence of actions where eating must be completed before considering moral principles. This could lead to interpretations where the focus is on the physical act of eating or the timing of when to apply moral judgmen",1.0,1.0,2.13,0.93,97.9
a,cot_en,German,MID0018,Not macht erfinderisch,Necessity is the mother of invention,Necessity is the mother of invention,False,Necessity defends itself by creating inventions,Necessity physically gives birth to inventions,Inventions are made solely to escape necessity,Necessity is the mother of invention,D,Necessity physically gives birth to inventions,Inventions are made solely to escape necessity,Necessity defends itself by creating inventions,"<reasoning>When considering the proverb ""Necessity is the mother of invention,"" a literal reading might lead to misunderstandings. For instance, one might think that necessity directly gives birth to inventions in a physical sense, or that it's the sole motivator for all inventions, or even that inventions occur as a form of self-defense against necessity. However, these interpretations miss the p",1.0,1.0,1.06,0.77,93.1
a,cot_en,German,MID0019,"Der Geist ist willig, aber das Fleisch ist schwach",The spirit is willing but the flesh is weak,The spirit is willing but the flesh is weak,False,The speaker has a great appetite but their stomach is weak,The individual has a powerful spiritual belief but lacks physical strength for sports,The spirit is willing but the flesh is weak,The person has a strong mind but is frail due to illness,C,The person has a strong mind but is frail due to illness,The individual has a powerful spiritual belief but lacks physical strength for sports,The speaker has a great appetite but their stomach is weak,"<reasoning>The proverb ""The spirit is willing but the flesh is weak"" is often used to convey that someone's intentions or desires (the spirit) are strong, but their physical body or material circumstances (the flesh) are not capable of fulfilling those intentions. A wrong literal reading might involve taking the phrase to be about physical strength or medical conditions. For instance, someone migh",1.0,1.0,1.33,0.78,93.4
a,cot_en,German,MID0020,Steter Tropfen höhlt den Stein,Constant dripping wears away the stone,Constant dripping wears away the stone,False,stone carving using dripping water,measuring stone erosion rates,drilling into stone with water droplets,Constant dripping wears away the stone,D,drilling into stone with water droplets,measuring stone erosion rates,stone carving using dripping water,"<reasoning>The proverb ""Steter Tropfen höhlt den Stein"" or ""Constant dripping wears away the stone"" is a metaphorical expression that means a continuous and persistent effort can lead to significant results over time. However, if taken literally, one might misunderstand the phrase. For instance, a literal reading could lead one to believe that the phrase is about the physical effects of water on s",1.0,0.6666666666666666,0.83,0.85,85.5
a,cot_en,German,MID0021,Der Weg ist das Ziel,The journey is the goal,The journey is the goal,False,traveling is the only purpose,The journey is the goal,every path leads to the same endpoint,the road is the physical destination,B,the road is the physical destination,traveling is the only purpose,every path leads to the same endpoint,"<reasoning>The proverb ""The journey is the goal"" can be misinterpreted in various ways if taken literally. One might think it implies that the path taken is the actual destination, rather than the experience or process of traveling. Another incorrect interpretation could be that the journey and the goal are physically the same, which doesn't make sense in most contexts. A third misunderstanding mi",1.0,1.0,1.2,0.86,95.8
a,cot_en,German,MID0022,Kleider machen Leute,Clothes make the man,Clothes make the man,False,The quality of a person's clothes determines their moral character,Clothes have the ability to physically change a person's body,Wearing specific clothes can instantly give someone professional skills,Clothes make the man,D,Clothes have the ability to physically change a person's body,Wearing specific clothes can instantly give someone professional skills,The quality of a person's clothes determines their moral character,"<reasoning>The proverb ""Clothes make the man"" is often misunderstood when taken literally. A wrong literal reading might lead one to think that clothes have a magical power to transform a person physically or that the quality of clothes directly affects a person's physical abilities or characteristics. Another misconception could arise from believing that the act of wearing certain clothes can aut",1.0,1.0,2.42,0.88,96.4
a,cot_en,German,MID0023,"Was man nicht im Kopfe hat, muss man in den Beinen haben",What you don't have in your head you must have in your legs,What you don't have in your head you must have in your legs,False,you need to store items in your legs,you must have strong legs to run away from problems,you should have extra limbs for support,What you don't have in your head you must have in your legs,D,you need to store items in your legs,you must have strong legs to run away from problems,you should have extra limbs for support,"<reasoning>The proverb suggests that if someone lacks mental abilities or knowledge, they must compensate with physical strength or agility. A literal reading might misinterpret this as requiring actual physical attributes or actions. For instance, one might think it implies a need for strong legs to run or walk extensively when lacking mental capacity. Another misunderstanding could be about havi",1.0,1.0,0.64,0.87,96.1
a,cot_en,German,MID0024,Man lernt nie aus,One never stops learning,One never stops learning,False,One never stops learning,a person never graduates,you never learn from something,one is never educated,A,one is never educated,you never learn from something,a person never graduates,"<reasoning>When translating the German proverb ""Man lernt nie aus"" to English as ""One never stops learning"", a literal reading might misinterpret the phrase. This is because the phrase can be taken to mean that one is forever trapped in a cycle of learning without mastery, or that learning is an involuntary process. Additionally, the word ""aus"" can imply ""out"" or ""from"", leading to more literal mi",1.0,0.3333333333333333,1.08,0.87,76.1
a,cot_en,German,MID0025,Der Schein trügt,Appearances deceive,Appearances deceive,False,Anything visible is a lie,Shiny objects are always deceptive,Reflections in mirrors are untrustworthy,Appearances deceive,D,Shiny objects are always deceptive,Reflections in mirrors are untrustworthy,Anything visible is a lie,"<reasoning>When considering the proverb ""Der Schein trügt"" or its English translation ""Appearances deceive"", a literal interpretation might lead to misunderstandings. The phrase is meant to convey that how things seem is not always how they truly are. However, taking it at face value could lead to the following incorrect literal interpretations: it could be thought to imply that anything that shin",1.0,1.0,2.5,0.96,98.8
a,cot_en,German,MID0026,Alle Wege führen nach Rom,All roads lead to Rome,All roads lead to Rome,False,All forms of transportation including air and sea routes directly lead to Rome,All roads lead to Rome,Rome is the central hub where all roads from every city converge,Every road on Earth physically ends in Rome,B,Every road on Earth physically ends in Rome,All forms of transportation including air and sea routes directly lead to Rome,Rome is the central hub where all roads from every city converge,"<reasoning>The proverb ""All roads lead to Rome"" is often misunderstood when taken literally. A reader might think it means every single road on the planet directly connects to Rome, which is geographically impossible. Another misconception could be that all modes of transportation, not just roads, are included, leading to incorrect assumptions about travel routes. Lastly, some might interpret it a",1.0,1.0,2.2,0.92,97.6
a,cot_en,German,MID0027,Das Leben ist kein Ponyhof,Life is not a pony farm,Life is not a pony farm,False,Life is not a pony farm,it is not possible to make a living by farming ponies,life is not located on a farm that raises ponies,life does not involve horse riding,A,life does not involve horse riding,it is not possible to make a living by farming ponies,life is not located on a farm that raises ponies,"<reasoning>When literally interpreting the proverb ""Life is not a pony farm"", a reader might misunderstand it as making a statement about the nature of life in comparison to the characteristics of a pony farm. They might think it's saying life doesn't involve ponies or that it's not a place where ponies are raised. Three plausible but incorrect literal interpretations could be that life doesn't in",1.0,1.0,1.5,0.85,95.5
a,cot_en,German,MID0028,"Erst denken, dann handeln","First think, then act","First think, then act",False,Think about every detail before taking any action,"First think, then act",Always pause all activity to think before doing anything,"Never do two things at once, even if one is thinking and the other is acting",B,Always pause all activity to think before doing anything,Think about every detail before taking any action,"Never do two things at once, even if one is thinking and the other is acting","<reasoning>The proverb ""Erst denken, dann handeln"" or ""First think, then act"" suggests a sequence of thought before action, emphasizing the importance of consideration and planning. However, a literal interpretation could lead to misunderstandings. For instance, one might think it implies a strict sequence where any action is forbidden before a complete thought process is concluded, or that it sug",1.0,1.0,2.75,0.96,98.8
a,cot_en,German,MID0029,"Wer rastet, der rostet","He who rests, rusts","He who rests, rusts",False,Resting causes human bodies to corrode like metal,A person who takes a break will turn into rust,"He who rests, rusts","When machines stop moving, they immediately start to rust",C,A person who takes a break will turn into rust,Resting causes human bodies to corrode like metal,"When machines stop moving, they immediately start to rust","<reasoning>When translating the German proverb ""Wer rastet, der rostet"" to English as ""He who rests, rusts"", a literal reading might lead to misunderstandings. The phrase is metaphorical, warning that inactivity can lead to stagnation or deterioration of one's skills or abilities. However, a literal interpretation could lead to several incorrect conclusions. For example, one might believe the prov",1.0,1.0,2.25,0.96,98.8
a,cot_en,German,MID0030,Das Auge isst mit,The eye eats too,The eye eats too,False,The eye can digest food on its own,Vision is a method of nutrient absorption,The eye eats too,The eye has a separate stomach,C,The eye has a separate stomach,The eye can digest food on its own,Vision is a method of nutrient absorption,"<reasoning>The proverb ""The eye eats too"" can be misinterpreted in various ways if taken literally. One might think it implies that the eye has the ability to consume food or objects, similar to how the mouth does. Another incorrect interpretation could be that the eye has a separate digestive system. A third misunderstanding could arise from thinking that the eye's role in the digestive process i",1.0,1.0,1.75,0.92,97.6
a,cot_en,German,MID0101,"Reden ist Silber, Schweigen ist Gold","Speech is silver, silence is gold","Speech is silver, silence is gold",False,"Speaking loudly can conduct electricity like silver, while being silent is as inert as gold","Speech is silver, silence is gold",Silence has a melting point similar to that of gold,Speech can be sold for a price comparable to the value of silver,B,Speech can be sold for a price comparable to the value of silver,Silence has a melting point similar to that of gold,"Speaking loudly can conduct electricity like silver, while being silent is as inert as gold","<reasoning>The proverb ""Reden ist Silber, Schweigen ist Gold"" or ""Speech is silver, silence is gold"" is a metaphorical expression that values silence over speaking. A literal interpretation might overlook the figurative meaning and instead focus on the literal properties or values of silver and gold. A wrong literal reading might assume the phrase is discussing the monetary value of speech and sil",1.0,1.0,2.11,0.92,97.6
a,cot_en,German,MID0102,"Wer nicht hören will, muss fühlen",He who doesn't want to hear must feel,He who doesn't want to hear must feel,False,"If you can't hear music, you'll feel its vibrations through the floor",Not listening to your doctor means you'll feel the pain of the disease more,He who doesn't want to hear must feel,Refusing to hear a warning siren means you'll feel the explosion,C,"If you can't hear music, you'll feel its vibrations through the floor",Not listening to your doctor means you'll feel the pain of the disease more,Refusing to hear a warning siren means you'll feel the explosion,"<reasoning>The proverb ""He who doesn't want to hear must feel"" is an idiomatic expression that conveys the idea that those who refuse to listen to advice or warnings will ultimately have to experience the consequences firsthand. However, a literal interpretation might lead to misunderstandings. For instance, one might think it's about the physical senses, implying that someone who can't or won't h",1.0,1.0,1.54,0.8,94.0
a,cot_en,German,MID0103,"Der Krug geht so lange zum Brunnen, bis er bricht",The jug goes to the well so often until it breaks,The jug goes to the well so often until it breaks,False,The jug will break if it is carried by a person who trips,The jug goes to the well so often until it breaks,The well will eventually run out of water due to the frequent visits,The jug will break because of a manufacturing defect,B,The jug will break because of a manufacturing defect,The well will eventually run out of water due to the frequent visits,The jug will break if it is carried by a person who trips,"<reasoning>The proverb suggests that the repeated action of the jug going to the well will eventually lead to its demise. However, a literal interpretation might lead a reader to think about the physical properties of the jug and the well, rather than the idiomatic meaning. For example, one might wonder about the materials used to make the jug, the depth of the well, or the frequency of the jug's ",1.0,1.0,1.06,0.82,94.6
a,cot_en,German,MID0104,Ein Unglück kommt selten allein,Misfortune rarely comes alone,Misfortune rarely comes alone,False,"When something bad happens, it is never by itself",Misfortune rarely comes alone,Bad things only happen when they are with other bad things,Misfortunes are always in the company of other misfortunes,B,Misfortunes are always in the company of other misfortunes,Bad things only happen when they are with other bad things,"When something bad happens, it is never by itself","<reasoning>When considering the literal meaning of the proverb ""Misfortune rarely comes alone,"" a reader might mistakenly think it's referring to the physical presence or accompaniment of misfortunes. This could lead to interpretations that are overly literal, focusing on the idea that misfortunes are always accompanied by other misfortunes in a physical or tangible sense, rather than understandin",1.0,1.0,2.42,0.91,97.3
a,cot_en,German,MID0105,Der Mensch ist ein Gewohnheitstier,Man is a creature of habit,Man is a creature of habit,False,People have a habit-forming organ,Man physically resembles an animal,Humans are a specific animal species,Man is a creature of habit,D,Man physically resembles an animal,Humans are a specific animal species,People have a habit-forming organ,"<reasoning>When considering the literal meaning of the proverb ""Man is a creature of habit,"" some readers might misinterpret it as describing humans as having a physical resemblance to animals, specifically those that live in habitual or routine-driven environments. Others might think it implies humans have a unique biological classification as ""creatures of habit"" similar to how we categorize ani",1.0,1.0,0.89,0.93,97.9
a,cot_en,German,MID0531,Krummes Holz gibt auch gerades Feuer,Crooked wood also makes straight fire,Crooked wood also makes straight fire,False,Crooked wood also makes straight fire,Crooked wood must be straightened before it can be used to make a fire,Burning crooked wood requires a special technique to produce a straight flame,The shape of the wood determines the direction of the flames it produces,A,Burning crooked wood requires a special technique to produce a straight flame,Crooked wood must be straightened before it can be used to make a fire,The shape of the wood determines the direction of the flames it produces,"<reasoning>The proverb ""Krummes Holz gibt auch gerades Feuer"" or ""Crooked wood also makes straight fire"" is a metaphorical expression that conveys the idea that even imperfect or flawed things can still produce something useful or valuable. However, a literal interpretation might lead a reader to misunderstand the phrase. For instance, one might think about the physical properties of wood and fire",1.0,1.0,2.17,0.88,96.4
a,cot_en,German,MID0532,Des Teufels liebstes Möbelstück ist die lange Bank,The devil’s favorite piece of furniture is the long bench,The devil’s favorite piece of furniture is the long bench,False,The devil prefers benches over chairs in his lair,Long benches are designed for comfort in hell,The devil’s favorite piece of furniture is the long bench,The devil has a favorite couch alternative,C,The devil has a favorite couch alternative,Long benches are designed for comfort in hell,The devil prefers benches over chairs in his lair,"<reasoning>The proverb ""The devil’s favorite piece of furniture is the long bench"" is likely to be misinterpreted if taken literally. A reader might think it's about the devil's actual preferences for furniture, the design or comfort of long benches, or the association of the devil with a particular setting where long benches are common. These interpretations would miss the idiomatic or metaphoric",1.0,1.0,0.8,0.91,97.3
a,cot_en,German,MID0533,Selbst ist der Mann,Self is the man,Self is the man,False,Self is the man,The statement is about narcissism,It suggests that one should only rely on themselves and never ask for help,It implies that men are superior to women,A,The statement is about narcissism,It implies that men are superior to women,It suggests that one should only rely on themselves and never ask for help,"<reasoning>The proverb ""Selbst ist der Mann"" or ""Self is the man"" can be misinterpreted in various ways. A literal reading might lead one to believe it's about personal identity, autonomy, or individual strength. However, if taken out of context or without understanding the idiomatic meaning, which typically emphasizes self-reliance or independence, a reader might jump to conclusions such as the p",1.0,1.0,2.25,0.97,99.1
a,cot_en,German,MID0534,Ich kriege so eine Krawatte,I get such a tie,I get such a tie,False,I get such a tie,I am being given a gift of neckwear,I am facing the consequence of wearing a specific necktie,I am about to participate in a competition where a tie is a possible outcome,A,I am being given a gift of neckwear,I am facing the consequence of wearing a specific necktie,I am about to participate in a competition where a tie is a possible outcome,"<reasoning>The proverb ""Ich kriege so eine Krawatte"" or its English translation ""I get such a tie"" is likely to be misinterpreted literally by someone unfamiliar with its idiomatic meaning. A literal reading might lead one to think about actually receiving or obtaining a tie as a gift or purchase. Another wrong interpretation could involve a misunderstanding of the word ""kriege,"" which means ""get""",1.0,1.0,2.2,0.8,94.0
a,cot_en,German,MID0535,Bis über beide Ohren verliebt sein,To be over both ears in love,To be over both ears in love,False,wearing unusually large headphones or ear coverings,having water or another substance physically over both ears,having ears that are exceptionally large or oversized,To be over both ears in love,D,having water or another substance physically over both ears,wearing unusually large headphones or ear coverings,having ears that are exceptionally large or oversized,"<reasoning>The phrase ""Bis über beide Ohren verliebt sein"" or ""To be over both ears in love"" is an idiomatic expression that means to be completely and utterly in love. A literal interpretation, however, might lead to some amusing but incorrect conclusions. For instance, one might think it implies a physical state or an action related to the ears, rather than an emotional one. Here are three such ",1.0,1.0,1.14,0.86,95.8
a,cot_en,German,MID0536,Die beleidigte Leberwurst spielen,To play the offended liver sausage,To play the offended liver sausage,False,To play the offended liver sausage,a board game where players take on the role of an insulted sausage,acting like an offended sausage in a play,analyzing the emotional responses of a liver sausage,A,acting like an offended sausage in a play,analyzing the emotional responses of a liver sausage,a board game where players take on the role of an insulted sausage,"<reasoning>The phrase ""To play the offended liver sausage"" could lead to some literal misunderstandings if taken out of context or without knowledge of its idiomatic meaning. A reader might think it's about actually acting like a type of sausage that's been offended, perhaps in a theatrical or comedic setting. Another misunderstanding could be about the behavior of the sausage itself when it's off",1.0,1.0,1.61,0.82,94.6
a,cot_en,German,MID0537,Der Hunger kommt beim Essen,Appetite comes while eating,Appetite comes while eating,False,Hunger is only felt when eating,Hunger arrives as a guest during meals,Eating causes hunger to appear,Appetite comes while eating,D,Hunger is only felt when eating,Eating causes hunger to appear,Hunger arrives as a guest during meals,"<reasoning>The proverb ""Der Hunger kommt beim Essen"" or ""Appetite comes while eating"" suggests that as one starts eating, their appetite increases. A literal reading of this could lead to misunderstandings. For instance, one might think that the physical sensation of hunger pangs only begins once food is being consumed, which is not what the proverb intends to convey. Another misinterpretation cou",1.0,1.0,1.5,0.87,96.1
a,cot_en,German,MID0538,Sich die Wurst vom Brot nehmen lassen,To let someone take the sausage off your bread,To let someone take the sausage off your bread,False,To let someone take the sausage off your bread,You are being forced to surrender your sausage due to financial difficulties,Someone is physically removing sausage from your plate,A person is taking the most desirable part of your meal without permission,A,Someone is physically removing sausage from your plate,You are being forced to surrender your sausage due to financial difficulties,A person is taking the most desirable part of your meal without permission,"<reasoning>The proverb ""Sich die Wurst vom Brot nehmen lassen"" literally translates to ""To let someone take the sausage off your bread"". A wrong literal reading of this phrase might lead one to think of someone physically taking sausage off another person's bread, perhaps in a cafeteria, restaurant, or at a picnic. Another interpretation could involve a person being forced to give up their sausage",1.0,1.0,1.22,0.91,97.3
a,cot_en,German,MID0539,Das ist mir Wurst,That is sausage to me,That is sausage to me,False,I'm not interested in sausage,That is sausage to me,I don't like sausage,You're talking about sausage,B,I don't like sausage,You're talking about sausage,I'm not interested in sausage,"<reasoning>The proverb ""Das ist mir Wurst"" or ""That is sausage to me"" is an idiomatic expression that means something is of no importance or concern to the speaker. A literal reading might lead to incorrect interpretations, such as the speaker having a preference for sausage, being offered sausage, or having a sausage-related problem. These interpretations are wrong because they focus on the liter",1.0,0.3333333333333333,0.87,0.87,76.1
a,cot_en,German,MID0540,Um den heißen Brei herumreden,To talk around the hot porridge,To talk around the hot porridge,False,Discussing the optimal temperature for serving porridge,Avoiding a bowl of hot porridge to prevent burns,To talk around the hot porridge,The act of having a conversation while eating a warm breakfast,C,Avoiding a bowl of hot porridge to prevent burns,Discussing the optimal temperature for serving porridge,The act of having a conversation while eating a warm breakfast,"<reasoning>The proverb ""Um den heißen Brei herumreden"" or ""To talk around the hot porridge"" is an idiomatic expression that means to avoid talking directly or clearly about a difficult or uncomfortable subject. A literal interpretation might lead a reader to misunderstand the phrase entirely, focusing on the physical aspects or actions described. For instance, they might think it's about navigatin",1.0,1.0,1.5,0.92,97.6
a,cot_en,German,MID0541,Du gehst mir auf den Keks,You’re getting on my cookie,You’re getting on my cookie,False,You’re getting on my cookie,I have a cookie that you need to walk on,You are trying to take a bite out of my cookie,You are stepping on the cookie I baked,A,You are stepping on the cookie I baked,I have a cookie that you need to walk on,You are trying to take a bite out of my cookie,"<reasoning>The German proverb ""Du gehst mir auf den Keks"" translates to ""You're getting on my cookie"" in English. A literal reading of this phrase might lead a reader to misunderstand its idiomatic meaning, which is actually about someone being annoying or getting on one's nerves. Wrong literal interpretations could involve physical actions or unusual cookie-related scenarios.</reasoning>
[""You ar",1.0,1.0,1.93,0.76,92.8
a,cot_en,German,MID0542,Das ist nicht mein Bier,That’s not my beer,That’s not my beer,False,I don't like this brand of beer,Someone else ordered this beer,This beer does not belong to me,That’s not my beer,D,I don't like this brand of beer,Someone else ordered this beer,This beer does not belong to me,"<reasoning>The phrase ""That's not my beer"" can lead to incorrect literal interpretations because it is an idiomatic expression. A literal reading might lead one to assume it's about the ownership or type of beer, rather than its figurative meaning of ""not my problem"" or ""not my concern"". Therefore, incorrect interpretations could involve misunderstandings about the beer itself or its relation to t",1.0,1.0,1.58,0.81,94.3
a,cot_en,German,MID0543,Dienst ist Dienst und Schnaps ist Schnaps,Work is work and liquor is liquor,Work is work and liquor is liquor,False,Work is work and liquor is liquor,keep work and personal life completely separate,only high-quality work and liquor are acceptable,never drink at work,A,never drink at work,keep work and personal life completely separate,only high-quality work and liquor are acceptable,"<reasoning>Some readers might misinterpret the proverb ""Dienst ist Dienst und Schnaps ist Schnaps"" or its English translation ""Work is work and liquor is liquor"" in a literal sense, thinking it's about strict separation or prioritization between professional duties and personal vices, rather than understanding its idiomatic meaning of maintaining professionalism and not letting personal matters in",1.0,0.6666666666666666,0.86,0.88,86.4
a,cot_en,German,MID0544,Da steppt der Bär,There the bear is stepping,There the bear is stepping,False,A dance move called the bear step is being performed,There the bear is stepping,A bear is escaping from its enclosure,The bear is physically stepping on something,B,The bear is physically stepping on something,A dance move called the bear step is being performed,A bear is escaping from its enclosure,"<reasoning>The proverb ""Da steppt der Bär"" or ""There the bear is stepping"" in English, can be misinterpreted in several literal ways if the idiomatic meaning is not understood. One might think it refers to an actual bear that is physically stepping or moving in a specific location. Another interpretation could be about a dance move named after the bear, implying someone is performing a dance calle",1.0,1.0,1.6,0.8,94.0
a,cot_en,German,MID0545,"Wenn der Reiter nichts taugt, ist das Pferd schuld","If the rider is no good, it’s the horse’s fault","If the rider is no good, it’s the horse’s fault",False,"If the rider is no good, it’s the horse’s fault",The physical condition of the horse determines the rider's ability to ride,The horse's breed is always to blame for a rider's mistakes,A horse with poor training will always cause a rider to fail,A,The horse's breed is always to blame for a rider's mistakes,A horse with poor training will always cause a rider to fail,The physical condition of the horse determines the rider's ability to ride,"<reasoning>The given proverb is a German idiom that suggests when something goes wrong, people often blame the person or thing that has the least control over the situation. In this case, it's saying that if the rider (who is in control) makes a mistake, it's easy to blame the horse (which has less control). A literal reading could lead to misinterpretations about horse riding and responsibility. ",1.0,1.0,1.17,0.86,95.8
a,cot_en,German,MID0546,Wer zwei Hasen auf einmal jagt bekommt keinen,He who chases two hares at once catches none,He who chases two hares at once catches none,False,using one net to catch two hares doesn't work,chasing two hares is bad luck,hunting two hares requires more than one person,He who chases two hares at once catches none,D,chasing two hares is bad luck,using one net to catch two hares doesn't work,hunting two hares requires more than one person,"<reasoning>The given proverb suggests that if someone tries to pursue two different goals or opportunities simultaneously, they will likely end up achieving neither. A literal reading might lead to incorrect interpretations, such as the idea that the number of hares being chased is the key issue, or that the problem lies in the method of hunting rather than the divided attention. This could lead t",1.0,1.0,0.85,0.82,94.6
a,cot_en,German,MID0547,Kümmere Dich nicht um ungelegte Eier,Don’t worry about eggs that haven’t been laid yet,Don’t worry about eggs that haven’t been laid yet,False,Refuse to be anxious about the storage conditions for eggs that have not yet been produced,Do not fret about the timing of collecting eggs from the chicken coop,Avoid stressing over the quality of eggs before they are laid,Don’t worry about eggs that haven’t been laid yet,D,Avoid stressing over the quality of eggs before they are laid,Do not fret about the timing of collecting eggs from the chicken coop,Refuse to be anxious about the storage conditions for eggs that have not yet been produced,"<reasoning>When a reader encounters the proverb ""Don't worry about eggs that haven't been laid yet,"" they might misinterpret it in a literal sense, focusing on the physical aspects or actions related to eggs and chickens rather than understanding the metaphorical advice to not worry about future problems or uncertainties. A literal reading could lead to misunderstandings such as focusing on poultr",1.0,1.0,1.48,0.87,96.1
a,cot_en,German,MID0548,Du siehst den Wald vor lauter Bäumen nicht,You don’t see the forest for all the trees,You don’t see the forest for all the trees,False,The trees are too densely packed,You don’t see the forest for all the trees,The trees are only on one side of you,There are no tall trees to see over,B,The trees are too densely packed,There are no tall trees to see over,The trees are only on one side of you,"<reasoning>The proverb ""You don’t see the forest for all the trees"" can be misinterpreted in various literal ways. One might think it's about the physical obstruction of trees blocking one's view of the forest, or about a lack of trees in a specific area of the forest, or even about the types of trees present. These interpretations, however, miss the idiomatic meaning of the phrase, which is about",1.0,1.0,0.85,0.82,94.6
a,cot_en,German,MID0549,Bäume wachsen nicht in den Himmel,Trees don’t grow into the sky,Trees don’t grow into the sky,False,Trees cannot thrive without grounding in the earth's soil,Trees have a maximum height limit due to lack of sunlight,Trees don’t grow into the sky,The sky is too cold for tree roots to grow,C,Trees have a maximum height limit due to lack of sunlight,The sky is too cold for tree roots to grow,Trees cannot thrive without grounding in the earth's soil,"<reasoning>When interpreting the proverb ""Bäume wachsen nicht in den Himmel"" or ""Trees don’t grow into the sky"" literally, a reader might misunderstand it as making statements about botany, geography, or environmental conditions. They could think it's discussing the physical limitations of tree growth, the atmospheric conditions necessary for tree growth, or the impact of trees on the sky or atmos",1.0,1.0,1.67,0.95,98.5
a,cot_en,German,MID0550,Gut Ding will Weile haben,Good things take time,Good things take time,False,A good object wants to have a period of time,Good things take time,A good thing needs to possess time,Good things have a long duration,B,A good object wants to have a period of time,Good things have a long duration,A good thing needs to possess time,"<reasoning>When literally translating the German proverb ""Gut Ding will Weile haben"", a reader might misinterpret the phrase by taking each word at face value, without considering the idiomatic expression. They might think ""Gut Ding"" refers to a specific good object or thing, ""will"" implies a desire or intention, and ""Weile haben"" means to have or possess a period of time. This could lead to incor",1.0,1.0,1.92,0.74,92.2
a,cot_en,German,MID0551,Aus Schaden wird man klug,From damage one becomes wise,From damage one becomes wise,False,Financial loss is a prerequisite for wisdom,"The more damage you experience, the wiser you become",From damage one becomes wise,Physical harm is necessary for gaining wisdom,C,Physical harm is necessary for gaining wisdom,"The more damage you experience, the wiser you become",Financial loss is a prerequisite for wisdom,"<reasoning>The proverb ""Aus Schaden wird man klug"" or ""From damage one becomes wise"" suggests that one learns from their mistakes or negative experiences. However, a literal interpretation might lead to misunderstandings. For instance, one might think that the phrase implies physical harm is necessary for wisdom, or that the extent of one's wisdom is directly correlated to the amount of damage the",1.0,1.0,1.53,0.91,97.3
a,cot_en,German,MID0552,Taten sagen mehr als Worte,Actions speak louder than words,Actions speak louder than words,False,Actions speak louder than words,Verbal expressions are less powerful than physical strength,Physical movements are more visible than lip movements,Actions make more noise than speaking,A,Actions make more noise than speaking,Physical movements are more visible than lip movements,Verbal expressions are less powerful than physical strength,"<reasoning>The proverb ""Actions speak louder than words"" is often misinterpreted in a literal sense. A reader might think it's about the volume of sounds, physical actions being more noticeable, or the comparison of physical and verbal expressions. However, the actual meaning is about the impact and credibility of actions versus words. Here are three plausible but incorrect literal interpretations",1.0,1.0,1.47,0.83,94.9
a,cot_en,German,MID0553,Das Billige ist immer das Teuerste,The cheap is always the most expensive,The cheap is always the most expensive,False,Low-cost goods always come with extra fees,The cheap is always the most expensive,Inexpensive items are always sold at a premium,Cheap products have the highest price tags,B,Cheap products have the highest price tags,Inexpensive items are always sold at a premium,Low-cost goods always come with extra fees,"<reasoning>The proverb ""The cheap is always the most expensive"" can be misinterpreted in various ways if taken literally. A reader might think it means that inexpensive items are always priced higher than expected, or that the cost of something cheap is always added to a higher total cost, or that cheap items are always sold at a premium price. These interpretations miss the idiomatic point that c",1.0,1.0,1.05,0.98,99.4
a,cot_en,German,MID0554,"Anfangen ist leicht, Beharren eine Kunst","Starting is easy, persistence is an art","Starting is easy, persistence is an art",False,The beginning of a task is less complicated than the artistic skills needed to finish it,"Starting is easy, persistence is an art",Starting a project requires less physical strength than persisting in it,Initiating a new habit is easier than mastering a musical instrument,B,Starting a project requires less physical strength than persisting in it,The beginning of a task is less complicated than the artistic skills needed to finish it,Initiating a new habit is easier than mastering a musical instrument,"<reasoning>The proverb ""Anfangen ist leicht, Beharren eine Kunst"" or ""Starting is easy, persistence is an art"" suggests that while beginning a task or project is straightforward and simple, continuing or persisting in it requires skill and dedication. A wrong literal interpretation might misunderstand the metaphorical nature of ""art"" or misinterpret the activities being compared. For instance, one",1.0,1.0,1.81,0.86,95.8
a,cot_en,German,MID0555,"Man muss die Dinge nehmen, wie sie kommen",You have to take things as they come,You have to take things as they come,False,always choose the first option that comes along,accept every physical object handed to you,never evaluate or discern the quality of something before taking it,You have to take things as they come,D,accept every physical object handed to you,always choose the first option that comes along,never evaluate or discern the quality of something before taking it,"<reasoning>The proverb ""You have to take things as they come"" is about being flexible and adaptable in the face of life's uncertainties. However, a literal reading might lead to misinterpretations. For instance, one might think it's about physically taking or accepting objects as they are presented, rather than the figurative sense of accepting circumstances. Another wrong interpretation could be ",1.0,1.0,1.08,0.98,99.4
a,cot_en,German,MID0581,"Alle wissen guten Rath, Nur nicht, wer ihn nöthig hat","Everyone knows good advice, but not the one who needs it","Everyone knows good advice, but not the one who needs it",False,Everyone has advice to give but only one person is in need of it,Good advice is common knowledge except to the person who requires it most,"Everyone knows good advice, but not the one who needs it",Only those without personal experience cannot give good advice,C,Everyone has advice to give but only one person is in need of it,Good advice is common knowledge except to the person who requires it most,Only those without personal experience cannot give good advice,"<reasoning>When considering the literal meaning of the proverb ""Alle wissen guten Rath, Nur nicht, wer ihn nöthig hat"" or its English translation ""Everyone knows good advice, but not the one who needs it"", a reader might jump to conclusions that miss the intended metaphorical or idiomatic interpretation. The phrase could be taken to imply that people are universally knowledgeable about good advice",1.0,1.0,1.09,0.84,95.2
a,cot_en,German,MID0582,Allein ist besser als mit Schlechten im Verein,Better alone than in bad company,Better alone than in bad company,False,bad company refers to people with physical disabilities,being alone is always the best choice,all partnerships are bad,Better alone than in bad company,D,being alone is always the best choice,all partnerships are bad,bad company refers to people with physical disabilities,"<reasoning>When considering the literal meaning of the proverb ""Better alone than in bad company,"" a reader might misinterpret it in several ways. One possible wrong literal interpretation could be that being alone is always better in every situation, regardless of the alternatives. Another could be that the phrase is advising against any form of partnership or companionship, seeing all company as",1.0,0.6666666666666666,1.06,0.97,89.1
a,cot_en,German,MID0583,Am vielen Lachen erkennt man den Narren,A fool is ever laughing,A fool is ever laughing,False,laughing is a sign of foolishness,A fool is ever laughing,only foolish people laugh at jokes,one should not laugh often,B,one should not laugh often,laughing is a sign of foolishness,only foolish people laugh at jokes,"<reasoning>The proverb ""A fool is ever laughing"" is a warning that people who laugh excessively or at inappropriate times may be foolish or lacking in wisdom. However, a literal reading might misunderstand the intention behind the phrase. Some wrong literal interpretations could include thinking that the phrase is talking about the physical act of laughing, the frequency of laughing, or the types ",1.0,1.0,1.13,0.97,99.1
a,cot_en,German,MID0584,An den Früchten erkennt man den Baum,The apple does not fall far from the tree,The apple does not fall far from the tree,False,Trees can be identified by the fruit they produce,The apple does not fall far from the tree,Fruit always stays close to its tree,Apples have a limited falling distance,B,Apples have a limited falling distance,Trees can be identified by the fruit they produce,Fruit always stays close to its tree,"<reasoning>The proverb ""An den Früchten erkennt man den Baum"" or its English translation ""The apple does not fall far from the tree"" is a metaphorical expression that means the characteristics of the children are often similar to those of the parents. A literal reading might misunderstand this, focusing instead on the physical properties or behaviors of apples and trees. For example, one might thi",1.0,1.0,0.81,0.98,99.4
a,cot_en,German,MID0585,"Anfangen ist leicht, beharren eine Kunst","To begin is easy, to persist is an art","To begin is easy, to persist is an art",False,The first brushstroke in painting is easier than the entire painting process,"To begin is easy, to persist is an art",Beginning a marathon is less challenging than the rest of the race,Starting a project requires less physical strength than seeing it through,B,Starting a project requires less physical strength than seeing it through,The first brushstroke in painting is easier than the entire painting process,Beginning a marathon is less challenging than the rest of the race,"<reasoning>The proverb ""Anfangen ist leicht, beharren eine Kunst"" or ""To begin is easy, to persist is an art"" suggests that starting something is not difficult, but continuing or persevering requires skill or artistry. A literal interpretation might misunderstand the metaphorical nature of the statement, leading to misinterpretations such as thinking it's about specific actions or physical activit",1.0,1.0,1.3,0.88,96.4
a,cot_en,German,MID0586,Angebotene Waare stinkt,Proffered service stinks,Proffered service stinks,False,Unsolicited services are of poor quality,Free help is always unwelcome,Items on sale smell bad,Proffered service stinks,D,Items on sale smell bad,Free help is always unwelcome,Unsolicited services are of poor quality,"<reasoning>The proverb ""Angebotene Waare stinkt"" or ""Proffered service stinks"" is an idiom that means to beware of something that is offered to you freely, as it might come with hidden disadvantages or be of poor quality. However, a literal interpretation might lead one to misunderstand the intended meaning. For instance, a wrong literal reading could involve actual odors, unwelcome offers, or uns",1.0,1.0,1.78,1.0,100.0
a,cot_en,German,MID0587,"Arzt, hilf dir selber","Physician, heal thyself","Physician, heal thyself",False,A surgeon must operate on their own injured leg,"Physician, heal thyself",The physician must take their own medicine to cure an illness,The doctor has a broken arm and needs to cast it themselves,B,The doctor has a broken arm and needs to cast it themselves,The physician must take their own medicine to cure an illness,A surgeon must operate on their own injured leg,"<reasoning>The phrase ""Physician, heal thyself"" is a proverb that means people should fix their own problems before trying to fix others'. However, a literal reading might lead to incorrect interpretations. For instance, one might think it's about a doctor's medical abilities, physical health, or personal well-being. This could lead to misunderstandings such as the doctor needing to cure their own",1.0,1.0,3.56,0.89,96.7
a,cot_en,German,MID0588,Auch der kleinste Feind ist nicht zu verachten,There is no little enemy,There is no little enemy,False,It's impossible to have a minor adversary,Every opponent is a significant threat,All enemies are of equal size,There is no little enemy,D,All enemies are of equal size,Every opponent is a significant threat,It's impossible to have a minor adversary,"<reasoning>When translating the German proverb ""Auch der kleinste Feund ist nicht zu verachten"" to English as ""There is no little enemy"", a literal reading might lead to misunderstandings. A reader might think the phrase is suggesting that all enemies are significant or that the concept of a ""little enemy"" does not exist. This could lead to interpretations that are focused on the size or significa",1.0,1.0,1.27,0.97,99.1
a,cot_en,German,MID0589,Auf einen groben Klotz gehört ein grober Keil,You must meet roughness with roughness,You must meet roughness with roughness,False,You must meet roughness with roughness,"In combat, use a rough wedge-shaped weapon against a rough opponent",A carpenter needs a large wedge for a rough wood block,"To split a rough log, one must use a rough wedge",A,A carpenter needs a large wedge for a rough wood block,"In combat, use a rough wedge-shaped weapon against a rough opponent","To split a rough log, one must use a rough wedge","<reasoning>The proverb ""Auf einen groben Klotz gehört ein grober Keil"" translated to English as ""You must meet roughness with roughness"" suggests that when dealing with a coarse or rough situation, one should respond in a similarly robust manner. However, a literal interpretation might lead to misunderstandings. For instance, one might think of a ""Klotz"" (block) and ""Keil"" (wedge) in a physical co",1.0,1.0,1.83,0.83,94.9
a,cot_en,German,MID0590,"Aus den Augen, aus dem Sinn","Out of sight, out of mind","Out of sight, out of mind",False,Looking away from something will make me forget it exists,Removing an object from my sight will erase my memory of it,"If I close my eyes, I will forget everything","Out of sight, out of mind",D,"If I close my eyes, I will forget everything",Removing an object from my sight will erase my memory of it,Looking away from something will make me forget it exists,"<reasoning>When interpreting the proverb ""Aus den Augen, aus dem Sinn"" or ""Out of sight, out of mind"" literally, one might misunderstand its figurative meaning, which is about forgetting or losing interest in something once it's no longer visible or present. A wrong literal reading could involve physical locations or visual perception. For instance, someone might think it's about an object being r",1.0,1.0,1.72,0.86,95.8
a,cot_en,German,MID0592,Aufgewärmter Kohl war niemals gut,Reheated cabbage was never good,Reheated cabbage was never good,False,Reheating cabbage destroys its nutrients,Reheated cabbage was never good,Reheated cabbage always tastes bad,Cabbage becomes poisonous when reheated,B,Cabbage becomes poisonous when reheated,Reheating cabbage destroys its nutrients,Reheated cabbage always tastes bad,"<reasoning>The proverb ""Aufgewärmter Kohl war niemals gut"" or ""Reheated cabbage was never good"" is an idiom that suggests something that has been revived or brought back, such as an old idea or a past relationship, is not as good as it originally was. However, a literal interpretation might lead a reader to misunderstand the intent. For instance, one might think it's about the quality of reheated ",1.0,1.0,1.0,0.84,95.2
a,cot_en,German,MID0593,Aufschub bringt Gefahr,There is danger in delay,There is danger in delay,False,all pauses cause accidents,There is danger in delay,postponement summons threats directly,delay triggers danger mechanically,B,delay triggers danger mechanically,all pauses cause accidents,postponement summons threats directly,"<reasoning>When translating the German proverb ""Aufschub bringt Gefahr"" to English as ""There is danger in delay"", a literal reader might misunderstand the phrase to mean that postponing or delaying something directly causes a hazard or threat. This could lead to incorrect assumptions, such as delaying an action will physically summon danger, that all delays are equally risky, or that any pause in ",1.0,0.0,0.8,1.0,70.0
a,cot_en,German,MID0594,Aus einer Mücke einen Elefanten machen,To make an elephant out of a fly,To make an elephant out of a fly,False,genetically engineer an elephant from a fly's DNA,inflate a fly to the size of an elephant using air or other means,use a fly as a blueprint to construct a full-sized elephant,To make an elephant out of a fly,D,genetically engineer an elephant from a fly's DNA,use a fly as a blueprint to construct a full-sized elephant,inflate a fly to the size of an elephant using air or other means,"<reasoning>The reader might misinterpret the proverb ""To make an elephant out of a fly"" in a literal sense, thinking it's about actual physical transformations or comparisons between the two animals, rather than understanding it as an idiomatic expression meaning to exaggerate or make something seem much bigger than it is. This could lead to some amusing but incorrect literal interpretations, such",1.0,1.0,1.38,0.83,94.9
a,cot_en,German,MID0595,"Bald geben, ist doppelt geben",He gives twice who gives quickly,He gives twice who gives quickly,False,He gives twice who gives quickly,The gift itself doubles in value when given promptly,Quick giving results in the recipient getting double the gift,The donor must give the same gift twice,A,The donor must give the same gift twice,Quick giving results in the recipient getting double the gift,The gift itself doubles in value when given promptly,"<reasoning>When considering the proverb ""He gives twice who gives quickly,"" a literal reading might lead to misunderstandings. One could interpret it as implying that the act of giving something promptly results in the recipient receiving twice the amount or value of what was initially given. Alternatively, it might suggest that giving quickly somehow doubles the physical or monetary gift itself. ",1.0,1.0,1.5,0.84,95.2
a,cot_en,German,MID0596,Bald reif hält nicht steif,"Early ripe, early rotten","Early ripe, early rotten",False,Diseases that progress rapidly lead to quicker deterioration,"Early ripe, early rotten",Fruits that ripen early spoil faster,Materials that harden quickly become brittle,B,Fruits that ripen early spoil faster,Materials that harden quickly become brittle,Diseases that progress rapidly lead to quicker deterioration,"<reasoning>The proverb ""Bald reif hält nicht steif"" or ""Early ripe, early rotten"" suggests that something that develops or matures early may not last long or may deteriorate quickly. A wrong literal reading might misunderstand the phrase's idiomatic meaning, focusing instead on the physical characteristics or states of being ""ripe"" and ""rotten"". For instance, one might think of fruits or food item",1.0,1.0,1.67,0.92,97.6
a,cot_en,German,MID0597,Barmherzigkeit fängt en zu Hause an,Charity begins at home,Charity begins at home,False,foundations of charitable organizations are always at the founder's house,charity events must be held at home,only family members are eligible for charitable aid,Charity begins at home,D,charity events must be held at home,foundations of charitable organizations are always at the founder's house,only family members are eligible for charitable aid,"<reasoning>The proverb ""Charity begins at home"" suggests that one should prioritize helping those closest to them, such as family, before extending aid to others. A literal interpretation could lead to misunderstandings. For instance, one might think it implies that charity is limited to the home, or that the act of giving is confined to a specific location. Another misconception could be that the",1.0,1.0,2.08,0.94,98.2
a,cot_en,German,MID0598,Bedenke das Ende,"Whatever you do, act wisely, and consider the end","Whatever you do, act wisely, and consider the end",False,"Whatever you do, act wisely, and consider the end",consider the final stage of life,think about the last step of a project,reflect on the last part of a story,A,think about the last step of a project,consider the final stage of life,reflect on the last part of a story,"<reasoning>When literally interpreting the phrase ""Bedenke das Ende"" or its English translation ""Whatever you do, act wisely, and consider the end"", a reader might misunderstand the intent by focusing on the literal meaning of ""end"". This could lead to misinterpretations such as thinking about the conclusion of a project, the final stage of a process, or the last part of something. These interpret",1.0,1.0,0.81,0.78,93.4
a,cot_en,German,MID0599,"Bedenke, dass du sterben musst",Remember that you must die,Remember that you must die,False,It's a reminder to plan your funeral,Remember that you must die,You should always think about dying,You must be prepared to die at any moment,B,You should always think about dying,It's a reminder to plan your funeral,You must be prepared to die at any moment,"<reasoning>The proverb ""Remember that you must die"" is a philosophical reminder to live in the present and prioritize what's truly important, as one's time is limited. However, a reader might misinterpret this phrase in a literal sense, leading to incorrect conclusions. For instance, they might think it's about being constantly aware of their mortality, taking it as a warning to be prepared for de",1.0,1.0,1.47,0.95,98.5
a,cot_en,German,MID0600,"Behüte mich Gott vor meinen Freunden, mit den Feinden will ich schon fertig werden","Defend me from my friends, from my enemies I can defend myself","Defend me from my friends, from my enemies I can defend myself",False,I need God's intervention to stop my friends from attacking me,"Defend me from my friends, from my enemies I can defend myself",I can defeat all my enemies in a fight without any assistance,God should protect me from my friends because they are physically violent,B,God should protect me from my friends because they are physically violent,I can defeat all my enemies in a fight without any assistance,I need God's intervention to stop my friends from attacking me,"<reasoning>The proverb is warning about the danger of false friends, implying that enemies are more predictable and thus easier to deal with. A literal reading might misinterpret the phrase, focusing on the request for defense from friends and the ability to handle enemies, leading to incorrect conclusions about the nature of friendships, the role of God, or the speaker's abilities. Wrong interpre",1.0,1.0,0.97,0.88,96.4
a,cot_en,German,MID0601,Bei offener Kiste mag auch der Fromme ein Schalk werden,A nice wife and a back door oft make a rich man poor,A nice wife and a back door oft make a rich man poor,False,A rich man's house having a nice wife and a back door will inevitably lead to poverty,Having a nice wife and a back door in a house can cause financial problems for wealthy men,Wealthy men with nice wives and back doors are more likely to become poor due to architectural or design flaws,A nice wife and a back door oft make a rich man poor,D,A rich man's house having a nice wife and a back door will inevitably lead to poverty,Having a nice wife and a back door in a house can cause financial problems for wealthy men,Wealthy men with nice wives and back doors are more likely to become poor due to architectural or design flaws,"<reasoning>The given proverb has a figurative meaning that warns about the consequences of being too trusting or having an open and vulnerable situation, in this case, a ""nice wife"" and a ""back door"" being metaphors for temptation and vulnerability. A literal reading might misunderstand the idiomatic expressions and take the words at face value. For instance, one might think the proverb is talking",1.0,1.0,1.41,0.78,93.4
a,cot_en,German,MID0602,Berühre nicht alte Wunden,It is not wise to open old wounds,It is not wise to open old wounds,False,Avoid touching physical scars,Don't reopen healed surgical wounds,It is not wise to open old wounds,Refrain from touching injured body parts,C,Avoid touching physical scars,Don't reopen healed surgical wounds,Refrain from touching injured body parts,"<reasoning>The proverb ""Berühre nicht alte Wunden"" or ""It is not wise to open old wounds"" is a figurative expression that advises against reviving past conflicts or painful memories. However, a literal interpretation might lead to misunderstandings. A reader might think it's about physical wounds, medical conditions, or actual scars. They might assume it's warning against touching or reopening hea",1.0,0.6666666666666666,0.62,0.96,88.8
a,cot_en,German,MID0603,Besser arm in Ehren als reich in Schanden,Better poor in honor than rich in shame,Better poor in honor than rich in shame,False,poverty is the price of honor,rich people are always shameful,Better poor in honor than rich in shame,being poor will always result in being honored,C,being poor will always result in being honored,rich people are always shameful,poverty is the price of honor,"<reasoning>When considering the proverb ""Better poor in honor than rich in shame,"" a literal interpretation might lead a reader to misunderstand the figurative meaning behind the phrase. The phrase is not suggesting that being physically impoverished is inherently better than being wealthy, nor is it about the direct comparison of financial states to moral ones. Instead, it's about the value of in",1.0,1.0,0.79,0.97,99.1
a,cot_en,German,MID0604,"Besser ein Narr mit allen andern, als ein Weiser und allein",Better a fool with everyone else than a wise man and alone,Better a fool with everyone else than a wise man and alone,False,Being foolish is the key to happiness,Better a fool with everyone else than a wise man and alone,Alone means you are unimportant,Intelligence leads to social isolation,B,Being foolish is the key to happiness,Intelligence leads to social isolation,Alone means you are unimportant,"<reasoning>The proverb suggests that it's more beneficial to be part of a group, even if it means being foolish, than to be wise but isolated. A literal reading might misinterpret this as promoting foolishness or condemning wisdom. Some readers might jump to conclusions that being a fool is inherently desirable, that being alone is always negative, or that wisdom is not valuable in social situatio",1.0,1.0,0.47,0.97,99.1
a,cot_en,German,MID0605,"Besser ein Spatz in der Hand, als eine Taube auf dem Dach",A bird in the hand is worth two in the bush,A bird in the hand is worth two in the bush,False,birds on roofs are more likely to fly away than those held in hands,A bird in the hand is worth two in the bush,it's easier to catch a bird that's already in your hand than one that's on a roof,having a sparrow in hand is more sanitary than a dove on the roof,B,having a sparrow in hand is more sanitary than a dove on the roof,it's easier to catch a bird that's already in your hand than one that's on a roof,birds on roofs are more likely to fly away than those held in hands,"<reasoning>The proverb ""Besser ein Spatz in der Hand, als eine Taube auf dem Dach"" or its English translation ""A bird in the hand is worth two in the bush"" is often misunderstood when taken literally. A reader might think that the phrase is about the actual value or preference of having a specific type of bird in one's hand versus another type of bird located elsewhere. They might also consider it",1.0,1.0,1.36,0.8,94.0
a,cot_en,German,MID0606,Blinder Eifer ist Feuer ohne Licht,Zeal without knowledge is a runaway horse,Zeal without knowledge is a runaway horse,False,Zeal without knowledge is a runaway horse,An actual horse that has escaped and is running wildly,A blind person's excessive enthusiasm,A fire that burns without emitting light,A,A blind person's excessive enthusiasm,A fire that burns without emitting light,An actual horse that has escaped and is running wildly,"<reasoning>The given proverb ""Blinder Eifer ist Feuer ohne Licht"" translates to ""Zeal without knowledge is a runaway horse"" in English, but a literal interpretation could lead to misunderstandings. A reader might think the proverb is about actual blindness or horses, rather than the figurative meaning of unguided enthusiasm or dedication. For instance, they might interpret ""Blinder Eifer"" as refer",1.0,1.0,1.05,0.95,98.5
a,cot_en,German,MID0607,Blut ist dicker als Wasser,Blood is thicker than water,Blood is thicker than water,False,objects sink faster in blood than in water,blood has a higher viscosity than water,Blood is thicker than water,blood is more difficult to penetrate than water,C,blood has a higher viscosity than water,blood is more difficult to penetrate than water,objects sink faster in blood than in water,"<reasoning>When a reader encounters the proverb ""Blood is thicker than water"" without understanding its idiomatic meaning, they might interpret it in a literal sense. This could lead to misconceptions about the physical properties of blood and water or their behavior in certain situations. For instance, a literal reading might suggest that blood has a higher viscosity than water under all conditio",1.0,1.0,1.53,0.74,92.2
a,cot_en,German,MID0608,Blödes Herz buhlt keine schöne Frau,Faint heart never won fair lady,Faint heart never won fair lady,False,A person with a heart condition cannot attract a beautiful woman,"To win a fair lady, one must engage in rigorous physical activity to prove worth",Only those who are physically strong can win the heart of a beautiful lady,Faint heart never won fair lady,D,A person with a heart condition cannot attract a beautiful woman,Only those who are physically strong can win the heart of a beautiful lady,"To win a fair lady, one must engage in rigorous physical activity to prove worth","<reasoning>The proverb ""Blödes Herz buhlt keine schöne Frau"" or ""Faint heart never won fair lady"" suggests that to win someone's heart, especially a beautiful or desirable person, one must be bold and courageous in their approach. A wrong literal interpretation might involve misunderstanding the phrase's intent, focusing instead on the physical characteristics or actions described. For instance, o",1.0,1.0,2.22,0.91,97.3
a,cot_en,German,MID0609,Böses mit Gutem vergelten,Repay evil with good,Repay evil with good,False,Respond to every evil act with a good deed of equal measure,Reward bad people with good things to make them stop being bad,Trade your evil for someone else's good,Repay evil with good,D,Respond to every evil act with a good deed of equal measure,Reward bad people with good things to make them stop being bad,Trade your evil for someone else's good,"<reasoning>The proverb ""Repay evil with good"" is a moral guideline that encourages individuals to respond to harmful or negative actions with kindness and positivity. However, a literal interpretation might lead to some misunderstanding. For instance, one might think it implies engaging in a direct exchange of actions, where the ""repayment"" is expected to balance out the initial harm. Others might",1.0,1.0,2.58,0.89,96.7
a,cot_en,German,MID0610,Da liegt der Hund begraben,To smell a rat,To smell a rat,False,the dog has found a dead rat,someone has a keen sense of smell for rodents,a rat is giving off a strong odor,To smell a rat,D,the dog has found a dead rat,a rat is giving off a strong odor,someone has a keen sense of smell for rodents,"<reasoning>The phrase ""To smell a rat"" is an idiom that means to suspect that something is wrong or that someone is hiding something. However, if taken literally, it could be interpreted in various incorrect ways. A reader might think it's about actually smelling a rodent, or about a dog finding a buried animal, or about a person having a sensitive nose for rodents. These literal interpretations w",1.0,1.0,2.0,0.87,96.1
a,cot_en,German,MID0611,"Das Auge sieht weit, der Verstand noch weiter",The eye looks but it is the mind that sees,The eye looks but it is the mind that sees,False,The eye and mind are in a seeing contest,The eye looks but it is the mind that sees,The mind has X-ray vision,The eye can see for miles,B,The eye can see for miles,The mind has X-ray vision,The eye and mind are in a seeing contest,"<reasoning>The proverb ""The eye looks but it is the mind that sees"" can be misinterpreted in various literal ways. A reader might think it's about physical vision, comparing the capabilities of the eye to those of the brain. They could assume it's discussing the range of vision or the power of observation, rather than the deeper meaning of perception and understanding. This could lead to incorrect",1.0,1.0,0.67,0.86,95.8
a,cot_en,German,MID0612,Das Bessere ist der Feind des guten,Better is the enemy of good,Better is the enemy of good,False,Better is the enemy of good,Trying to improve something is always bad,Good things are ruined by the existence of better things,Something better always opposes something good,A,Something better always opposes something good,Trying to improve something is always bad,Good things are ruined by the existence of better things,"<reasoning>The proverb ""Better is the enemy of good"" is often misunderstood when taken literally. A reader might think it suggests that something better is always in opposition to something good, or that striving for improvement is inherently bad. They might also interpret it as a warning against trying to improve things, or as a statement that ""better"" and ""good"" are mutually exclusive. However, ",1.0,1.0,1.28,0.88,96.4
a,cot_en,German,MID0613,Das Beste kommt selten hernach,The best is seldom the last,The best is seldom the last,False,The best is seldom the last,The highest quality product is seldom the last one to be released in a series,The most talented performer is rarely the last to go on stage,The best food is never served last at a dinner party,A,The best food is never served last at a dinner party,The most talented performer is rarely the last to go on stage,The highest quality product is seldom the last one to be released in a series,"<reasoning>When interpreting the proverb ""The best is seldom the last"" literally, a reader might misunderstand the phrase to be about the order or timing of events, rather than the quality of experiences or things. They might think it's saying that the best thing never happens at the end of a sequence, or that the last item in a series is rarely the best one. Another possible misinterpretation cou",1.0,1.0,2.11,0.82,94.6
a,cot_en,German,MID0615,Das böse Gewissen verrät sich selbst,A guilty conscience needs no accuser,A guilty conscience needs no accuser,False,A guilty conscience needs no accuser,A person's guilty conscience will physically turn them in,Guilt will always visibly betray someone to others,The conscience is an entity that can accuse people,A,A person's guilty conscience will physically turn them in,The conscience is an entity that can accuse people,Guilt will always visibly betray someone to others,"<reasoning>The proverb ""A guilty conscience needs no accuser"" suggests that when someone has done something wrong, their own feelings of guilt will be enough to make them feel accused or judged, even if no one else knows about their actions. However, a literal reading might misunderstand the phrase. For instance, one might think it implies that someone with a guilty conscience would actively betra",1.0,1.0,1.44,0.96,98.8
a,cot_en,German,MID0616,"Das Eisen schmieden, solange es heiß ist",Strike while the iron is hot,Strike while the iron is hot,False,Strike while the iron is hot,Use iron tools only when they have reached a high temperature,Produce iron only during the hottest part of the day,Physically hit iron with a hammer when it's at its hottest temperature,A,Physically hit iron with a hammer when it's at its hottest temperature,Use iron tools only when they have reached a high temperature,Produce iron only during the hottest part of the day,"<reasoning>The phrase ""Strike while the iron is hot"" is a proverb that means to take advantage of an opportunity while it is still available. However, a literal interpretation might lead to incorrect understandings. For example, one might think it's about physically striking hot iron, perhaps in a blacksmithing context. Another interpretation could involve using hot iron for a specific task, and t",1.0,1.0,1.83,0.86,95.8
a,cot_en,German,MID0617,Das Glück hilft den Kühnen,Fortune favors the bold,Fortune favors the bold,False,Fortune is a physical entity that assists bold people,Fortune can be controlled by being bold,Fortune favors the bold,Bold individuals have a supernatural advantage over others,C,Fortune is a physical entity that assists bold people,Bold individuals have a supernatural advantage over others,Fortune can be controlled by being bold,"<reasoning>When interpreting the proverb ""Fortune favors the bold"" literally, a reader might misunderstand the figurative language and think it's suggesting that fortune has a physical presence that actively assists or supports those who are bold. This could lead to incorrect interpretations such as fortune being a physical entity that helps bold individuals, bold people having a magical or supern",1.0,1.0,2.0,0.88,96.4
a,cot_en,German,MID0618,Das Herz lügt nicht,The heart does not lie,The heart does not lie,False,Emotional responses are physiologically infallible,Cardiac monitors always show the truth,The heart does not lie,The heart as an organ can detect lies,C,The heart as an organ can detect lies,Cardiac monitors always show the truth,Emotional responses are physiologically infallible,"<reasoning>The proverb ""The heart does not lie"" is an idiomatic expression that means one's true feelings or intuition are reliable. However, a literal reading might lead to incorrect interpretations. For instance, one might think it refers to the physical heart, or the concept of heart in a medical sense, rather than the emotional or metaphorical sense. This could lead to misunderstandings about ",1.0,1.0,1.27,0.97,99.1
a,cot_en,German,MID0619,Das Kind mit dem Bade ausschütten,Don't throw out the child with the bath water,Don't throw out the child with the bath water,False,Dispose of the entire bathtub if a child has been bathed in it,Don't throw out the child with the bath water,Be careful not to accidentally drop the baby while pouring out the bath water,Always bathe children in a separate tub to avoid accidents,B,Be careful not to accidentally drop the baby while pouring out the bath water,Always bathe children in a separate tub to avoid accidents,Dispose of the entire bathtub if a child has been bathed in it,"<reasoning>The proverb ""Don't throw out the child with the bath water"" is a warning against rejecting something valuable in the process of getting rid of something unwanted. A literal reading might lead to misunderstandings, such as actually discarding a child during bathing, being overly cautious when bathing children, or taking drastic measures to avoid accidents during bath time. These interpre",1.0,1.0,1.37,0.94,98.2
a,cot_en,German,MID0620,"Das Pferd stirbt oft, ehe das Gras wächst",While the grass grows the steed starves,While the grass grows the steed starves,False,Horses often die before they can eat the grass that has grown,While the grass grows the steed starves,Grass grows faster than horses can be fed,Horses starve because they have to wait for grass to grow before they can eat,B,Horses often die before they can eat the grass that has grown,Grass grows faster than horses can be fed,Horses starve because they have to wait for grass to grow before they can eat,"<reasoning>The proverb ""Das Pferd stirbt oft, ehe das Gras wächst"" or ""While the grass grows the steed starves"" in English, is a metaphorical expression that warns about the consequences of waiting too long for something to happen or for a situation to improve. A literal interpretation might misunderstand the actual message and focus on the physical aspects described. For instance, one might think",1.0,1.0,1.67,0.78,93.4
a,cot_en,German,MID0621,Das Weib ist des Mannes größtes Glück oder Unglück,Choose a wife rather by your ear than your eye,Choose a wife rather by your ear than your eye,False,Pick a spouse based on their music taste,Marry someone with a soothing voice,Select a partner who listens well,Choose a wife rather by your ear than your eye,D,Marry someone with a soothing voice,Select a partner who listens well,Pick a spouse based on their music taste,"<reasoning>The given German proverb ""Das Weib ist des Mannes größtes Glück oder Unglück"" translates to ""The wife is the man's greatest happiness or misfortune"" in English, while the provided English translation ""Choose a wife rather by your ear than your eye"" suggests selecting a partner based on how they speak or the sound of their voice rather than their physical appearance. A literal interpreta",1.0,1.0,0.67,0.92,97.6
a,cot_en,German,MID0622,"Das Wort verhallt, die Schrift bleibt",Paper is forbearing,Paper is forbearing,False,Paper never tears,Paper has a lot of patience,Paper is forbearing,Paper is a soundproof material,C,Paper is a soundproof material,Paper has a lot of patience,Paper never tears,"<reasoning>The proverb ""Das Wort verhallt, die Schrift bleibt"" translates to ""The word fades away, the writing remains"" or more naturally in English as ""Paper is forbearing"" or ""The spoken word fades away, but the written word remains"". A literal reading might misunderstand the metaphorical intent behind the words. For instance, one might think it's about the physical properties of sound and writi",1.0,0.6666666666666666,1.56,0.84,85.2
a,cot_en,German,MID0623,"Die zeiten änder sich, und wir ändern uns in ihnen",Times change and we are changed with them,Times change and we are changed with them,False,Times change and we are changed with them,We physically move to different time zones,We are transformed by our surroundings,Our bodies change with the seasons,A,We physically move to different time zones,Our bodies change with the seasons,We are transformed by our surroundings,"<reasoning>The proverb ""Times change and we are changed with them"" is likely to be misinterpreted by readers who take it too literally. They might think it's talking about actual time, as in clocks and calendars, or physical locations and environments, rather than societal trends and cultural shifts. Some readers might assume it's about personal physical transformation, like aging or changing one'",1.0,1.0,0.79,0.94,98.2
a,cot_en,German,MID0624,Deine Wäsche wasche zu Hause,Don't wash your dirty linen in public,Don't wash your dirty linen in public,False,Don't wash your dirty linen in public,avoid washing visibly soiled clothes in public,do not do laundry outside your house,keep all laundry activities inside your home,A,do not do laundry outside your house,avoid washing visibly soiled clothes in public,keep all laundry activities inside your home,"<reasoning>The proverb ""Don't wash your dirty linen in public"" is a common English idiom that means to avoid discussing private or personal matters in public. However, if taken literally, it could be interpreted in various incorrect ways. A literal reading might lead one to think it's about laundry, public decency, or hygiene. For instance, one might assume it's advising against doing laundry outs",1.0,1.0,1.0,0.94,98.2
a,cot_en,German,MID0625,"Dem Beichtwater, Arzt unt Advokaten darf man nichts verschweigen","Hide nothing from thy minister, physician and lawyer","Hide nothing from thy minister, physician and lawyer",False,Share all your medical history with any doctor you meet,Always tell your minister every detail about your life,"Hide nothing from thy minister, physician and lawyer",Reveal all your legal issues to every lawyer you consult,C,Always tell your minister every detail about your life,Share all your medical history with any doctor you meet,Reveal all your legal issues to every lawyer you consult,"<reasoning>The proverb ""Dem Beichtwater, Arzt unt Advokaten darf man nichts verschweigen"" or ""Hide nothing from thy minister, physician and lawyer"" suggests that one should be completely honest with these professionals. However, a literal and incorrect interpretation might lead one to believe that this honesty is absolute and without boundaries, even in situations where it's not necessary or appro",1.0,1.0,1.21,0.88,96.4
a,cot_en,German,MID0626,"Dem Hahn, der zu früh kräht, dreht man den Hals um",A cock that crows too early gets a twisted neck,A cock that crows too early gets a twisted neck,False,A cock that crows too early gets a twisted neck,Roosters that crow too early are more prone to neck injuries,Farmers perform a specific procedure to twist the necks of roosters that crow prematurely,The rooster's vocal cords are damaged from crowing too early,A,The rooster's vocal cords are damaged from crowing too early,Farmers perform a specific procedure to twist the necks of roosters that crow prematurely,Roosters that crow too early are more prone to neck injuries,"<reasoning>The proverb suggests that taking action too early or being overly eager can lead to negative consequences. A literal reading might misunderstand the metaphorical crowing of the cock, which represents premature action or boasting, and instead focus on the physical act of a rooster making noise too early in the morning. This could lead to interpretations that are focused on the physical w",1.0,1.0,1.17,0.87,96.1
a,cot_en,German,MID0627,Der Amboss erschrickt vor dem Hammer nicht,A good anvil does not fear the hammer,A good anvil does not fear the hammer,False,Anvils have a sixth sense to predict hammer strikes,Anvils are always heavier than hammers,Anvils are made of a material that hammers cannot dent,A good anvil does not fear the hammer,D,Anvils are made of a material that hammers cannot dent,Anvils have a sixth sense to predict hammer strikes,Anvils are always heavier than hammers,"<reasoning>The proverb ""A good anvil does not fear the hammer"" can be misinterpreted in various ways if taken literally. One might think it's about the physical properties of an anvil, how it's made, or its reactions to being hit. Another misunderstanding could be about the anvil's emotional state or its ability to predict when a hammer will strike. A third incorrect interpretation might involve t",1.0,1.0,1.04,0.86,95.8
a,cot_en,German,MID0628,Der Fisch stinkt vom Kopf her,A fish stinks from the head,A fish stinks from the head,False,The head of a fish is more prone to decay than its body,Fish release a chemical from their heads that attracts other fish when they die,Fish have a unique organ in their head that produces a strong smell,A fish stinks from the head,D,Fish have a unique organ in their head that produces a strong smell,The head of a fish is more prone to decay than its body,Fish release a chemical from their heads that attracts other fish when they die,"<reasoning>The proverb ""A fish stinks from the head"" is a metaphorical expression that suggests corruption or problems start at the top level of an organization or system. However, a literal interpretation might lead to incorrect conclusions. A reader might think the phrase is discussing the anatomy of a fish, focusing on where the smell originates, possibly due to the fish's diet, environment, or",1.0,1.0,2.22,0.86,95.8
a,cot_en,German,MID0629,"Der Geizige ist keinem gut, ihm selbst der Ärgste",The covetous man is good to none and worst to himself,The covetous man is good to none and worst to himself,False,The covetous man is in a constant fight with everyone around him,The covetous man physically hurts everyone,The covetous man is good to none and worst to himself,The covetous man gives no money to anyone including himself,C,The covetous man physically hurts everyone,The covetous man gives no money to anyone including himself,The covetous man is in a constant fight with everyone around him,"<reasoning>The proverb suggests that a covetous person's greed brings harm not only to others but also to themselves. However, a literal interpretation might mislead one to think of physical harm or direct negative actions towards oneself or others, rather than the metaphorical harm caused by greed. A wrong literal reading might assume the phrase is discussing physical self-harm, financial transac",1.0,1.0,0.85,0.78,93.4
a,cot_en,German,MID0630,"Der Gesunde weiß nicht, wie reich er ist",Health is wealth,Health is wealth,False,Hospitals give money to their healthy patients,Health is wealth,Wealthy people are always healthy,A healthy person has a secret bank account,B,A healthy person has a secret bank account,Wealthy people are always healthy,Hospitals give money to their healthy patients,"<reasoning>The proverb ""Health is wealth"" can be misinterpreted in various literal ways. A reader might think it implies that healthy individuals have a hidden wealth or riches they are unaware of, or that there is a direct financial correlation between being healthy and being wealthy. They might also consider it to mean that health is a physical object or commodity that can be stored or accumulat",1.0,1.0,2.22,0.91,97.3
a,cot_en,German,MID0631,Alein ist besser als mit Schlechten im Verein,Better to be alone than in bad company,Better to be alone than in bad company,False,Refuse to join any social club or organization,Better to be alone than in bad company,Never get married because it involves being with someone,Always reject job offers that require teamwork,B,Always reject job offers that require teamwork,Never get married because it involves being with someone,Refuse to join any social club or organization,"<reasoning>When considering the proverb ""Alein ist besser als mit Schlechten im Verein"" or its English translation ""Better to be alone than in bad company"", a literal interpretation might lead a reader to misunderstand the figurative advice it conveys. The phrase is cautioning against the negative influences and consequences of associating with people of poor character or morals. However, if taken",1.0,1.0,1.0,1.0,100.0
a,cot_en,German,MID0632,Aller guten Dinge sind drei,All good things come in threes,All good things come in threes,False,all groups of three things are good,everything good must come in sets of exactly three,every third event will be positive,All good things come in threes,D,everything good must come in sets of exactly three,all groups of three things are good,every third event will be positive,"<reasoning>The proverb ""All good things come in threes"" can be misinterpreted in various ways. A literal reading might lead one to believe that the phrase is suggesting a numerical limitation or a specific pattern for good things. This could lead to incorrect conclusions such as: everything good must come in a set of three and no more, or all sets of three are inherently good, or any grouping of t",1.0,1.0,1.22,0.92,97.6
a,cot_en,German,MID0633,Alles ist seinen Preis wert,Everything is worth its price,Everything is worth its price,False,All things can be bought if you pay enough,Every item has a price tag,The value of something is determined solely by its cost,Everything is worth its price,D,Every item has a price tag,All things can be bought if you pay enough,The value of something is determined solely by its cost,"<reasoning>The proverb ""Alles ist seinen Preis wert"" or ""Everything is worth its price"" can be misinterpreted in various ways. A literal reading might lead one to believe that every object or service has a specific monetary value assigned to it, regardless of its actual worth or the context. Another misinterpretation could be that everything, no matter how insignificant or harmful, has a price tha",1.0,1.0,1.67,1.0,100.0
a,cot_en,German,MID0634,Alles zu seiner Zeit,Everything in its season,Everything in its season,False,scheduling daily tasks by the exact hour,Everything in its season,completing all yearly goals within a calendar year,planting crops only in their respective seasons,B,planting crops only in their respective seasons,scheduling daily tasks by the exact hour,completing all yearly goals within a calendar year,"<reasoning>When interpreting the proverb ""Alles zu seiner Zeit"" or ""Everything in its season"" literally, a reader might misunderstand the intended meaning, which is about the timing and appropriateness of actions or events. Wrong literal readings could involve misinterpreting ""season"" to mean only periods of the year, taking ""everything"" to include inanimate objects or tasks without considering co",1.0,1.0,1.83,1.0,100.0
a,cot_en,German,MID0635,Alte Füchse gehen schwer in die Falle,An old fox understands a trap,An old fox understands a trap,False,Old foxes have a physical condition that prevents them from entering traps,Old foxes are physically too large to fit into traps,Traps are not effective against old foxes due to their age-related behavior,An old fox understands a trap,D,Old foxes are physically too large to fit into traps,Old foxes have a physical condition that prevents them from entering traps,Traps are not effective against old foxes due to their age-related behavior,"<reasoning>The proverb ""Alte Füchse gehen schwer in die Falle"" is an idiomatic expression that means experienced people are harder to deceive. A literal reading might misinterpret the phrase, focusing on the physical aspects or behaviors of old foxes rather than the metaphorical meaning. For instance, one might think it's about the physical difficulty of capturing an old fox, the tendency of old f",1.0,1.0,1.89,0.8,94.0
a,cot_en,German,MID0636,"Alte soll man ehren, Junge soll man lehren",Gray hairs are honorable; one should honor the old and teach the young,Gray hairs are honorable; one should honor the old and teach the young,False,Young people can only be taught by old people,One should only honor people with gray hair,Gray hairs are honorable; one should honor the old and teach the young,Old people should be separated from young people,C,One should only honor people with gray hair,Old people should be separated from young people,Young people can only be taught by old people,"<reasoning>The proverb 'Alte soll man ehren, Junge soll man lehren' is often misunderstood when taken literally. A wrong literal reading might assume it's about the physical appearance of gray hair, rather than the life experience and age it symbolizes. Another misinterpretation could be that it implies a strict division in societal roles based on age, rather than emphasizing respect and education",1.0,1.0,0.64,0.78,93.4
a,cot_en,German,MID0638,"Andere Länder, andere Sitten","Other countries, other customs","Other countries, other customs",False,Different nations have varying numbers of customs,Traveling to other countries will automatically change your customs,The geography of a country determines its customs,"Other countries, other customs",D,Different nations have varying numbers of customs,Traveling to other countries will automatically change your customs,The geography of a country determines its customs,"<reasoning>The proverb ""Other countries, other customs"" is often misunderstood when taken literally. A reader might think it implies a comparison of geographical locations and their respective laws or traditions, rather than understanding it as a figure of speech that emphasizes cultural differences and adaptability. Some might interpret it as a suggestion to change one's behavior drastically when",1.0,1.0,2.0,0.91,97.3
a,cot_en,German,MID0703,Barmherzigkeit fängt zu Hause an,Charity begins at home,Charity begins at home,False,you must start a charity organization in your house,you can only give money to family members living with you,Charity begins at home,charity is about home renovation,C,charity is about home renovation,you must start a charity organization in your house,you can only give money to family members living with you,"<reasoning>The proverb ""Charity begins at home"" suggests that one should prioritize the well-being of their family and loved ones before extending kindness to others. However, a literal interpretation might lead to misunderstandings. For instance, one might think it implies that charity is limited to the home, or that it's about physical construction or renovation. These interpretations are misgui",1.0,1.0,2.08,0.96,98.8
a,cot_en,German,MID0729,"Die Zeiten ändern sich, und wir ändern uns in ihnen",Times change and we are changed with them,Times change and we are changed with them,False,We physically transform like objects over time,We move locations as time changes,Time's passage directly alters our physical bodies,Times change and we are changed with them,D,We physically transform like objects over time,We move locations as time changes,Time's passage directly alters our physical bodies,"<reasoning>The proverb ""Times change and we are changed with them"" can be misinterpreted in various ways if taken literally. One might think it's about physical transformations, another might consider it as a commentary on time itself, and a third might view it as a statement about human physical movement in relation to time. For instance, someone could literally interpret ""we are changed with the",1.0,1.0,0.83,0.94,98.2
a,cot_en,German,MID0732,Klappe zu. Affe tot.,Mouth shut. Monkey dead.,Mouth shut. Monkey dead.,False,The monkey will die if you close your mouth,A monkey named Mouth needs to be shut to be dead,Mouth shut. Monkey dead.,Shutting your mouth is necessary to kill a monkey,C,The monkey will die if you close your mouth,Shutting your mouth is necessary to kill a monkey,A monkey named Mouth needs to be shut to be dead,"<reasoning>The proverb ""Klappe zu. Affe tot"" or ""Mouth shut. Monkey dead"" in English is an idiomatic expression that means to keep quiet to avoid trouble or danger. However, a literal reading could lead to misinterpretations. A reader might think it's about an actual monkey dying when someone closes their mouth, or it could be about silencing someone named Monkey, or perhaps it refers to a toy or ",1.0,1.0,2.42,0.8,94.0
a,cot_en,German,MID0734,Schwein gehabt,Pig had,Pig had,False,I previously owned a pig,I had pork for dinner,I encountered a pig on my way,Pig had,D,I previously owned a pig,I had pork for dinner,I encountered a pig on my way,"<reasoning>The German proverb ""Schwein gehabt"" translates to ""Pig had"" in English. A literal reading might lead one to think about a past action involving a pig, rather than understanding the idiomatic expression. A reader might mistakenly assume it's about owning or encountering a pig, rather than the actual meaning related to luck. Thus, plausible but incorrect literal interpretations could invo",1.0,1.0,2.83,0.82,94.6
a,cot_en,German,MID0735,Jemanden etwas aus der Nase ziehen,To pull something out of someone’s nose,To pull something out of someone’s nose,False,To pull something out of someone’s nose,using a tool to pull out a foreign body from the nasal passage,performing a medical procedure to extract mucus,forcibly removing an object stuck in someone's nose,A,forcibly removing an object stuck in someone's nose,performing a medical procedure to extract mucus,using a tool to pull out a foreign body from the nasal passage,"<reasoning>The proverb ""To pull something out of someone's nose"" can be misinterpreted in various literal ways, considering the physical action described. A reader might think it involves actual physical force or medical procedures on the nose. They might imagine scenarios where items or substances are being extracted from the nasal cavity, which could range from retrieving objects that have been ",1.0,1.0,1.33,0.96,98.8
a,cot_en,German,MID0736,Blau sein,To be blue,To be blue,False,being surrounded by blue objects,wearing blue clothes,To be blue,having blue skin,C,having blue skin,wearing blue clothes,being surrounded by blue objects,"<reasoning>The German proverb ""Blau sein"" translates to ""To be blue"" in English. A literal reading might lead one to think of physical or visual attributes associated with the color blue, rather than its idiomatic meaning. A reader might jump to conclusions such as having blue skin or clothes, being surrounded by blue objects, or having a blue-colored mood ring. These interpretations are wrong bec",1.0,0.3333333333333333,1.22,0.84,75.2
a,cot_en,German,MID0737,Nicht mehr alle Tassen im Schrank haben,To not have all the cups in the cupboard,To not have all the cups in the cupboard,False,To not have all the cups in the cupboard,The person prefers to store cups in a different location,The person has misplaced some of their dishes,The cupboard is too small for the cups,A,The person has misplaced some of their dishes,The cupboard is too small for the cups,The person prefers to store cups in a different location,"<reasoning>The proverb ""Nicht mehr alle Tassen im Schrank haben"" or ""To not have all the cups in the cupboard"" is an idiomatic expression that means someone is crazy or has lost their mind. A literal reading might lead a person to think it's about actual cups in a cupboard. They might imagine a person who has misplaced some of their dishes, or someone who is disorganized with their tableware. Anot",1.0,1.0,0.96,0.89,96.7
a,cot_en,German,MID0738,Da wird ja der Hund in der Pfanne verrückt!,That will make the dog in the pan crazy!,That will make the dog in the pan crazy!,False,That will make the dog in the pan crazy!,A dog has been placed in a pan and is going insane from the confinement,The dog is being cooked in the pan and the heat is driving it crazy,The pan is so dirty or smelly that it is irritating the dog to the point of madness,A,The dog is being cooked in the pan and the heat is driving it crazy,A dog has been placed in a pan and is going insane from the confinement,The pan is so dirty or smelly that it is irritating the dog to the point of madness,"<reasoning>The given proverb is a German idiom, and when translated to English, it says ""That will make the dog in the pan crazy!"" A literal interpretation of this phrase might lead a reader to think of actual scenarios involving a dog and a pan, rather than understanding the idiomatic meaning. This could result in misinterpretations such as the dog being in a pan and reacting to something, or the",1.0,1.0,1.78,0.77,93.1
a,cot_en,German,MID0739,Einen Vogel haben,To have a bird,To have a bird,False,capturing a bird in a trap,having a pet bird,To have a bird,possessing a bird for food,C,having a pet bird,possessing a bird for food,capturing a bird in a trap,"<reasoning>The proverb ""Einen Vogel haben"" or ""To have a bird"" in English, is an idiomatic expression that doesn't mean literally possessing a bird. A reader might jump to wrong literal readings because they are not familiar with the idiom, or they interpret it based on the direct translation of the words, rather than understanding the cultural or contextual meaning behind it. For example, they mi",1.0,0.6666666666666666,1.25,0.73,81.9
a,cot_en,German,MID0740,"Friede, Freude, Eierkuchen","Peace, joy, pancake","Peace, joy, pancake",False,Pancakes are the key to world peace,"Peace, joy, pancake",Eating pancakes brings inner joy and peace,A peace and joy pancake is a new dessert trend,B,Pancakes are the key to world peace,Eating pancakes brings inner joy and peace,A peace and joy pancake is a new dessert trend,"<reasoning>The proverb ""Friede, Freude, Eierkuchen"" or ""Peace, joy, pancake"" in English, is an idiomatic expression that doesn't literally mean the combination of peace, joy, and a type of food like pancake. A literal interpretation could lead to misunderstandings. For instance, one might think it's about achieving inner peace and happiness by eating pancakes, or that pancakes are a key to world p",1.0,1.0,2.67,0.85,95.5
a,cot_en,German,MID0741,Eine Extrawurst haben,To have an extra sausage,To have an extra sausage,False,finding an extra sausage in the fridge,receiving an extra sausage as a gift,having an extra sausage at a barbecue,To have an extra sausage,D,having an extra sausage at a barbecue,finding an extra sausage in the fridge,receiving an extra sausage as a gift,"<reasoning>The German proverb ""Eine Extrawurst haben"" translates to ""To have an extra sausage"" in English. A literal reading might lead one to think of actual sausages, possibly in a culinary or dining context. A wrong literal interpretation could involve unusual sausage-related scenarios. For instance, one might imagine having an extra sausage at a barbecue, finding an extra sausage in one's frid",1.0,1.0,1.4,0.68,90.4
a,cot_en,German,MID0742,Seinen Senf dazugeben,To give his mustard,To give his mustard,False,To give his mustard,adding a spoonful of mustard to a recipe,using mustard as a key ingredient in a new sauce,bringing a bottle of mustard to a dinner party,A,bringing a bottle of mustard to a dinner party,adding a spoonful of mustard to a recipe,using mustard as a key ingredient in a new sauce,"<reasoning>The phrase ""Seinen Senf dazugeben"" or ""To give his mustard"" can be misinterpreted in a literal sense, leading to incorrect understandings. A reader might think it's about adding a condiment, like in a recipe or a meal, rather than understanding its idiomatic meaning related to contributing one's opinion or comment. This could lead to interpretations such as bringing mustard to an event,",1.0,1.0,2.25,0.79,93.7
a,cot_en,German,MID0744,Eine beleidigte Leberwurst zu spielen,To play the offended liver sausage,To play the offended liver sausage,False,using a liver sausage as a game piece to represent an offended character,acting like an offended liver sausage in a play,apologizing to a liver sausage for offending it,To play the offended liver sausage,D,acting like an offended liver sausage in a play,apologizing to a liver sausage for offending it,using a liver sausage as a game piece to represent an offended character,"<reasoning>When a reader encounters the proverb ""To play the offended liver sausage,"" they might interpret it literally, leading to some confusing and amusing conclusions. One might think it involves actually playing a role, perhaps in a theatrical sense, where someone is pretending to be an offended liver sausage. Another interpretation could be that it's about treating a liver sausage as if it w",1.0,1.0,1.67,0.74,92.2
a,cot_en,German,MID0745,Ich verstehe nur Bahnhof,I only understand train station,I only understand train station,False,I can only understand people who work at train stations,I only comprehend announcements made at train stations,I only know how to get to the train station,I only understand train station,D,I can only understand people who work at train stations,I only know how to get to the train station,I only comprehend announcements made at train stations,"<reasoning>The proverb ""Ich verstehe nur Bahnhof"" is an idiomatic expression that means the speaker doesn't understand what's being said, similar to ""it's all Greek to me."" However, a literal interpretation might lead to incorrect conclusions. For instance, one might think the speaker is talking about their knowledge of train stations, their ability to navigate them, or their understanding of trai",1.0,1.0,1.87,0.74,92.2
a,cot_en,German,MID0746,Butter bei die Fische,Butter at the fishes,Butter at the fishes,False,using butter to lure fish,putting butter on fish to cook them,studying how fish react to butter,Butter at the fishes,D,putting butter on fish to cook them,using butter to lure fish,studying how fish react to butter,"<reasoning>The proverb ""Butter bei die Fische"" or ""Butter at the fishes"" in English is likely to be misinterpreted literally by a reader who doesn't understand its idiomatic meaning. The phrase might lead one to think about putting butter on fish for cooking or another unrelated activity involving butter and fish. The literal interpretations could range from a misunderstanding of the phrase as an ",1.0,1.0,1.5,0.66,89.8
a,cot_en,German,MID0747,Die besten Schwimmer ertrinken,The best swimmers drown,The best swimmers drown,False,The best swimmers drown,Expert swimmers take unnecessary risks,The best swimmers are more accident-prone,Superior swimming skills increase the risk of drowning,A,The best swimmers are more accident-prone,Expert swimmers take unnecessary risks,Superior swimming skills increase the risk of drowning,"<reasoning>The proverb ""The best swimmers drown"" could be misinterpreted by a literal reading, leading to incorrect conclusions. A reader might think that the statement is about the physical act of swimming and the likelihood of drowning, rather than its figurative meaning about overconfidence or unexpected failures. This could lead to misunderstandings such as: the best swimmers are more prone to",1.0,1.0,1.58,0.94,98.2
a,cot_en,German,MID0752,Aus einem Stein ist schwer Öl pressen,It’s hard to press oil out of a stone,It’s hard to press oil out of a stone,False,investing time and effort into squeezing oil from granite or marble,It’s hard to press oil out of a stone,attempting to extract petroleum from rocks,using a stone to crush olives for oil production,B,attempting to extract petroleum from rocks,using a stone to crush olives for oil production,investing time and effort into squeezing oil from granite or marble,"<reasoning>The proverb ""It’s hard to press oil out of a stone"" is a metaphorical expression that means it's difficult to get something from someone or something that is not willing to give. However, a literal interpretation might lead to some misunderstandings. A wrong literal reading of this proverb might assume that the phrase is talking about the actual process of extracting oil from a stone, w",1.0,1.0,0.96,0.94,98.2
a,cot_en,German,MID0755,Die Arznei ist oft ärger als das Übel,The drug is often worse than the disease,The drug is often worse than the disease,False,The drug is often worse than the disease,All medicines are poisonous,Medications always have worse side effects than the illness itself,Diseases are never serious,A,All medicines are poisonous,Diseases are never serious,Medications always have worse side effects than the illness itself,"<reasoning>The proverb ""The drug is often worse than the disease"" is a common saying that means the solution to a problem can sometimes cause more harm than the problem itself. However, a literal interpretation might lead a reader to misunderstand the intended meaning. For example, they might think it's saying that medications are always harmful, or that diseases are not as bad as the treatments f",1.0,0.3333333333333333,0.75,0.95,78.5
a,cot_en,German,MID0756,Der Ertrinkende greift nach einem Strohhalm,The drowning man reaches for the drinking straw,The drowning man reaches for the drinking straw,False,The drowning man reaches for the drinking straw,The drowning man thinks the straw can hold his weight,The man believes the straw can provide him with air underwater,The man is thirsty and wants to drink through the straw,A,The man is thirsty and wants to drink through the straw,The drowning man thinks the straw can hold his weight,The man believes the straw can provide him with air underwater,"<reasoning>The German proverb ""Der Ertrinkende greift nach einem Strohhalm"" translates to ""The drowning man reaches for the drinking straw"" in English. A literal reading might lead one to think of a person who is actually drowning and reaching for a physical object like a straw to breathe or drink from, rather than understanding the proverbial meaning of clinging to any hope, no matter how small. ",1.0,1.0,1.33,0.79,93.7
a,cot_en,German,MID0757,"Gesunder Mann, reicher Mann",A healthy man is a rich man,A healthy man is a rich man,False,A healthy man is a rich man,All healthy individuals are automatically financially rich,Having a lot of money is the direct result of being healthy,Only wealthy people can achieve good health,A,Having a lot of money is the direct result of being healthy,Only wealthy people can achieve good health,All healthy individuals are automatically financially rich,"<reasoning>The proverb ""Gesunder Mann, reicher Mann"" or ""A healthy man is a rich man"" is a saying that implies being healthy is a form of wealth. However, a literal interpretation might lead to incorrect conclusions. For instance, one might think that being healthy automatically increases one's bank account or material possessions, which is not the intended meaning. Another misunderstanding could ",1.0,1.0,1.24,0.98,99.4
a,cot_en,German,MID0758,Den Teufel nicht an die Wand malen,Do not paint the devil on the wall,Do not paint the devil on the wall,False,painting a picture of the devil on a wall as a form of art,decorating a wall with devil images for a party,Do not paint the devil on the wall,marking a wall to summon the devil,C,painting a picture of the devil on a wall as a form of art,marking a wall to summon the devil,decorating a wall with devil images for a party,"<reasoning>When interpreting the proverb ""Den Teufel nicht an die Wand malen"" or ""Do not paint the devil on the wall"" literally, a reader might misunderstand the intended meaning, which is to avoid anticipating or worrying about the worst possible outcome. A wrong literal reading could involve actual painting, the physical presence of the devil, or the action of painting as an activity related to ",1.0,1.0,1.25,0.76,92.8
a,cot_en,German,MID0759,"Alles hat ein Ende, nur die Wurst hat zwei","Everything has an end, only the sausage has two","Everything has an end, only the sausage has two",False,The number of ends an object has is directly related to its edible status,"Everything has an end, only the sausage has two",Sausages are the only objects with more than one endpoint,All objects except sausages are infinite,B,All objects except sausages are infinite,Sausages are the only objects with more than one endpoint,The number of ends an object has is directly related to its edible status,"<reasoning>The proverb ""Alles hat ein Ende, nur die Wurst hat zwei"" is a play on words, using the double meaning of ""Ende"" (end) and the fact that a sausage has two ends. A literal interpretation might overlook the wordplay and consider the phrase as a serious statement about objects having ends. Here are three plausible but incorrect literal interpretations:</reasoning>
[""All objects except sausa",1.0,1.0,1.11,0.91,97.3
a,cot_en,German,MID0760,Morgenstund hat Gold im Mund,The morning hour has gold in its mouth,The morning hour has gold in its mouth,False,The morning hour has gold in its mouth,there is a hidden treasure of gold that can only be found in the morning,people's mouths produce gold when they wake up,the morning air contains gold particles,A,the morning air contains gold particles,people's mouths produce gold when they wake up,there is a hidden treasure of gold that can only be found in the morning,"<reasoning>The proverb ""Morgenstund hat Gold im Mund"" or ""The morning hour has gold in its mouth"" is a German idiom that suggests the early morning is the most valuable or productive time of day. A literal reading could lead to misunderstandings, such as thinking that the morning itself has physical properties or that there's an expectation of finding actual gold. Wrong interpretations might arise",1.0,1.0,1.21,0.9,97.0
a,cot_en,German,MID0764,Du siehst den Wald lauter Bäumen nicht,You do not see the forest for the trees,You do not see the forest for the trees,False,You do not see the forest for the trees,The trees are of a type that obscures the view of the forest,The forest is hidden behind a wall of trees,The trees are too dense to see the forest,A,The trees are too dense to see the forest,The forest is hidden behind a wall of trees,The trees are of a type that obscures the view of the forest,"<reasoning>The proverb ""You do not see the forest for the trees"" is often misunderstood literally. A wrong literal reading might assume the phrase is discussing the visibility of the forest due to the density of the trees, rather than its figurative meaning of being overwhelmed by details. Another interpretation could be that it's about the quality or type of trees blocking one's view of the fores",1.0,1.0,1.15,0.71,91.3
a,cot_en,German,MID0765,Kümmere dich nicht um ungelegte Eier,Don't count your chickens before they hatch,Don't count your chickens before they hatch,False,Ignore the potential of unhatched eggs in your possession,Do not worry about eggs that have not been laid yet,Don't count your chickens before they hatch,Neglect the care of unborn chicken embryos,C,Do not worry about eggs that have not been laid yet,Neglect the care of unborn chicken embryos,Ignore the potential of unhatched eggs in your possession,"<reasoning>The proverb ""Kümmere dich nicht um ungelegte Eier"" or ""Don't count your chickens before they hatch"" is warning against assuming something will happen or that you will receive something before it has actually happened. A literal reading might miss the idiomatic meaning and lead to misinterpretations such as not taking care of potential future problems, ignoring the need to protect unborn",1.0,1.0,1.29,0.93,97.9
a,cot_en,German,MID0766,"Lebe wie du kannst, nicht wie du willst","Live as you can, not as you want","Live as you can, not as you want",False,Settle for a mediocre life because it's what you can currently achieve,Never chase your dreams if they seem impossible,"Live as you can, not as you want",Live in poverty if you cannot afford luxury,C,Live in poverty if you cannot afford luxury,Never chase your dreams if they seem impossible,Settle for a mediocre life because it's what you can currently achieve,"<reasoning>When translating the German proverb ""Lebe wie du kannst, nicht wie du willst"" to English as ""Live as you can, not as you want"", a literal reading might misunderstand the intent behind the phrase. The phrase is advising individuals to live within their means and capabilities rather than striving for something they desire but cannot achieve. However, a wrong literal interpretation might l",1.0,1.0,1.17,0.96,98.8
