task,strategy,language,sample_id,source_proverb,proverb_en,correct_meaning,cultural_context_available,Choice_A,Choice_B,Choice_C,Choice_D,Answer,distractor_1,distractor_2,distractor_3,raw_response,parse,complete,len_r,distinct,quality
b,cot_xl,German,MID0001,Aller Anfang ist schwer,All beginnings are difficult,Starting something new is always the hardest part — perseverance is key.,True,"You should avoid starting anything new, as it's a sign that you're struggling with your current life.","The more time you spend doing something, the harder it gets.",Starting something new is always the hardest part — perseverance is key.,The only reason beginnings are difficult is because you're not born with the necessary skills.,C,"The more time you spend doing something, the harder it gets.",The only reason beginnings are difficult is because you're not born with the necessary skills.,"You should avoid starting anything new, as it's a sign that you're struggling with your current life.","[""The more time you spend doing something, the harder it gets."",
""The only reason beginnings are difficult is because you're not born with the necessary skills."",
""You should avoid starting anything new, as it's a sign that you're struggling with your current life.""]",1.0,1.0,1.19,0.95,98.5
b,cot_xl,German,MID0002,Der Apfel fällt nicht weit vom Stamm,The apple does not fall far from the tree,"Children often resemble their parents in character, behavior, or talents.",True,It's a metaphor for the limited range of a bird's flight.,It's a warning against eating apples that are too ripe.,It's a description of a tree's ability to grow in close proximity to its parent.,"Children often resemble their parents in character, behavior, or talents.",D,It's a warning against eating apples that are too ripe.,It's a description of a tree's ability to grow in close proximity to its parent.,It's a metaphor for the limited range of a bird's flight.,"[""It's a warning against eating apples that are too ripe."", ""It's a description of a tree's ability to grow in close proximity to its parent."", ""It's a metaphor for the limited range of a bird's flight.""]",1.0,1.0,1.2,0.88,96.4
b,cot_xl,German,MID0003,Besser spät als nie,Better late than never,It's better to do something (even delayed) than never do it at all.,True,"In some contexts, being late is a sign of respect and allows for a more thoughtful consideration of actions.",It's better to arrive at one's destination later than to arrive early and risk being seen as a perfectionist.,It's better to do something (even delayed) than never do it at all.,The quality of a late effort is often more impressive than any early attempt.,C,It's better to arrive at one's destination later than to arrive early and risk being seen as a perfectionist.,The quality of a late effort is often more impressive than any early attempt.,"In some contexts, being late is a sign of respect and allows for a more thoughtful consideration of actions.","[""It's better to arrive at one's destination later than to arrive early and risk being seen as a perfectionist."", ""The quality of a late effort is often more impressive than any early attempt."", ""In some contexts, being late is a sign of respect and allows for a more thoughtful consideration of actions.""]",1.0,1.0,1.33,0.87,96.1
b,cot_xl,German,MID0004,Der frühe Vogel fängt den Wurm,The early bird catches the worm,Diligence and starting early bring success and advantages.,True,Diligence and starting early bring success and advantages.,"The proverb suggests that birds are only capable of achieving success if they catch a specific type of worm, making the phrase highly specific.","The early bird must be a bird that eats worms, possibly making it a carnivore.","In some cultures, it's believed that the early bird is only successful because it gets access to the worm's secret knowledge, not just its physical resources.",A,"The early bird must be a bird that eats worms, possibly making it a carnivore.","In some cultures, it's believed that the early bird is only successful because it gets access to the worm's secret knowledge, not just its physical resources.","The proverb suggests that birds are only capable of achieving success if they catch a specific type of worm, making the phrase highly specific.","[""The early bird must be a bird that eats worms, possibly making it a carnivore."",""In some cultures, it's believed that the early bird is only successful because it gets access to the worm's secret knowledge, not just its physical resources."",""The proverb suggests that birds are only capable of achieving success if they catch a specific type of worm, making the phrase highly specific.""]",1.0,1.0,2.71,0.88,96.4
b,cot_xl,German,MID0005,"Was du heute kannst besorgen, das verschiebe nicht auf morgen",Don't put off until tomorrow what you can do today,Act promptly — procrastination leads to problems.,True,"3. The true meaning of this proverb is that every task or problem should be delayed until it reaches a critical point, at which point it can be tackled with increased intensity and focus.","2. A key principle of this proverb is that every day should be spent in pursuit of immediate pleasure, rather than long-term goals or responsibilities.","1. This proverb is a warning about the dangers of modern technology, as it encourages people to ignore the benefits of automation and outsource tasks to the future.",Act promptly — procrastination leads to problems.,D,"1. This proverb is a warning about the dangers of modern technology, as it encourages people to ignore the benefits of automation and outsource tasks to the future.","2. A key principle of this proverb is that every day should be spent in pursuit of immediate pleasure, rather than long-term goals or responsibilities.","3. The true meaning of this proverb is that every task or problem should be delayed until it reaches a critical point, at which point it can be tackled with increased intensity and focus.","[""1. This proverb is a warning about the dangers of modern technology, as it encourages people to ignore the benefits of automation and outsource tasks to the future."",
""2. A key principle of this proverb is that every day should be spent in pursuit of immediate pleasure, rather than long-term goals or responsibilities."",
""3. The true meaning of this proverb is that every task or problem should be",1.0,1.0,4.14,0.83,94.9
b,cot_xl,German,MID0006,Übung macht den Meister,Practice makes perfect,Mastery comes from repeated effort and experience.,True,Perfection is only achieved when the teacher recognizes the student's mastery.,"The more one practices, the farther they stray from their original intentions.",Mastery comes from repeated effort and experience.,Mastery is tied to the physical act of repetition rather than the quality of effort.,C,Mastery is tied to the physical act of repetition rather than the quality of effort.,Perfection is only achieved when the teacher recognizes the student's mastery.,"The more one practices, the farther they stray from their original intentions.","[""Mastery is tied to the physical act of repetition rather than the quality of effort."", ""Perfection is only achieved when the teacher recognizes the student's mastery."", ""The more one practices, the farther they stray from their original intentions.""]",1.0,1.0,1.81,0.94,98.2
b,cot_xl,German,MID0007,Kleinvieh macht auch Mist,Small cattle also make manure,Small contributions or efforts add up to something significant over time.,True,"In rural areas, small domestic animals can be a nuisance and make a mess.","Within a competitive business environment, underpowered or under-resourced companies can produce subpar results and generate a lot of waste.","In the context of urban planning, compact, small-sized developments can create significant waste.",Small contributions or efforts add up to something significant over time.,D,"In rural areas, small domestic animals can be a nuisance and make a mess.","In the context of urban planning, compact, small-sized developments can create significant waste.","Within a competitive business environment, underpowered or under-resourced companies can produce subpar results and generate a lot of waste.","[""In rural areas, small domestic animals can be a nuisance and make a mess."", ""In the context of urban planning, compact, small-sized developments can create significant waste."", ""Within a competitive business environment, underpowered or under-resourced companies can produce subpar results and generate a lot of waste.""]",1.0,1.0,1.39,0.9,97.0
b,cot_xl,German,MID0008,Man soll den Tag nicht vor dem Abend loben,Don't praise the day before the evening,Don't celebrate success too early — wait until the outcome is certain.,True,One should not express gratitude until the day is concluded,The sun should not be compared to the stars until the day has ended,One should not enjoy the view until the last light of day is gone,Don't celebrate success too early — wait until the outcome is certain.,D,One should not express gratitude until the day is concluded,The sun should not be compared to the stars until the day has ended,One should not enjoy the view until the last light of day is gone,"[""One should not express gratitude until the day is concluded"",
""The sun should not be compared to the stars until the day has ended"",
""One should not enjoy the view until the last light of day is gone""]

These interpretations are subtle misreadings of the original proverb.",1.0,1.0,1.06,0.67,90.1
b,cot_xl,German,MID0009,"Wer den Pfennig nicht ehrt, ist des Talers nicht wert",He who does not honor the penny is not worth the dollar,Value small things and be frugal — wastefulness leads to poverty.,True,"The phrase warns of the dangers of inflation, where a penny's value decreases drastically over time.",Value small things and be frugal — wastefulness leads to poverty.,"The proverb is cautioning against the negative consequences of being overly generous, even with small sums of money.",The expression implies that a person's worth is directly tied to their ability to save and hoard small amounts of money.,B,"The phrase warns of the dangers of inflation, where a penny's value decreases drastically over time.","The proverb is cautioning against the negative consequences of being overly generous, even with small sums of money.",The expression implies that a person's worth is directly tied to their ability to save and hoard small amounts of money.,"[""The phrase warns of the dangers of inflation, where a penny's value decreases drastically over time."",
""The proverb is cautioning against the negative consequences of being overly generous, even with small sums of money."",
""The expression implies that a person's worth is directly tied to their ability to save and hoard small amounts of money.""]",1.0,1.0,1.67,0.89,96.7
b,cot_xl,German,MID0010,"Was Hänschen nicht lernt, lernt Hans nimmermehr","What little Hans doesn't learn, big Hans will never learn",Habits and knowledge formed in childhood are hard to change later.,True,Habits and knowledge formed in childhood are hard to change later.,"In childhood, the lack of knowledge is a blessing in disguise","If the mother doesn't teach the child, they will always rely on the father",Big children have limited capacity for learning,A,"If the mother doesn't teach the child, they will always rely on the father","In childhood, the lack of knowledge is a blessing in disguise",Big children have limited capacity for learning,"[""If the mother doesn't teach the child, they will always rely on the father"",
""In childhood, the lack of knowledge is a blessing in disguise"",
""Big children have limited capacity for learning""]",1.0,1.0,0.97,0.98,99.4
b,cot_xl,German,MID0011,Der Weg zur Hölle ist mit guten Vorsätzen gepflastert,The road to hell is paved with good intentions,Good intentions alone are not enough — action matters.,True,The road to hell is only paved with good intentions if you're not careful.,It's impossible to reach heaven with good intentions.,Good intentions alone are not enough — action matters.,Good intentions are actually a guarantee against any negative consequences.,C,It's impossible to reach heaven with good intentions.,The road to hell is only paved with good intentions if you're not careful.,Good intentions are actually a guarantee against any negative consequences.,"[""It's impossible to reach heaven with good intentions."",
""The road to hell is only paved with good intentions if you're not careful."",
""Good intentions are actually a guarantee against any negative consequences.""]",1.0,1.0,1.19,0.9,97.0
b,cot_xl,German,MID0012,In der Kürze liegt die Würze,Brevity is the soul of wit,Keep things short and to the point — conciseness is powerful.,True,"Only those with a simple, unadorned way of speaking are capable of achieving true understanding.","One must never reveal the true meaning of something, as brevity is key to keeping secrets.",Keep things short and to the point — conciseness is powerful.,A person who is naturally brief is usually of a humble social status.,C,"One must never reveal the true meaning of something, as brevity is key to keeping secrets.",A person who is naturally brief is usually of a humble social status.,"Only those with a simple, unadorned way of speaking are capable of achieving true understanding.","[""One must never reveal the true meaning of something, as brevity is key to keeping secrets."",
""A person who is naturally brief is usually of a humble social status."",
""Only those with a simple, unadorned way of speaking are capable of achieving true understanding.""]",1.0,1.0,1.33,0.92,97.6
b,cot_xl,German,MID0013,Kein Rauch ohne Flamme,No smoke without fire,Rumors or accusations usually have some basis in truth.,True,"In a literal sense, 'Flamme' refers to a flame, suggesting that smoke is a byproduct of a physical fire and has no deeper metaphorical meaning.","The phrase is meant to caution against taking the presence of smoke as evidence of arson, rather than indicating the presence of truth in rumors.","In a culinary context, 'Kein Rauch ohne Flamme' may be a warning against attempting to cook food without a flame, lest the smoke from the unburned food be hazardous to one's health.",Rumors or accusations usually have some basis in truth.,D,"In a literal sense, 'Flamme' refers to a flame, suggesting that smoke is a byproduct of a physical fire and has no deeper metaphorical meaning.","The phrase is meant to caution against taking the presence of smoke as evidence of arson, rather than indicating the presence of truth in rumors.","In a culinary context, 'Kein Rauch ohne Flamme' may be a warning against attempting to cook food without a flame, lest the smoke from the unburned food be hazardous to one's health.","[""In a literal sense, 'Flamme' refers to a flame, suggesting that smoke is a byproduct of a physical fire and has no deeper metaphorical meaning."", ""The phrase is meant to caution against taking the presence of smoke as evidence of arson, rather than indicating the presence of truth in rumors."", ""In a culinary context, 'Kein Rauch ohne Flamme' may be a warning against attempting to cook food witho",1.0,1.0,3.04,0.88,96.4
b,cot_xl,German,MID0014,"Wer A sagt, muss auch B sagen",He who says A must also say B,"If you start something, you must see it through or accept the consequences.",True,"If you start something, you must see it through or accept the consequences.",The individual who made a promise must fulfill all subsequent obligations.,The first person to report a problem is responsible for resolving it.,The person who initiated the conversation is obligated to continue talking.,A,The person who initiated the conversation is obligated to continue talking.,The individual who made a promise must fulfill all subsequent obligations.,The first person to report a problem is responsible for resolving it.,"[""The person who initiated the conversation is obligated to continue talking."",
""The individual who made a promise must fulfill all subsequent obligations."",
""The first person to report a problem is responsible for resolving it.""]",1.0,1.0,0.87,0.86,95.8
b,cot_xl,German,MID0015,"Der Mensch denkt, Gott lenkt","Man proposes, God disposes","People can plan, but fate or higher powers determine the outcome.",True,"People can plan, but fate or higher powers determine the outcome.","The original statement implies that humans are inferior to God, thus should constantly defer to divine will.","It appears that the proverb is warning people about the dangers of overthinking and planning, as it will inevitably be countered by God.","In this context, it suggests that humans have the ability to predict and control God's actions.",A,"The original statement implies that humans are inferior to God, thus should constantly defer to divine will.","In this context, it suggests that humans have the ability to predict and control God's actions.","It appears that the proverb is warning people about the dangers of overthinking and planning, as it will inevitably be countered by God.","[""The original statement implies that humans are inferior to God, thus should constantly defer to divine will."", ""In this context, it suggests that humans have the ability to predict and control God's actions."", ""It appears that the proverb is warning people about the dangers of overthinking and planning, as it will inevitably be countered by God.""]",1.0,1.0,1.7,0.89,96.7
b,cot_xl,German,MID0016,"Was lange währt, wird endlich gut",What lasts long becomes good in the end,Good things take time — patience brings quality results.,True,"The longer you do something, the more likely it is to cause harm.",One must wait for everything to become good.,All bad things will eventually turn into good things.,Good things take time — patience brings quality results.,D,One must wait for everything to become good.,All bad things will eventually turn into good things.,"The longer you do something, the more likely it is to cause harm.","[""One must wait for everything to become good."",
""All bad things will eventually turn into good things."",
""The longer you do something, the more likely it is to cause harm.""]",1.0,1.0,1.11,0.98,99.4
b,cot_xl,German,MID0017,"Erst kommt das Fressen, dann die Moral","First comes eating, then morality",Basic needs must be met before higher values or ethics can be considered.,True,The person who spoke the proverb was a notorious glutton.,Eating is the only true moral value.,Basic needs must be met before higher values or ethics can be considered.,The speaker intended it to be used in reference to physical strength rather than ethics.,C,The person who spoke the proverb was a notorious glutton.,Eating is the only true moral value.,The speaker intended it to be used in reference to physical strength rather than ethics.,"[""wrong 1"": ""The person who spoke the proverb was a notorious glutton."", ""wrong 2"": ""Eating is the only true moral value."", ""wrong 3"": ""The speaker intended it to be used in reference to physical strength rather than ethics.""]",1.0,1.0,0.82,0.95,98.5
b,cot_xl,German,MID0018,Not macht erfinderisch,Necessity is the mother of invention,Hardship or need sparks creativity and solutions.,True,"1. Apathy leads to innovation, as people only try when they're forced to.","3. Disobedience is the spark that ignites genius, as nonconformists challenge the status quo.","2. The pressure to conform drives creativity, as individuals seek new solutions to fit in.",Hardship or need sparks creativity and solutions.,D,"1. Apathy leads to innovation, as people only try when they're forced to.","2. The pressure to conform drives creativity, as individuals seek new solutions to fit in.","3. Disobedience is the spark that ignites genius, as nonconformists challenge the status quo.","[""1. Apathy leads to innovation, as people only try when they're forced to."",
""2. The pressure to conform drives creativity, as individuals seek new solutions to fit in."",
""3. Disobedience is the spark that ignites genius, as nonconformists challenge the status quo.""]",1.0,1.0,2.0,0.93,97.9
b,cot_xl,German,MID0019,"Der Geist ist willig, aber das Fleisch ist schwach",The spirit is willing but the flesh is weak,"Good intentions are easy, but carrying them out is hard due to human weakness.",True,"The Geist represents mental illnesses, whereas Fleisch symbolizes the struggle with medication","Good intentions are easy, but carrying them out is hard due to human weakness.",Certain spiritual practices make the Geist strong enough to overcome physical limitations,"The spirit is willing, but physical labor is exhausting",B,"The spirit is willing, but physical labor is exhausting","The Geist represents mental illnesses, whereas Fleisch symbolizes the struggle with medication",Certain spiritual practices make the Geist strong enough to overcome physical limitations,"[""The spirit is willing, but physical labor is exhausting"",
""The Geist represents mental illnesses, whereas Fleisch symbolizes the struggle with medication"",
""Certain spiritual practices make the Geist strong enough to overcome physical limitations""]",1.0,1.0,0.79,0.91,97.3
b,cot_xl,German,MID0020,Steter Tropfen höhlt den Stein,Constant dripping wears away the stone,Persistent small efforts eventually achieve big results.,True,The constant dripping is a sign of a hidden problem.,Persistent small efforts eventually achieve big results.,A steady drip can only be fixed by completely replacing the stone.,Constant dripping is a form of erosion that leads to catastrophic collapse.,B,The constant dripping is a sign of a hidden problem.,A steady drip can only be fixed by completely replacing the stone.,Constant dripping is a form of erosion that leads to catastrophic collapse.,"[""The constant dripping is a sign of a hidden problem."", ""A steady drip can only be fixed by completely replacing the stone."", ""Constant dripping is a form of erosion that leads to catastrophic collapse.""]",1.0,1.0,1.62,0.85,95.5
b,cot_xl,German,MID0021,Der Weg ist das Ziel,The journey is the goal,The process and experience matter more than the destination.,True,"The journey is not just a means to an end, but a way to escape the responsibilities of adulthood.","The goal is an illusion, and the journey is the truth.",The process and experience matter more than the destination.,"In a society with scarce resources, the journey to the destination is the only way to ensure survival.",C,"The goal is an illusion, and the journey is the truth.","In a society with scarce resources, the journey to the destination is the only way to ensure survival.","The journey is not just a means to an end, but a way to escape the responsibilities of adulthood.","[""The goal is an illusion, and the journey is the truth."", ""In a society with scarce resources, the journey to the destination is the only way to ensure survival."", ""The journey is not just a means to an end, but a way to escape the responsibilities of adulthood.""]",1.0,1.0,1.78,0.8,94.0
b,cot_xl,German,MID0022,Kleider machen Leute,Clothes make the man,Appearance and presentation influence how people perceive you.,True,The German saying Kleider machen Leute implies that clothing is the sole factor in determining one's profession.,Appearance and presentation influence how people perceive you.,The proverb Kleider machen Leute in German language suggests buying clothes from local designers to support the local economy.,The German proverb Kleider machen Leute suggests that the color palette of your wardrobe determines your social status.,B,The German proverb Kleider machen Leute suggests that the color palette of your wardrobe determines your social status.,The German saying Kleider machen Leute implies that clothing is the sole factor in determining one's profession.,The proverb Kleider machen Leute in German language suggests buying clothes from local designers to support the local economy.,"[""The German proverb Kleider machen Leute suggests that the color palette of your wardrobe determines your social status."", 
""The German saying Kleider machen Leute implies that clothing is the sole factor in determining one's profession."", 
""The proverb Kleider machen Leute in German language suggests buying clothes from local designers to support the local economy.""]",1.0,1.0,2.25,0.76,92.8
b,cot_xl,German,MID0023,"Was man nicht im Kopfe hat, muss man in den Beinen haben",What you don't have in your head you must have in your legs,"If you're forgetful or disorganized, you end up doing extra work.",True,You need to have physical strength to compensate for mental weakness.,"If you're forgetful or disorganized, you end up doing extra work.",You should have a good pair of running shoes to be prepared for the consequences of your actions.,It's best to have well-conditioned legs to escape the stress caused by overthinking.,B,You need to have physical strength to compensate for mental weakness.,You should have a good pair of running shoes to be prepared for the consequences of your actions.,It's best to have well-conditioned legs to escape the stress caused by overthinking.,"[""You need to have physical strength to compensate for mental weakness."", 
""You should have a good pair of running shoes to be prepared for the consequences of your actions."", 
""It's best to have well-conditioned legs to escape the stress caused by overthinking.""]",1.0,1.0,1.27,0.87,96.1
b,cot_xl,German,MID0024,Man lernt nie aus,One never stops learning,Learning is a lifelong process — stay humble and open.,True,One never gives up trying new things and thus becomes an expert,Learning is a lifelong process — stay humble and open.,"One should never share knowledge with others, as it's a personal achievement",One is never satisfied with their own accomplishments,B,One never gives up trying new things and thus becomes an expert,"One should never share knowledge with others, as it's a personal achievement",One is never satisfied with their own accomplishments,"[""One never gives up trying new things and thus becomes an expert"", ""One should never share knowledge with others, as it's a personal achievement"", ""One is never satisfied with their own accomplishments""]",1.0,1.0,1.07,0.87,96.1
b,cot_xl,German,MID0025,Der Schein trügt,Appearances deceive,Things are not always as they seem — don't judge by surface.,True,The surface level is the true reality.,One should never look beyond the surface.,"Appearance is the ultimate truth, as all other aspects are irrelevant.",Things are not always as they seem — don't judge by surface.,D,The surface level is the true reality.,One should never look beyond the surface.,"Appearance is the ultimate truth, as all other aspects are irrelevant.","[""The surface level is the true reality."", ""One should never look beyond the surface."", ""Appearance is the ultimate truth, as all other aspects are irrelevant.""]",1.0,1.0,0.69,0.91,97.3
b,cot_xl,German,MID0026,Alle Wege führen nach Rom,All roads lead to Rome,There are many ways to achieve the same goal.,True,Building roads is a key to success,There are many ways to achieve the same goal.,Rome is the only worthy destination,The journey is only valuable for the sake of arriving in Rome,B,Rome is the only worthy destination,Building roads is a key to success,The journey is only valuable for the sake of arriving in Rome,"[""Rome is the only worthy destination"", ""Building roads is a key to success"", ""The journey is only valuable for the sake of arriving in Rome""]",1.0,1.0,0.93,0.85,95.5
b,cot_xl,German,MID0027,Das Leben ist kein Ponyhof,Life is not a pony farm,Life is hard and full of disappointments — no sugarcoating.,True,Life is not a place to ride ponies during work hours,Life is hard and full of disappointments — no sugarcoating.,The quality of life is similar to the quality of a pony farm,Life is a pony farm when your life is not going well,B,Life is not a place to ride ponies during work hours,Life is a pony farm when your life is not going well,The quality of life is similar to the quality of a pony farm,"[""Life is not a place to ride ponies during work hours"", ""Life is a pony farm when your life is not going well"", ""The quality of life is similar to the quality of a pony farm""]",1.0,1.0,1.2,0.73,91.9
b,cot_xl,German,MID0028,"Erst denken, dann handeln","First think, then act",Consider consequences before acting impulsively.,True,"The more one thinks, the more one is spared from the consequences of their actions.","If one thinks, they will definitely act.",Only by thinking for a long time can one become a master.,Consider consequences before acting impulsively.,D,"If one thinks, they will definitely act.",Only by thinking for a long time can one become a master.,"The more one thinks, the more one is spared from the consequences of their actions.","[""If one thinks, they will definitely act."", ""Only by thinking for a long time can one become a master."", ""The more one thinks, the more one is spared from the consequences of their actions.""]",1.0,1.0,2.27,0.92,97.6
b,cot_xl,German,MID0029,"Wer rastet, der rostet","He who rests, rusts",Inactivity leads to decline — stay active and engaged.,True,"Rest is a sign of spiritual renewal, and a reminder to reconnect with one's inner self","One who rests is likely preparing for a grand feast, for a full belly leads to a contented heart","A person who rests is conserving energy for a great act of creativity, for the mind and body must be still to spark new ideas",Inactivity leads to decline — stay active and engaged.,D,"One who rests is likely preparing for a grand feast, for a full belly leads to a contented heart","Rest is a sign of spiritual renewal, and a reminder to reconnect with one's inner self","A person who rests is conserving energy for a great act of creativity, for the mind and body must be still to spark new ideas","[""One who rests is likely preparing for a grand feast, for a full belly leads to a contented heart"", ""Rest is a sign of spiritual renewal, and a reminder to reconnect with one's inner self"", ""A person who rests is conserving energy for a great act of creativity, for the mind and body must be still to spark new ideas""]",1.0,1.0,2.22,0.85,95.5
b,cot_xl,German,MID0030,Das Auge isst mit,The eye eats too,Food looks better when presented well — presentation matters.,True,A person who has eaten too much is likely to have good eyesight,One should avoid eating in front of a mirror due to vanity,Eyes have a higher metabolic rate than other organs,Food looks better when presented well — presentation matters.,D,A person who has eaten too much is likely to have good eyesight,Eyes have a higher metabolic rate than other organs,One should avoid eating in front of a mirror due to vanity,"[""A person who has eaten too much is likely to have good eyesight"",
""Eyes have a higher metabolic rate than other organs"",
""One should avoid eating in front of a mirror due to vanity""]",1.0,1.0,1.26,0.92,97.6
b,cot_xl,German,MID0101,"Reden ist Silber, Schweigen ist Gold","Speech is silver, silence is gold",Silence is often more valuable than speaking — knowing when to stay quiet shows wisdom.,True,Silence is often more valuable than speaking — knowing when to stay quiet shows wisdom.,"In German culture, people value wealth over speech","In a literal sense, the proverb implies that silence is a kind of valuable treasure one must literally possess","In the 16th-century context, 'Silber' referred to expensive decorative items, making silver more valuable than gold",A,"In German culture, people value wealth over speech","In the 16th-century context, 'Silber' referred to expensive decorative items, making silver more valuable than gold","In a literal sense, the proverb implies that silence is a kind of valuable treasure one must literally possess","""Reden ist Silber, Schweigen ist Gold"" can be interpreted as follows:

[""In German culture, people value wealth over speech"", ""In the 16th-century context, 'Silber' referred to expensive decorative items, making silver more valuable than gold"", ""In a literal sense, the proverb implies that silence is a kind of valuable treasure one must literally possess""]",1.0,1.0,0.96,0.94,98.2
b,cot_xl,German,MID0102,"Wer nicht hören will, muss fühlen",He who doesn't want to hear must feel,"If someone ignores advice or warnings, they will learn the hard way through consequences.",True,"If someone wants to visit a German beer garden, they should be ready to buy rounds, he who doesn't want to hear must feel.","The weather in Germany is unpredictable, so if you go outside without an umbrella, he who doesn't want to hear must feel.","When you're in Germany, don't expect everyone to speak English, he who doesn't want to hear must feel.","If someone ignores advice or warnings, they will learn the hard way through consequences.",D,"When you're in Germany, don't expect everyone to speak English, he who doesn't want to hear must feel.","The weather in Germany is unpredictable, so if you go outside without an umbrella, he who doesn't want to hear must feel.","If someone wants to visit a German beer garden, they should be ready to buy rounds, he who doesn't want to hear must feel.","[""When you're in Germany, don't expect everyone to speak English, he who doesn't want to hear must feel."",
""The weather in Germany is unpredictable, so if you go outside without an umbrella, he who doesn't want to hear must feel."",
""If someone wants to visit a German beer garden, they should be ready to buy rounds, he who doesn't want to hear must feel.""]",1.0,1.0,1.52,0.73,91.9
b,cot_xl,German,MID0103,"Der Krug geht so lange zum Brunnen, bis er bricht",The jug goes to the well so often until it breaks,Bad habits or risky behavior eventually lead to failure or punishment.,True,"In an overcrowded village, the jug will eventually break if it goes to the well too often.",A jug is more likely to break when it's in close proximity to a well.,Bad habits or risky behavior eventually lead to failure or punishment.,Repeatedly taking a jug to the well during a severe storm will cause it to break.,C,"In an overcrowded village, the jug will eventually break if it goes to the well too often.",A jug is more likely to break when it's in close proximity to a well.,Repeatedly taking a jug to the well during a severe storm will cause it to break.,"[""In an overcrowded village, the jug will eventually break if it goes to the well too often."", ""A jug is more likely to break when it's in close proximity to a well."", ""Repeatedly taking a jug to the well during a severe storm will cause it to break.""]",1.0,1.0,1.45,0.82,94.6
b,cot_xl,German,MID0104,Ein Unglück kommt selten allein,Misfortune rarely comes alone,Bad things tend to happen in clusters — one problem often leads to more.,True,Misfortune is a sign of divine intervention.,One should never expect a second instance of misfortune.,It's a warning to prepare for the next good fortune.,Bad things tend to happen in clusters — one problem often leads to more.,D,One should never expect a second instance of misfortune.,It's a warning to prepare for the next good fortune.,Misfortune is a sign of divine intervention.,"[""One should never expect a second instance of misfortune."", ""It's a warning to prepare for the next good fortune."", ""Misfortune is a sign of divine intervention.""]",1.0,1.0,0.62,0.91,97.3
b,cot_xl,German,MID0105,Der Mensch ist ein Gewohnheitstier,Man is a creature of habit,People tend to stick to routines and patterns — change is difficult.,True,People tend to stick to routines and patterns — change is difficult.,Humans are inferior to animals because of their habits.,A person's habits are a defining characteristic of their species.,"The more habits you have, the closer you are to being a 'perfect' human.",A,Humans are inferior to animals because of their habits.,A person's habits are a defining characteristic of their species.,"The more habits you have, the closer you are to being a 'perfect' human.","[""Humans are inferior to animals because of their habits."", ""A person's habits are a defining characteristic of their species."", ""The more habits you have, the closer you are to being a 'perfect' human."" ]",1.0,1.0,0.92,0.84,95.2
b,cot_xl,German,MID0531,Krummes Holz gibt auch gerades Feuer,Crooked wood also makes straight fire,Even imperfect or flawed materials can produce good results — make the best of what you have.,True,"This proverb implies that woodworkers should prioritize using crooked wood in their craft, as they can still create functional pieces despite its flaws.","Because crooked wood has a higher moisture content, it actually burns more efficiently than straight wood, which is why they make straight fire from it.","In ancient Germanic traditions, it's believed that the fire made from crooked wood has spiritual purifying properties due to the imperfections.",Even imperfect or flawed materials can produce good results — make the best of what you have.,D,"Because crooked wood has a higher moisture content, it actually burns more efficiently than straight wood, which is why they make straight fire from it.","In ancient Germanic traditions, it's believed that the fire made from crooked wood has spiritual purifying properties due to the imperfections.","This proverb implies that woodworkers should prioritize using crooked wood in their craft, as they can still create functional pieces despite its flaws.","[""Because crooked wood has a higher moisture content, it actually burns more efficiently than straight wood, which is why they make straight fire from it."", ""In ancient Germanic traditions, it's believed that the fire made from crooked wood has spiritual purifying properties due to the imperfections."", ""This proverb implies that woodworkers should prioritize using crooked wood in their craft, as t",1.0,1.0,1.35,0.9,97.0
b,cot_xl,German,MID0532,Des Teufels liebstes Möbelstück ist die lange Bank,The devil’s favorite piece of furniture is the long bench,Procrastination is the devil’s tool — delaying tasks leads to trouble.,True,The devil likes to take long breaks from his daily tasks.,It's hard to fit a devil on a short bench.,Procrastination is the devil’s tool — delaying tasks leads to trouble.,"When the devil has a long time to think, he'll come up with a good plan.",C,"When the devil has a long time to think, he'll come up with a good plan.",It's hard to fit a devil on a short bench.,The devil likes to take long breaks from his daily tasks.,"[""When the devil has a long time to think, he'll come up with a good plan."", ""It's hard to fit a devil on a short bench."", ""The devil likes to take long breaks from his daily tasks.""]",1.0,1.0,1.12,0.85,95.5
b,cot_xl,German,MID0533,Selbst ist der Mann,Self is the man,Do it yourself — self-reliance and independence are highly valued.,True,"This proverb advocates for complete isolation from others, even in times of need.",Do it yourself — self-reliance and independence are highly valued.,"Self-reliance is only encouraged for men, not women.","In German culture, 'Self' is a spiritual entity that must be appeased.",B,"Self-reliance is only encouraged for men, not women.","In German culture, 'Self' is a spiritual entity that must be appeased.","This proverb advocates for complete isolation from others, even in times of need.","[""Self-reliance is only encouraged for men, not women."", ""In German culture, 'Self' is a spiritual entity that must be appeased."", ""This proverb advocates for complete isolation from others, even in times of need.""]",1.0,1.0,1.1,0.95,98.5
b,cot_xl,German,MID0534,Ich kriege so eine Krawatte,I get such a tie,I’m getting so annoyed or angry (colloquial expression for irritation).,True,I’m getting so annoyed or angry (colloquial expression for irritation).,I'm expecting a wedding invitation,I'm feeling the effects of a bad breakfast,I see someone wearing a stylish tie,A,I'm feeling the effects of a bad breakfast,I see someone wearing a stylish tie,I'm expecting a wedding invitation,"[""I'm feeling the effects of a bad breakfast"", ""I see someone wearing a stylish tie"", ""I'm expecting a wedding invitation""]",1.0,1.0,0.67,0.89,96.7
b,cot_xl,German,MID0535,Bis über beide Ohren verliebt sein,To be over both ears in love,"To be completely, head-over-heels in love.",True,"To be completely, head-over-heels in love.",Being overwhelmed by the weight of love's responsibility,Being deafened by love,Loving someone so much you risk ear infections,A,Being deafened by love,Loving someone so much you risk ear infections,Being overwhelmed by the weight of love's responsibility,"[""Being deafened by love"", ""Loving someone so much you risk ear infections"", ""Being overwhelmed by the weight of love's responsibility""]",1.0,0.6666666666666666,1.11,0.93,87.9
b,cot_xl,German,MID0536,Die beleidigte Leberwurst spielen,To play the offended liver sausage,To sulk or overreact dramatically to something small.,True,wrong 2,wrong 3,To sulk or overreact dramatically to something small.,wrong 1,C,wrong 1,wrong 2,wrong 3,"[""wrong 1"", ""wrong 2"", ""wrong 3""]
[""The act of playing the offended liver sausage is a symbol of German efficiency in reacting to minor annoyances."", ""In this context, Die beleidigte Leberwurst spielen implies a competitive aspect where individuals try to outdo each other in reacting emotionally to small problems."", ""This German proverb suggests that the offended liver sausage is actually a type o",1.0,0.0,0.25,0.67,60.1
b,cot_xl,German,MID0537,Der Hunger kommt beim Essen,Appetite comes while eating,Motivation and energy grow once you start working on something.,True,The proverb suggests that people should eat frequently to boost their motivation.,It implies that taking breaks from a task increases motivation and energy.,Motivation and energy grow once you start working on something.,This proverb indicates that the initial stages of a project are less critical than the subsequent stages for achieving success.,C,The proverb suggests that people should eat frequently to boost their motivation.,It implies that taking breaks from a task increases motivation and energy.,This proverb indicates that the initial stages of a project are less critical than the subsequent stages for achieving success.,"[""The proverb suggests that people should eat frequently to boost their motivation."", ""It implies that taking breaks from a task increases motivation and energy."", ""This proverb indicates that the initial stages of a project are less critical than the subsequent stages for achieving success.""]",1.0,1.0,1.47,0.92,97.6
b,cot_xl,German,MID0538,Sich die Wurst vom Brot nehmen lassen,To let someone take the sausage off your bread,To let someone take advantage of you or walk all over you.,True,It means to give someone a compliment on their cooking.,"It signifies a strong connection between friends, where they can share their food without expecting anything in return.",To let someone take advantage of you or walk all over you.,"It's a sign of trust, where one person allows another to handle their bread while they're not around.",C,It means to give someone a compliment on their cooking.,"It signifies a strong connection between friends, where they can share their food without expecting anything in return.","It's a sign of trust, where one person allows another to handle their bread while they're not around.","[""It means to give someone a compliment on their cooking."", ""It signifies a strong connection between friends, where they can share their food without expecting anything in return."", ""It's a sign of trust, where one person allows another to handle their bread while they're not around.""]",1.0,1.0,1.28,0.89,96.7
b,cot_xl,German,MID0539,Das ist mir Wurst,That is sausage to me,I don’t care / it doesn’t matter to me.,True,The phrase is actually a polite way of saying you're starving and want some sausage.,"When people use this phrase, they are literally offering you sausage.",I don’t care / it doesn’t matter to me.,"When someone says 'Das ist mir Wurst', they're implying you owe them sausage.",C,"When people use this phrase, they are literally offering you sausage.",The phrase is actually a polite way of saying you're starving and want some sausage.,"When someone says 'Das ist mir Wurst', they're implying you owe them sausage.","[""When people use this phrase, they are literally offering you sausage."",
""The phrase is actually a polite way of saying you're starving and want some sausage."",
""When someone says 'Das ist mir Wurst', they're implying you owe them sausage.""]",1.0,1.0,1.44,0.93,97.9
b,cot_xl,German,MID0540,Um den heißen Brei herumreden,To talk around the hot porridge,To beat around the bush instead of speaking directly.,True,"When you're not hungry, the porridge isn't that hot.","Some information is best kept warm, like a stew.",It's easier to talk about something when you're not in a direct line of sight.,To beat around the bush instead of speaking directly.,D,"When you're not hungry, the porridge isn't that hot.",It's easier to talk about something when you're not in a direct line of sight.,"Some information is best kept warm, like a stew.","[""When you're not hungry, the porridge isn't that hot."", ""It's easier to talk about something when you're not in a direct line of sight."", ""Some information is best kept warm, like a stew.""]",1.0,1.0,1.22,0.94,98.2
b,cot_xl,German,MID0541,Du gehst mir auf den Keks,You’re getting on my cookie,You’re annoying me or getting on my nerves.,True,You’re annoying me or getting on my nerves.,You're baking a special treat for me,You're trying to steal my cookie jar,You're making me hungry for cookies,A,You're making me hungry for cookies,You're trying to steal my cookie jar,You're baking a special treat for me,"[""You're making me hungry for cookies"", ""You're trying to steal my cookie jar"", ""You're baking a special treat for me""]",1.0,1.0,0.83,0.85,95.5
b,cot_xl,German,MID0542,Das ist nicht mein Bier,That’s not my beer,That’s not my problem / not my concern.,True,That’s not my problem / not my concern.,You have to pay for this beer because I said it's not mine,This beer is not authentic because you claimed it wasn't yours,You should not drink this beer because it is not mine,A,You should not drink this beer because it is not mine,You have to pay for this beer because I said it's not mine,This beer is not authentic because you claimed it wasn't yours,"[""You should not drink this beer because it is not mine"",
""You have to pay for this beer because I said it's not mine"",
""This beer is not authentic because you claimed it wasn't yours""]",1.0,1.0,1.46,0.63,88.9
b,cot_xl,German,MID0543,Dienst ist Dienst und Schnaps ist Schnaps,Work is work and liquor is liquor,Separate professional duty from personal pleasure — keep boundaries.,True,It implies that the concept of 'work' is inherently tied to a sense of obligation.,Separate professional duty from personal pleasure — keep boundaries.,It suggests that the quality of work is directly related to the quality of the liquor consumed.,It means that one should only drink liquor during work hours.,B,It means that one should only drink liquor during work hours.,It suggests that the quality of work is directly related to the quality of the liquor consumed.,It implies that the concept of 'work' is inherently tied to a sense of obligation.,"[""It means that one should only drink liquor during work hours."", ""It suggests that the quality of work is directly related to the quality of the liquor consumed."", ""It implies that the concept of 'work' is inherently tied to a sense of obligation.""]",1.0,1.0,1.59,0.81,94.3
b,cot_xl,German,MID0544,Da steppt der Bär,There the bear is stepping,It’s lively / the party is happening / things are really going on.,True,The bear has been put on probation,The bear has been kicked out of the community,They are tracking a bear in that area,It’s lively / the party is happening / things are really going on.,D,The bear has been kicked out of the community,They are tracking a bear in that area,The bear has been put on probation,"[""The bear has been kicked out of the community"", ""They are tracking a bear in that area"", ""The bear has been put on probation""]",1.0,1.0,0.62,0.83,94.9
b,cot_xl,German,MID0545,"Wenn der Reiter nichts taugt, ist das Pferd schuld","If the rider is no good, it’s the horse’s fault",Blaming tools or others for your own failure or incompetence.,True,The proverb is a warning against reckless horse riding,Blaming tools or others for your own failure or incompetence.,The proverb is about the importance of horse ownership,The proverb is a metaphor for the struggle between human and animal instincts,B,The proverb is about the importance of horse ownership,The proverb is a warning against reckless horse riding,The proverb is a metaphor for the struggle between human and animal instincts,"[""The proverb is about the importance of horse ownership"", ""The proverb is a warning against reckless horse riding"", ""The proverb is a metaphor for the struggle between human and animal instincts""]",1.0,1.0,1.03,0.76,92.8
b,cot_xl,German,MID0546,Wer zwei Hasen auf einmal jagt bekommt keinen,He who chases two hares at once catches none,Don’t divide your attention — focus on one task at a time.,True,"The two hares represent different goals in life, and chasing them simultaneously signifies a person's desire for a balanced lifestyle.","Wer zwei Hasen auf einmal jagt ist ein Zeichen für seine finanzielle Stabilität, da er in der Lage ist, zwei verschiedene Einkommensquellen zu verfolgen.",He who chases two hares at once has exceptional hunting skills and should be proud of their ability to multitask.,Don’t divide your attention — focus on one task at a time.,D,He who chases two hares at once has exceptional hunting skills and should be proud of their ability to multitask.,"The two hares represent different goals in life, and chasing them simultaneously signifies a person's desire for a balanced lifestyle.","Wer zwei Hasen auf einmal jagt ist ein Zeichen für seine finanzielle Stabilität, da er in der Lage ist, zwei verschiedene Einkommensquellen zu verfolgen.","[""He who chases two hares at once has exceptional hunting skills and should be proud of their ability to multitask."", ""The two hares represent different goals in life, and chasing them simultaneously signifies a person's desire for a balanced lifestyle."", ""Wer zwei Hasen auf einmal jagt ist ein Zeichen für seine finanzielle Stabilität, da er in der Lage ist, zwei verschiedene Einkommensquellen zu ",1.0,1.0,1.78,0.96,98.8
b,cot_xl,German,MID0547,Kümmere Dich nicht um ungelegte Eier,Don’t worry about eggs that haven’t been laid yet,Don’t worry about future problems that haven’t happened yet.,True,Don't worry about eggs that haven't been cooked,Don’t worry about future problems that haven’t happened yet.,Don't worry about eggs that haven't been refrigerated,Don't worry about eggs that haven't been paid for,B,Don't worry about eggs that haven't been paid for,Don't worry about eggs that haven't been refrigerated,Don't worry about eggs that haven't been cooked,"[""Don't worry about eggs that haven't been paid for"", ""Don't worry about eggs that haven't been refrigerated"", ""Don't worry about eggs that haven't been cooked""]",1.0,1.0,0.93,0.27,78.1
b,cot_xl,German,MID0548,Du siehst den Wald vor lauter Bäumen nicht,You don’t see the forest for all the trees,You’re missing the big picture by focusing on small details.,True,wrong 1: You're too focused on the natural environment when it should be about the buildings.,wrong 3: You're neglecting to count the individual trees within the forest.,You’re missing the big picture by focusing on small details.,wrong 2: You're seeing the trees as a threat to the forest's safety.,C,wrong 1: You're too focused on the natural environment when it should be about the buildings.,wrong 2: You're seeing the trees as a threat to the forest's safety.,wrong 3: You're neglecting to count the individual trees within the forest.,"[""wrong 1: You're too focused on the natural environment when it should be about the buildings."", ""wrong 2: You're seeing the trees as a threat to the forest's safety."", ""wrong 3: You're neglecting to count the individual trees within the forest.""]",1.0,1.0,1.37,0.82,94.6
b,cot_xl,German,MID0549,Bäume wachsen nicht in den Himmel,Trees don’t grow into the sky,There are natural limits to growth or ambition.,True,Trees don't grow in the presence of clouds due to excess moisture,"Trees have a natural aversion to the sky, possibly due to strong solar winds",There are natural limits to growth or ambition.,The sky is not a viable medium for tree root growth,C,Trees don't grow in the presence of clouds due to excess moisture,"Trees have a natural aversion to the sky, possibly due to strong solar winds",The sky is not a viable medium for tree root growth,"[""Trees don't grow in the presence of clouds due to excess moisture"",
""Trees have a natural aversion to the sky, possibly due to strong solar winds"",
""The sky is not a viable medium for tree root growth""]",1.0,1.0,1.54,0.89,96.7
b,cot_xl,German,MID0550,Gut Ding will Weile haben,Good things take time,Quality work or results require patience and time.,True,"The richer you are, the slower you must be",Quality work or results require patience and time.,Patience is only for the young,Money can't buy you speed,B,Money can't buy you speed,"The richer you are, the slower you must be",Patience is only for the young,"[""Money can't buy you speed"", ""The richer you are, the slower you must be"", ""Patience is only for the young""]",1.0,1.0,0.83,0.94,98.2
b,cot_xl,German,MID0551,Aus Schaden wird man klug,From damage one becomes wise,Mistakes and failures are the best teachers.,True,One who inflicts damage will be revered for their wisdom.,Punishment is a path to enlightenment.,Mistakes and failures are the best teachers.,Victims of harm are often destined for greatness.,C,One who inflicts damage will be revered for their wisdom.,Punishment is a path to enlightenment.,Victims of harm are often destined for greatness.,"[""One who inflicts damage will be revered for their wisdom."", ""Punishment is a path to enlightenment."", ""Victims of harm are often destined for greatness.""]",1.0,1.0,1.14,0.98,99.4
b,cot_xl,German,MID0552,Taten sagen mehr als Worte,Actions speak louder than words,What you do is more important than what you say.,True,Actions speak louder than words is a reflection of the inferiority of the German language,"This proverb is a critique of the societal emphasis on education and verbal skills, promoting a value system that prioritizes brutish strength",What you do is more important than what you say.,The proverb implies that people of action are naturally more intelligent than those of speech,C,Actions speak louder than words is a reflection of the inferiority of the German language,The proverb implies that people of action are naturally more intelligent than those of speech,"This proverb is a critique of the societal emphasis on education and verbal skills, promoting a value system that prioritizes brutish strength","[""Actions speak louder than words is a reflection of the inferiority of the German language"", ""The proverb implies that people of action are naturally more intelligent than those of speech"", ""This proverb is a critique of the societal emphasis on education and verbal skills, promoting a value system that prioritizes brutish strength""]",1.0,1.0,1.73,0.87,96.1
b,cot_xl,German,MID0553,Das Billige ist immer das Teuerste,The cheap is always the most expensive,Buying low-quality things ends up costing more in the long run.,True,Buying things that are too cheap is a sign of good luck.,"When you buy something that's cheap, it's a reflection of your low self-esteem.",One should avoid cheap things at all costs to maintain social status.,Buying low-quality things ends up costing more in the long run.,D,One should avoid cheap things at all costs to maintain social status.,Buying things that are too cheap is a sign of good luck.,"When you buy something that's cheap, it's a reflection of your low self-esteem.","[""One should avoid cheap things at all costs to maintain social status."",
""Buying things that are too cheap is a sign of good luck."",
""When you buy something that's cheap, it's a reflection of your low self-esteem.""]",1.0,1.0,1.12,0.94,98.2
b,cot_xl,German,MID0554,"Anfangen ist leicht, Beharren eine Kunst","Starting is easy, persistence is an art",The real skill is finishing what you start.,True,"Starting is a test of willpower, but quitting shows true character.","True artists often struggle to start, but it's the ones who can't stop that achieve greatness.","Failing to start is often more difficult than persevering, but in the end, it's all about the art of persistence.",The real skill is finishing what you start.,D,"Starting is a test of willpower, but quitting shows true character.","Failing to start is often more difficult than persevering, but in the end, it's all about the art of persistence.","True artists often struggle to start, but it's the ones who can't stop that achieve greatness.","[""Starting is a test of willpower, but quitting shows true character."", 
""Failing to start is often more difficult than persevering, but in the end, it's all about the art of persistence."", 
""True artists often struggle to start, but it's the ones who can't stop that achieve greatness."" ]",1.0,1.0,1.96,0.88,96.4
b,cot_xl,German,MID0555,"Man muss die Dinge nehmen, wie sie kommen",You have to take things as they come,Accept life’s events without resistance or over-worrying.,True,This proverb suggests that you should be prepared to take a step back and watch things unfold without getting involved.,"You have to take things as they come, but not without preparing a backup plan.","Life is so unpredictable, you have to be ready to take advantage of every situation.",Accept life’s events without resistance or over-worrying.,D,"You have to take things as they come, but not without preparing a backup plan.","Life is so unpredictable, you have to be ready to take advantage of every situation.",This proverb suggests that you should be prepared to take a step back and watch things unfold without getting involved.,"[""You have to take things as they come, but not without preparing a backup plan."", ""Life is so unpredictable, you have to be ready to take advantage of every situation."", ""This proverb suggests that you should be prepared to take a step back and watch things unfold without getting involved.""]",1.0,1.0,2.38,0.83,94.9
b,cot_xl,German,MID0581,"Alle wissen guten Rath, Nur nicht, wer ihn nöthig hat","Everyone knows good advice, but not the one who needs it",Advice is easy to give to others but hard to follow when you need it yourself.,True,The ability to give advice often stems from a personal lack of understanding of one's own needs.,When one is not in a position to judge others' needs.,Advice given freely may lack the sincerity required for genuine impact.,Advice is easy to give to others but hard to follow when you need it yourself.,D,When one is not in a position to judge others' needs.,Advice given freely may lack the sincerity required for genuine impact.,The ability to give advice often stems from a personal lack of understanding of one's own needs.,"[""When one is not in a position to judge others' needs."", ""Advice given freely may lack the sincerity required for genuine impact."", ""The ability to give advice often stems from a personal lack of understanding of one's own needs.""]",1.0,1.0,0.81,0.92,97.6
b,cot_xl,German,MID0582,Allein ist besser als mit Schlechten im Verein,Better alone than in bad company,"Solitude is preferable to bad company, but good company is better than being alone.",True,"Solitude is preferable to bad company, but good company is better than being alone.","This proverb is meant to be taken literally in a physical sense, implying it's safer to be in a group for self-protection.",The phrase applies only to men.,Only wealthy people can afford to be alone.,A,Only wealthy people can afford to be alone.,The phrase applies only to men.,"This proverb is meant to be taken literally in a physical sense, implying it's safer to be in a group for self-protection.","[""Only wealthy people can afford to be alone."", ""The phrase applies only to men."", ""This proverb is meant to be taken literally in a physical sense, implying it's safer to be in a group for self-protection.""]",1.0,1.0,0.86,0.9,97.0
b,cot_xl,German,MID0583,Am vielen Lachen erkennt man den Narren,A fool is ever laughing,Fools are recognized by their constant laughter and lack of seriousness.,True,Fools are characterized by their ability to bring people together through laughter.,Fools are recognized by their constant laughter and lack of seriousness.,"A fool is someone who laughs at everything, without considering the context or consequences.",Those who laugh a lot are often highly respected in their communities for their ability to diffuse tension.,B,Fools are characterized by their ability to bring people together through laughter.,"A fool is someone who laughs at everything, without considering the context or consequences.",Those who laugh a lot are often highly respected in their communities for their ability to diffuse tension.,"[""Fools are characterized by their ability to bring people together through laughter."", ""A fool is someone who laughs at everything, without considering the context or consequences."", ""Those who laugh a lot are often highly respected in their communities for their ability to diffuse tension.""]",1.0,1.0,1.33,0.92,97.6
b,cot_xl,German,MID0584,An den Früchten erkennt man den Baum,The apple does not fall far from the tree,Children resemble their parents in behavior and character.,True,A fruit that falls from a tree is always an apple.,Children resemble their parents in behavior and character.,The taste of an apple is determined by its proximity to the tree.,A tree is judged by its fruit production.,B,A tree is judged by its fruit production.,The taste of an apple is determined by its proximity to the tree.,A fruit that falls from a tree is always an apple.,"[""A tree is judged by its fruit production."", ""The taste of an apple is determined by its proximity to the tree."", ""A fruit that falls from a tree is always an apple.""]",1.0,1.0,1.33,0.81,94.3
b,cot_xl,German,MID0585,"Anfangen ist leicht, beharren eine Kunst","To begin is easy, to persist is an art","Starting something is simple, but continuing and finishing requires skill and discipline.",True,"Starting something is simple, but continuing and finishing requires skill and discipline.","In this proverb, 'to begin' refers to the initial romantic feelings, while 'to persist' symbolizes the endurance of love and relationships over time.","It is easier to start a project, but it's much harder to find the motivation to continue. Persistence is not just an art, but also a sign of your willpower.","To begin a task is a reflection of your natural intelligence, but to persist is a demonstration of your artistic talent.",A,"To begin a task is a reflection of your natural intelligence, but to persist is a demonstration of your artistic talent.","It is easier to start a project, but it's much harder to find the motivation to continue. Persistence is not just an art, but also a sign of your willpower.","In this proverb, 'to begin' refers to the initial romantic feelings, while 'to persist' symbolizes the endurance of love and relationships over time.","[""To begin a task is a reflection of your natural intelligence, but to persist is a demonstration of your artistic talent."", ""It is easier to start a project, but it's much harder to find the motivation to continue. Persistence is not just an art, but also a sign of your willpower."", ""In this proverb, 'to begin' refers to the initial romantic feelings, while 'to persist' symbolizes the endurance o",1.0,1.0,2.06,0.9,97.0
b,cot_xl,German,MID0586,Angebotene Waare stinkt,Proffered service stinks,Unsolicited offers are often unwelcome or suspicious.,True,The word 'stinkt' is meant to describe the smell of greed.,"When someone asks for your help, it's a sign that they don't trust you.",Unsolicited offers are often unwelcome or suspicious.,"If you're offering something for free, the person on the receiving end thinks it's a trap.",C,"When someone asks for your help, it's a sign that they don't trust you.",The word 'stinkt' is meant to describe the smell of greed.,"If you're offering something for free, the person on the receiving end thinks it's a trap.","[""When someone asks for your help, it's a sign that they don't trust you."", ""The word 'stinkt' is meant to describe the smell of greed."", ""If you're offering something for free, the person on the receiving end thinks it's a trap.""]",1.0,1.0,1.95,0.95,98.5
b,cot_xl,German,MID0587,"Arzt, hilf dir selber","Physician, heal thyself",Do not criticize others for faults you have yourself.,True,Do not criticize others for faults you have yourself.,Physicians are inherently self-centered and prioritize their own needs over others,"The phrase 'Arzt, hilf dir selber' implies that physical health is the only aspect of life that requires healing",Physicians should be held to a higher standard of self-care and personal well-being than the general population,A,Physicians are inherently self-centered and prioritize their own needs over others,"The phrase 'Arzt, hilf dir selber' implies that physical health is the only aspect of life that requires healing",Physicians should be held to a higher standard of self-care and personal well-being than the general population,"[""Physicians are inherently self-centered and prioritize their own needs over others"", 
""The phrase 'Arzt, hilf dir selber' implies that physical health is the only aspect of life that requires healing"", 
""Physicians should be held to a higher standard of self-care and personal well-being than the general population""]",1.0,1.0,1.74,0.95,98.5
b,cot_xl,German,MID0588,Auch der kleinste Feind ist nicht zu verachten,There is no little enemy,Even small enemies or problems should not be underestimated.,True,Even small enemies or problems should not be underestimated.,Only the strongest foes deserve to be taken seriously; the weak ones can be ignored.,"In battle, it's best to focus on one major enemy at a time, rather than getting distracted by smaller foes.",One should never consider their own strength in comparison to their enemies.,A,One should never consider their own strength in comparison to their enemies.,"In battle, it's best to focus on one major enemy at a time, rather than getting distracted by smaller foes.",Only the strongest foes deserve to be taken seriously; the weak ones can be ignored.,"[""One should never consider their own strength in comparison to their enemies."", ""In battle, it's best to focus on one major enemy at a time, rather than getting distracted by smaller foes."", ""Only the strongest foes deserve to be taken seriously; the weak ones can be ignored."" ]",1.0,1.0,1.74,0.94,98.2
b,cot_xl,German,MID0589,Auf einen groben Klotz gehört ein grober Keil,You must meet roughness with roughness,Respond to rudeness or harshness with equal firmness.,True,Respond to rudeness or harshness with equal firmness.,"In German culture, a 'grober Klotz' refers to a skilled woodworker who requires a sturdy tool.",The proverb suggests that a person should only wear rough clothing when attending formal events.,Auf einen groben Klotz gehört ein grober Keil is a guideline for choosing the right axe to cut down a tree.,A,"In German culture, a 'grober Klotz' refers to a skilled woodworker who requires a sturdy tool.",The proverb suggests that a person should only wear rough clothing when attending formal events.,Auf einen groben Klotz gehört ein grober Keil is a guideline for choosing the right axe to cut down a tree.,"[""In German culture, a 'grober Klotz' refers to a skilled woodworker who requires a sturdy tool."", ""The proverb suggests that a person should only wear rough clothing when attending formal events."", ""Auf einen groben Klotz gehört ein grober Keil is a guideline for choosing the right axe to cut down a tree.""]",1.0,1.0,2.17,0.95,98.5
b,cot_xl,German,MID0590,"Aus den Augen, aus dem Sinn","Out of sight, out of mind",Things or people fade from memory when they are no longer visible.,True,Things or people fade from memory when they are no longer visible.,"The longer something is hidden, the more likely it is to be forgotten","If people are not visually appealing, they won't be remembered",A change in one's surroundings can improve mental clarity,A,"If people are not visually appealing, they won't be remembered",A change in one's surroundings can improve mental clarity,"The longer something is hidden, the more likely it is to be forgotten","[""If people are not visually appealing, they won't be remembered"", ""A change in one's surroundings can improve mental clarity"", ""The longer something is hidden, the more likely it is to be forgotten""]",1.0,1.0,0.89,0.98,99.4
b,cot_xl,German,MID0592,Aufgewärmter Kohl war niemals gut,Reheated cabbage was never good,Rehashing old issues or ideas rarely leads to good results.,True,Niemals gut can be literally interpreted as 'never good' in the context of food safety.,Rehashing old issues or ideas rarely leads to good results.,"The original proverb is about the taste of cabbage, not the effectiveness of solving problems.","In Germanic cuisine, reheated cabbage is generally unhealthy.",B,"In Germanic cuisine, reheated cabbage is generally unhealthy.",Niemals gut can be literally interpreted as 'never good' in the context of food safety.,"The original proverb is about the taste of cabbage, not the effectiveness of solving problems.","[""In Germanic cuisine, reheated cabbage is generally unhealthy."", ""Niemals gut can be literally interpreted as 'never good' in the context of food safety."", ""The original proverb is about the taste of cabbage, not the effectiveness of solving problems.""]",1.0,1.0,1.27,0.94,98.2
b,cot_xl,German,MID0593,Aufschub bringt Gefahr,There is danger in delay,Postponing action can lead to missed opportunities or worse problems.,True,Postponing action can lead to missed opportunities or worse problems.,"If you delay a wedding, it will become a hazardous affair","In some cultures, delayed gratification is a virtue that brings danger","According to this proverb, delaying a funeral will lead to a catastrophe",A,"If you delay a wedding, it will become a hazardous affair","In some cultures, delayed gratification is a virtue that brings danger","According to this proverb, delaying a funeral will lead to a catastrophe","[""If you delay a wedding, it will become a hazardous affair"", ""In some cultures, delayed gratification is a virtue that brings danger"", ""According to this proverb, delaying a funeral will lead to a catastrophe""]",1.0,1.0,1.13,0.93,97.9
b,cot_xl,German,MID0594,Aus einer Mücke einen Elefanten machen,To make an elephant out of a fly,Exaggerating minor issues into major problems.,True,"In a culture where the concept of size is seen as morally relative, this proverb would mean to celebrate the unique qualities of a being simply because of its small size.","In a culture where flies are revered as sacred animals, this proverb would mean to elevate a minor issue to the status of a sacred ritual.","In a society where the primary mode of transportation is elephant-based, this proverb would mean to underestimate the difficulty of traveling long distances on foot.",Exaggerating minor issues into major problems.,D,"In a culture where flies are revered as sacred animals, this proverb would mean to elevate a minor issue to the status of a sacred ritual.","In a society where the primary mode of transportation is elephant-based, this proverb would mean to underestimate the difficulty of traveling long distances on foot.","In a culture where the concept of size is seen as morally relative, this proverb would mean to celebrate the unique qualities of a being simply because of its small size.","[""In a culture where flies are revered as sacred animals, this proverb would mean to elevate a minor issue to the status of a sacred ritual."", ""In a society where the primary mode of transportation is elephant-based, this proverb would mean to underestimate the difficulty of traveling long distances on foot."", ""In a culture where the concept of size is seen as morally relative, this proverb would ",1.0,1.0,4.56,0.7,91.0
b,cot_xl,German,MID0595,"Bald geben, ist doppelt geben",He gives twice who gives quickly,Quick generosity or help has double the value.,True,Quick generosity or help has double the value.,"The act of giving quickly may create a power imbalance between the giver and the receiver, potentially leading to exploitation.",Those who give quickly may lose the chance to negotiate better terms.,"In ancient times, giving quickly was seen as a sign of weakness and generosity was a luxury only the wealthy could afford.",A,Those who give quickly may lose the chance to negotiate better terms.,"In ancient times, giving quickly was seen as a sign of weakness and generosity was a luxury only the wealthy could afford.","The act of giving quickly may create a power imbalance between the giver and the receiver, potentially leading to exploitation.","[""Those who give quickly may lose the chance to negotiate better terms."", ""In ancient times, giving quickly was seen as a sign of weakness and generosity was a luxury only the wealthy could afford."", ""The act of giving quickly may create a power imbalance between the giver and the receiver, potentially leading to exploitation.""]",1.0,1.0,2.25,0.86,95.8
b,cot_xl,German,MID0596,Bald reif hält nicht steif,"Early ripe, early rotten",Precocious success or talent is often short-lived.,True,"Cultivating talent at an early age, especially in physical activities, can lead to an increased risk of injury and burnout.","The pursuit of rapid personal growth and self-improvement can result in a shallow understanding of the subject matter, leading to stagnation and mediocrity.","A person who achieves rapid success in a field where longevity is crucial, will likely face a downfall due to complacency and lack of effort.",Precocious success or talent is often short-lived.,D,"A person who achieves rapid success in a field where longevity is crucial, will likely face a downfall due to complacency and lack of effort.","Cultivating talent at an early age, especially in physical activities, can lead to an increased risk of injury and burnout.","The pursuit of rapid personal growth and self-improvement can result in a shallow understanding of the subject matter, leading to stagnation and mediocrity.","[""A person who achieves rapid success in a field where longevity is crucial, will likely face a downfall due to complacency and lack of effort."", 
""Cultivating talent at an early age, especially in physical activities, can lead to an increased risk of injury and burnout."", 
""The pursuit of rapid personal growth and self-improvement can result in a shallow understanding of the subject matter, leadi",1.0,1.0,3.24,0.86,95.8
b,cot_xl,German,MID0597,Barmherzigkeit fängt en zu Hause an,Charity begins at home,Help and kindness should start with your own family.,True,The primary location for charitable activities is indeed within one's own geographical residential area.,Charity is a skill that requires intense practice within your household.,The amount of charity one can do is directly correlated to the size of their family.,Help and kindness should start with your own family.,D,Charity is a skill that requires intense practice within your household.,The amount of charity one can do is directly correlated to the size of their family.,The primary location for charitable activities is indeed within one's own geographical residential area.,"[""Charity is a skill that requires intense practice within your household."", ""The amount of charity one can do is directly correlated to the size of their family."", ""The primary location for charitable activities is indeed within one's own geographical residential area.""]",1.0,1.0,1.52,0.92,97.6
b,cot_xl,German,MID0598,Bedenke das Ende,"Whatever you do, act wisely, and consider the end",Always think about the consequences before acting.,True,Always think about the consequences before acting.,Always be optimistic and expect the best outcome.,The past is more important than the future in decision-making.,"When you're in a rush, it's okay to cut corners.",A,"When you're in a rush, it's okay to cut corners.",Always be optimistic and expect the best outcome.,The past is more important than the future in decision-making.,"[""When you're in a rush, it's okay to cut corners."", ""Always be optimistic and expect the best outcome."", ""The past is more important than the future in decision-making.""]",1.0,1.0,1.33,0.96,98.8
b,cot_xl,German,MID0599,"Bedenke, dass du sterben musst",Remember that you must die,Contemplate mortality to live wisely.,True,"That's not a thing you should remember, but rather a thing you should forget.",You should schedule a funeral for yourself before you die.,You must die because you're a bad dancer.,Contemplate mortality to live wisely.,D,You should schedule a funeral for yourself before you die.,"That's not a thing you should remember, but rather a thing you should forget.",You must die because you're a bad dancer.,"[""You should schedule a funeral for yourself before you die."", 
""That's not a thing you should remember, but rather a thing you should forget."", 
""You must die because you're a bad dancer.""]",1.0,1.0,2.13,0.85,95.5
b,cot_xl,German,MID0600,"Behüte mich Gott vor meinen Freunden, mit den Feinden will ich schon fertig werden","Defend me from my friends, from my enemies I can defend myself",Friends can sometimes cause more harm than enemies.,True,1. This proverb suggests that the speaker is more capable of handling enemy aggression than the natural kindness their friends extend to them.,Friends can sometimes cause more harm than enemies.,"3. This proverb may be cautioning against getting too close to people, as they may eventually betray one's trust.","2. This German proverb is likely referring to the idea that personal relationships can often lead to feelings of dependency, which can be damaging in the long run.",B,1. This proverb suggests that the speaker is more capable of handling enemy aggression than the natural kindness their friends extend to them.,"2. This German proverb is likely referring to the idea that personal relationships can often lead to feelings of dependency, which can be damaging in the long run.","3. This proverb may be cautioning against getting too close to people, as they may eventually betray one's trust.","[""1. This proverb suggests that the speaker is more capable of handling enemy aggression than the natural kindness their friends extend to them."", 
""2. This German proverb is likely referring to the idea that personal relationships can often lead to feelings of dependency, which can be damaging in the long run."", 
""3. This proverb may be cautioning against getting too close to people, as they may ",1.0,1.0,2.92,0.88,96.4
b,cot_xl,German,MID0601,Bei offener Kiste mag auch der Fromme ein Schalk werden,A nice wife and a back door oft make a rich man poor,Temptations in the home can lead to ruin.,True,Temptations in the home can lead to ruin.,A person with an open mind is more likely to be deceived,The ability to deceive others is a valuable skill for a religious person,The concept of piety is not as important as external appearances,A,A person with an open mind is more likely to be deceived,The concept of piety is not as important as external appearances,The ability to deceive others is a valuable skill for a religious person,"[""A person with an open mind is more likely to be deceived"", ""The concept of piety is not as important as external appearances"", ""The ability to deceive others is a valuable skill for a religious person""]",1.0,1.0,1.5,0.88,96.4
b,cot_xl,German,MID0602,Berühre nicht alte Wunden,It is not wise to open old wounds,Avoid reopening past hurts or arguments.,True,Avoid reopening past hurts or arguments.,It is not wise to date someone from a century ago,Avoid wearing old perfume,Wearing old clothes can cause old wounds,A,It is not wise to date someone from a century ago,Wearing old clothes can cause old wounds,Avoid wearing old perfume,"[""It is not wise to date someone from a century ago"", ""Wearing old clothes can cause old wounds"", ""Avoid wearing old perfume""]",1.0,0.6666666666666666,1.22,0.92,87.6
b,cot_xl,German,MID0603,Besser arm in Ehren als reich in Schanden,Better poor in honor than rich in shame,Integrity and honor are more important than wealth gained dishonestly.,True,A wealthy individual is more likely to be envied than pitied,This proverb is primarily concerned with material possessions rather than relationships or reputation,Integrity and honor are more important than wealth gained dishonestly.,Being poor is inherently preferable to being rich,C,A wealthy individual is more likely to be envied than pitied,This proverb is primarily concerned with material possessions rather than relationships or reputation,Being poor is inherently preferable to being rich,"[""A wealthy individual is more likely to be envied than pitied"", ""This proverb is primarily concerned with material possessions rather than relationships or reputation"", ""Being poor is inherently preferable to being rich""]",1.0,1.0,1.07,0.91,97.3
b,cot_xl,German,MID0604,"Besser ein Narr mit allen andern, als ein Weiser und allein",Better a fool with everyone else than a wise man and alone,It's better to fit in than to be isolated in wisdom.,True,"Being isolated shows one's true strength and wisdom, so it's better to be alone.",It's better to fit in than to be isolated in wisdom.,"To avoid being ostracized, it's better to pretend to be a fool among others.",A wise person should always surround themselves with fools to keep their ego in check.,B,"To avoid being ostracized, it's better to pretend to be a fool among others.",A wise person should always surround themselves with fools to keep their ego in check.,"Being isolated shows one's true strength and wisdom, so it's better to be alone.","[""To avoid being ostracized, it's better to pretend to be a fool among others."", ""A wise person should always surround themselves with fools to keep their ego in check."", ""Being isolated shows one's true strength and wisdom, so it's better to be alone.""]",1.0,1.0,1.3,0.88,96.4
b,cot_xl,German,MID0605,"Besser ein Spatz in der Hand, als eine Taube auf dem Dach",A bird in the hand is worth two in the bush,Certainty is better than risky prospects.,True,"Cultural interpretation is subjective, and this proverb may vary greatly between regions.","In traditional German folklore, a bird in the hand is believed to have healing properties, whereas a bird on the roof is an abomination to the household.","In medieval Germany, it's said that a sparrow in the hand is an omen of good luck, while a dove on the roof may symbolize impending doom.",Certainty is better than risky prospects.,D,"Cultural interpretation is subjective, and this proverb may vary greatly between regions.","In medieval Germany, it's said that a sparrow in the hand is an omen of good luck, while a dove on the roof may symbolize impending doom.","In traditional German folklore, a bird in the hand is believed to have healing properties, whereas a bird on the roof is an abomination to the household.","[""Cultural interpretation is subjective, and this proverb may vary greatly between regions."", ""In medieval Germany, it's said that a sparrow in the hand is an omen of good luck, while a dove on the roof may symbolize impending doom."", ""In traditional German folklore, a bird in the hand is believed to have healing properties, whereas a bird on the roof is an abomination to the household.""]",1.0,1.0,3.67,0.9,97.0
b,cot_xl,German,MID0606,Blinder Eifer ist Feuer ohne Licht,Zeal without knowledge is a runaway horse,Blind enthusiasm without understanding is dangerous.,True,Zeal without a light source can cause fire to spread uncontrollably.,Enthusiasm can blind one to the safety of having a guiding light on their horse.,A horse running free is a symbol of untamed passion and a lack of reason.,Blind enthusiasm without understanding is dangerous.,D,Zeal without a light source can cause fire to spread uncontrollably.,A horse running free is a symbol of untamed passion and a lack of reason.,Enthusiasm can blind one to the safety of having a guiding light on their horse.,"[""Zeal without a light source can cause fire to spread uncontrollably."", ""A horse running free is a symbol of untamed passion and a lack of reason."", ""Enthusiasm can blind one to the safety of having a guiding light on their horse.""]",1.0,1.0,2.28,0.9,97.0
b,cot_xl,German,MID0607,Blut ist dicker als Wasser,Blood is thicker than water,Family bonds are stronger than other relationships.,True,A person's loyalty to their ancestral lineage takes precedence over their loyalty to their immediate family.,"The more you share of your blood, the stronger the bond becomes.","In times of hardship, those with the most blood relatives will have a greater chance of survival.",Family bonds are stronger than other relationships.,D,A person's loyalty to their ancestral lineage takes precedence over their loyalty to their immediate family.,"The more you share of your blood, the stronger the bond becomes.","In times of hardship, those with the most blood relatives will have a greater chance of survival.","[""A person's loyalty to their ancestral lineage takes precedence over their loyalty to their immediate family."", ""The more you share of your blood, the stronger the bond becomes."", ""In times of hardship, those with the most blood relatives will have a greater chance of survival.""]",1.0,1.0,2.14,0.96,98.8
b,cot_xl,German,MID0608,Blödes Herz buhlt keine schöne Frau,Faint heart never won fair lady,Courage is needed to win affection or success.,True,Only vain people have a 'blödes Herz' that longs for a beautiful woman.,Courage is needed to win affection or success.,Having a 'blödes Herz' is a sign of being charming to women.,One will inevitably be heartbroken if one falls in love with someone beautiful.,B,One will inevitably be heartbroken if one falls in love with someone beautiful.,Having a 'blödes Herz' is a sign of being charming to women.,Only vain people have a 'blödes Herz' that longs for a beautiful woman.,"[""One will inevitably be heartbroken if one falls in love with someone beautiful."", ""Having a 'blödes Herz' is a sign of being charming to women."", ""Only vain people have a 'blödes Herz' that longs for a beautiful woman."" ]",1.0,1.0,1.58,0.95,98.5
b,cot_xl,German,MID0609,Böses mit Gutem vergelten,Repay evil with good,Respond to negativity with kindness.,True,"When someone wrongs you, it's essential to outdo them in terms of wealth.",Respond to negativity with kindness.,"In order to truly understand a person's evil intentions, you must first mirror their behavior with good deeds.",The best way to respond to a personal attack is by competing with the aggressor in a public display of one-upmanship.,B,"When someone wrongs you, it's essential to outdo them in terms of wealth.",The best way to respond to a personal attack is by competing with the aggressor in a public display of one-upmanship.,"In order to truly understand a person's evil intentions, you must first mirror their behavior with good deeds.","[""When someone wrongs you, it's essential to outdo them in terms of wealth."", ""The best way to respond to a personal attack is by competing with the aggressor in a public display of one-upmanship."", ""In order to truly understand a person's evil intentions, you must first mirror their behavior with good deeds.""]",1.0,1.0,3.47,0.9,97.0
b,cot_xl,German,MID0610,Da liegt der Hund begraben,To smell a rat,Suspect hidden problems or motives.,True,To express that something is literally hidden under a dog,To describe someone who is physically dirty,To say that a person is being overly cautious when there's no real danger,Suspect hidden problems or motives.,D,To describe someone who is physically dirty,To express that something is literally hidden under a dog,To say that a person is being overly cautious when there's no real danger,"[""To describe someone who is physically dirty"", ""To express that something is literally hidden under a dog"", ""To say that a person is being overly cautious when there's no real danger""]",1.0,1.0,2.07,0.85,95.5
b,cot_xl,German,MID0611,"Das Auge sieht weit, der Verstand noch weiter",The eye looks but it is the mind that sees,Insight and understanding go beyond mere observation.,True,The importance of physical sight is being downplayed.,Insight and understanding go beyond mere observation.,The phrase is suggesting that people who are not visually impaired have a unique advantage.,"In many cultures, the eyes are associated with intuition.",B,The importance of physical sight is being downplayed.,"In many cultures, the eyes are associated with intuition.",The phrase is suggesting that people who are not visually impaired have a unique advantage.,"[""The importance of physical sight is being downplayed."",""In many cultures, the eyes are associated with intuition."",""The phrase is suggesting that people who are not visually impaired have a unique advantage."" ]",1.0,1.0,1.52,0.92,97.6
b,cot_xl,German,MID0612,Das Bessere ist der Feind des guten,Better is the enemy of good,Perfectionism can prevent completion of good work.,True,"If you focus too much on bettering things, you may forget to take care of yourself.",Setting high standards may lead to burnout and exhaustion as you strive for perfection.,Perfectionism can prevent completion of good work.,The pursuit of excellence can sometimes be a barrier to achieving your goals in the present moment.,C,"If you focus too much on bettering things, you may forget to take care of yourself.",The pursuit of excellence can sometimes be a barrier to achieving your goals in the present moment.,Setting high standards may lead to burnout and exhaustion as you strive for perfection.,"[""If you focus too much on bettering things, you may forget to take care of yourself."", ""The pursuit of excellence can sometimes be a barrier to achieving your goals in the present moment."", ""Setting high standards may lead to burnout and exhaustion as you strive for perfection.""]",1.0,1.0,2.24,0.93,97.9
b,cot_xl,German,MID0613,Das Beste kommt selten hernach,The best is seldom the last,Good opportunities or results don't always come last.,True,The best outcome rarely occurs after you've finished with something.,The best results seldom follow the last attempt.,Good opportunities or results don't always come last.,The best is seldom the last of things you should throw away.,C,The best is seldom the last of things you should throw away.,The best outcome rarely occurs after you've finished with something.,The best results seldom follow the last attempt.,"[""The best is seldom the last of things you should throw away."", ""The best outcome rarely occurs after you've finished with something."", ""The best results seldom follow the last attempt."" ]",1.0,1.0,1.25,0.83,94.9
b,cot_xl,German,MID0615,Das böse Gewissen verrät sich selbst,A guilty conscience needs no accuser,Guilt shows itself outwardly without needing accusation.,True,Guilt is only apparent when an external authority reveals it,A guilty conscience is only a problem when others know about it,A guilty conscience is actually the accuser,Guilt shows itself outwardly without needing accusation.,D,A guilty conscience is actually the accuser,Guilt is only apparent when an external authority reveals it,A guilty conscience is only a problem when others know about it,"[""A guilty conscience is actually the accuser"", ""Guilt is only apparent when an external authority reveals it"", ""A guilty conscience is only a problem when others know about it""]",1.0,1.0,1.38,0.81,94.3
b,cot_xl,German,MID0616,"Das Eisen schmieden, solange es heiß ist",Strike while the iron is hot,Act at the right moment when conditions are favorable.,True,Act at the right moment when conditions are favorable.,"In order to achieve success, you must keep working on an iron until it's completely cold",You must hit others hard when they are weak,It is essential to be physically vigorous when taking action,A,You must hit others hard when they are weak,It is essential to be physically vigorous when taking action,"In order to achieve success, you must keep working on an iron until it's completely cold","[""You must hit others hard when they are weak"",""It is essential to be physically vigorous when taking action"",""In order to achieve success, you must keep working on an iron until it's completely cold""]",1.0,1.0,1.3,0.94,98.2
b,cot_xl,German,MID0617,Das Glück hilft den Kühnen,Fortune favors the bold,Courage and boldness bring success.,True,Courage and boldness bring success.,Fortune favors those who have the courage to take risks in relationships.,"In wealthy families, the bolder you are, the more likely you'll be to receive an inheritance.","Boldness is a necessary trait for people living in extreme climates, where survival depends on it.",A,"In wealthy families, the bolder you are, the more likely you'll be to receive an inheritance.",Fortune favors those who have the courage to take risks in relationships.,"Boldness is a necessary trait for people living in extreme climates, where survival depends on it.","[""In wealthy families, the bolder you are, the more likely you'll be to receive an inheritance."",
""Fortune favors those who have the courage to take risks in relationships."",
""Boldness is a necessary trait for people living in extreme climates, where survival depends on it.""]",1.0,1.0,2.93,0.93,97.9
b,cot_xl,German,MID0618,Das Herz lügt nicht,The heart does not lie,Instinct and inner feeling are truthful.,True,This proverb is a direct reference to the cardiovascular system's role in regulating emotions.,The physical organ known as the heart does not have the capability to lie through verbal speech.,Instinct and inner feeling are truthful.,"The heart does not lie, therefore people born with congenital heart conditions are always truthful.",C,"The heart does not lie, therefore people born with congenital heart conditions are always truthful.",The physical organ known as the heart does not have the capability to lie through verbal speech.,This proverb is a direct reference to the cardiovascular system's role in regulating emotions.,"[""The heart does not lie, therefore people born with congenital heart conditions are always truthful."", ""The physical organ known as the heart does not have the capability to lie through verbal speech."", ""This proverb is a direct reference to the cardiovascular system's role in regulating emotions.""]",1.0,1.0,2.56,0.91,97.3
b,cot_xl,German,MID0619,Das Kind mit dem Bade ausschütten,Don't throw out the child with the bath water,Avoid excess in correction — don't discard the good with the bad.,True,The act of throwing water represents financial struggles.,The child represents a vessel used for bathing.,Avoid excess in correction — don't discard the good with the bad.,You must not bathe children at all.,C,You must not bathe children at all.,The child represents a vessel used for bathing.,The act of throwing water represents financial struggles.,"[""You must not bathe children at all."",
""The child represents a vessel used for bathing."",
""The act of throwing water represents financial struggles.""]",1.0,1.0,0.64,0.95,98.5
b,cot_xl,German,MID0620,"Das Pferd stirbt oft, ehe das Gras wächst",While the grass grows the steed starves,Delays in help or rewards cause loss.,True,Allowing wild horses to roam freely will lead to their demise due to inadequate food sources,"If the grass is not constantly maintained, the horse will perish",Farmers who rely solely on their horses for transportation will eventually go hungry,Delays in help or rewards cause loss.,D,"If the grass is not constantly maintained, the horse will perish",Farmers who rely solely on their horses for transportation will eventually go hungry,Allowing wild horses to roam freely will lead to their demise due to inadequate food sources,"[""If the grass is not constantly maintained, the horse will perish"",
""Farmers who rely solely on their horses for transportation will eventually go hungry"",
""Allowing wild horses to roam freely will lead to their demise due to inadequate food sources""]",1.0,1.0,1.9,0.93,97.9
b,cot_xl,German,MID0621,Das Weib ist des Mannes größtes Glück oder Unglück,Choose a wife rather by your ear than your eye,Character is more important than appearance in a partner.,True,A good marriage requires a substantial difference in social status.,Wives are naturally better at providing emotional support than husbands.,A wife should never be trusted with finances.,Character is more important than appearance in a partner.,D,A wife should never be trusted with finances.,Wives are naturally better at providing emotional support than husbands.,A good marriage requires a substantial difference in social status.,"[""A wife should never be trusted with finances."",
""Wives are naturally better at providing emotional support than husbands."",
""A good marriage requires a substantial difference in social status.""]",1.0,1.0,1.04,0.98,99.4
b,cot_xl,German,MID0622,"Das Wort verhallt, die Schrift bleibt",Paper is forbearing,Written words endure while spoken ones fade.,True,"When you hear words, you should immediately write them down because paper is forbearing.",The trees are stronger than the birds because the paper is forbearing.,"If you write on paper, it will protect you from harm.",Written words endure while spoken ones fade.,D,The trees are stronger than the birds because the paper is forbearing.,"If you write on paper, it will protect you from harm.","When you hear words, you should immediately write them down because paper is forbearing.","[""The trees are stronger than the birds because the paper is forbearing."",
""If you write on paper, it will protect you from harm."",
""When you hear words, you should immediately write them down because paper is forbearing.""]",1.0,1.0,1.76,0.9,97.0
b,cot_xl,German,MID0623,"Die zeiten änder sich, und wir ändern uns in ihnen",Times change and we are changed with them,Adaptation to change is necessary.,True,Times are a reflection of our own moral decay and our failure to adapt is a sign of redemption.,Adaptation to change is necessary.,Change is an inevitable force that reshapes us but also reshapes the world in a way that makes us irrelevant.,We are victims of circumstance and helpless against change.,B,We are victims of circumstance and helpless against change.,Change is an inevitable force that reshapes us but also reshapes the world in a way that makes us irrelevant.,Times are a reflection of our own moral decay and our failure to adapt is a sign of redemption.,"[""We are victims of circumstance and helpless against change."", ""Change is an inevitable force that reshapes us but also reshapes the world in a way that makes us irrelevant."", ""Times are a reflection of our own moral decay and our failure to adapt is a sign of redemption.""]",1.0,1.0,3.2,0.93,97.9
b,cot_xl,German,MID0624,Deine Wäsche wasche zu Hause,Don't wash your dirty linen in public,Handle private matters privately.,True,Handle private matters privately.,Using a washing machine at home can help you relax and reduce stress.,You should be married to someone who does your laundry at home.,Washing clothes at home is a reflection of your cleanliness as a person.,A,You should be married to someone who does your laundry at home.,Washing clothes at home is a reflection of your cleanliness as a person.,Using a washing machine at home can help you relax and reduce stress.,"[""You should be married to someone who does your laundry at home."",
""Washing clothes at home is a reflection of your cleanliness as a person."",
""Using a washing machine at home can help you relax and reduce stress.""",1.0,1.0,3.17,0.88,96.4
b,cot_xl,German,MID0625,"Dem Beichtwater, Arzt unt Advokaten darf man nichts verschweigen","Hide nothing from thy minister, physician and lawyer",Be honest with advisors and professionals.,True,"When dealing with authority figures, it's okay to withhold information if you're not being judged","If you're a lawyer or a priest, you're only entitled to know what's essential to your role",Be honest with advisors and professionals.,It's a reference to the importance of confession in German culture,C,"When dealing with authority figures, it's okay to withhold information if you're not being judged",It's a reference to the importance of confession in German culture,"If you're a lawyer or a priest, you're only entitled to know what's essential to your role","[""When dealing with authority figures, it's okay to withhold information if you're not being judged"",
""It's a reference to the importance of confession in German culture"",
""If you're a lawyer or a priest, you're only entitled to know what's essential to your role""]",1.0,1.0,2.39,0.9,97.0
b,cot_xl,German,MID0626,"Dem Hahn, der zu früh kräht, dreht man den Hals um",A cock that crows too early gets a twisted neck,Patience avoids premature action or punishment.,True,Patience avoids premature action or punishment.,The rooster is telling the time.,A twisted neck is a sign of great beauty.,"Early mornings are best for gardening, and a rooster's crowing can help wake you up.",A,The rooster is telling the time.,A twisted neck is a sign of great beauty.,"Early mornings are best for gardening, and a rooster's crowing can help wake you up.","[""The rooster is telling the time."", ""A twisted neck is a sign of great beauty."", ""Early mornings are best for gardening, and a rooster's crowing can help wake you up.""]",1.0,1.0,1.67,0.96,98.8
b,cot_xl,German,MID0627,Der Amboss erschrickt vor dem Hammer nicht,A good anvil does not fear the hammer,Strength and resilience withstand force.,True,The anvil is anticipating a surprise attack from the hammer,A well-balanced anvil is not a suitable target for a hammer,The anvil is more afraid of the hammer's owner than the hammer itself,Strength and resilience withstand force.,D,The anvil is anticipating a surprise attack from the hammer,A well-balanced anvil is not a suitable target for a hammer,The anvil is more afraid of the hammer's owner than the hammer itself,"[""The anvil is anticipating a surprise attack from the hammer"", 
""A well-balanced anvil is not a suitable target for a hammer"", 
""The anvil is more afraid of the hammer's owner than the hammer itself""]",1.0,1.0,2.27,0.76,92.8
b,cot_xl,German,MID0628,Der Fisch stinkt vom Kopf her,A fish stinks from the head,Problems originate from leadership or the top.,True,: This proverb suggests that only the head of the fish is affected by its smell.,": The Fisch stinkt vom Kopf her means that the smell of fish is caused by something outside of the fish, like its environment.",Problems originate from leadership or the top.,: The phrase implies that the fish's stench can only be detected from its head.,C,": The Fisch stinkt vom Kopf her means that the smell of fish is caused by something outside of the fish, like its environment.",: This proverb suggests that only the head of the fish is affected by its smell.,: The phrase implies that the fish's stench can only be detected from its head.,"[""wrong 1"": The Fisch stinkt vom Kopf her means that the smell of fish is caused by something outside of the fish, like its environment."", ""wrong 2"": This proverb suggests that only the head of the fish is affected by its smell."", ""wrong 3"": The phrase implies that the fish's stench can only be detected from its head.""]",1.0,1.0,2.62,0.79,93.7
b,cot_xl,German,MID0629,"Der Geizige ist keinem gut, ihm selbst der Ärgste",The covetous man is good to none and worst to himself,Greed harms the greedy most.,True,The covetous man is good to none and worst to himself when it comes to inheritance.,Greed leads to a successful business when the focus is on long-term investments.,Greed harms the greedy most.,"The more money one has, the more one is willing to lend without interest.",C,The covetous man is good to none and worst to himself when it comes to inheritance.,"The more money one has, the more one is willing to lend without interest.",Greed leads to a successful business when the focus is on long-term investments.,"[""The covetous man is good to none and worst to himself when it comes to inheritance."", ""The more money one has, the more one is willing to lend without interest."", ""Greed leads to a successful business when the focus is on long-term investments.""]",1.0,1.0,2.87,0.85,95.5
b,cot_xl,German,MID0630,"Der Gesunde weiß nicht, wie reich er ist",Health is wealth,Good health is invaluable and often taken for granted.,True,People with a clean bill of health are more likely to acquire wealth.,The physically fit are more affluent.,Good health is invaluable and often taken for granted.,Only those with a healthy complexion are wealthy.,C,The physically fit are more affluent.,Only those with a healthy complexion are wealthy.,People with a clean bill of health are more likely to acquire wealth.,"[""The physically fit are more affluent."",
""Only those with a healthy complexion are wealthy."",
""People with a clean bill of health are more likely to acquire wealth.""]",1.0,1.0,1.0,0.88,96.4
b,cot_xl,German,MID0631,Alein ist besser als mit Schlechten im Verein,Better to be alone than in bad company,"It is preferable to be by oneself or in the company of good people rather than with bad ones, emphasizing the value of positive associations.",True,A lone wolf's spirit is inherently superior to one that has been tainted by others.,A lone individual's freedom from societal expectations allows for true self-discovery.,"In situations of great calamity, one's solitude can serve as a shield against the darkness that spreads through groups.","It is preferable to be by oneself or in the company of good people rather than with bad ones, emphasizing the value of positive associations.",D,A lone wolf's spirit is inherently superior to one that has been tainted by others.,A lone individual's freedom from societal expectations allows for true self-discovery.,"In situations of great calamity, one's solitude can serve as a shield against the darkness that spreads through groups.","[""A lone wolf's spirit is inherently superior to one that has been tainted by others."", ""A lone individual's freedom from societal expectations allows for true self-discovery."", ""In situations of great calamity, one's solitude can serve as a shield against the darkness that spreads through groups.""]",1.0,1.0,0.6,0.94,98.2
b,cot_xl,German,MID0632,Aller guten Dinge sind drei,All good things come in threes,"Good things or events often occur in sets of three, reflecting a cultural belief in triadic patterns and persistence.",True,"In ancient Germanic cultures, only those with three names were considered worthy of good fortune.","Good things or events often occur in sets of three, reflecting a cultural belief in triadic patterns and persistence.","Three is a mystical number in Germanic mythology, as it symbolizes the first three gods worshipped.",The phrase suggests that having three is the minimum requirement to be considered successful.,B,"In ancient Germanic cultures, only those with three names were considered worthy of good fortune.",The phrase suggests that having three is the minimum requirement to be considered successful.,"Three is a mystical number in Germanic mythology, as it symbolizes the first three gods worshipped.","[""In ancient Germanic cultures, only those with three names were considered worthy of good fortune."", ""The phrase suggests that having three is the minimum requirement to be considered successful."", ""Three is a mystical number in Germanic mythology, as it symbolizes the first three gods worshipped.""]",1.0,1.0,0.79,0.9,97.0
b,cot_xl,German,MID0633,Alles ist seinen Preis wert,Everything is worth its price,Items or actions are valued according to what someone is willing to pay or the effort involved.,True,The cost of something is a direct measure of its difficulty level,The value of something is directly tied to its emotional significance,Items or actions are valued according to what someone is willing to pay or the effort involved.,"You get what you pay for, but also the person paying has a personal stake in the transaction",C,"You get what you pay for, but also the person paying has a personal stake in the transaction",The value of something is directly tied to its emotional significance,The cost of something is a direct measure of its difficulty level,"[""You get what you pay for, but also the person paying has a personal stake in the transaction"", ""The value of something is directly tied to its emotional significance"", ""The cost of something is a direct measure of its difficulty level""]",1.0,1.0,0.8,0.86,95.8
b,cot_xl,German,MID0634,Alles zu seiner Zeit,Everything in its season,"Tasks and events should be addressed at the appropriate time, highlighting patience and timing.",True,Ignoring your problems is a sign of strength,"Tasks and events should be addressed at the appropriate time, highlighting patience and timing.",It's always better to rush into things,Only older people know what's best,B,It's always better to rush into things,Only older people know what's best,Ignoring your problems is a sign of strength,"[""It's always better to rush into things"", ""Only older people know what's best"", ""Ignoring your problems is a sign of strength""]",1.0,1.0,0.5,1.0,100.0
b,cot_xl,German,MID0635,Alte Füchse gehen schwer in die Falle,An old fox understands a trap,Experienced individuals are wary and difficult to deceive or catch.,True,It's a warning about getting old being a hindrance,The phrase only applies to hunting on Tuesdays,Old foxes prefer walking instead of running,Experienced individuals are wary and difficult to deceive or catch.,D,Old foxes prefer walking instead of running,It's a warning about getting old being a hindrance,The phrase only applies to hunting on Tuesdays,"[""Old foxes prefer walking instead of running"", ""It's a warning about getting old being a hindrance"", ""The phrase only applies to hunting on Tuesdays""]",1.0,1.0,0.8,0.98,99.4
b,cot_xl,German,MID0636,"Alte soll man ehren, Junge soll man lehren",Gray hairs are honorable; one should honor the old and teach the young,Respect for elders and education of youth are fundamental social duties.,True,Respect for elders and education of youth are fundamental social duties.,Respect for elders is only merited if they have achieved significant wealth.,Honoring the old means allowing them to hold onto power as long as possible.,One should prioritize gray hair dyeing over natural aging.,A,One should prioritize gray hair dyeing over natural aging.,Respect for elders is only merited if they have achieved significant wealth.,Honoring the old means allowing them to hold onto power as long as possible.,"[""One should prioritize gray hair dyeing over natural aging."", ""Respect for elders is only merited if they have achieved significant wealth."", ""Honoring the old means allowing them to hold onto power as long as possible.""]",1.0,1.0,1.06,1.0,100.0
b,cot_xl,German,MID0638,"Andere Länder, andere Sitten","Other countries, other customs","When in a foreign place, adapt to local customs and behaviors.",True,It implies that foreign countries are inherently less civilized.,"When in a foreign place, adapt to local customs and behaviors.",It suggests that the quality of a country is determined by its customs.,One should prioritize one's own customs over everyone else's.,B,It implies that foreign countries are inherently less civilized.,One should prioritize one's own customs over everyone else's.,It suggests that the quality of a country is determined by its customs.,"[""It implies that foreign countries are inherently less civilized."", ""One should prioritize one's own customs over everyone else's."", ""It suggests that the quality of a country is determined by its customs.""]",1.0,1.0,0.94,0.97,99.1
b,cot_xl,German,MID0703,Barmherzigkeit fängt zu Hause an,Charity begins at home,Help should start with one's own family or household.,True,"A charity starts as a physical manifestation of a home, rather than a concept of helping others.","Those who practice charity tend to remain at home, rather than engage with the wider community.",Help should start with one's own family or household.,Charity only applies to those with wealth within a household.,C,Charity only applies to those with wealth within a household.,"Those who practice charity tend to remain at home, rather than engage with the wider community.","A charity starts as a physical manifestation of a home, rather than a concept of helping others.","[""Charity only applies to those with wealth within a household."", ""Those who practice charity tend to remain at home, rather than engage with the wider community."", ""A charity starts as a physical manifestation of a home, rather than a concept of helping others.""]",1.0,1.0,1.59,0.85,95.5
b,cot_xl,German,MID0729,"Die Zeiten ändern sich, und wir ändern uns in ihnen",Times change and we are changed with them,Adaptation to changing times is essential for survival.,True,Times are a reflection of our collective moral decline.,We are the sole reason for the times changing.,The individual's willpower has no influence on the course of time.,Adaptation to changing times is essential for survival.,D,We are the sole reason for the times changing.,The individual's willpower has no influence on the course of time.,Times are a reflection of our collective moral decline.,"[""We are the sole reason for the times changing."", ""The individual's willpower has no influence on the course of time."", ""Times are a reflection of our collective moral decline.""]",1.0,1.0,1.21,0.92,97.6
b,cot_xl,German,MID0732,Klappe zu. Affe tot.,Mouth shut. Monkey dead.,This is the end of the conversation (like 'and Bob’s your uncle!').,True,"The dead monkey is a metaphor for a silenced critic, implying that the conversation is now safe from judgment.","The act of shutting a monkey's mouth is actually a reminder to be considerate of the environment, as loud monkeys are a disturbance.","The monkey represents a symbol of mischief, so the phrase is actually telling you to be cautious of trouble.",This is the end of the conversation (like 'and Bob’s your uncle!').,D,"The monkey represents a symbol of mischief, so the phrase is actually telling you to be cautious of trouble.","The dead monkey is a metaphor for a silenced critic, implying that the conversation is now safe from judgment.","The act of shutting a monkey's mouth is actually a reminder to be considerate of the environment, as loud monkeys are a disturbance.","[""The monkey represents a symbol of mischief, so the phrase is actually telling you to be cautious of trouble."",
""The dead monkey is a metaphor for a silenced critic, implying that the conversation is now safe from judgment."",
""The act of shutting a monkey's mouth is actually a reminder to be considerate of the environment, as loud monkeys are a disturbance.""]",1.0,1.0,1.69,0.84,95.2
b,cot_xl,German,MID0734,Schwein gehabt,Pig had,To be lucky (have a stroke of luck).,True,This is a warning that the person has come into contact with or handled a pig.,The speaker is referring to someone who resembles a pig in their behavior.,The phrase is a call to the person to emulate the cunning nature of a pig.,To be lucky (have a stroke of luck).,D,The speaker is referring to someone who resembles a pig in their behavior.,This is a warning that the person has come into contact with or handled a pig.,The phrase is a call to the person to emulate the cunning nature of a pig.,"[""The speaker is referring to someone who resembles a pig in their behavior."", ""This is a warning that the person has come into contact with or handled a pig."", ""The phrase is a call to the person to emulate the cunning nature of a pig.""]",1.0,1.0,1.88,0.82,94.6
b,cot_xl,German,MID0735,Jemanden etwas aus der Nase ziehen,To pull something out of someone’s nose,To tediously extract information from someone.,True,To tediously extract information from someone.,"To give someone a long, cold kiss on the nose",To perform nasal surgery on someone,To steal someone's personal belongings through their nostrils,A,To perform nasal surgery on someone,"To give someone a long, cold kiss on the nose",To steal someone's personal belongings through their nostrils,"[""To perform nasal surgery on someone"", ""To give someone a long, cold kiss on the nose"", ""To steal someone's personal belongings through their nostrils""]",1.0,1.0,1.33,0.88,96.4
b,cot_xl,German,MID0736,Blau sein,To be blue,To be drunk.,True,To be drunk.,One is an expert in the ocean and navigates through calm waters.,Someone has taken a dip too early in the morning.,A person's eyes have lost their natural sparkle.,A,One is an expert in the ocean and navigates through calm waters.,A person's eyes have lost their natural sparkle.,Someone has taken a dip too early in the morning.,"[""One is an expert in the ocean and navigates through calm waters."", ""A person's eyes have lost their natural sparkle."", ""Someone has taken a dip too early in the morning.""]",1.0,1.0,3.33,0.95,98.5
b,cot_xl,German,MID0737,Nicht mehr alle Tassen im Schrank haben,To not have all the cups in the cupboard,To not be quite right in the head (crazy).,True,If the pantry is in disarray,When a homeowner loses track of their kitchen essentials,To not be quite right in the head (crazy).,If someone is not a morning person,C,If someone is not a morning person,When a homeowner loses track of their kitchen essentials,If the pantry is in disarray,"[""If someone is not a morning person"", ""When a homeowner loses track of their kitchen essentials"", ""If the pantry is in disarray""]",1.0,1.0,0.81,0.92,97.6
b,cot_xl,German,MID0738,Da wird ja der Hund in der Pfanne verrückt!,That will make the dog in the pan crazy!,When something is shocking or unbelievable (in a bad way).,True,When something is shocking or unbelievable (in a bad way).,"3. This proverb implies that a dog's mental state is closely tied to its proximity to a pan, and that being near one can cause unpredictable behavior.","1. The proverb suggests that a dog, when in a pan (presumably a cooking pan), is particularly prone to madness due to the heat or environment.","2. The phrase might be used to indicate a situation that will overwhelm a dog in a cooking-related role, such as being a chef or cook.",A,"1. The proverb suggests that a dog, when in a pan (presumably a cooking pan), is particularly prone to madness due to the heat or environment.","2. The phrase might be used to indicate a situation that will overwhelm a dog in a cooking-related role, such as being a chef or cook.","3. This proverb implies that a dog's mental state is closely tied to its proximity to a pan, and that being near one can cause unpredictable behavior.","[""1. The proverb suggests that a dog, when in a pan (presumably a cooking pan), is particularly prone to madness due to the heat or environment."",
 ""2. The phrase might be used to indicate a situation that will overwhelm a dog in a cooking-related role, such as being a chef or cook."",
 ""3. This proverb implies that a dog's mental state is closely tied to its proximity to a pan, and that being near",1.0,1.0,2.63,0.88,96.4
b,cot_xl,German,MID0739,Einen Vogel haben,To have a bird,To be crazy.,True,"Someone who has a bird might be worried about its food supply, so having a bird means being preoccupied with finding resources.","When you have a bird, you need its nest too, implying that having a mental issue also entails a specific environment.",To be crazy.,"In some cultures, birds are believed to have healing powers, so having a bird could mean that you're on the road to recovery.",C,"When you have a bird, you need its nest too, implying that having a mental issue also entails a specific environment.","Someone who has a bird might be worried about its food supply, so having a bird means being preoccupied with finding resources.","In some cultures, birds are believed to have healing powers, so having a bird could mean that you're on the road to recovery.","[""When you have a bird, you need its nest too, implying that having a mental issue also entails a specific environment."", ""Someone who has a bird might be worried about its food supply, so having a bird means being preoccupied with finding resources."", ""In some cultures, birds are believed to have healing powers, so having a bird could mean that you're on the road to recovery.""]",1.0,1.0,7.33,0.9,97.0
b,cot_xl,German,MID0740,"Friede, Freude, Eierkuchen","Peace, joy, pancake","Love, peace and harmony (everything is perfect).",True,"This culture has a strong connection to breakfast, so the proverb is about the perfect morning meal.","Love, peace and harmony (everything is perfect).","An 'Eierkuchen' is a traditional dessert often used as a reward for completing tasks, so the proverb is about achieving milestones.",Pancakes are a symbol of abundance in this culture and thus refer to financial success.,B,Pancakes are a symbol of abundance in this culture and thus refer to financial success.,"An 'Eierkuchen' is a traditional dessert often used as a reward for completing tasks, so the proverb is about achieving milestones.","This culture has a strong connection to breakfast, so the proverb is about the perfect morning meal.","[""Pancakes are a symbol of abundance in this culture and thus refer to financial success.""
""An 'Eierkuchen' is a traditional dessert often used as a reward for completing tasks, so the proverb is about achieving milestones.""
""This culture has a strong connection to breakfast, so the proverb is about the perfect morning meal.""]",1.0,1.0,2.52,0.87,96.1
b,cot_xl,German,MID0741,Eine Extrawurst haben,To have an extra sausage,To get special treatment.,True,To be extremely hungry,To get special treatment.,To be overly confident in one's abilities,To have a preference for spicy food,B,To be extremely hungry,To be overly confident in one's abilities,To have a preference for spicy food,"[""To be extremely hungry"", ""To be overly confident in one's abilities"", ""To have a preference for spicy food""]",1.0,0.6666666666666666,1.5,0.87,86.1
b,cot_xl,German,MID0742,Seinen Senf dazugeben,To give his mustard,To give one’s opinion (unasked).,True,"In the German tradition, it is customary to eat all your food, even mustard, so this phrase means to finish a meal.","Seinen Senf dazugeben is a sign of a good host, he adds condiments to every dish.","When the mustard is strong, the food requires it.",To give one’s opinion (unasked).,D,"When the mustard is strong, the food requires it.","Seinen Senf dazugeben is a sign of a good host, he adds condiments to every dish.","In the German tradition, it is customary to eat all your food, even mustard, so this phrase means to finish a meal.","[""When the mustard is strong, the food requires it."", ""Seinen Senf dazugeben is a sign of a good host, he adds condiments to every dish."", ""In the German tradition, it is customary to eat all your food, even mustard, so this phrase means to finish a meal.""]",1.0,1.0,3.13,0.93,97.9
b,cot_xl,German,MID0744,Eine beleidigte Leberwurst zu spielen,To play the offended liver sausage,To react in an exaggerated or insulted manner during an argument.,True,To react in an exaggerated or insulted manner during an argument.,A dish with liver sausage being served before the main course,Playing a musical instrument while eating liver sausage,A person who is offended by sausage,A,A dish with liver sausage being served before the main course,Playing a musical instrument while eating liver sausage,A person who is offended by sausage,"[""A dish with liver sausage being served before the main course"", ""Playing a musical instrument while eating liver sausage"", ""A person who is offended by sausage""]",1.0,1.0,0.79,0.84,95.2
b,cot_xl,German,MID0745,Ich verstehe nur Bahnhof,I only understand train station,I don’t understand (something complex or noisy).,True,I don’t understand (something complex or noisy).,I have a fear of public transportation,I'm only fluent in rail terminology,I only listen to train announcements,A,I only listen to train announcements,I have a fear of public transportation,I'm only fluent in rail terminology,"[""I only listen to train announcements"", ""I have a fear of public transportation"", ""I'm only fluent in rail terminology""]",1.0,1.0,0.9,0.94,98.2
b,cot_xl,German,MID0746,Butter bei die Fische,Butter at the fishes,Get to the point (make something complete and clear).,True,A fishing technique to lure fish with a dairy product,Get to the point (make something complete and clear).,A way to keep fish from getting too hot,Gives fish butter to taste,B,Gives fish butter to taste,A fishing technique to lure fish with a dairy product,A way to keep fish from getting too hot,"[""Gives fish butter to taste"", ""A fishing technique to lure fish with a dairy product"", ""A way to keep fish from getting too hot""]",1.0,1.0,0.89,0.82,94.6
b,cot_xl,German,MID0747,Die besten Schwimmer ertrinken,The best swimmers drown,"Even experts can fail (work smarter, not harder).",True,The ones with the greatest aquatic skills are often the ones who fail to breathe,The best aquatic athletes inevitably succumb to water-based accidents,The strongest swimmers are most likely to drown,"Even experts can fail (work smarter, not harder).",D,The strongest swimmers are most likely to drown,The ones with the greatest aquatic skills are often the ones who fail to breathe,The best aquatic athletes inevitably succumb to water-based accidents,"[""The strongest swimmers are most likely to drown"",
""The ones with the greatest aquatic skills are often the ones who fail to breathe"",
""The best aquatic athletes inevitably succumb to water-based accidents""]",1.0,1.0,1.33,0.84,95.2
b,cot_xl,German,MID0752,Aus einem Stein ist schwer Öl pressen,It’s hard to press oil out of a stone,Impossible tasks (you can’t get blood from a stone).,True,Impossible tasks (you can’t get blood from a stone).,The pressure applied to extract oil from a stone will be too expensive,You can’t press a stone that's already too heavy with oil,Extracting oil from a stone is a good way to break it into smaller pieces,A,You can’t press a stone that's already too heavy with oil,The pressure applied to extract oil from a stone will be too expensive,Extracting oil from a stone is a good way to break it into smaller pieces,"[""You can’t press a stone that's already too heavy with oil"", ""The pressure applied to extract oil from a stone will be too expensive"", ""Extracting oil from a stone is a good way to break it into smaller pieces""]",1.0,1.0,1.44,0.81,94.3
b,cot_xl,German,MID0755,Die Arznei ist oft ärger als das Übel,The drug is often worse than the disease,The cure can be worse than the disease.,True,The cure can be worse than the disease.,A cure will eventually make the disease worse than it was initially.,A cure is often as deadly as the disease in extreme cases.,The drug itself is often the root cause of the illness.,A,A cure is often as deadly as the disease in extreme cases.,The drug itself is often the root cause of the illness.,A cure will eventually make the disease worse than it was initially.,"[""A cure is often as deadly as the disease in extreme cases."",
""The drug itself is often the root cause of the illness."",
""A cure will eventually make the disease worse than it was initially.""]",1.0,1.0,1.46,0.85,95.5
b,cot_xl,German,MID0756,Der Ertrinkende greift nach einem Strohhalm,The drowning man reaches for the drinking straw,Desperate people clutch at straws.,True,The man is trying to use a straw to suck in air while drowning to save himself.,A drowning man reaches for the drinking straw because he thinks it will make him lighter.,Desperate people clutch at straws.,A person drowning in debt reaches for a straw to help him breathe underwater.,C,A drowning man reaches for the drinking straw because he thinks it will make him lighter.,A person drowning in debt reaches for a straw to help him breathe underwater.,The man is trying to use a straw to suck in air while drowning to save himself.,"[""A drowning man reaches for the drinking straw because he thinks it will make him lighter."",
""A person drowning in debt reaches for a straw to help him breathe underwater."",
""The man is trying to use a straw to suck in air while drowning to save himself.""]",1.0,1.0,3.13,0.78,93.4
b,cot_xl,German,MID0757,"Gesunder Mann, reicher Mann",A healthy man is a rich man,Health is the greatest wealth.,True,A wealthy man has an easier time finding a healthy caregiver.,You are most likely to be rich if you have a healthy rival.,Health is the greatest wealth.,A healthy man is usually more popular among wealthy people.,C,A wealthy man has an easier time finding a healthy caregiver.,You are most likely to be rich if you have a healthy rival.,A healthy man is usually more popular among wealthy people.,"[""A wealthy man has an easier time finding a healthy caregiver."", 
""You are most likely to be rich if you have a healthy rival."", 
""A healthy man is usually more popular among wealthy people.""]",1.0,1.0,2.27,0.85,95.5
b,cot_xl,German,MID0758,Den Teufel nicht an die Wand malen,Do not paint the devil on the wall,Do not assume something will go wrong before knowing the outcome.,True,"In a remote region, the phrase is used to caution against the dangers of using vivid colors in interior design.",A popular artist uses 'Den Teufel nicht an die Wand malen' as a metaphor for the futility of creating art that criticises the establishment.,"In a small village, people believe that painting the devil on the wall is a way to ward off evil spirits, but the actual meaning is that they shouldn't draw attention to themselves.",Do not assume something will go wrong before knowing the outcome.,D,"In a small village, people believe that painting the devil on the wall is a way to ward off evil spirits, but the actual meaning is that they shouldn't draw attention to themselves.",A popular artist uses 'Den Teufel nicht an die Wand malen' as a metaphor for the futility of creating art that criticises the establishment.,"In a remote region, the phrase is used to caution against the dangers of using vivid colors in interior design.","[""In a small village, people believe that painting the devil on the wall is a way to ward off evil spirits, but the actual meaning is that they shouldn't draw attention to themselves."", ""A popular artist uses 'Den Teufel nicht an die Wand malen' as a metaphor for the futility of creating art that criticises the establishment."", ""In a remote region, the phrase is used to caution against the dangers",1.0,1.0,2.33,0.91,97.3
b,cot_xl,German,MID0759,"Alles hat ein Ende, nur die Wurst hat zwei","Everything has an end, only the sausage has two",All things must come to an end.,True,All things must come to an end.,"This proverb is hinting that the only thing in life that truly has a lasting impact is a delicious sausage, making it a culinary masterpiece.","The German proverb is suggesting that sausages are the only thing that has a sense of duality, perhaps because it can be eaten with two different condiments, such as mustard and ketchup.","The proverb seems to imply that the act of consuming a sausage is the only time when two is better than one, perhaps due to the satisfying pairing with a beverage.",A,"The German proverb is suggesting that sausages are the only thing that has a sense of duality, perhaps because it can be eaten with two different condiments, such as mustard and ketchup.","This proverb is hinting that the only thing in life that truly has a lasting impact is a delicious sausage, making it a culinary masterpiece.","The proverb seems to imply that the act of consuming a sausage is the only time when two is better than one, perhaps due to the satisfying pairing with a beverage.","[""The German proverb is suggesting that sausages are the only thing that has a sense of duality, perhaps because it can be eaten with two different condiments, such as mustard and ketchup."", ""This proverb is hinting that the only thing in life that truly has a lasting impact is a delicious sausage, making it a culinary masterpiece."", ""The proverb seems to imply that the act of consuming a sausage ",1.0,1.0,4.19,0.8,94.0
b,cot_xl,German,MID0760,Morgenstund hat Gold im Mund,The morning hour has gold in its mouth,Waking up early allows people to be more productive and successful.,True,Waking up early allows people to be more productive and successful.,Morning dew is a harbinger of good fortune,The rising sun is a symbol of wealth acquired through luck,Early birds are destined to lose their social status,A,Morning dew is a harbinger of good fortune,The rising sun is a symbol of wealth acquired through luck,Early birds are destined to lose their social status,"[""Morning dew is a harbinger of good fortune"",""The rising sun is a symbol of wealth acquired through luck"",""Early birds are destined to lose their social status""]",1.0,1.0,0.85,0.94,98.2
b,cot_xl,German,MID0764,Du siehst den Wald lauter Bäumen nicht,You do not see the forest for the trees,People must look at the bigger picture instead of focusing on just one small aspect.,True,It suggests that you're neglecting to take care of individual trees.,The saying implies that you're too focused on your physical surroundings.,It implies that being aware of individual trees is a bad thing.,People must look at the bigger picture instead of focusing on just one small aspect.,D,The saying implies that you're too focused on your physical surroundings.,It suggests that you're neglecting to take care of individual trees.,It implies that being aware of individual trees is a bad thing.,"[""The saying implies that you're too focused on your physical surroundings."", ""It suggests that you're neglecting to take care of individual trees."", ""It implies that being aware of individual trees is a bad thing.""]",1.0,1.0,0.76,0.86,95.8
b,cot_xl,German,MID0765,Kümmere dich nicht um ungelegte Eier,Don't count your chickens before they hatch,Remain realistic about expectations rather than hoping for something that might never come to fruition.,True,Remain realistic about expectations rather than hoping for something that might never come to fruition.,wrong 2,wrong 1,wrong 3,A,wrong 1,wrong 2,wrong 3,"[""wrong 1"", ""wrong 2"", ""wrong 3""]",1.0,0.0,0.13,0.67,60.1
b,cot_xl,German,MID0766,"Lebe wie du kannst, nicht wie du willst","Live as you can, not as you want",You have to live in accordance to your opportunities and abilities.,True,Living as you can is a justification for laziness.,You must accept your fate and give up on your dreams.,The only person you should prioritize is yourself.,You have to live in accordance to your opportunities and abilities.,D,You must accept your fate and give up on your dreams.,The only person you should prioritize is yourself.,Living as you can is a justification for laziness.,"[""You must accept your fate and give up on your dreams."", ""The only person you should prioritize is yourself."", ""Living as you can is a justification for laziness.""]",1.0,1.0,0.85,0.92,97.6
