task,strategy,language,sample_id,source_proverb,proverb_en,correct_meaning,cultural_context_available,Choice_A,Choice_B,Choice_C,Choice_D,Answer,distractor_1,distractor_2,distractor_3,raw_response,parse,complete,len_r,distinct,quality
b,zs,French,MID0001,L’habit ne fait pas le moine,The vestment does not make the monk,"Just because a monk is wearing a renunciate’s robe, it doesn’t mean that the monk is sincere in his intentions. The phrase implies that appearances can sometimes mislead one’s better judgment. The English equivalent would be, “Don’t judge a book by its cover.”",True,One should trust outward appearances as a reliable guide to character and status.,"Just because a monk is wearing a renunciate’s robe, it doesn’t mean that the monk is sincere in his intentions. The phrase implies that appearances can sometimes mislead one’s better judgment. The English equivalent would be, “Don’t judge a book by its cover.”","Monks are always judged accurately by their clothing, which symbolizes their vows.","Appearances reflect inner virtue, so proper attire signifies moral integrity.",B,"Appearances reflect inner virtue, so proper attire signifies moral integrity.","Monks are always judged accurately by their clothing, which symbolizes their vows.",One should trust outward appearances as a reliable guide to character and status.,"{""1"": [""Appearances reflect inner virtue, so proper attire signifies moral integrity."", ""Monks are always judged accurately by their clothing, which symbolizes their vows."", ""One should trust outward appearances as a reliable guide to character and status.""], ""2"": [""Only the elderly have the right to give advice, as they have seen the most."", ""Living longer guarantees happiness, so longevity is th",1.0,1.0,0.27,0.98,99.4
b,zs,French,MID0002,Qui vivra verra,"He/she who lives, shall see.","Something is unknown now, but will become clear in the future; the only way to find out is to wait and see. Typically used when an outcome is unpredictable or uncertain, like in the English phrase, “The future will tell.”",True,"Something is unknown now, but will become clear in the future; the only way to find out is to wait and see. Typically used when an outcome is unpredictable or uncertain, like in the English phrase, “The future will tell.”","Those who survive will earn rewards, implying survival justifies any action.","Living longer guarantees happiness, so longevity is the ultimate goal.","Only the elderly have the right to give advice, as they have seen the most.",A,"Only the elderly have the right to give advice, as they have seen the most.","Living longer guarantees happiness, so longevity is the ultimate goal.","Those who survive will earn rewards, implying survival justifies any action.","{""1"": [""Appearances reflect inner virtue, so proper attire signifies moral integrity."", ""Monks are always judged accurately by their clothing, which symbolizes their vows."", ""One should trust outward appearances as a reliable guide to character and status.""], ""2"": [""Only the elderly have the right to give advice, as they have seen the most."", ""Living longer guarantees happiness, so longevity is th",1.0,1.0,0.3,0.98,99.4
b,zs,French,MID0003,Chacun voit midi à sa porte,Each person sees noon at his/her door.,"Each person prioritizes their own interests, and their unique perspective on life guides how they interact with others, set goals, work and live. This saying can also refer to a person’s selfishness...",True,"Each person prioritizes their own interests, and their unique perspective on life guides how they interact with others, set goals, work and live. This saying can also refer to a person’s selfishness...",Time should be set by local landmarks rather than clocks.,"Noon is the most important meal, so everyone should eat at midday.","Each person experiences hunger at noon, proving shared human needs.",A,"Noon is the most important meal, so everyone should eat at midday.",Time should be set by local landmarks rather than clocks.,"Each person experiences hunger at noon, proving shared human needs.","{""1"": [""Appearances reflect inner virtue, so proper attire signifies moral integrity."", ""Monks are always judged accurately by their clothing, which symbolizes their vows."", ""One should trust outward appearances as a reliable guide to character and status.""], ""2"": [""Only the elderly have the right to give advice, as they have seen the most."", ""Living longer guarantees happiness, so longevity is th",1.0,1.0,0.33,0.97,99.1
b,zs,French,MID0004,Mieux vaut prévenir que guérir,It’s better to prevent than to heal.,"It’s better to take the necessary precautions to prevent a sickness, than to have to treat and heal this sickness.",True,"Preventing problems applies only to physical health, not relationships or work.",Doctors are more important than nurses because they prevent disease.,"Healing is pointless once prevention has failed, so abandon treatment.","It’s better to take the necessary precautions to prevent a sickness, than to have to treat and heal this sickness.",D,"Healing is pointless once prevention has failed, so abandon treatment.",Doctors are more important than nurses because they prevent disease.,"Preventing problems applies only to physical health, not relationships or work.","{""1"": [""Appearances reflect inner virtue, so proper attire signifies moral integrity."", ""Monks are always judged accurately by their clothing, which symbolizes their vows."", ""One should trust outward appearances as a reliable guide to character and status.""], ""2"": [""Only the elderly have the right to give advice, as they have seen the most."", ""Living longer guarantees happiness, so longevity is th",1.0,1.0,0.52,1.0,100.0
b,zs,French,MID0005,"Qui n’avance pas, recule","Who does not move forward, recedes.","There can be no standstill in life, only evolution or devolution. You can either adapt, or become stagnant and “recede.”",True,"Progress means constant physical motion, so one must always be traveling.","Moving backward is always worse than staying still, no matter the context.","Resting causes inevitable decline, so sleep and breaks harm personal growth.","There can be no standstill in life, only evolution or devolution. You can either adapt, or become stagnant and “recede.”",D,"Moving backward is always worse than staying still, no matter the context.","Progress means constant physical motion, so one must always be traveling.","Resting causes inevitable decline, so sleep and breaks harm personal growth.","{""1"": [""Appearances reflect inner virtue, so proper attire signifies moral integrity."", ""Monks are always judged accurately by their clothing, which symbolizes their vows."", ""One should trust outward appearances as a reliable guide to character and status.""], ""2"": [""Only the elderly have the right to give advice, as they have seen the most."", ""Living longer guarantees happiness, so longevity is th",1.0,1.0,0.57,0.97,99.1
b,zs,French,MID0006,Il ne faut pas se fier aux apparences,One should not trust appearances.,"This saying is the English equivalent of “You can’t judge a book by its cover,” or “Looks can be deceiving.”",True,This saying implies that physical beauty is irrelevant and should be ignored in social interactions.,"In French culture, this proverb is often used to suggest that one should always dress modestly to avoid drawing attention.","This saying is the English equivalent of “You can’t judge a book by its cover,” or “Looks can be deceiving.”",The proverb is commonly interpreted as a warning against trusting flattery or sweet words in personal relationships.,C,"In French culture, this proverb is often used to suggest that one should always dress modestly to avoid drawing attention.",This saying implies that physical beauty is irrelevant and should be ignored in social interactions.,The proverb is commonly interpreted as a warning against trusting flattery or sweet words in personal relationships.,"{""1"": [""In French culture, this proverb is often used to suggest that one should always dress modestly to avoid drawing attention."", ""This saying implies that physical beauty is irrelevant and should be ignored in social interactions."", ""The proverb is commonly interpreted as a warning against trusting flattery or sweet words in personal relationships.""], ""2"": [""This expression is traditionally us",1.0,1.0,0.87,0.89,96.7
b,zs,French,MID0007,"Petit à petit, l’oiseau fait son nid","Little by little, the bird makes its nest.","This proverb designates patience and perseverance. It can be used in many situations, particularly to refer to something substantial that has not yet been accomplished, but will be with time and perseverance.",True,The proverb is believed to encourage relying on family members to gradually complete tasks for you.,"This proverb designates patience and perseverance. It can be used in many situations, particularly to refer to something substantial that has not yet been accomplished, but will be with time and perseverance.","It refers to the idea that birds symbolize freedom, and building a nest represents settling into a restrictive life.",This expression is traditionally used to describe the importance of singing while working to pass the time.,B,This expression is traditionally used to describe the importance of singing while working to pass the time.,"It refers to the idea that birds symbolize freedom, and building a nest represents settling into a restrictive life.",The proverb is believed to encourage relying on family members to gradually complete tasks for you.,"{""1"": [""In French culture, this proverb is often used to suggest that one should always dress modestly to avoid drawing attention."", ""This saying implies that physical beauty is irrelevant and should be ignored in social interactions."", ""The proverb is commonly interpreted as a warning against trusting flattery or sweet words in personal relationships.""], ""2"": [""This expression is traditionally us",1.0,1.0,0.54,0.92,97.6
b,zs,French,MID0008,"Aussitôt dit, aussitôt fait","As soon as said, as soon as done.","The equivalent English saying is, “It’s as good as done.” It indicates that something is or will be done almost immediately upon request.",True,"The equivalent English saying is, “It’s as good as done.” It indicates that something is or will be done almost immediately upon request.",This phrase is often taken to mean that promises should be avoided unless one is certain they can’t be kept.,The saying is commonly used to express skepticism about whether spoken words have any real value.,It is interpreted as a critique of impulsive people who act before thinking through consequences.,A,This phrase is often taken to mean that promises should be avoided unless one is certain they can’t be kept.,It is interpreted as a critique of impulsive people who act before thinking through consequences.,The saying is commonly used to express skepticism about whether spoken words have any real value.,"{""1"": [""In French culture, this proverb is often used to suggest that one should always dress modestly to avoid drawing attention."", ""This saying implies that physical beauty is irrelevant and should be ignored in social interactions."", ""The proverb is commonly interpreted as a warning against trusting flattery or sweet words in personal relationships.""], ""2"": [""This expression is traditionally us",1.0,1.0,0.74,0.96,98.8
b,zs,French,MID0009,Bien mal acquis ne profite jamais,A badly acquired good never benefits.,"In English, the saying goes, “Ill-gotten goods seldom prosper,” or “Crime doesn’t pay,” meaning it’s best to be honest because dishonesty doesn’t get you anywhere.",True,The expression implies that charitable donations are less valuable if they come from honest labor.,"In English, the saying goes, “Ill-gotten goods seldom prosper,” or “Crime doesn’t pay,” meaning it’s best to be honest because dishonesty doesn’t get you anywhere.",It suggests that taking financial risks is ultimately more rewarding than playing it safe.,This proverb is widely understood to mean that inherited wealth always brings more happiness than earned money.,B,This proverb is widely understood to mean that inherited wealth always brings more happiness than earned money.,It suggests that taking financial risks is ultimately more rewarding than playing it safe.,The expression implies that charitable donations are less valuable if they come from honest labor.,"{""1"": [""In French culture, this proverb is often used to suggest that one should always dress modestly to avoid drawing attention."", ""This saying implies that physical beauty is irrelevant and should be ignored in social interactions."", ""The proverb is commonly interpreted as a warning against trusting flattery or sweet words in personal relationships.""], ""2"": [""This expression is traditionally us",1.0,1.0,0.61,0.93,97.9
b,zs,French,MID0010,"Qui court deux lièvres à la fois, n’en prend aucun","Who runs after two hares at the same time, catches none.",We ought to concentrate on one task at a time with optimal attention...,True,It is thought to promote multitasking by illustrating how difficult it is to chase more than one goal.,We ought to concentrate on one task at a time with optimal attention...,This saying is often misinterpreted as advice to always seek help when hunting in the forest.,The proverb is believed to refer to the nutritional benefits of eating hare meat for focus and stamina.,B,This saying is often misinterpreted as advice to always seek help when hunting in the forest.,It is thought to promote multitasking by illustrating how difficult it is to chase more than one goal.,The proverb is believed to refer to the nutritional benefits of eating hare meat for focus and stamina.,"{""1"": [""In French culture, this proverb is often used to suggest that one should always dress modestly to avoid drawing attention."", ""This saying implies that physical beauty is irrelevant and should be ignored in social interactions."", ""The proverb is commonly interpreted as a warning against trusting flattery or sweet words in personal relationships.""], ""2"": [""This expression is traditionally us",1.0,1.0,1.33,0.92,97.6
b,zs,French,MID0011,"Mangez bien, riez souvent, aimez beaucoup","Eat well, laugh often, love abundantly.",This saying is analogous to “Live life to the fullest” or carpe diem...,True,The phrase is used to promote romantic exclusivity over emotional openness.,This emphasizes strict dietary discipline as a sign of virtue.,This saying is analogous to “Live life to the fullest” or carpe diem...,It suggests laughter should be reserved for rare occasions to show seriousness.,C,This emphasizes strict dietary discipline as a sign of virtue.,It suggests laughter should be reserved for rare occasions to show seriousness.,The phrase is used to promote romantic exclusivity over emotional openness.,"{""1"": [""This emphasizes strict dietary discipline as a sign of virtue."", ""It suggests laughter should be reserved for rare occasions to show seriousness."", ""The phrase is used to promote romantic exclusivity over emotional openness.""], ""2"": [""It implies that youth are naturally superior and should lead without guidance."", ""The saying mocks older people as obsolete tools for the young."", ""It means ",1.0,1.0,0.85,0.98,99.4
b,zs,French,MID0012,"À jeune chasseur, il faut un vieux chien","For the young hunter, an old dog is needed.",An inexperienced person needs someone older and wiser to show him/her the ropes.,True,It means that only the young can truly appreciate modern techniques.,An inexperienced person needs someone older and wiser to show him/her the ropes.,The saying mocks older people as obsolete tools for the young.,It implies that youth are naturally superior and should lead without guidance.,B,It implies that youth are naturally superior and should lead without guidance.,The saying mocks older people as obsolete tools for the young.,It means that only the young can truly appreciate modern techniques.,"{""1"": [""This emphasizes strict dietary discipline as a sign of virtue."", ""It suggests laughter should be reserved for rare occasions to show seriousness."", ""The phrase is used to promote romantic exclusivity over emotional openness.""], ""2"": [""It implies that youth are naturally superior and should lead without guidance."", ""The saying mocks older people as obsolete tools for the young."", ""It means ",1.0,1.0,0.87,0.95,98.5
b,zs,French,MID0013,"Après la pluie, le beau temps","After the rain, good weather.","This saying is a poetic way of saying “Hang in there.” Even if things are bad at the moment, they’ll get better.",True,"The proverb is used to justify passivity during crises, trusting fate completely.",It warns that good times always lead to inevitable disasters.,It suggests rain is a punishment for moral failings.,"This saying is a poetic way of saying “Hang in there.” Even if things are bad at the moment, they’ll get better.",D,It warns that good times always lead to inevitable disasters.,"The proverb is used to justify passivity during crises, trusting fate completely.",It suggests rain is a punishment for moral failings.,"{""1"": [""This emphasizes strict dietary discipline as a sign of virtue."", ""It suggests laughter should be reserved for rare occasions to show seriousness."", ""The phrase is used to promote romantic exclusivity over emotional openness.""], ""2"": [""It implies that youth are naturally superior and should lead without guidance."", ""The saying mocks older people as obsolete tools for the young."", ""It means ",1.0,1.0,0.47,0.95,98.5
b,zs,French,MID0014,"Quand on a pas ce que l’on aime, il faut aimer ce que l’on a","When one doesn’t have the things that one loves, one must love what one has.","It reflects the saying, “Want what you have and you’ll have what you want,”...",True,"It reflects the saying, “Want what you have and you’ll have what you want,”...",It encourages constant dissatisfaction to drive personal ambition.,It means one should pretend to love what one has to avoid appearing envious.,The saying promotes abandoning relationships at the first sign of compromise.,A,It encourages constant dissatisfaction to drive personal ambition.,The saying promotes abandoning relationships at the first sign of compromise.,It means one should pretend to love what one has to avoid appearing envious.,"{""1"": [""This emphasizes strict dietary discipline as a sign of virtue."", ""It suggests laughter should be reserved for rare occasions to show seriousness."", ""The phrase is used to promote romantic exclusivity over emotional openness.""], ""2"": [""It implies that youth are naturally superior and should lead without guidance."", ""The saying mocks older people as obsolete tools for the young."", ""It means ",1.0,1.0,0.79,0.96,98.8
b,zs,French,MID0015,Bien faire et laisser dire,Do well and let (them) speak.,Do what you believe is right and don’t pay attention to what others have to say about it.,True,Do what you believe is right and don’t pay attention to what others have to say about it.,It suggests speaking for others to prevent them from making mistakes.,The phrase means success is only valid if universally praised.,It advises doing whatever pleases others regardless of personal ethics.,A,It advises doing whatever pleases others regardless of personal ethics.,The phrase means success is only valid if universally praised.,It suggests speaking for others to prevent them from making mistakes.,"{""1"": [""This emphasizes strict dietary discipline as a sign of virtue."", ""It suggests laughter should be reserved for rare occasions to show seriousness."", ""The phrase is used to promote romantic exclusivity over emotional openness.""], ""2"": [""It implies that youth are naturally superior and should lead without guidance."", ""The saying mocks older people as obsolete tools for the young."", ""It means ",1.0,1.0,0.57,0.96,98.8
b,zs,French,MID0016,Il n’y a pas plus sourd que celui qui ne veut pas entendre,No one is as deaf as the one who does not want to listen.,People who are too stubborn... pay no attention to others’ advice or opinions.,True,True wisdom comes from knowing when to ignore criticism,Sometimes silence is the best response to foolishness,Deafness can be a blessing when surrounded by negativity,People who are too stubborn... pay no attention to others’ advice or opinions.,D,Sometimes silence is the best response to foolishness,True wisdom comes from knowing when to ignore criticism,Deafness can be a blessing when surrounded by negativity,"{""1"": [""Sometimes silence is the best response to foolishness"", ""True wisdom comes from knowing when to ignore criticism"", ""Deafness can be a blessing when surrounded by negativity""], ""2"": [""Important messages always find their way through"", ""Trust in the system, and everything will be delivered"", ""Good things come to those who wait patiently""], ""3"": [""Children should be taught to respect their el",1.0,1.0,0.67,0.96,98.8
b,zs,French,MID0017,Passer comme une lettre à la poste,To go through like a letter in the mail.,"...used to refer to something... that’s easy, runs smoothly and is hassle-free.",True,Important messages always find their way through,"Trust in the system, and everything will be delivered","...used to refer to something... that’s easy, runs smoothly and is hassle-free.",Good things come to those who wait patiently,C,Important messages always find their way through,"Trust in the system, and everything will be delivered",Good things come to those who wait patiently,"{""1"": [""Sometimes silence is the best response to foolishness"", ""True wisdom comes from knowing when to ignore criticism"", ""Deafness can be a blessing when surrounded by negativity""], ""2"": [""Important messages always find their way through"", ""Trust in the system, and everything will be delivered"", ""Good things come to those who wait patiently""], ""3"": [""Children should be taught to respect their el",1.0,1.0,0.67,1.0,100.0
b,zs,French,MID0018,"Si jeunesse savait, si vieillesse pouvait","If youth knew, if age could.",This saying is a French equivalent of “Youth is wasted on the young.”,True,The elderly should mentor the young while they still can,"Old age brings wisdom, but youth brings innovation",Children should be taught to respect their elders' strength,This saying is a French equivalent of “Youth is wasted on the young.”,D,Children should be taught to respect their elders' strength,"Old age brings wisdom, but youth brings innovation",The elderly should mentor the young while they still can,"{""1"": [""Sometimes silence is the best response to foolishness"", ""True wisdom comes from knowing when to ignore criticism"", ""Deafness can be a blessing when surrounded by negativity""], ""2"": [""Important messages always find their way through"", ""Trust in the system, and everything will be delivered"", ""Good things come to those who wait patiently""], ""3"": [""Children should be taught to respect their el",1.0,1.0,0.69,0.98,99.4
b,zs,French,MID0019,Ça ne casse pas des briques,It doesn’t break bricks.,"Basically, this is the French version of “It’s nothing to write home about.”",True,"Basically, this is the French version of “It’s nothing to write home about.”",Simple pleasures are the most valuable in life,Humble achievements are still worth celebrating,"Greatness often starts with small, unnoticed steps",A,Simple pleasures are the most valuable in life,Humble achievements are still worth celebrating,"Greatness often starts with small, unnoticed steps","{""1"": [""Sometimes silence is the best response to foolishness"", ""True wisdom comes from knowing when to ignore criticism"", ""Deafness can be a blessing when surrounded by negativity""], ""2"": [""Important messages always find their way through"", ""Trust in the system, and everything will be delivered"", ""Good things come to those who wait patiently""], ""3"": [""Children should be taught to respect their el",1.0,1.0,0.54,0.97,99.1
b,zs,French,MID0020,Tiré par les cheveux,Pulled by the hair.,This phrase means that something is “far-fetched” or unlikely.,True,Being pulled forward by fate is a sign of destiny,Persistent effort eventually leads to success,This phrase means that something is “far-fetched” or unlikely.,"Never let go of your dreams, no matter how hard",C,Persistent effort eventually leads to success,"Never let go of your dreams, no matter how hard",Being pulled forward by fate is a sign of destiny,"{""1"": [""Sometimes silence is the best response to foolishness"", ""True wisdom comes from knowing when to ignore criticism"", ""Deafness can be a blessing when surrounded by negativity""], ""2"": [""Important messages always find their way through"", ""Trust in the system, and everything will be delivered"", ""Good things come to those who wait patiently""], ""3"": [""Children should be taught to respect their el",1.0,1.0,0.96,0.98,99.4
b,zs,French,MID0021,La nuit porte conseil,The night brings advice.,"This saying is the equivalent of the English saying “Sleep on it,”...",True,"After a long night of drinking, friends offer the best life advice.",Dreams experienced after midnight hold prophetic wisdom in French folklore.,"This saying is the equivalent of the English saying “Sleep on it,”...",Nighttime is when French elders traditionally pass down family secrets.,C,"After a long night of drinking, friends offer the best life advice.",Nighttime is when French elders traditionally pass down family secrets.,Dreams experienced after midnight hold prophetic wisdom in French folklore.,"{""1"": [""After a long night of drinking, friends offer the best life advice."", ""Nighttime is when French elders traditionally pass down family secrets."", ""Dreams experienced after midnight hold prophetic wisdom in French folklore.""], ""2"": [""Green beans are no longer fashionable in French cuisine, signaling a culinary shift."", ""Farmers say this when the harvest season ends successfully."", ""It's a li",1.0,1.0,0.89,0.97,99.1
b,zs,French,MID0022,C’est la fin des haricots,It’s the end of the (green) beans.,...synonymous with Il n’y a plus rien ! (“There’s nothing left!”). This saying dates back to the 18th century...,True,Farmers say this when the harvest season ends successfully.,It's a lighthearted way to say dinner is finally served in rural households.,"Green beans are no longer fashionable in French cuisine, signaling a culinary shift.",...synonymous with Il n’y a plus rien ! (“There’s nothing left!”). This saying dates back to the 18th century...,D,"Green beans are no longer fashionable in French cuisine, signaling a culinary shift.",Farmers say this when the harvest season ends successfully.,It's a lighthearted way to say dinner is finally served in rural households.,"{""1"": [""After a long night of drinking, friends offer the best life advice."", ""Nighttime is when French elders traditionally pass down family secrets."", ""Dreams experienced after midnight hold prophetic wisdom in French folklore.""], ""2"": [""Green beans are no longer fashionable in French cuisine, signaling a culinary shift."", ""Farmers say this when the harvest season ends successfully."", ""It's a li",1.0,1.0,0.61,0.96,98.8
b,zs,French,MID0023,Battre le fer pendant qu’il est chaud,Strike the iron while it’s hot.,...means to take advantage of favorable conditions.,True,It refers to the importance of heating tools properly to avoid workplace accidents.,...means to take advantage of favorable conditions.,Blacksmiths are most productive in summer due to the natural heat.,"This proverb encourages patience, meaning one should wait until the iron glows.",B,Blacksmiths are most productive in summer due to the natural heat.,"This proverb encourages patience, meaning one should wait until the iron glows.",It refers to the importance of heating tools properly to avoid workplace accidents.,"{""1"": [""After a long night of drinking, friends offer the best life advice."", ""Nighttime is when French elders traditionally pass down family secrets."", ""Dreams experienced after midnight hold prophetic wisdom in French folklore.""], ""2"": [""Green beans are no longer fashionable in French cuisine, signaling a culinary shift."", ""Farmers say this when the harvest season ends successfully."", ""It's a li",1.0,1.0,1.71,0.94,98.2
b,zs,French,MID0024,Il faut qu’une porte soit ouverte ou fermée,A door must be open or closed.,Pure and simple: “You can’t have it both ways.”,True,"In old French castles, leaving doors ajar invited ghosts into the home.",Hospitality requires that entryways remain open for unexpected guests.,Pure and simple: “You can’t have it both ways.”,Doors must be checked twice nightly to ensure home security in Normandy.,C,"In old French castles, leaving doors ajar invited ghosts into the home.",Hospitality requires that entryways remain open for unexpected guests.,Doors must be checked twice nightly to ensure home security in Normandy.,"{""1"": [""After a long night of drinking, friends offer the best life advice."", ""Nighttime is when French elders traditionally pass down family secrets."", ""Dreams experienced after midnight hold prophetic wisdom in French folklore.""], ""2"": [""Green beans are no longer fashionable in French cuisine, signaling a culinary shift."", ""Farmers say this when the harvest season ends successfully."", ""It's a li",1.0,1.0,1.22,0.97,99.1
b,zs,French,MID0025,Voir venir quelqu’un avec ses gros sabots,To see someone coming with his/her big clogs.,To be able to clearly and easily decipher someone’s intentions...,True,To be able to clearly and easily decipher someone’s intentions...,Farmers use wooden clogs to signal their presence and avoid startling animals.,Clogs are worn by negotiators to appear more intimidating in business meetings.,It describes someone who walks loudly to announce their arrival politely.,A,Clogs are worn by negotiators to appear more intimidating in business meetings.,It describes someone who walks loudly to announce their arrival politely.,Farmers use wooden clogs to signal their presence and avoid startling animals.,"{""1"": [""After a long night of drinking, friends offer the best life advice."", ""Nighttime is when French elders traditionally pass down family secrets."", ""Dreams experienced after midnight hold prophetic wisdom in French folklore.""], ""2"": [""Green beans are no longer fashionable in French cuisine, signaling a culinary shift."", ""Farmers say this when the harvest season ends successfully."", ""It's a li",1.0,1.0,1.17,0.92,97.6
b,zs,French,MID0026,Il ne faut rien laisser au hasard,One should leave nothing to chance.,"This one simply means, “Plan ahead.”",True,True wisdom lies in trusting intuition rather than planning every detail.,Success is guaranteed only through rigid control of external circumstances.,"One must constantly seek omens to guide decisions, as randomness holds sacred messages.","This one simply means, “Plan ahead.”",D,Success is guaranteed only through rigid control of external circumstances.,True wisdom lies in trusting intuition rather than planning every detail.,"One must constantly seek omens to guide decisions, as randomness holds sacred messages.","{""1"": [""Success is guaranteed only through rigid control of external circumstances."", ""True wisdom lies in trusting intuition rather than planning every detail."", ""One must constantly seek omens to guide decisions, as randomness holds sacred messages.""], ""2"": [""Whispering secrets to walls brings good luck in French folklore."", ""Architects in France historically built homes with poor acoustics to e",1.0,1.0,1.89,1.0,100.0
b,zs,French,MID0027,Les murs ont des oreilles,The walls have ears.,"One should pay attention to what they say, because there’s a chance they could be overheard...",True,Architects in France historically built homes with poor acoustics to encourage honesty.,Walls absorbing sound symbolize emotional repression in French culture.,Whispering secrets to walls brings good luck in French folklore.,"One should pay attention to what they say, because there’s a chance they could be overheard...",D,Whispering secrets to walls brings good luck in French folklore.,Architects in France historically built homes with poor acoustics to encourage honesty.,Walls absorbing sound symbolize emotional repression in French culture.,"{""1"": [""Success is guaranteed only through rigid control of external circumstances."", ""True wisdom lies in trusting intuition rather than planning every detail."", ""One must constantly seek omens to guide decisions, as randomness holds sacred messages.""], ""2"": [""Whispering secrets to walls brings good luck in French folklore."", ""Architects in France historically built homes with poor acoustics to e",1.0,1.0,0.65,0.89,96.7
b,zs,French,MID0028,Il n’y a pas de quoi fouetter un chat,It’s nothing to whip a cat about.,"It’s a lively way of saying, C’est pas grave ! (It’s no big deal!)",True,"It’s a lively way of saying, C’est pas grave ! (It’s no big deal!)",This saying reflects widespread indifference toward animal welfare in rural communities.,French people traditionally use cat-related expressions to minimize tragedies.,The phrase originates from a historical ban on flogging cats during festivals.,A,The phrase originates from a historical ban on flogging cats during festivals.,French people traditionally use cat-related expressions to minimize tragedies.,This saying reflects widespread indifference toward animal welfare in rural communities.,"{""1"": [""Success is guaranteed only through rigid control of external circumstances."", ""True wisdom lies in trusting intuition rather than planning every detail."", ""One must constantly seek omens to guide decisions, as randomness holds sacred messages.""], ""2"": [""Whispering secrets to walls brings good luck in French folklore."", ""Architects in France historically built homes with poor acoustics to e",1.0,1.0,0.76,1.0,100.0
b,zs,French,MID0029,Tout est bien qui finit bien,All’s well that ends well.,"...as long as the final outcomes are successful, such experiences should be considered positive overall.",True,The proverb is ironically used when disastrous endings are clearly ignored.,French culture values dramatic beginnings more than successful conclusions.,"In theater, French audiences prefer unresolved plots, making this phrase sarcastic.","...as long as the final outcomes are successful, such experiences should be considered positive overall.",D,French culture values dramatic beginnings more than successful conclusions.,The proverb is ironically used when disastrous endings are clearly ignored.,"In theater, French audiences prefer unresolved plots, making this phrase sarcastic.","{""1"": [""Success is guaranteed only through rigid control of external circumstances."", ""True wisdom lies in trusting intuition rather than planning every detail."", ""One must constantly seek omens to guide decisions, as randomness holds sacred messages.""], ""2"": [""Whispering secrets to walls brings good luck in French folklore."", ""Architects in France historically built homes with poor acoustics to e",1.0,1.0,0.69,0.98,99.4
b,zs,French,MID0030,Les bons comptes font les bons amis,Good accounts make good friends.,"In English we say, “A debt paid is a friend kept.”",True,Precise accounting in relationships reflects mistrust and emotional coldness.,Lending money to friends is forbidden in traditional French etiquette.,"In English we say, “A debt paid is a friend kept.”",This saying is used humorously when friends deliberately avoid repaying debts.,C,Lending money to friends is forbidden in traditional French etiquette.,Precise accounting in relationships reflects mistrust and emotional coldness.,This saying is used humorously when friends deliberately avoid repaying debts.,"{""1"": [""Success is guaranteed only through rigid control of external circumstances."", ""True wisdom lies in trusting intuition rather than planning every detail."", ""One must constantly seek omens to guide decisions, as randomness holds sacred messages.""], ""2"": [""Whispering secrets to walls brings good luck in French folklore."", ""Architects in France historically built homes with poor acoustics to e",1.0,1.0,0.91,0.95,98.5
b,zs,French,MID0031,Être sage comme une image,To be well-behaved like a picture.,"In English, an equivalent saying is “to be good as gold.”",True,"In English, an equivalent saying is “to be good as gold.”","The phrase is used to praise photographic realism in art, valuing stillness in creativity.","It implies that true wisdom is silent and motionless, like a painted saint.","Children should be seen and not heard, reflecting French stoicism in child-rearing.",A,"Children should be seen and not heard, reflecting French stoicism in child-rearing.","The phrase is used to praise photographic realism in art, valuing stillness in creativity.","It implies that true wisdom is silent and motionless, like a painted saint.","{""1"": [""Children should be seen and not heard, reflecting French stoicism in child-rearing."", ""The phrase is used to praise photographic realism in art, valuing stillness in creativity."", ""It implies that true wisdom is silent and motionless, like a painted saint.""], ""2"": [""French culture encourages reckless youth, since old age will bring necessary wisdom naturally."", ""It suggests that theoretica",1.0,1.0,1.18,0.96,98.8
b,zs,French,MID0032,"La jeunesse est le temps d’étudier la sagesse, la vieillesse est le temps de la pratiquer","Youth is the time to study wisdom, old age the time to practice it.","...nothing should be taken for granted, because La vie est courte (Life is short)!",True,The proverb is used to justify delaying important decisions until retirement for maximum efficiency.,"French culture encourages reckless youth, since old age will bring necessary wisdom naturally.",It suggests that theoretical knowledge is superior to lived experience.,"...nothing should be taken for granted, because La vie est courte (Life is short)!",D,"French culture encourages reckless youth, since old age will bring necessary wisdom naturally.",It suggests that theoretical knowledge is superior to lived experience.,The proverb is used to justify delaying important decisions until retirement for maximum efficiency.,"{""1"": [""Children should be seen and not heard, reflecting French stoicism in child-rearing."", ""The phrase is used to praise photographic realism in art, valuing stillness in creativity."", ""It implies that true wisdom is silent and motionless, like a painted saint.""], ""2"": [""French culture encourages reckless youth, since old age will bring necessary wisdom naturally."", ""It suggests that theoretica",1.0,1.0,0.88,0.97,99.1
b,zs,French,MID0033,Rien ne sert de courir; il faut partir à point,There’s no point in running; you have to set out in due time.,This one is from the first lines of “Le lièvre et la tortue”... “Slow and steady wins the race.”,True,"The saying promotes last-minute urgency, claiming preparation stifles brilliance.","It advises against early planning, arguing that calmness alone ensures victory.",This one is from the first lines of “Le lièvre et la tortue”... “Slow and steady wins the race.”,It means that punctuality is overrated and natural timing always prevails in French life.,C,It means that punctuality is overrated and natural timing always prevails in French life.,"The saying promotes last-minute urgency, claiming preparation stifles brilliance.","It advises against early planning, arguing that calmness alone ensures victory.","{""1"": [""Children should be seen and not heard, reflecting French stoicism in child-rearing."", ""The phrase is used to praise photographic realism in art, valuing stillness in creativity."", ""It implies that true wisdom is silent and motionless, like a painted saint.""], ""2"": [""French culture encourages reckless youth, since old age will bring necessary wisdom naturally."", ""It suggests that theoretica",1.0,1.0,0.6,0.97,99.1
b,zs,French,MID0034,"Qui sème le vent, récolte la tempête",Who sows the wind reaps the storm,...eventually you will always have to face the consequences of your actions.,True,"The phrase celebrates rebellion, saying those who stir society will harvest greater freedom.",...eventually you will always have to face the consequences of your actions.,"The storm symbolizes divine blessing, so sowing wind is a spiritual test worth taking.","It is used to encourage boldness in love, claiming passionate risks lead to great romance.",B,"The phrase celebrates rebellion, saying those who stir society will harvest greater freedom.","It is used to encourage boldness in love, claiming passionate risks lead to great romance.","The storm symbolizes divine blessing, so sowing wind is a spiritual test worth taking.","{""1"": [""Children should be seen and not heard, reflecting French stoicism in child-rearing."", ""The phrase is used to praise photographic realism in art, valuing stillness in creativity."", ""It implies that true wisdom is silent and motionless, like a painted saint.""], ""2"": [""French culture encourages reckless youth, since old age will bring necessary wisdom naturally."", ""It suggests that theoretica",1.0,1.0,1.17,0.97,99.1
b,zs,French,MID0035,Ce n’est pas à un vieux singe qu’on apprend à faire des grimaces,It’s not to an old monkey that one can teach to pull faces,This is a fun version of the familiar English proverb...,True,"The monkey represents adaptability, so the proverb praises mentors who teach creatively.","It implies older people enjoy learning new tricks more than the young, valuing lifelong curiosity.","It is used to mock vanity, suggesting only old monkeys need to practice facial expressions.",This is a fun version of the familiar English proverb...,D,"It implies older people enjoy learning new tricks more than the young, valuing lifelong curiosity.","The monkey represents adaptability, so the proverb praises mentors who teach creatively.","It is used to mock vanity, suggesting only old monkeys need to practice facial expressions.","{""1"": [""Children should be seen and not heard, reflecting French stoicism in child-rearing."", ""The phrase is used to praise photographic realism in art, valuing stillness in creativity."", ""It implies that true wisdom is silent and motionless, like a painted saint.""], ""2"": [""French culture encourages reckless youth, since old age will bring necessary wisdom naturally."", ""It suggests that theoretica",1.0,1.0,1.4,0.97,99.1
b,zs,French,MID0036,Il faut casser le noyau pour avoir l’amande,You have to break the shell to get the almond,The English version of this seems much more modern...,True,True wisdom is found by rejecting tradition and breaking established rules.,Success comes only when you destroy your competitors completely.,The English version of this seems much more modern...,Leaders must crush obstacles without mercy to reveal hidden opportunities.,C,Success comes only when you destroy your competitors completely.,True wisdom is found by rejecting tradition and breaking established rules.,Leaders must crush obstacles without mercy to reveal hidden opportunities.,"{""1"": [""Success comes only when you destroy your competitors completely."", ""True wisdom is found by rejecting tradition and breaking established rules."", ""Leaders must crush obstacles without mercy to reveal hidden opportunities.""], ""2"": [""Innovation can transform flawed beginnings into excellence."", ""Even poor materials can create masterpieces with enough effort."", ""Character is defined by overco",1.0,1.0,1.11,1.0,100.0
b,zs,French,MID0037,De mauvais grain jamais bon pain,"From bad grain, never good bread",...the quality of something depends on its origin...,True,Even poor materials can create masterpieces with enough effort.,...the quality of something depends on its origin...,Character is defined by overcoming a difficult upbringing.,Innovation can transform flawed beginnings into excellence.,B,Innovation can transform flawed beginnings into excellence.,Even poor materials can create masterpieces with enough effort.,Character is defined by overcoming a difficult upbringing.,"{""1"": [""Success comes only when you destroy your competitors completely."", ""True wisdom is found by rejecting tradition and breaking established rules."", ""Leaders must crush obstacles without mercy to reveal hidden opportunities.""], ""2"": [""Innovation can transform flawed beginnings into excellence."", ""Even poor materials can create masterpieces with enough effort."", ""Character is defined by overco",1.0,1.0,1.0,0.98,99.4
b,zs,French,MID0038,Faire d'une mouche un éléphant,Make of a fly an elephant,Another proverb that needs little explanation.,True,Amplifying minor issues can inspire revolutionary change.,Imagining grand possibilities turns small ideas into greatness.,Visionary leadership means seeing potential where others see insignificance.,Another proverb that needs little explanation.,D,Imagining grand possibilities turns small ideas into greatness.,Visionary leadership means seeing potential where others see insignificance.,Amplifying minor issues can inspire revolutionary change.,"{""1"": [""Success comes only when you destroy your competitors completely."", ""True wisdom is found by rejecting tradition and breaking established rules."", ""Leaders must crush obstacles without mercy to reveal hidden opportunities.""], ""2"": [""Innovation can transform flawed beginnings into excellence."", ""Even poor materials can create masterpieces with enough effort."", ""Character is defined by overco",1.0,1.0,1.33,1.0,100.0
b,zs,French,MID0039,C'est en forgeant qu'on devient forgeron,It’s by forging that one becomes a blacksmith,This proverb transports you right back to a medieval French town...,True,Only those with noble lineage can achieve true craftsmanship.,"Masters are born with innate talent, not shaped by practice.",Repeated failure proves you are unsuited for the trade.,This proverb transports you right back to a medieval French town...,D,"Masters are born with innate talent, not shaped by practice.",Only those with noble lineage can achieve true craftsmanship.,Repeated failure proves you are unsuited for the trade.,"{""1"": [""Success comes only when you destroy your competitors completely."", ""True wisdom is found by rejecting tradition and breaking established rules."", ""Leaders must crush obstacles without mercy to reveal hidden opportunities.""], ""2"": [""Innovation can transform flawed beginnings into excellence."", ""Even poor materials can create masterpieces with enough effort."", ""Character is defined by overco",1.0,1.0,0.85,0.96,98.8
b,zs,French,MID0040,Rome ne s'est pas faite en un jour,Rome wasn’t made in a day,...reminds us that great tasks take time and that we need patience...,True,Rome fell because it was built too quickly and carelessly.,"Ancient empires succeeded by making rapid, decisive decisions.",...reminds us that great tasks take time and that we need patience...,"Great cities are best constructed through sudden, bold action.",C,Rome fell because it was built too quickly and carelessly.,"Great cities are best constructed through sudden, bold action.","Ancient empires succeeded by making rapid, decisive decisions.","{""1"": [""Success comes only when you destroy your competitors completely."", ""True wisdom is found by rejecting tradition and breaking established rules."", ""Leaders must crush obstacles without mercy to reveal hidden opportunities.""], ""2"": [""Innovation can transform flawed beginnings into excellence."", ""Even poor materials can create masterpieces with enough effort."", ""Character is defined by overco",1.0,1.0,0.75,1.0,100.0
b,zs,French,MID0041,C'est la paille et la poutre,It's the straw and the beam,...points out people’s ability to see faults in others while not recognising their own.,True,Highlights the importance of construction materials in traditional French rural architecture,Symbolizes the harmony between small and large elements in nature,...points out people’s ability to see faults in others while not recognising their own.,Refers to the practice of using straw for insulation and beams for support in barns,C,Highlights the importance of construction materials in traditional French rural architecture,Refers to the practice of using straw for insulation and beams for support in barns,Symbolizes the harmony between small and large elements in nature,"{""1"": [""Highlights the importance of construction materials in traditional French rural architecture"", ""Refers to the practice of using straw for insulation and beams for support in barns"", ""Symbolizes the harmony between small and large elements in nature""], ""2"": [""Celebrates the joy of hunting with music during festive village gatherings"", ""Reflects the effectiveness of teamwork and coordination",1.0,1.0,0.86,0.87,96.1
b,zs,French,MID0042,C'est vouloir prendre des lièvres au son du tambour,It’s wanting to catch hares by beating a drum,...refers to taking the wrong approach to doing something.,True,Suggests that loud celebrations often coincide with successful hunts,Celebrates the joy of hunting with music during festive village gatherings,Reflects the effectiveness of teamwork and coordination in capturing fast animals,...refers to taking the wrong approach to doing something.,D,Celebrates the joy of hunting with music during festive village gatherings,Reflects the effectiveness of teamwork and coordination in capturing fast animals,Suggests that loud celebrations often coincide with successful hunts,"{""1"": [""Highlights the importance of construction materials in traditional French rural architecture"", ""Refers to the practice of using straw for insulation and beams for support in barns"", ""Symbolizes the harmony between small and large elements in nature""], ""2"": [""Celebrates the joy of hunting with music during festive village gatherings"", ""Reflects the effectiveness of teamwork and coordination",1.0,1.0,1.15,0.95,98.5
b,zs,French,MID0043,On ne fait pas boire un âne qui n'a pas soif,You can’t make an ass drink that isn’t thirsty,...remind us of a world where transport by horse or donkey was common.,True,Emphasizes the need to train donkeys to drink on command for long journeys,...remind us of a world where transport by horse or donkey was common.,Illustrates the importance of hydration discipline in animal-led transport,Warns against forcing new ideas on those unprepared to accept them in educational settings,B,Emphasizes the need to train donkeys to drink on command for long journeys,Illustrates the importance of hydration discipline in animal-led transport,Warns against forcing new ideas on those unprepared to accept them in educational settings,"{""1"": [""Highlights the importance of construction materials in traditional French rural architecture"", ""Refers to the practice of using straw for insulation and beams for support in barns"", ""Symbolizes the harmony between small and large elements in nature""], ""2"": [""Celebrates the joy of hunting with music during festive village gatherings"", ""Reflects the effectiveness of teamwork and coordination",1.0,1.0,0.92,0.94,98.2
b,zs,French,MID0044,Mieux vaut être seul que mal accompagné,Better to be alone than in bad company,A proverb that requires little explanation.,True,Suggests solitude is preferred in French culture due to mistrust of social bonds,Implies that companionship is overvalued compared to individual achievement,A proverb that requires little explanation.,Reflects historical isolation of rural communities in pre-modern France,C,Suggests solitude is preferred in French culture due to mistrust of social bonds,Implies that companionship is overvalued compared to individual achievement,Reflects historical isolation of rural communities in pre-modern France,"{""1"": [""Highlights the importance of construction materials in traditional French rural architecture"", ""Refers to the practice of using straw for insulation and beams for support in barns"", ""Symbolizes the harmony between small and large elements in nature""], ""2"": [""Celebrates the joy of hunting with music during festive village gatherings"", ""Reflects the effectiveness of teamwork and coordination",1.0,1.0,1.72,0.93,97.9
b,zs,French,MID0045,Chien qui aboie ne mord pas,The dog that barks doesn’t bite,Another proverb that is well known in both French and English.,True,Indicates that noisy neighbors are less dangerous than quiet ones in French housing culture,Suggests that guard dogs should bark frequently to deter intruders effectively,Implies that verbal expression in French society substitutes for physical confrontation,Another proverb that is well known in both French and English.,D,Indicates that noisy neighbors are less dangerous than quiet ones in French housing culture,Suggests that guard dogs should bark frequently to deter intruders effectively,Implies that verbal expression in French society substitutes for physical confrontation,"{""1"": [""Highlights the importance of construction materials in traditional French rural architecture"", ""Refers to the practice of using straw for insulation and beams for support in barns"", ""Symbolizes the harmony between small and large elements in nature""], ""2"": [""Celebrates the joy of hunting with music during festive village gatherings"", ""Reflects the effectiveness of teamwork and coordination",1.0,1.0,1.09,0.92,97.6
b,zs,French,MID0046,à beau mentir qui vient de loiny,"long ways, long lies",(lit.: he who comes from afar can lie well; i.e.: someone from far away can more easily tell lies without fear of being caught because he is unknown in his new region),True,(lit.: he who comes from afar can lie well; i.e.: someone from far away can more easily tell lies without fear of being caught because he is unknown in his new region),"A long journey refines one's storytelling, elevating mere tales to art.",Those who travel far gain wisdom from diverse lands.,"Distance purifies words, making distant messengers more trustworthy.",A,Those who travel far gain wisdom from diverse lands.,"Distance purifies words, making distant messengers more trustworthy.","A long journey refines one's storytelling, elevating mere tales to art.","{""1"": [""Those who travel far gain wisdom from diverse lands."", ""Distance purifies words, making distant messengers more trustworthy."", ""A long journey refines one's storytelling, elevating mere tales to art.""], ""2"": [""Even enemies can form mutual respect through daily coexistence."", ""A clever cat eventually teaches the rat humility."", ""Harmony arises when predator and prey maintain balance in natu",1.0,1.0,0.29,1.0,100.0
b,zs,French,MID0047,"à bon chat, bon rat",meet one's match; tit for tat; an equal [in combat],(lit.: a good rat for a good cat),True,A clever cat eventually teaches the rat humility.,Even enemies can form mutual respect through daily coexistence.,(lit.: a good rat for a good cat),Harmony arises when predator and prey maintain balance in nature.,C,Even enemies can form mutual respect through daily coexistence.,A clever cat eventually teaches the rat humility.,Harmony arises when predator and prey maintain balance in nature.,"{""1"": [""Those who travel far gain wisdom from diverse lands."", ""Distance purifies words, making distant messengers more trustworthy."", ""A long journey refines one's storytelling, elevating mere tales to art.""], ""2"": [""Even enemies can form mutual respect through daily coexistence."", ""A clever cat eventually teaches the rat humility."", ""Harmony arises when predator and prey maintain balance in natu",1.0,1.0,1.12,1.0,100.0
b,zs,French,MID0048,"à bon vin, point d’enseigne",the reputation of a good thing precedes it,(lit.: not need to explain a good wine; i.e.: what is good needs no recomendation),True,True quality reveals itself only to those who wait patiently.,The best things in life are discovered only by accident.,Great wine should be hidden to protect it from the unworthy.,(lit.: not need to explain a good wine; i.e.: what is good needs no recomendation),D,Great wine should be hidden to protect it from the unworthy.,The best things in life are discovered only by accident.,True quality reveals itself only to those who wait patiently.,"{""1"": [""Those who travel far gain wisdom from diverse lands."", ""Distance purifies words, making distant messengers more trustworthy."", ""A long journey refines one's storytelling, elevating mere tales to art.""], ""2"": [""Even enemies can form mutual respect through daily coexistence."", ""A clever cat eventually teaches the rat humility."", ""Harmony arises when predator and prey maintain balance in natu",1.0,1.0,0.69,0.95,98.5
b,zs,French,MID0049,à brebis tondue Dieu mesure le vent,the Lord tempers the wind to the shorn lamb,(a Biblical reference),True,(a Biblical reference),Sheep should grow thick wool to defy harsh weather.,Those who lose their possessions must face greater trials to rebuild character.,"God sends lighter winds to test the strong, not the weak.",A,Sheep should grow thick wool to defy harsh weather.,"God sends lighter winds to test the strong, not the weak.",Those who lose their possessions must face greater trials to rebuild character.,"{""1"": [""Those who travel far gain wisdom from diverse lands."", ""Distance purifies words, making distant messengers more trustworthy."", ""A long journey refines one's storytelling, elevating mere tales to art.""], ""2"": [""Even enemies can form mutual respect through daily coexistence."", ""A clever cat eventually teaches the rat humility."", ""Harmony arises when predator and prey maintain balance in natu",1.0,1.0,3.56,0.95,98.5
b,zs,French,MID0050,à chaque jour suffit sa peine,sufficient unto the day is the evil thereof,"(lit.: for each day there suffices suffering; i.e.: deal with today’s difficulties without worrying about what might come tomorrow; n.b.: from the New Testament, Matthew 6:34)",True,Each day brings unique joys that outweigh its sorrows.,Suffering is distributed evenly across all days by divine plan.,"(lit.: for each day there suffices suffering; i.e.: deal with today’s difficulties without worrying about what might come tomorrow; n.b.: from the New Testament, Matthew 6:34)",One should accumulate small misfortunes to prepare for greater hardships.,C,Each day brings unique joys that outweigh its sorrows.,Suffering is distributed evenly across all days by divine plan.,One should accumulate small misfortunes to prepare for greater hardships.,"{""1"": [""Those who travel far gain wisdom from diverse lands."", ""Distance purifies words, making distant messengers more trustworthy."", ""A long journey refines one's storytelling, elevating mere tales to art.""], ""2"": [""Even enemies can form mutual respect through daily coexistence."", ""A clever cat eventually teaches the rat humility."", ""Harmony arises when predator and prey maintain balance in natu",1.0,1.0,0.37,1.0,100.0
b,zs,French,MID0051,à cheval donné on ne regarde pas le dents,don’t look a gift horse in the mouth,(lit.: one doesn’t look at the reins of a horse given as a gift),True,"In French culture, examining a gifted horse's teeth shows respect for the giver's generosity.","The phrase encourages skepticism in gift-giving, reflecting a cultural emphasis on reciprocity and transparency.",(lit.: one doesn’t look at the reins of a horse given as a gift),"When someone gives you a horse, inspect its teeth to ensure it's healthy and not a scam.",C,"When someone gives you a horse, inspect its teeth to ensure it's healthy and not a scam.","In French culture, examining a gifted horse's teeth shows respect for the giver's generosity.","The phrase encourages skepticism in gift-giving, reflecting a cultural emphasis on reciprocity and transparency.","{""1"": [""When someone gives you a horse, inspect its teeth to ensure it's healthy and not a scam."", ""In French culture, examining a gifted horse's teeth shows respect for the giver's generosity."", ""The phrase encourages skepticism in gift-giving, reflecting a cultural emphasis on reciprocity and transparency.""], ""2"": [""A strong romantic passion can overcome all obstacles, even those deemed physical",1.0,1.0,1.07,0.91,97.3
b,zs,French,MID0052,à cœur vaillant rien d’impossible,nothing is impossible to a willing heart,"(lit.: for a brave heart, nothing is impossible)",True,"The proverb implies that courage in battle is enough to achieve any military objective, no matter how doomed.","A strong romantic passion can overcome all obstacles, even those deemed physically impossible.",This saying is often used in French love poetry to suggest that emotional devotion defies logic and nature.,"(lit.: for a brave heart, nothing is impossible)",D,"A strong romantic passion can overcome all obstacles, even those deemed physically impossible.",This saying is often used in French love poetry to suggest that emotional devotion defies logic and nature.,"The proverb implies that courage in battle is enough to achieve any military objective, no matter how doomed.","{""1"": [""When someone gives you a horse, inspect its teeth to ensure it's healthy and not a scam."", ""In French culture, examining a gifted horse's teeth shows respect for the giver's generosity."", ""The phrase encourages skepticism in gift-giving, reflecting a cultural emphasis on reciprocity and transparency.""], ""2"": [""A strong romantic passion can overcome all obstacles, even those deemed physical",1.0,1.0,2.04,0.96,98.8
b,zs,French,MID0053,"à l’impossible, nul n’est tenu",no one can be expected to do the impossible,"(lit.: for what is impossible, nothing is expected)",True,"(lit.: for what is impossible, nothing is expected)","The phrase is used to argue that authority figures must still be held accountable, even when demands are unachievable.","In French workplaces, this is cited to encourage employees to attempt unrealistic tasks without fear of punishment.","This reflects a cultural belief that people should always try the impossible, as effort absolves failure.",A,"This reflects a cultural belief that people should always try the impossible, as effort absolves failure.","In French workplaces, this is cited to encourage employees to attempt unrealistic tasks without fear of punishment.","The phrase is used to argue that authority figures must still be held accountable, even when demands are unachievable.","{""1"": [""When someone gives you a horse, inspect its teeth to ensure it's healthy and not a scam."", ""In French culture, examining a gifted horse's teeth shows respect for the giver's generosity."", ""The phrase encourages skepticism in gift-giving, reflecting a cultural emphasis on reciprocity and transparency.""], ""2"": [""A strong romantic passion can overcome all obstacles, even those deemed physical",1.0,1.0,2.17,0.95,98.5
b,zs,French,MID0054,à l’œuvre on reconnaît l’artisan,you can tell an artist by his work,(lit.: by his work one recognizes the artisan),True,"The phrase implies that only formal credentials can reveal a true craftsman, not the quality of their work.",(lit.: by his work one recognizes the artisan),"This proverb is used to judge an artist's character based on their personality, not their creations.","In French artisanal circles, reputation matters more than actual craftsmanship, as the saying suggests.",B,"This proverb is used to judge an artist's character based on their personality, not their creations.","In French artisanal circles, reputation matters more than actual craftsmanship, as the saying suggests.","The phrase implies that only formal credentials can reveal a true craftsman, not the quality of their work.","{""1"": [""When someone gives you a horse, inspect its teeth to ensure it's healthy and not a scam."", ""In French culture, examining a gifted horse's teeth shows respect for the giver's generosity."", ""The phrase encourages skepticism in gift-giving, reflecting a cultural emphasis on reciprocity and transparency.""], ""2"": [""A strong romantic passion can overcome all obstacles, even those deemed physical",1.0,1.0,2.0,0.97,99.1
b,zs,French,MID0055,"à la Chandeleur, l’hiver se passe ou prend vigueur","as of February 2, winter either wanes or gains strength","(lit.: on Candlemass [Feb. 2], winter ends or becomes stronger than before; n.b.: the date Feb. 2 is also Groundhog Day, whose connotations are similar)",True,"(lit.: on Candlemass [Feb. 2], winter ends or becomes stronger than before; n.b.: the date Feb. 2 is also Groundhog Day, whose connotations are similar)","The proverb is used to schedule agricultural activities, claiming that February 2 always marks a climatic turning point.","In modern France, people celebrate the end of winter on Candlemas regardless of weather conditions.","This saying predicts that winter ends precisely on February 2 every year, based on religious tradition.",A,"This saying predicts that winter ends precisely on February 2 every year, based on religious tradition.","In modern France, people celebrate the end of winter on Candlemas regardless of weather conditions.","The proverb is used to schedule agricultural activities, claiming that February 2 always marks a climatic turning point.","{""1"": [""When someone gives you a horse, inspect its teeth to ensure it's healthy and not a scam."", ""In French culture, examining a gifted horse's teeth shows respect for the giver's generosity."", ""The phrase encourages skepticism in gift-giving, reflecting a cultural emphasis on reciprocity and transparency.""], ""2"": [""A strong romantic passion can overcome all obstacles, even those deemed physical",1.0,1.0,0.65,0.93,97.9
b,zs,French,MID0056,"à la Sante-Luce, les jours croissent du saut d’une puce","as of Sainte Luce Day (Dec. 13), the days start to lengthen ever so slowly","(lit.: on Sainte Luce, the days grow at the pace of a flea)",True,"(lit.: on Sainte Luce, the days grow at the pace of a flea)",This proverb reflects an old belief that fleas were sacred creatures whose movements could predict seasonal changes and daylight expansion,"The feast of Sainte Luce celebrates the winter solstice as a time when nature begins to awaken, symbolized by the flea's leap representing renewed energy","In rural France, December 13 marks the start of longer days, and the 'flea’s jump' refers to the sudden return of animal activity in farmsteads",A,"The feast of Sainte Luce celebrates the winter solstice as a time when nature begins to awaken, symbolized by the flea's leap representing renewed energy","In rural France, December 13 marks the start of longer days, and the 'flea’s jump' refers to the sudden return of animal activity in farmsteads",This proverb reflects an old belief that fleas were sacred creatures whose movements could predict seasonal changes and daylight expansion,"{""1"": [""The feast of Sainte Luce celebrates the winter solstice as a time when nature begins to awaken, symbolized by the flea's leap representing renewed energy"", ""In rural France, December 13 marks the start of longer days, and the 'flea’s jump' refers to the sudden return of animal activity in farmsteads"", ""This proverb reflects an old belief that fleas were sacred creatures whose movements cou",1.0,1.0,1.79,0.97,99.1
b,zs,French,MID0057,à mauvais ouvrier point de bons outils,a bad workman blames his tools,"(lit.: for a bad workman, no good tools)",True,"The best craftsmen are defined by their ability to create masterpieces using only basic, imperfect tools","True mastery is shown not by the quality of one’s tools, but by the refusal to ever complain about them","(lit.: for a bad workman, no good tools)",Skilled artisans never need high-quality tools because their expertise compensates for poor equipment,C,Skilled artisans never need high-quality tools because their expertise compensates for poor equipment,"The best craftsmen are defined by their ability to create masterpieces using only basic, imperfect tools","True mastery is shown not by the quality of one’s tools, but by the refusal to ever complain about them","{""1"": [""The feast of Sainte Luce celebrates the winter solstice as a time when nature begins to awaken, symbolized by the flea's leap representing renewed energy"", ""In rural France, December 13 marks the start of longer days, and the 'flea’s jump' refers to the sudden return of animal activity in farmsteads"", ""This proverb reflects an old belief that fleas were sacred creatures whose movements cou",1.0,1.0,2.04,0.94,98.2
b,zs,French,MID0058,à père avare fils prodigue,the miser’s son is a spendthrift,(lit.: for a miserly father a prodigal son; i.e.: a vice or fault in a parent can turn into the opposite vice or fault in a child),True,"A father who saves wisely teaches his son the value of money, leading to responsible wealth management in the next generation",(lit.: for a miserly father a prodigal son; i.e.: a vice or fault in a parent can turn into the opposite vice or fault in a child),"Economic extremes in families balance out over time, so a thrifty parent naturally raises a child who understands both saving and spending",Fathers who live frugally inspire their sons to pursue luxury as a sign of success and social status,B,"A father who saves wisely teaches his son the value of money, leading to responsible wealth management in the next generation",Fathers who live frugally inspire their sons to pursue luxury as a sign of success and social status,"Economic extremes in families balance out over time, so a thrifty parent naturally raises a child who understands both saving and spending","{""1"": [""The feast of Sainte Luce celebrates the winter solstice as a time when nature begins to awaken, symbolized by the flea's leap representing renewed energy"", ""In rural France, December 13 marks the start of longer days, and the 'flea’s jump' refers to the sudden return of animal activity in farmsteads"", ""This proverb reflects an old belief that fleas were sacred creatures whose movements cou",1.0,1.0,0.75,0.91,97.3
b,zs,French,MID0059,à quelque chose malheur est bon,every cloud has a silver lining,(lit.: for something bad there is good; i.e.: bad things can have a positive aspect),True,"Every tragic event contains a hidden benefit, which only the wise can see and profit from","Suffering is always necessary to appreciate happiness, so misfortune should be welcomed as a teacher",(lit.: for something bad there is good; i.e.: bad things can have a positive aspect),"Bad luck is a test from the universe, and those who endure it will eventually receive double the good fortune",C,"Suffering is always necessary to appreciate happiness, so misfortune should be welcomed as a teacher","Bad luck is a test from the universe, and those who endure it will eventually receive double the good fortune","Every tragic event contains a hidden benefit, which only the wise can see and profit from","{""1"": [""The feast of Sainte Luce celebrates the winter solstice as a time when nature begins to awaken, symbolized by the flea's leap representing renewed energy"", ""In rural France, December 13 marks the start of longer days, and the 'flea’s jump' refers to the sudden return of animal activity in farmsteads"", ""This proverb reflects an old belief that fleas were sacred creatures whose movements cou",1.0,1.0,1.13,0.93,97.9
b,zs,French,MID0060,"à tout seigneur, tout honneur",honor to whom honor is due,"(lit.: to all nobles, all honor; i.e.: honor should be bestowed upon people according to rank and achievement)",True,Honor is a social currency that must be exchanged freely among the elite to maintain harmony and influence,"(lit.: to all nobles, all honor; i.e.: honor should be bestowed upon people according to rank and achievement)","Ancient French nobility had a code requiring mutual honor among lords, no matter their domain or power","Respect must be given to all people equally, regardless of title or position, in the spirit of brotherhood and unity",B,"Respect must be given to all people equally, regardless of title or position, in the spirit of brotherhood and unity","Ancient French nobility had a code requiring mutual honor among lords, no matter their domain or power",Honor is a social currency that must be exchanged freely among the elite to maintain harmony and influence,"{""1"": [""The feast of Sainte Luce celebrates the winter solstice as a time when nature begins to awaken, symbolized by the flea's leap representing renewed energy"", ""In rural France, December 13 marks the start of longer days, and the 'flea’s jump' refers to the sudden return of animal activity in farmsteads"", ""This proverb reflects an old belief that fleas were sacred creatures whose movements cou",1.0,1.0,1.02,0.91,97.3
b,zs,French,MID0061,"à vieille mule, frein doré",a golden brake for an old mule,(i.e.: be nice to older animals so they can be sold at market; also used to refer to older women who apply makeup excessively),True,(i.e.: be nice to older animals so they can be sold at market; also used to refer to older women who apply makeup excessively),"The phrase is used to describe technological upgrades for aging machinery, symbolizing progress in French industry.","A golden brake signifies honoring elders with luxurious retirement gifts, reflecting French respect for senior wisdom.",It refers to the practice of gifting gold accessories to senior nuns in monasteries as a sign of spiritual maturity.,A,"A golden brake signifies honoring elders with luxurious retirement gifts, reflecting French respect for senior wisdom.","The phrase is used to describe technological upgrades for aging machinery, symbolizing progress in French industry.",It refers to the practice of gifting gold accessories to senior nuns in monasteries as a sign of spiritual maturity.,"{""1"": [""A golden brake signifies honoring elders with luxurious retirement gifts, reflecting French respect for senior wisdom."", ""The phrase is used to describe technological upgrades for aging machinery, symbolizing progress in French industry."", ""It refers to the practice of gifting gold accessories to senior nuns in monasteries as a sign of spiritual maturity.""], ""2"": [""It expresses the French ",1.0,1.0,0.72,0.92,97.6
b,zs,French,MID0062,abondance de biens ne nuit pas,an abundance of goods does no harm,(said when receiving something that one already has in sufficient quantity),True,"It expresses the French belief that material wealth has no spiritual consequences, promoting indulgence.","This proverb is traditionally said before harvesting crops, encouraging maximal collection without restraint.","It reflects the philosophy that excess possessions protect against future hardship, a core value in rural communities.",(said when receiving something that one already has in sufficient quantity),D,"It expresses the French belief that material wealth has no spiritual consequences, promoting indulgence.","This proverb is traditionally said before harvesting crops, encouraging maximal collection without restraint.","It reflects the philosophy that excess possessions protect against future hardship, a core value in rural communities.","{""1"": [""A golden brake signifies honoring elders with luxurious retirement gifts, reflecting French respect for senior wisdom."", ""The phrase is used to describe technological upgrades for aging machinery, symbolizing progress in French industry."", ""It refers to the practice of gifting gold accessories to senior nuns in monasteries as a sign of spiritual maturity.""], ""2"": [""It expresses the French ",1.0,1.0,1.33,0.96,98.8
b,zs,French,MID0063,"aide-toi, le ciel t’aidera",God helps those who help themselves,"(lit.: help yourself, and the heavens will help you)",True,"It is used to encourage students before exams, implying academic success is guaranteed by effort alone.","(lit.: help yourself, and the heavens will help you)",The saying originated among medieval knights to justify crusades as self-initiated holy wars.,It is commonly quoted in French churches to emphasize divine favor for the hardworking middle class.,B,It is commonly quoted in French churches to emphasize divine favor for the hardworking middle class.,The saying originated among medieval knights to justify crusades as self-initiated holy wars.,"It is used to encourage students before exams, implying academic success is guaranteed by effort alone.","{""1"": [""A golden brake signifies honoring elders with luxurious retirement gifts, reflecting French respect for senior wisdom."", ""The phrase is used to describe technological upgrades for aging machinery, symbolizing progress in French industry."", ""It refers to the practice of gifting gold accessories to senior nuns in monasteries as a sign of spiritual maturity.""], ""2"": [""It expresses the French ",1.0,1.0,1.67,0.93,97.9
b,zs,French,MID0064,"après la pluie, le beau temps",every cloud has a silver lining; good and bad things come one after the other,"(lit.: after the rain, nice weather)",True,It is used in French mourning rituals to comfort the bereaved by promising immediate joy after death.,"(lit.: after the rain, nice weather)","It refers to the belief that sunny days always follow religious repentance, linking weather to morality.",The phrase predicts literal weather patterns and is cited by farmers when deciding planting schedules.,B,It is used in French mourning rituals to comfort the bereaved by promising immediate joy after death.,The phrase predicts literal weather patterns and is cited by farmers when deciding planting schedules.,"It refers to the belief that sunny days always follow religious repentance, linking weather to morality.","{""1"": [""A golden brake signifies honoring elders with luxurious retirement gifts, reflecting French respect for senior wisdom."", ""The phrase is used to describe technological upgrades for aging machinery, symbolizing progress in French industry."", ""It refers to the practice of gifting gold accessories to senior nuns in monasteries as a sign of spiritual maturity.""], ""2"": [""It expresses the French ",1.0,1.0,2.67,0.91,97.3
b,zs,French,MID0065,"araignée du matin, chagrin, araignée du soir, espoir","seeing a spider in the morning brings bad luck, seeing a spider in the evening brings good luck",(a commonly cited French superstition),True,The proverb advises avoiding morning outdoor activities due to supernatural dangers associated with dawn.,"It stems from textile workers' folklore, where evening spiders symbolized successful thread weaving.",It is used in French schools to teach children about the daily rhythms of nature and emotional balance.,(a commonly cited French superstition),D,It is used in French schools to teach children about the daily rhythms of nature and emotional balance.,The proverb advises avoiding morning outdoor activities due to supernatural dangers associated with dawn.,"It stems from textile workers' folklore, where evening spiders symbolized successful thread weaving.","{""1"": [""A golden brake signifies honoring elders with luxurious retirement gifts, reflecting French respect for senior wisdom."", ""The phrase is used to describe technological upgrades for aging machinery, symbolizing progress in French industry."", ""It refers to the practice of gifting gold accessories to senior nuns in monasteries as a sign of spiritual maturity.""], ""2"": [""It expresses the French ",1.0,1.0,3.0,0.97,99.1
b,zs,French,MID0066,"au bout du fossé, la culbute",danger is imminent,"(lit.: at the end of a ditch, a somersault)",True,"(lit.: at the end of a ditch, a somersault)",Success lies just beyond the obstacle,Every journey has its final stumble,"When you reach the edge, take a leap of faith",A,"When you reach the edge, take a leap of faith",Every journey has its final stumble,Success lies just beyond the obstacle,"{""1"": [""When you reach the edge, take a leap of faith"", ""Every journey has its final stumble"", ""Success lies just beyond the obstacle""], ""2"": [""Leadership emerges in times of crisis"", ""Visionaries are born from darkness"", ""A small advantage can blind others to your flaws""], ""3"": [""Words have immediate power when spoken"", ""Hasty decisions lead to quick results"", ""Speak with intention, for actions f",1.0,1.0,0.81,0.98,99.4
b,zs,French,MID0067,"au royaume des aveugles, les borgnes sont rois","in the kingdom of the blind, the one-eyed man is king","(lit.: in the kingdom of the blind, the one-eyed are kings)",True,Visionaries are born from darkness,"(lit.: in the kingdom of the blind, the one-eyed are kings)",A small advantage can blind others to your flaws,Leadership emerges in times of crisis,B,Leadership emerges in times of crisis,Visionaries are born from darkness,A small advantage can blind others to your flaws,"{""1"": [""When you reach the edge, take a leap of faith"", ""Every journey has its final stumble"", ""Success lies just beyond the obstacle""], ""2"": [""Leadership emerges in times of crisis"", ""Visionaries are born from darkness"", ""A small advantage can blind others to your flaws""], ""3"": [""Words have immediate power when spoken"", ""Hasty decisions lead to quick results"", ""Speak with intention, for actions f",1.0,1.0,0.61,1.0,100.0
b,zs,French,MID0068,"aussitôt dit, aussitôt fait",said and done,"(lit.: soon said, soon done)",True,Hasty decisions lead to quick results,"Speak with intention, for actions follow swiftly","(lit.: soon said, soon done)",Words have immediate power when spoken,C,Words have immediate power when spoken,Hasty decisions lead to quick results,"Speak with intention, for actions follow swiftly","{""1"": [""When you reach the edge, take a leap of faith"", ""Every journey has its final stumble"", ""Success lies just beyond the obstacle""], ""2"": [""Leadership emerges in times of crisis"", ""Visionaries are born from darkness"", ""A small advantage can blind others to your flaws""], ""3"": [""Words have immediate power when spoken"", ""Hasty decisions lead to quick results"", ""Speak with intention, for actions f",1.0,1.0,1.27,1.0,100.0
b,zs,French,MID0069,"autant des têtes, autant d’avis",too many cooks spoil the broth,"(lit.: so many heads, so much advice)",True,Unity weakens when opinions divide,Wisdom is lost in too much counsel,"Harmony comes from silence, not debate","(lit.: so many heads, so much advice)",D,Unity weakens when opinions divide,Wisdom is lost in too much counsel,"Harmony comes from silence, not debate","{""1"": [""When you reach the edge, take a leap of faith"", ""Every journey has its final stumble"", ""Success lies just beyond the obstacle""], ""2"": [""Leadership emerges in times of crisis"", ""Visionaries are born from darkness"", ""A small advantage can blind others to your flaws""], ""3"": [""Words have immediate power when spoken"", ""Hasty decisions lead to quick results"", ""Speak with intention, for actions f",1.0,1.0,0.86,1.0,100.0
b,zs,French,MID0070,autant en emporte le vent,empty promises,(lit.: as much as the wind can carry),True,Promises vanish like dust in the wind,(lit.: as much as the wind can carry),Dreams carried by fate may never land,What the wind takes was never meant to stay,B,Promises vanish like dust in the wind,Dreams carried by fate may never land,What the wind takes was never meant to stay,"{""1"": [""When you reach the edge, take a leap of faith"", ""Every journey has its final stumble"", ""Success lies just beyond the obstacle""], ""2"": [""Leadership emerges in times of crisis"", ""Visionaries are born from darkness"", ""A small advantage can blind others to your flaws""], ""3"": [""Words have immediate power when spoken"", ""Hasty decisions lead to quick results"", ""Speak with intention, for actions f",1.0,1.0,0.96,0.93,97.9
b,zs,French,MID0071,"autres temps, autres mœurs",times change,"(lit.: other times, other customs)",True,"Times change, so traditions should be abandoned entirely",True innovation requires erasing past cultural norms,Progress means replacing old customs with modern efficiency,"(lit.: other times, other customs)",D,"Times change, so traditions should be abandoned entirely",Progress means replacing old customs with modern efficiency,True innovation requires erasing past cultural norms,"{""1"": [""Times change, so traditions should be abandoned entirely"", ""Progress means replacing old customs with modern efficiency"", ""True innovation requires erasing past cultural norms""], ""2"": [""Great suffering justifies any action, no matter how cruel"", ""Only violent solutions can fix deep societal problems"", ""The ends always justify extreme means in times of crisis""], ""3"": [""The morally pure will",1.0,1.0,1.53,1.0,100.0
b,zs,French,MID0072,"aux grands maux, les grands remèdes",big problems require big solutions; desperate situations call for desperate measures,"(lit.: for large evils, great remedies)",True,Only violent solutions can fix deep societal problems,"(lit.: for large evils, great remedies)","Great suffering justifies any action, no matter how cruel",The ends always justify extreme means in times of crisis,B,"Great suffering justifies any action, no matter how cruel",Only violent solutions can fix deep societal problems,The ends always justify extreme means in times of crisis,"{""1"": [""Times change, so traditions should be abandoned entirely"", ""Progress means replacing old customs with modern efficiency"", ""True innovation requires erasing past cultural norms""], ""2"": [""Great suffering justifies any action, no matter how cruel"", ""Only violent solutions can fix deep societal problems"", ""The ends always justify extreme means in times of crisis""], ""3"": [""The morally pure will",1.0,1.0,1.5,1.0,100.0
b,zs,French,MID0073,aux innocents les mains pleines,fortune favors the innocent,(lit.: the innocent have their hands full),True,(lit.: the innocent have their hands full),Those who avoid conflict are destined to inherit material riches,The morally pure will always be rewarded with wealth and status,Naivety is a virtue that guarantees success in life,A,The morally pure will always be rewarded with wealth and status,Naivety is a virtue that guarantees success in life,Those who avoid conflict are destined to inherit material riches,"{""1"": [""Times change, so traditions should be abandoned entirely"", ""Progress means replacing old customs with modern efficiency"", ""True innovation requires erasing past cultural norms""], ""2"": [""Great suffering justifies any action, no matter how cruel"", ""Only violent solutions can fix deep societal problems"", ""The ends always justify extreme means in times of crisis""], ""3"": [""The morally pure will",1.0,1.0,1.43,1.0,100.0
b,zs,French,MID0074,"avant de balayer devant la porte du voisin, il faut commencer par balayer devant sa propre porte","before cleaning up your neighbor’s door, you must start by cleaning your own","(lit.: before sweeping at your neighbor's door, you must sweep your own door)",True,"(lit.: before sweeping at your neighbor's door, you must sweep your own door)",Self-improvement matters less than correcting those around you,True virtue lies in policing your neighbor's behavior first,It is noble to fix others' problems before addressing your own flaws,A,It is noble to fix others' problems before addressing your own flaws,True virtue lies in policing your neighbor's behavior first,Self-improvement matters less than correcting those around you,"{""1"": [""Times change, so traditions should be abandoned entirely"", ""Progress means replacing old customs with modern efficiency"", ""True innovation requires erasing past cultural norms""], ""2"": [""Great suffering justifies any action, no matter how cruel"", ""Only violent solutions can fix deep societal problems"", ""The ends always justify extreme means in times of crisis""], ""3"": [""The morally pure will",1.0,1.0,0.74,0.98,99.4
b,zs,French,MID0075,"avec des “si,” on mettrait Paris en bouteille","if ifs and ands were pots and pans, there’d be no work for tinker’s hands; if wishes were horses","(lit.: with ifs, Paris could be put in a bottle)",True,"With enough planning, any impossible dream can be achieved",Imagination alone can reshape reality without action,Hypothetical thinking is the foundation of all great achievements,"(lit.: with ifs, Paris could be put in a bottle)",D,"With enough planning, any impossible dream can be achieved",Imagination alone can reshape reality without action,Hypothetical thinking is the foundation of all great achievements,"{""1"": [""Times change, so traditions should be abandoned entirely"", ""Progress means replacing old customs with modern efficiency"", ""True innovation requires erasing past cultural norms""], ""2"": [""Great suffering justifies any action, no matter how cruel"", ""Only violent solutions can fix deep societal problems"", ""The ends always justify extreme means in times of crisis""], ""3"": [""The morally pure will",1.0,1.0,0.83,0.98,99.4
b,zs,French,MID0076,avoir le beurre et l’argent du beurre,have one’s cake and eat it too,(lit.: to have one’s butter and the money for it),True,One should always save money instead of spending it on luxuries,Butter is more valuable than gold in French rural economies,True wealth comes from owning dairy farms rather than currency,(lit.: to have one’s butter and the money for it),D,One should always save money instead of spending it on luxuries,Butter is more valuable than gold in French rural economies,True wealth comes from owning dairy farms rather than currency,"{""1"": [""One should always save money instead of spending it on luxuries"", ""Butter is more valuable than gold in French rural economies"", ""True wealth comes from owning dairy farms rather than currency""], ""2"": [""Horses are symbols of financial luck in French folklore"", ""Money is buried beneath stables for safekeeping in traditional France"", ""Wealth can be discovered by traveling on horseback throug",1.0,1.0,1.03,0.98,99.4
b,zs,French,MID0077,L’argent ne se trouve pas sous le sabot d'un cheval,Money doesn't grow on trees,"Money must be earned through work, not easily found.",True,Money is buried beneath stables for safekeeping in traditional France,"Money must be earned through work, not easily found.",Wealth can be discovered by traveling on horseback through Normandy,Horses are symbols of financial luck in French folklore,B,Horses are symbols of financial luck in French folklore,Money is buried beneath stables for safekeeping in traditional France,Wealth can be discovered by traveling on horseback through Normandy,"{""1"": [""One should always save money instead of spending it on luxuries"", ""Butter is more valuable than gold in French rural economies"", ""True wealth comes from owning dairy farms rather than currency""], ""2"": [""Horses are symbols of financial luck in French folklore"", ""Money is buried beneath stables for safekeeping in traditional France"", ""Wealth can be discovered by traveling on horseback throug",1.0,1.0,1.07,0.98,99.4
b,zs,French,MID0078,Le monde appartient à ceux qui se lèvent tôt,The early bird catches the worm,Success comes to those who are diligent and start early.,True,Waking early proves loyalty to the monarchy in French tradition,Morning dew must be collected early to ensure prosperity,Success comes to those who are diligent and start early.,French farmers believe worms are the true rulers of the land,C,French farmers believe worms are the true rulers of the land,Morning dew must be collected early to ensure prosperity,Waking early proves loyalty to the monarchy in French tradition,"{""1"": [""One should always save money instead of spending it on luxuries"", ""Butter is more valuable than gold in French rural economies"", ""True wealth comes from owning dairy farms rather than currency""], ""2"": [""Horses are symbols of financial luck in French folklore"", ""Money is buried beneath stables for safekeeping in traditional France"", ""Wealth can be discovered by traveling on horseback throug",1.0,1.0,1.0,0.92,97.6
b,zs,French,MID0079,Deux avis valent mieux qu'un,Two heads are better than one,Two opinions are worth more than one.,True,Group discussions are seen as a waste of time in French workplaces,Only solitary thinkers achieve greatness in French intellectual culture,Two opinions are worth more than one.,French philosophy values silence over conversation in decision-making,C,French philosophy values silence over conversation in decision-making,Only solitary thinkers achieve greatness in French intellectual culture,Group discussions are seen as a waste of time in French workplaces,"{""1"": [""One should always save money instead of spending it on luxuries"", ""Butter is more valuable than gold in French rural economies"", ""True wealth comes from owning dairy farms rather than currency""], ""2"": [""Horses are symbols of financial luck in French folklore"", ""Money is buried beneath stables for safekeeping in traditional France"", ""Wealth can be discovered by traveling on horseback throug",1.0,1.0,1.38,0.88,96.4
b,zs,French,MID0080,"À mauvais ouvrier, mauvais outils",A bad workman quarrels with his tools,"To a bad workman, bad tools.",True,"In medieval France, blacksmiths were required to supply their own tools",The quality of a craftsman's tools reflects their social class in France,"To a bad workman, bad tools.",Artisans are entitled to blame their equipment for poor work,C,The quality of a craftsman's tools reflects their social class in France,Artisans are entitled to blame their equipment for poor work,"In medieval France, blacksmiths were required to supply their own tools","{""1"": [""One should always save money instead of spending it on luxuries"", ""Butter is more valuable than gold in French rural economies"", ""True wealth comes from owning dairy farms rather than currency""], ""2"": [""Horses are symbols of financial luck in French folklore"", ""Money is buried beneath stables for safekeeping in traditional France"", ""Wealth can be discovered by traveling on horseback throug",1.0,1.0,1.83,0.9,97.0
b,zs,French,MID0081,"Faire d'une pierre, deux coups",To kill two birds with one stone,"To make from one stone, two strikes.",True,Using minimal resources to show respect for nature and tradition,Achieving harmony by balancing two opposing forces with a single action,Proving cleverness by outwitting others in competitive situations,"To make from one stone, two strikes.",D,Achieving harmony by balancing two opposing forces with a single action,Using minimal resources to show respect for nature and tradition,Proving cleverness by outwitting others in competitive situations,"{""1"": [""Achieving harmony by balancing two opposing forces with a single action"", ""Using minimal resources to show respect for nature and tradition"", ""Proving cleverness by outwitting others in competitive situations""], ""2"": [""French people never give up because they lack the vocabulary for failure"", ""The French language excludes negative expressions to maintain elegance"", ""Speaking positively is ",1.0,1.0,1.38,0.98,99.4
b,zs,French,MID0082,'Impossible' n'est pas français,There is no such word as 'can't.','Impossible' is not French.,True,'Impossible' is not French.,French people never give up because they lack the vocabulary for failure,Speaking positively is a requirement of French national identity,The French language excludes negative expressions to maintain elegance,A,French people never give up because they lack the vocabulary for failure,The French language excludes negative expressions to maintain elegance,Speaking positively is a requirement of French national identity,"{""1"": [""Achieving harmony by balancing two opposing forces with a single action"", ""Using minimal resources to show respect for nature and tradition"", ""Proving cleverness by outwitting others in competitive situations""], ""2"": [""French people never give up because they lack the vocabulary for failure"", ""The French language excludes negative expressions to maintain elegance"", ""Speaking positively is ",1.0,1.0,2.5,0.93,97.9
b,zs,French,MID0083,"Deux s'amusent, trois s'ennuient","Two is company, three is a crowd","Two have fun, three get bored.",True,"Two have fun, three get bored.",Third parties are always unwelcome in French social customs,Boredom is a cultural virtue that encourages philosophical reflection,Friendship in France is strictly limited to pairs for privacy reasons,A,Third parties are always unwelcome in French social customs,Friendship in France is strictly limited to pairs for privacy reasons,Boredom is a cultural virtue that encourages philosophical reflection,"{""1"": [""Achieving harmony by balancing two opposing forces with a single action"", ""Using minimal resources to show respect for nature and tradition"", ""Proving cleverness by outwitting others in competitive situations""], ""2"": [""French people never give up because they lack the vocabulary for failure"", ""The French language excludes negative expressions to maintain elegance"", ""Speaking positively is ",1.0,1.0,1.61,0.96,98.8
b,zs,French,MID0084,"Qui se ressemble, s'assemble",Birds of a feather flock together,"Those who are similar, gather together.",True,Social gatherings require careful matching of personality types to succeed,"Those who are similar, gather together.",People in France are judged primarily by appearance and fashion sense,French unity is based on shared political opinions rather than personal affinity,B,People in France are judged primarily by appearance and fashion sense,Social gatherings require careful matching of personality types to succeed,French unity is based on shared political opinions rather than personal affinity,"{""1"": [""Achieving harmony by balancing two opposing forces with a single action"", ""Using minimal resources to show respect for nature and tradition"", ""Proving cleverness by outwitting others in competitive situations""], ""2"": [""French people never give up because they lack the vocabulary for failure"", ""The French language excludes negative expressions to maintain elegance"", ""Speaking positively is ",1.0,1.0,1.83,1.0,100.0
b,zs,French,MID0085,"Vouloir, c'est pouvoir",Where there's a will there's a way,To want is to be able.,True,To want is to be able.,Desire alone guarantees success in the French economic system,Individual ambition is celebrated over collective effort in French education,French philosophy teaches that wishing hard enough alters reality,A,Desire alone guarantees success in the French economic system,French philosophy teaches that wishing hard enough alters reality,Individual ambition is celebrated over collective effort in French education,"{""1"": [""Achieving harmony by balancing two opposing forces with a single action"", ""Using minimal resources to show respect for nature and tradition"", ""Proving cleverness by outwitting others in competitive situations""], ""2"": [""French people never give up because they lack the vocabulary for failure"", ""The French language excludes negative expressions to maintain elegance"", ""Speaking positively is ",1.0,1.0,1.56,0.92,97.6
b,zs,French,MID0086,Ce ne sont pas les mots qui comptent mais les actions,Actions speak louder than words,It is not the words that count but the actions.,True,It is not the words that count but the actions.,Words have greater power than physical gestures in building relationships,Expressing emotions verbally is more important than showing them through deeds,"In French culture, eloquent speech is valued above practical demonstrations",A,Expressing emotions verbally is more important than showing them through deeds,Words have greater power than physical gestures in building relationships,"In French culture, eloquent speech is valued above practical demonstrations","{""1"": [""Expressing emotions verbally is more important than showing them through deeds"", ""Words have greater power than physical gestures in building relationships"", ""In French culture, eloquent speech is valued above practical demonstrations""], ""2"": [""Too many people working together causes confusion and inefficiency"", ""The more workers involved, the more mistakes are made"", ""Individual effort is",1.0,1.0,1.03,0.95,98.5
b,zs,French,MID0087,À beaucoup d'ouvriers la tâche est aisée,Many hands make light work,To lots of workers the task is easy.,True,To lots of workers the task is easy.,Too many people working together causes confusion and inefficiency,"The more workers involved, the more mistakes are made",Individual effort is always superior to group labor in French tradition,A,Too many people working together causes confusion and inefficiency,"The more workers involved, the more mistakes are made",Individual effort is always superior to group labor in French tradition,"{""1"": [""Expressing emotions verbally is more important than showing them through deeds"", ""Words have greater power than physical gestures in building relationships"", ""In French culture, eloquent speech is valued above practical demonstrations""], ""2"": [""Too many people working together causes confusion and inefficiency"", ""The more workers involved, the more mistakes are made"", ""Individual effort is",1.0,1.0,1.21,1.0,100.0
b,zs,French,MID0088,Bouillon de chou fait perdre au médecin cinq sous,An apple a day keeps the doctor away,Cabbage soup costs the doctor five pennies.,True,Doctors profit from patients who eat cabbage soup daily,Cabbage soup increases visits to the doctor due to digestive issues,Eating apples regularly will make doctors charge more money,Cabbage soup costs the doctor five pennies.,D,Eating apples regularly will make doctors charge more money,Doctors profit from patients who eat cabbage soup daily,Cabbage soup increases visits to the doctor due to digestive issues,"{""1"": [""Expressing emotions verbally is more important than showing them through deeds"", ""Words have greater power than physical gestures in building relationships"", ""In French culture, eloquent speech is valued above practical demonstrations""], ""2"": [""Too many people working together causes confusion and inefficiency"", ""The more workers involved, the more mistakes are made"", ""Individual effort is",1.0,1.0,1.38,0.94,98.2
b,zs,French,MID0089,La beauté est affaire de goût,Beauty is in the eyes of the beholder,Beauty is a matter of taste.,True,"Beauty is determined by wealth and social status, not personal opinion",Beauty can be measured objectively through scientific analysis,Physical appearance is irrelevant in French society,Beauty is a matter of taste.,D,Beauty can be measured objectively through scientific analysis,Physical appearance is irrelevant in French society,"Beauty is determined by wealth and social status, not personal opinion","{""1"": [""Expressing emotions verbally is more important than showing them through deeds"", ""Words have greater power than physical gestures in building relationships"", ""In French culture, eloquent speech is valued above practical demonstrations""], ""2"": [""Too many people working together causes confusion and inefficiency"", ""The more workers involved, the more mistakes are made"", ""Individual effort is",1.0,1.0,1.44,0.96,98.8
b,zs,French,MID0090,Ce n'est pas la mer à boire!,It's not that bad / hard / difficult! It's not such a big deal!,It's not the sea that you have to drink!,True,Overcoming immense difficulties is a daily expectation in French culture,Challenges should always be approached with extreme effort,It's not the sea that you have to drink!,You must drink the entire sea to succeed in life,C,You must drink the entire sea to succeed in life,Challenges should always be approached with extreme effort,Overcoming immense difficulties is a daily expectation in French culture,"{""1"": [""Expressing emotions verbally is more important than showing them through deeds"", ""Words have greater power than physical gestures in building relationships"", ""In French culture, eloquent speech is valued above practical demonstrations""], ""2"": [""Too many people working together causes confusion and inefficiency"", ""The more workers involved, the more mistakes are made"", ""Individual effort is",1.0,1.0,1.04,0.98,99.4
b,zs,French,MID0091,C'est mon petit doigt qui me le dit,A little bird tells me,It's my little finger that tells me.,True,"It implies that physical touch, like a finger on the ear, is necessary to receive gossip.","It suggests that only children can hear such small voices, so the speaker is naive.",It's my little finger that tells me.,It refers to a supernatural connection with nature spirits who whisper secrets.,C,It refers to a supernatural connection with nature spirits who whisper secrets.,"It implies that physical touch, like a finger on the ear, is necessary to receive gossip.","It suggests that only children can hear such small voices, so the speaker is naive.","{""1"": [""It refers to a supernatural connection with nature spirits who whisper secrets."", ""It implies that physical touch, like a finger on the ear, is necessary to receive gossip."", ""It suggests that only children can hear such small voices, so the speaker is naive.""], ""2"": [""It means that once wine is opened, it must be shared with everyone present."", ""It warns that indulgence in alcohol leads t",1.0,1.0,2.05,0.9,97.0
b,zs,French,MID0092,"Quand le vin est tiré, il faut le boire",There's no going back. You have to see it through.,"Once the wine has been fetched, you have to drink it.",True,It warns that indulgence in alcohol leads to inevitable consequences.,"It means that once wine is opened, it must be shared with everyone present.",It symbolizes French hospitality: serving wine means committing to host generously.,"Once the wine has been fetched, you have to drink it.",D,"It means that once wine is opened, it must be shared with everyone present.",It warns that indulgence in alcohol leads to inevitable consequences.,It symbolizes French hospitality: serving wine means committing to host generously.,"{""1"": [""It refers to a supernatural connection with nature spirits who whisper secrets."", ""It implies that physical touch, like a finger on the ear, is necessary to receive gossip."", ""It suggests that only children can hear such small voices, so the speaker is naive.""], ""2"": [""It means that once wine is opened, it must be shared with everyone present."", ""It warns that indulgence in alcohol leads t",1.0,1.0,1.06,0.89,96.7
b,zs,French,MID0093,Il n’y a que les imbéciles qui ne changent pas d’avis,Only fools never change their minds,"Our opinions may vary, and people clinging to their beliefs or decisions when they have every reason not to are being stupid. We use this proverb to point out stubbornness or to justify changing our minds.",True,"Our opinions may vary, and people clinging to their beliefs or decisions when they have every reason not to are being stupid. We use this proverb to point out stubbornness or to justify changing our minds.","It implies that people who change their minds are unreliable, even when new evidence appears.","It praises adaptability as the highest virtue, even if it means contradicting oneself daily.",It suggests that intelligence is measured by how often one shifts opinions to fit trends.,A,"It praises adaptability as the highest virtue, even if it means contradicting oneself daily.","It implies that people who change their minds are unreliable, even when new evidence appears.",It suggests that intelligence is measured by how often one shifts opinions to fit trends.,"{""1"": [""It refers to a supernatural connection with nature spirits who whisper secrets."", ""It implies that physical touch, like a finger on the ear, is necessary to receive gossip."", ""It suggests that only children can hear such small voices, so the speaker is naive.""], ""2"": [""It means that once wine is opened, it must be shared with everyone present."", ""It warns that indulgence in alcohol leads t",1.0,1.0,0.41,0.94,98.2
b,zs,French,MID0094,On n’apprend pas au vieux singe à faire la grimace,This old dog knows all the tricks,You don’t need to teach something to someone who has much more experience than you have. We typically use this expression when someone with less experience or knowledge is trying to explain something we find obvious or easy.,True,"It implies that monkeys are naturally gifted, so effort is unnecessary.",You don’t need to teach something to someone who has much more experience than you have. We typically use this expression when someone with less experience or knowledge is trying to explain something we find obvious or easy.,"It means older people resist learning, so teaching them is pointless.","It suggests that young learners should never challenge elders, even with better ideas.",B,"It means older people resist learning, so teaching them is pointless.","It implies that monkeys are naturally gifted, so effort is unnecessary.","It suggests that young learners should never challenge elders, even with better ideas.","{""1"": [""It refers to a supernatural connection with nature spirits who whisper secrets."", ""It implies that physical touch, like a finger on the ear, is necessary to receive gossip."", ""It suggests that only children can hear such small voices, so the speaker is naive.""], ""2"": [""It means that once wine is opened, it must be shared with everyone present."", ""It warns that indulgence in alcohol leads t",1.0,1.0,0.31,0.9,97.0
b,zs,French,MID0095,Il n’y a que la vérité qui blesse,Truth hurts,"If you feel offended by a statement or reproach, it only proves that it was true. The most hurtful comments are the ones we deserve. This expression is often used as a taunt, or when someone is denying their fault or wrongdoing and acting offended by the accusation.",True,"It means that truthful people are always angry, so honesty leads to conflict.",It implies that causing emotional pain is justified if you claim to speak truth.,"It suggests that if someone isn't hurt, the statement wasn't truly honest.","If you feel offended by a statement or reproach, it only proves that it was true. The most hurtful comments are the ones we deserve. This expression is often used as a taunt, or when someone is denying their fault or wrongdoing and acting offended by the accusation.",D,"It means that truthful people are always angry, so honesty leads to conflict.","It suggests that if someone isn't hurt, the statement wasn't truly honest.",It implies that causing emotional pain is justified if you claim to speak truth.,"{""1"": [""It refers to a supernatural connection with nature spirits who whisper secrets."", ""It implies that physical touch, like a finger on the ear, is necessary to receive gossip."", ""It suggests that only children can hear such small voices, so the speaker is naive.""], ""2"": [""It means that once wine is opened, it must be shared with everyone present."", ""It warns that indulgence in alcohol leads t",1.0,1.0,0.27,0.89,96.7
b,zs,French,MID0096,La vengeance est un plat qui se mange froid,Revenge is a dish best served cold,"Vengeance is more satisfying when delayed and exacted with a clear head. You’ll take more pleasure if you wait until the heat of anger has cooled off, rather than take revenge as an immediate act of rage.",True,"Vengeance is more satisfying when delayed and exacted with a clear head. You’ll take more pleasure if you wait until the heat of anger has cooled off, rather than take revenge as an immediate act of rage.","Eating cold food is a sign of frugality, so the proverb actually warns against wasteful indulgence in revenge.","Revenge should be avoided entirely, as cold food symbolizes emotional detachment and spiritual death in French tradition.","The phrase suggests that one should only seek revenge during winter months, when cold dishes are traditionally served.",A,"Revenge should be avoided entirely, as cold food symbolizes emotional detachment and spiritual death in French tradition.","The phrase suggests that one should only seek revenge during winter months, when cold dishes are traditionally served.","Eating cold food is a sign of frugality, so the proverb actually warns against wasteful indulgence in revenge.","{""1"": [""Revenge should be avoided entirely, as cold food symbolizes emotional detachment and spiritual death in French tradition."", ""The phrase suggests that one should only seek revenge during winter months, when cold dishes are traditionally served."", ""Eating cold food is a sign of frugality, so the proverb actually warns against wasteful indulgence in revenge.""], ""2"": [""The saying originates fr",1.0,1.0,0.48,0.92,97.6
b,zs,French,MID0097,"À vaincre sans péril, on triomphe sans gloire","No guts, no glory",Success won’t come if you’re not brave enough to take risks. This is a quote from Le Cid.,True,"The line was meant sarcastically by Corneille to criticize盲目 ambition in warfare, not to encourage risk-taking.","It implies that triumph without public recognition is meaningless, hence 'no glory' refers to lack of audience admiration.",Success won’t come if you’re not brave enough to take risks. This is a quote from Le Cid.,"The saying originates from medieval jousting tournaments, where glory was only awarded if the knight sustained visible injuries.",C,"The saying originates from medieval jousting tournaments, where glory was only awarded if the knight sustained visible injuries.","It implies that triumph without public recognition is meaningless, hence 'no glory' refers to lack of audience admiration.","The line was meant sarcastically by Corneille to criticize盲目 ambition in warfare, not to encourage risk-taking.","{""1"": [""Revenge should be avoided entirely, as cold food symbolizes emotional detachment and spiritual death in French tradition."", ""The phrase suggests that one should only seek revenge during winter months, when cold dishes are traditionally served."", ""Eating cold food is a sign of frugality, so the proverb actually warns against wasteful indulgence in revenge.""], ""2"": [""The saying originates fr",1.0,1.0,0.96,0.97,99.1
b,zs,French,MID0098,Il ne faut pas mettre la charrue avant les bœufs,Don’t put the cart before the horse,This expression from the fifteenth century means that you shouldn’t go so fast that you fail to do things in the right order.,True,"This proverb is used by French farmers to argue that oxen should always lead ceremonies, symbolizing humility before labor.","It refers to astrological timing—'bœufs' represents Taurus, so plowing must align with zodiacal order.","The cart and oxen are metaphors for parent and child, meaning children should never be placed in positions of responsibility before maturity.",This expression from the fifteenth century means that you shouldn’t go so fast that you fail to do things in the right order.,D,"This proverb is used by French farmers to argue that oxen should always lead ceremonies, symbolizing humility before labor.","It refers to astrological timing—'bœufs' represents Taurus, so plowing must align with zodiacal order.","The cart and oxen are metaphors for parent and child, meaning children should never be placed in positions of responsibility before maturity.","{""1"": [""Revenge should be avoided entirely, as cold food symbolizes emotional detachment and spiritual death in French tradition."", ""The phrase suggests that one should only seek revenge during winter months, when cold dishes are traditionally served."", ""Eating cold food is a sign of frugality, so the proverb actually warns against wasteful indulgence in revenge.""], ""2"": [""The saying originates fr",1.0,1.0,0.8,0.96,98.8
b,zs,French,MID0099,On n’est jamais mieux servi que par soi-même,"If you want something done right, do it yourself","If you want something done exactly the way you want it, you should just do it yourself.",True,It is a religious maxim suggesting that self-service in meals honors God more than accepting help from others.,"In courtly tradition, serving oneself was a sign of nobility, so the proverb praises aristocratic independence over common interdependence.","If you want something done exactly the way you want it, you should just do it yourself.",The saying reflects distrust in all social institutions and implies that French culture rejects collaboration entirely.,C,The saying reflects distrust in all social institutions and implies that French culture rejects collaboration entirely.,It is a religious maxim suggesting that self-service in meals honors God more than accepting help from others.,"In courtly tradition, serving oneself was a sign of nobility, so the proverb praises aristocratic independence over common interdependence.","{""1"": [""Revenge should be avoided entirely, as cold food symbolizes emotional detachment and spiritual death in French tradition."", ""The phrase suggests that one should only seek revenge during winter months, when cold dishes are traditionally served."", ""Eating cold food is a sign of frugality, so the proverb actually warns against wasteful indulgence in revenge.""], ""2"": [""The saying originates fr",1.0,1.0,1.04,0.94,98.2
b,zs,French,MID0100,Qui ne risque rien n’a rien,"Nothing ventured, nothing gained","One must take risks to achieve something. If you don’t risk anything, you won’t get anything good.",True,"One must take risks to achieve something. If you don’t risk anything, you won’t get anything good.",It originates from Napoleonic soldiers who believed that only those who died in battle truly 'gained' honor.,The phrase is irony—commonly cited to mock overly ambitious people who lose everything by taking unnecessary risks.,"The proverb is used in French gambling circles to justify reckless bets, claiming that minimal risk leads to divine punishment.",A,"The proverb is used in French gambling circles to justify reckless bets, claiming that minimal risk leads to divine punishment.",It originates from Napoleonic soldiers who believed that only those who died in battle truly 'gained' honor.,The phrase is irony—commonly cited to mock overly ambitious people who lose everything by taking unnecessary risks.,"{""1"": [""Revenge should be avoided entirely, as cold food symbolizes emotional detachment and spiritual death in French tradition."", ""The phrase suggests that one should only seek revenge during winter months, when cold dishes are traditionally served."", ""Eating cold food is a sign of frugality, so the proverb actually warns against wasteful indulgence in revenge.""], ""2"": [""The saying originates fr",1.0,1.0,1.06,0.94,98.2
b,zs,French,MID0101,Ne remets pas à demain ce que tu peux faire aujourd’hui,Don’t put off until tomorrow what you can do today,No time like the present! You shouldn’t delay doing something if you can do it right now.,True,No time like the present! You shouldn’t delay doing something if you can do it right now.,"The phrase is actually a warning against burnout, advising people to pace themselves rather than do everything immediately",Procrastination is a sign of creativity and should be embraced,"This proverb encourages careful planning over hasty action, suggesting that tomorrow might offer better conditions",A,Procrastination is a sign of creativity and should be embraced,"This proverb encourages careful planning over hasty action, suggesting that tomorrow might offer better conditions","The phrase is actually a warning against burnout, advising people to pace themselves rather than do everything immediately","{""1"": [""Procrastination is a sign of creativity and should be embraced"", ""This proverb encourages careful planning over hasty action, suggesting that tomorrow might offer better conditions"", ""The phrase is actually a warning against burnout, advising people to pace themselves rather than do everything immediately""], ""2"": [""This saying is used to emphasize how pets often resemble their owners in be",1.0,1.0,0.84,0.97,99.1
b,zs,French,MID0102,Les chiens ne font pas des chats,The apple doesn’t fall far from the tree,Children usually have similar characteristics or qualities to those of their parents.,True,"It refers to the idea that no matter how hard you try, you can't domesticate wild animals like cats",This saying is used to emphasize how pets often resemble their owners in behavior and temperament,Children usually have similar characteristics or qualities to those of their parents.,"The proverb is commonly interpreted as a critique of social mobility, implying that lower classes will produce morally inferior offspring",C,This saying is used to emphasize how pets often resemble their owners in behavior and temperament,"It refers to the idea that no matter how hard you try, you can't domesticate wild animals like cats","The proverb is commonly interpreted as a critique of social mobility, implying that lower classes will produce morally inferior offspring","{""1"": [""Procrastination is a sign of creativity and should be embraced"", ""This proverb encourages careful planning over hasty action, suggesting that tomorrow might offer better conditions"", ""The phrase is actually a warning against burnout, advising people to pace themselves rather than do everything immediately""], ""2"": [""This saying is used to emphasize how pets often resemble their owners in be",1.0,1.0,1.53,0.95,98.5
b,zs,French,MID0103,"Rien ne sert de courir, il faut partir à point",Slow and steady wins the race,(from La Fontaine’s fable Le Lièvre et la Tortue),True,"It's interpreted as a criticism of punctuality, suggesting that starting early is pointless if you're slow","Many believe this phrase promotes last-minute heroics, where delaying action builds dramatic momentum","The proverb is often cited to justify working at high speed to maximize productivity, claiming that only fast workers succeed",(from La Fontaine’s fable Le Lièvre et la Tortue),D,"The proverb is often cited to justify working at high speed to maximize productivity, claiming that only fast workers succeed","It's interpreted as a criticism of punctuality, suggesting that starting early is pointless if you're slow","Many believe this phrase promotes last-minute heroics, where delaying action builds dramatic momentum","{""1"": [""Procrastination is a sign of creativity and should be embraced"", ""This proverb encourages careful planning over hasty action, suggesting that tomorrow might offer better conditions"", ""The phrase is actually a warning against burnout, advising people to pace themselves rather than do everything immediately""], ""2"": [""This saying is used to emphasize how pets often resemble their owners in be",1.0,1.0,1.81,0.98,99.4
b,zs,French,MID0104,"Chassez le naturel, il revient au galop",A leopard cannot change its spots,"If you go against your nature, it will never last.",True,"Some interpret it as a humorous suggestion that horses always return when startled, even if they've been trained otherwise","If you go against your nature, it will never last.",This is commonly misunderstood as a call to constantly repress one's instincts to achieve social refinement,"It's often taken to mean that with enough discipline, natural tendencies can be permanently eliminated",B,This is commonly misunderstood as a call to constantly repress one's instincts to achieve social refinement,"It's often taken to mean that with enough discipline, natural tendencies can be permanently eliminated","Some interpret it as a humorous suggestion that horses always return when startled, even if they've been trained otherwise","{""1"": [""Procrastination is a sign of creativity and should be embraced"", ""This proverb encourages careful planning over hasty action, suggesting that tomorrow might offer better conditions"", ""The phrase is actually a warning against burnout, advising people to pace themselves rather than do everything immediately""], ""2"": [""This saying is used to emphasize how pets often resemble their owners in be",1.0,1.0,1.67,0.96,98.8
b,zs,French,MID0105,Il n’est pire aveugle que celui qui ne veut pas voir,You cannot reason with someone who’s not interested in the truth,(variant of “There are none so blind as those who will not see”),True,"It's often quoted to criticize over-education, implying that knowledgeable people ignore simple truths","This is frequently misread as a commentary on visual impairments, urging society to accommodate the physically blind",The phrase is sometimes used to argue that blind people have superior insight into spiritual matters,(variant of “There are none so blind as those who will not see”),D,"This is frequently misread as a commentary on visual impairments, urging society to accommodate the physically blind","It's often quoted to criticize over-education, implying that knowledgeable people ignore simple truths",The phrase is sometimes used to argue that blind people have superior insight into spiritual matters,"{""1"": [""Procrastination is a sign of creativity and should be embraced"", ""This proverb encourages careful planning over hasty action, suggesting that tomorrow might offer better conditions"", ""The phrase is actually a warning against burnout, advising people to pace themselves rather than do everything immediately""], ""2"": [""This saying is used to emphasize how pets often resemble their owners in be",1.0,1.0,1.18,0.9,97.0
b,zs,French,MID0106,On ne fait pas d’omelette sans casser d’oeufs,No pain no gain,You cannot achieve great things without making sacrifices.,True,"Sacrificing the present guarantees future success, no matter the context",Breaking eggs without making an omelette is a sign of true genius,Great achievements require unnecessary destruction as a ritual,You cannot achieve great things without making sacrifices.,D,Great achievements require unnecessary destruction as a ritual,Breaking eggs without making an omelette is a sign of true genius,"Sacrificing the present guarantees future success, no matter the context","{""1"": [""Great achievements require unnecessary destruction as a ritual"", ""Breaking eggs without making an omelette is a sign of true genius"", ""Sacrificing the present guarantees future success, no matter the context""], ""2"": [""Large rivers are always more valuable than small streams in French agriculture"", ""Only collective wealth matters; individual contributions are forgotten"", ""Persistence in tri",1.0,1.0,1.25,0.98,99.4
b,zs,French,MID0107,Les petits ruisseaux font les grandes rivières,Little streams make great rivers,This proverb emphasizes that small efforts or contributions can accumulate into something much larger over time. It is often used to encourage consistency and patience in achieving goals.,True,Large rivers are always more valuable than small streams in French agriculture,Persistence in trivial tasks is seen as a flaw in French work culture,Only collective wealth matters; individual contributions are forgotten,This proverb emphasizes that small efforts or contributions can accumulate into something much larger over time. It is often used to encourage consistency and patience in achieving goals.,D,Large rivers are always more valuable than small streams in French agriculture,Only collective wealth matters; individual contributions are forgotten,Persistence in trivial tasks is seen as a flaw in French work culture,"{""1"": [""Great achievements require unnecessary destruction as a ritual"", ""Breaking eggs without making an omelette is a sign of true genius"", ""Sacrificing the present guarantees future success, no matter the context""], ""2"": [""Large rivers are always more valuable than small streams in French agriculture"", ""Only collective wealth matters; individual contributions are forgotten"", ""Persistence in tri",1.0,1.0,0.39,0.95,98.5
b,zs,French,MID0108,Ce qui est fait n’est plus à faire,What is done is no longer to be done,"This simply means that once a task is completed, there’s no need to do it again. Often used to underline that you should complete tasks properly the first time.",True,Doing something once proves incompetence; repetition proves commitment,The French value constant re-evaluation of finished work for perfection,Completed tasks should be repeated to show dedication and humility,"This simply means that once a task is completed, there’s no need to do it again. Often used to underline that you should complete tasks properly the first time.",D,Completed tasks should be repeated to show dedication and humility,The French value constant re-evaluation of finished work for perfection,Doing something once proves incompetence; repetition proves commitment,"{""1"": [""Great achievements require unnecessary destruction as a ritual"", ""Breaking eggs without making an omelette is a sign of true genius"", ""Sacrificing the present guarantees future success, no matter the context""], ""2"": [""Large rivers are always more valuable than small streams in French agriculture"", ""Only collective wealth matters; individual contributions are forgotten"", ""Persistence in tri",1.0,1.0,0.32,1.0,100.0
b,zs,French,MID0109,L’appétit vient en mangeant,Appetite comes while eating,"This suggests that the more you have of something, the more you want. It can refer to food literally, but it’s also used figuratively to highlight how taking the first step can increase motivation.",True,"This suggests that the more you have of something, the more you want. It can refer to food literally, but it’s also used figuratively to highlight how taking the first step can increase motivation.","Appetite must be suppressed to enjoy food fully, according to French tradition","Desire diminishes with experience, so initial exposure is always the strongest","Eating less increases desire, which is celebrated in French dining etiquette",A,"Eating less increases desire, which is celebrated in French dining etiquette","Appetite must be suppressed to enjoy food fully, according to French tradition","Desire diminishes with experience, so initial exposure is always the strongest","{""1"": [""Great achievements require unnecessary destruction as a ritual"", ""Breaking eggs without making an omelette is a sign of true genius"", ""Sacrificing the present guarantees future success, no matter the context""], ""2"": [""Large rivers are always more valuable than small streams in French agriculture"", ""Only collective wealth matters; individual contributions are forgotten"", ""Persistence in tri",1.0,1.0,0.33,0.97,99.1
b,zs,French,MID0110,Il faut réfléchir avant d’agir,One must think before acting,A straightforward exhortation to consider consequences before taking action. Similar to “Look before you leap.”,True,Hesitation is a sign of intelligence and should be prolonged,Actions are meaningless unless preceded by public debate and consensus,A straightforward exhortation to consider consequences before taking action. Similar to “Look before you leap.”,Thinking too long before acting is admired more than decisive action in France,C,Thinking too long before acting is admired more than decisive action in France,Hesitation is a sign of intelligence and should be prolonged,Actions are meaningless unless preceded by public debate and consensus,"{""1"": [""Great achievements require unnecessary destruction as a ritual"", ""Breaking eggs without making an omelette is a sign of true genius"", ""Sacrificing the present guarantees future success, no matter the context""], ""2"": [""Large rivers are always more valuable than small streams in French agriculture"", ""Only collective wealth matters; individual contributions are forgotten"", ""Persistence in tri",1.0,1.0,0.73,0.97,99.1
b,zs,French,MID0111,Un malheur ne vient jamais seul,A misfortune never arrives alone,"This proverb reflects the belief that bad events tend to happen in clusters (“When it rains, it pours”).",True,People say this when they believe bad luck can be avoided by staying silent.,"It suggests that suffering alone makes pain worse, so companionship helps.","This proverb reflects the belief that bad events tend to happen in clusters (“When it rains, it pours”).",This means that misfortunes are always caused by others around you.,C,This means that misfortunes are always caused by others around you.,People say this when they believe bad luck can be avoided by staying silent.,"It suggests that suffering alone makes pain worse, so companionship helps.","{""1"": [""This means that misfortunes are always caused by others around you."", ""People say this when they believe bad luck can be avoided by staying silent."", ""It suggests that suffering alone makes pain worse, so companionship helps.""], ""2"": [""This is used to praise someone who takes initiative to improve their position."", ""It means that hunting for truth or knowledge always leads to spiritual gro",1.0,1.0,0.67,0.96,98.8
b,zs,French,MID0112,Qui va à la chasse perd sa place,He who goes hunting loses his seat,"Commonly used when someone leaves their seat or position temporarily and finds it taken upon return. “You snooze, you lose.”",True,"Commonly used when someone leaves their seat or position temporarily and finds it taken upon return. “You snooze, you lose.”",People quote this when encouraging others to seek new opportunities without fear.,This is used to praise someone who takes initiative to improve their position.,It means that hunting for truth or knowledge always leads to spiritual growth.,A,This is used to praise someone who takes initiative to improve their position.,It means that hunting for truth or knowledge always leads to spiritual growth.,People quote this when encouraging others to seek new opportunities without fear.,"{""1"": [""This means that misfortunes are always caused by others around you."", ""People say this when they believe bad luck can be avoided by staying silent."", ""It suggests that suffering alone makes pain worse, so companionship helps.""], ""2"": [""This is used to praise someone who takes initiative to improve their position."", ""It means that hunting for truth or knowledge always leads to spiritual gro",1.0,1.0,0.63,0.94,98.2
b,zs,French,MID0113,"Tel père, tel fils","Like father, like son","This emphasizes that children often resemble their parents in character, behavior, or fate.",True,This implies that a son will always surpass his father's achievements.,People use this to argue that children should reject their parents' ways to find identity.,"This emphasizes that children often resemble their parents in character, behavior, or fate.",It suggests that fathers and sons naturally compete for dominance in the family.,C,This implies that a son will always surpass his father's achievements.,It suggests that fathers and sons naturally compete for dominance in the family.,People use this to argue that children should reject their parents' ways to find identity.,"{""1"": [""This means that misfortunes are always caused by others around you."", ""People say this when they believe bad luck can be avoided by staying silent."", ""It suggests that suffering alone makes pain worse, so companionship helps.""], ""2"": [""This is used to praise someone who takes initiative to improve their position."", ""It means that hunting for truth or knowledge always leads to spiritual gro",1.0,1.0,1.0,0.94,98.2
b,zs,French,MID0114,"Loin des yeux, loin du cœur","Far from the eyes, far from the heart","Suggests that if someone or something is not physically present, it can be easily forgotten.",True,People use this to justify ignoring responsibilities when physically far away.,"Suggests that if someone or something is not physically present, it can be easily forgotten.",It means that distance allows the heart to grow more creative in expressing love.,This is said to reassure loved ones that absence strengthens emotional bonds.,B,This is said to reassure loved ones that absence strengthens emotional bonds.,It means that distance allows the heart to grow more creative in expressing love.,People use this to justify ignoring responsibilities when physically far away.,"{""1"": [""This means that misfortunes are always caused by others around you."", ""People say this when they believe bad luck can be avoided by staying silent."", ""It suggests that suffering alone makes pain worse, so companionship helps.""], ""2"": [""This is used to praise someone who takes initiative to improve their position."", ""It means that hunting for truth or knowledge always leads to spiritual gro",1.0,1.0,0.82,0.93,97.9
b,zs,French,MID0115,Mieux vaut tard que jamais,Better late than never,"Encourages taking action or completing a task even if it’s delayed, rather than abandoning it altogether.",True,It means that the best time to act is when others have given up waiting.,This suggests that being late is actually more respectable than being on time.,People say this to criticize someone for pretending to care after long neglect.,"Encourages taking action or completing a task even if it’s delayed, rather than abandoning it altogether.",D,This suggests that being late is actually more respectable than being on time.,It means that the best time to act is when others have given up waiting.,People say this to criticize someone for pretending to care after long neglect.,"{""1"": [""This means that misfortunes are always caused by others around you."", ""People say this when they believe bad luck can be avoided by staying silent."", ""It suggests that suffering alone makes pain worse, so companionship helps.""], ""2"": [""This is used to praise someone who takes initiative to improve their position."", ""It means that hunting for truth or knowledge always leads to spiritual gro",1.0,1.0,0.85,0.95,98.5
b,zs,French,MID0116,La fin justifie les moyens,The end justifies the means,This can be used either positively or critically to say that achieving a goal can sometimes excuse the methods used.,True,This can be used either positively or critically to say that achieving a goal can sometimes excuse the methods used.,"This proverb is used to promote strict adherence to rules, regardless of outcomes.","In French culture, this phrase is commonly cited to criticize ambitious politicians who compromise ethics for power.",It suggests that noble intentions are meaningless if the methods are flawed.,A,"This proverb is used to promote strict adherence to rules, regardless of outcomes.",It suggests that noble intentions are meaningless if the methods are flawed.,"In French culture, this phrase is commonly cited to criticize ambitious politicians who compromise ethics for power.","{""1"": [""This proverb is used to promote strict adherence to rules, regardless of outcomes."", ""It suggests that noble intentions are meaningless if the methods are flawed."", ""In French culture, this phrase is commonly cited to criticize ambitious politicians who compromise ethics for power.""], ""2"": [""This means that one should always seek a stronger or faster mount to achieve greater distances."", """,1.0,1.0,0.7,0.96,98.8
b,zs,French,MID0117,Qui veut voyager loin ménage sa monture,He who wants to travel far spares his mount,Encourages pacing oneself and preserving one’s resources to achieve long-term objectives.,True,It implies that showing off one's endurance is more important than completing the journey.,This means that one should always seek a stronger or faster mount to achieve greater distances.,"The proverb is often used to justify pushing oneself to the limit without rest, especially in competitive environments.",Encourages pacing oneself and preserving one’s resources to achieve long-term objectives.,D,This means that one should always seek a stronger or faster mount to achieve greater distances.,It implies that showing off one's endurance is more important than completing the journey.,"The proverb is often used to justify pushing oneself to the limit without rest, especially in competitive environments.","{""1"": [""This proverb is used to promote strict adherence to rules, regardless of outcomes."", ""It suggests that noble intentions are meaningless if the methods are flawed."", ""In French culture, this phrase is commonly cited to criticize ambitious politicians who compromise ethics for power.""], ""2"": [""This means that one should always seek a stronger or faster mount to achieve greater distances."", """,1.0,1.0,1.45,0.95,98.5
b,zs,French,MID0118,À l’impossible nul n’est tenu,No one is bound to do the impossible,This proverb means that no one can be expected to accomplish the unachievable.,True,The phrase is used humorously to mock someone who refuses to attempt difficult tasks.,"This is typically said to encourage people to try the impossible, as effort alone is celebrated.",This proverb means that no one can be expected to accomplish the unachievable.,"It means that in French society, individuals are expected to attempt the impossible to prove their dedication.",C,"This is typically said to encourage people to try the impossible, as effort alone is celebrated.",The phrase is used humorously to mock someone who refuses to attempt difficult tasks.,"It means that in French society, individuals are expected to attempt the impossible to prove their dedication.","{""1"": [""This proverb is used to promote strict adherence to rules, regardless of outcomes."", ""It suggests that noble intentions are meaningless if the methods are flawed."", ""In French culture, this phrase is commonly cited to criticize ambitious politicians who compromise ethics for power.""], ""2"": [""This means that one should always seek a stronger or faster mount to achieve greater distances."", """,1.0,1.0,1.21,0.9,97.0
b,zs,French,MID0119,"Quand on parle du loup, on en voit la queue","When one speaks of the wolf, you see its tail",The French counterpart to “Speak of the devil and he appears.” It’s often said when the subject of a conversation suddenly appears.,True,"This proverb is used to warn against speaking of good things, lest they disappear.",The French counterpart to “Speak of the devil and he appears.” It’s often said when the subject of a conversation suddenly appears.,The phrase suggests that talking about someone behind their back causes them to lose trust in you.,It is commonly invoked when someone disappears during a conversation about them.,B,"This proverb is used to warn against speaking of good things, lest they disappear.",It is commonly invoked when someone disappears during a conversation about them.,The phrase suggests that talking about someone behind their back causes them to lose trust in you.,"{""1"": [""This proverb is used to promote strict adherence to rules, regardless of outcomes."", ""It suggests that noble intentions are meaningless if the methods are flawed."", ""In French culture, this phrase is commonly cited to criticize ambitious politicians who compromise ethics for power.""], ""2"": [""This means that one should always seek a stronger or faster mount to achieve greater distances."", """,1.0,1.0,0.65,0.95,98.5
b,zs,French,MID0120,Un ‘tiens’ vaut mieux que deux ‘tu l’auras’,One “here you go” is better than two “you’ll get it”,"Similar to “A bird in the hand is worth two in the bush,” it emphasizes that a guaranteed or immediate gain is more valuable than a larger but uncertain promise.",True,The expression emphasizes that promises are more valuable than immediate but small rewards in French business culture.,"Similar to “A bird in the hand is worth two in the bush,” it emphasizes that a guaranteed or immediate gain is more valuable than a larger but uncertain promise.",It is used to encourage skepticism toward immediate gains that might be traps.,This proverb advises patience and waiting for future rewards rather than accepting early offers.,B,This proverb advises patience and waiting for future rewards rather than accepting early offers.,It is used to encourage skepticism toward immediate gains that might be traps.,The expression emphasizes that promises are more valuable than immediate but small rewards in French business culture.,"{""1"": [""This proverb is used to promote strict adherence to rules, regardless of outcomes."", ""It suggests that noble intentions are meaningless if the methods are flawed."", ""In French culture, this phrase is commonly cited to criticize ambitious politicians who compromise ethics for power.""], ""2"": [""This means that one should always seek a stronger or faster mount to achieve greater distances."", """,1.0,1.0,0.49,0.95,98.5
b,zs,French,MID0121,A beau mentir qui vient de loin,He who comes from afar can easily lie,Suggests that someone whose story cannot be easily verified can make grand or false claims without fear of being exposed.,True,Suggests that someone whose story cannot be easily verified can make grand or false claims without fear of being exposed.,Those who migrate are more likely to forget their roots and abandon moral principles.,People from distant places are inherently untrustworthy and should not be welcomed.,"Travelers are more imaginative, so their stories are more entertaining and valuable.",A,People from distant places are inherently untrustworthy and should not be welcomed.,"Travelers are more imaginative, so their stories are more entertaining and valuable.",Those who migrate are more likely to forget their roots and abandon moral principles.,"{""1"": [""People from distant places are inherently untrustworthy and should not be welcomed."", ""Travelers are more imaginative, so their stories are more entertaining and valuable."", ""Those who migrate are more likely to forget their roots and abandon moral principles.""], ""2"": [""Money itself is evil, so living in poverty is the most virtuous path."", ""Only wealthy people commit immoral acts; poor pe",1.0,1.0,0.63,0.87,96.1
b,zs,French,MID0122,L’argent est la racine de tous les maux,Money is the root of all evil,Classic warning about the dangers of greed and how money can corrupt.,True,Only wealthy people commit immoral acts; poor people are naturally good.,"Money is evil when earned honestly, but acceptable if gained through luck.",Classic warning about the dangers of greed and how money can corrupt.,"Money itself is evil, so living in poverty is the most virtuous path.",C,"Money itself is evil, so living in poverty is the most virtuous path.",Only wealthy people commit immoral acts; poor people are naturally good.,"Money is evil when earned honestly, but acceptable if gained through luck.","{""1"": [""People from distant places are inherently untrustworthy and should not be welcomed."", ""Travelers are more imaginative, so their stories are more entertaining and valuable."", ""Those who migrate are more likely to forget their roots and abandon moral principles.""], ""2"": [""Money itself is evil, so living in poverty is the most virtuous path."", ""Only wealthy people commit immoral acts; poor pe",1.0,1.0,1.0,0.97,99.1
b,zs,French,MID0123,Nécessité est mère d’invention,Necessity is the mother of invention,"When you really need something, you find a way to make it happen.",True,"Only desperate people create things, so innovation stems from weakness.",Invention always leads to greater dependency and should be avoided.,"True creativity comes from abundance, not need, so necessity hinders invention.","When you really need something, you find a way to make it happen.",D,Invention always leads to greater dependency and should be avoided.,"Only desperate people create things, so innovation stems from weakness.","True creativity comes from abundance, not need, so necessity hinders invention.","{""1"": [""People from distant places are inherently untrustworthy and should not be welcomed."", ""Travelers are more imaginative, so their stories are more entertaining and valuable."", ""Those who migrate are more likely to forget their roots and abandon moral principles.""], ""2"": [""Money itself is evil, so living in poverty is the most virtuous path."", ""Only wealthy people commit immoral acts; poor pe",1.0,1.0,0.79,0.96,98.8
b,zs,French,MID0124,Rira bien qui rira le dernier,He who laughs last laughs longest,The person who has the last laugh is the one who ultimately succeeds.,True,Laughing at others is acceptable if you end up more successful.,The person who has the last laugh is the one who ultimately succeeds.,Joy is only meaningful when it outlasts someone else's suffering.,It's better to remain silent in conflict and mock people privately later.,B,Laughing at others is acceptable if you end up more successful.,It's better to remain silent in conflict and mock people privately later.,Joy is only meaningful when it outlasts someone else's suffering.,"{""1"": [""People from distant places are inherently untrustworthy and should not be welcomed."", ""Travelers are more imaginative, so their stories are more entertaining and valuable."", ""Those who migrate are more likely to forget their roots and abandon moral principles.""], ""2"": [""Money itself is evil, so living in poverty is the most virtuous path."", ""Only wealthy people commit immoral acts; poor pe",1.0,1.0,0.85,0.98,99.4
b,zs,French,MID0125,Une minute d’hésitation peut coûter cher,He who hesitates is lost,A moment of doubt can lead to missing a great opportunity.,True,Indecision is a sign of wisdom and careful thinking.,"Opportunities are infinite, so missing one doesn't matter.",Rushing into action without thought is always the best strategy.,A moment of doubt can lead to missing a great opportunity.,D,Indecision is a sign of wisdom and careful thinking.,Rushing into action without thought is always the best strategy.,"Opportunities are infinite, so missing one doesn't matter.","{""1"": [""People from distant places are inherently untrustworthy and should not be welcomed."", ""Travelers are more imaginative, so their stories are more entertaining and valuable."", ""Those who migrate are more likely to forget their roots and abandon moral principles.""], ""2"": [""Money itself is evil, so living in poverty is the most virtuous path."", ""Only wealthy people commit immoral acts; poor pe",1.0,1.0,0.82,0.98,99.4
b,zs,French,MID0126,C’est dans le besoin que l’on connaît ses vrais amis,A friend in need is a friend indeed,True friends reveal themselves when times are hard.,True,Friends are most valuable when they provide material help during celebrations,True friendship is proven when you can borrow money without interest,A real friend knows when not to ask for help to avoid burdening you,True friends reveal themselves when times are hard.,D,True friendship is proven when you can borrow money without interest,Friends are most valuable when they provide material help during celebrations,A real friend knows when not to ask for help to avoid burdening you,"{""1"": [""True friendship is proven when you can borrow money without interest"", ""Friends are most valuable when they provide material help during celebrations"", ""A real friend knows when not to ask for help to avoid burdening you""], ""2"": [""Necessity is the mother of invention, so always innovate under pressure"", ""When you're in charge, you can change the rules to suit your needs"", ""Strong people ma",1.0,1.0,1.5,0.92,97.6
b,zs,French,MID0127,Nécessité fait loi,Beggars can’t be choosers,"When you have no choice, you must accept what is offered.",True,"When you have no choice, you must accept what is offered.","Necessity is the mother of invention, so always innovate under pressure",Strong people make their own laws because they don’t depend on others,"When you're in charge, you can change the rules to suit your needs",A,"Necessity is the mother of invention, so always innovate under pressure","When you're in charge, you can change the rules to suit your needs",Strong people make their own laws because they don’t depend on others,"{""1"": [""True friendship is proven when you can borrow money without interest"", ""Friends are most valuable when they provide material help during celebrations"", ""A real friend knows when not to ask for help to avoid burdening you""], ""2"": [""Necessity is the mother of invention, so always innovate under pressure"", ""When you're in charge, you can change the rules to suit your needs"", ""Strong people ma",1.0,1.0,1.09,0.99,99.7
b,zs,French,MID0128,Rira vendredi dimanche pleurera,He who laughs on Friday will cry on Sunday,What starts well may end badly — don’t get too cocky too soon.,True,Emotional balance requires equal amounts of laughter and tears over time,What starts well may end badly — don’t get too cocky too soon.,People who are happy on weekends are usually sad during the workweek,Laughing on Friday brings good luck for the weekend ahead,B,Laughing on Friday brings good luck for the weekend ahead,People who are happy on weekends are usually sad during the workweek,Emotional balance requires equal amounts of laughter and tears over time,"{""1"": [""True friendship is proven when you can borrow money without interest"", ""Friends are most valuable when they provide material help during celebrations"", ""A real friend knows when not to ask for help to avoid burdening you""], ""2"": [""Necessity is the mother of invention, so always innovate under pressure"", ""When you're in charge, you can change the rules to suit your needs"", ""Strong people ma",1.0,1.0,0.85,0.96,98.8
b,zs,French,MID0129,Chaque chose en son temps,Don’t cross your bridges before you come to them,Do things in the proper order; don’t rush ahead.,True,The best time to solve a problem is after it has already passed,Delaying decisions proves you respect tradition and elders,Do things in the proper order; don’t rush ahead.,Waiting too long to act shows deep strategic thinking,C,Waiting too long to act shows deep strategic thinking,The best time to solve a problem is after it has already passed,Delaying decisions proves you respect tradition and elders,"{""1"": [""True friendship is proven when you can borrow money without interest"", ""Friends are most valuable when they provide material help during celebrations"", ""A real friend knows when not to ask for help to avoid burdening you""], ""2"": [""Necessity is the mother of invention, so always innovate under pressure"", ""When you're in charge, you can change the rules to suit your needs"", ""Strong people ma",1.0,1.0,1.11,0.98,99.4
b,zs,French,MID0130,Un petit service en vaut un autre,You scratch my back and I’ll scratch yours,One good turn deserves another.,True,Favors should be exchanged only among family members to maintain loyalty,One good turn deserves another.,Physical gestures of friendship are more meaningful than words,Doing someone a favor obligates them to serve you permanently,B,Favors should be exchanged only among family members to maintain loyalty,Physical gestures of friendship are more meaningful than words,Doing someone a favor obligates them to serve you permanently,"{""1"": [""True friendship is proven when you can borrow money without interest"", ""Friends are most valuable when they provide material help during celebrations"", ""A real friend knows when not to ask for help to avoid burdening you""], ""2"": [""Necessity is the mother of invention, so always innovate under pressure"", ""When you're in charge, you can change the rules to suit your needs"", ""Strong people ma",1.0,1.0,2.0,0.98,99.4
b,zs,French,MID0131,Un point à temps en vaut cent,A stitch in time saves nine,Fixing a small problem early saves much bigger trouble later.,True,Delaying action builds resilience and strengthens character in the long run,Fixing a small problem early saves much bigger trouble later.,Fixing something too early shows impatience and lack of foresight,Small problems should be collected before addressing them to save effort,B,Fixing something too early shows impatience and lack of foresight,Small problems should be collected before addressing them to save effort,Delaying action builds resilience and strengthens character in the long run,"{""1"": [""Fixing something too early shows impatience and lack of foresight"", ""Small problems should be collected before addressing them to save effort"", ""Delaying action builds resilience and strengthens character in the long run""], ""2"": [""Happiness is entirely dependent on financial independence and wealth"", ""Poor people are naturally more joyful because they have fewer worries"", ""True joy comes o",1.0,1.0,1.07,0.98,99.4
b,zs,French,MID0132,L’argent ne fait pas le bonheur,Money cannot buy happiness,"Nearly identical to its English counterpart, this expression means that although money lets you buy things, it’s not enough to achieve happiness. The most materialistic people often follow it with mais il y contribue (“but it contributes to it”).",True,Poor people are naturally more joyful because they have fewer worries,"Nearly identical to its English counterpart, this expression means that although money lets you buy things, it’s not enough to achieve happiness. The most materialistic people often follow it with mais il y contribue (“but it contributes to it”).",True joy comes only through complete rejection of material possessions,Happiness is entirely dependent on financial independence and wealth,B,Happiness is entirely dependent on financial independence and wealth,Poor people are naturally more joyful because they have fewer worries,True joy comes only through complete rejection of material possessions,"{""1"": [""Fixing something too early shows impatience and lack of foresight"", ""Small problems should be collected before addressing them to save effort"", ""Delaying action builds resilience and strengthens character in the long run""], ""2"": [""Happiness is entirely dependent on financial independence and wealth"", ""Poor people are naturally more joyful because they have fewer worries"", ""True joy comes o",1.0,1.0,0.26,1.0,100.0
b,zs,French,MID0133,Il ne faut pas vendre la peau de l’ours avant de l’avoir tué,Don’t count your chickens before they hatch,This traditional saying comes from Old French. It means that you should wait to act until you know that something is certain.,True,This traditional saying comes from Old French. It means that you should wait to act until you know that something is certain.,Selling goods early at a lower price builds trust and reputation in business,Hunting bears is a metaphor for bold financial investments that always pay off,Confidence in future outcomes is essential for leadership and success,A,Hunting bears is a metaphor for bold financial investments that always pay off,Selling goods early at a lower price builds trust and reputation in business,Confidence in future outcomes is essential for leadership and success,"{""1"": [""Fixing something too early shows impatience and lack of foresight"", ""Small problems should be collected before addressing them to save effort"", ""Delaying action builds resilience and strengthens character in the long run""], ""2"": [""Happiness is entirely dependent on financial independence and wealth"", ""Poor people are naturally more joyful because they have fewer worries"", ""True joy comes o",1.0,1.0,0.55,0.92,97.6
b,zs,French,MID0134,Chat échaudé craint l’eau froide,"Once bitten, twice shy",This is what you’d say if you were scared of doing something again because you previously had an unpleasant experience doing that thing. Bad experiences make us cautious.,True,Fear of cold water indicates a deeper psychological trauma unrelated to past events,Cats prefer cold water but only after being trained properly by their owners,"Once an animal is scared, it can never adapt to similar situations again",This is what you’d say if you were scared of doing something again because you previously had an unpleasant experience doing that thing. Bad experiences make us cautious.,D,Fear of cold water indicates a deeper psychological trauma unrelated to past events,Cats prefer cold water but only after being trained properly by their owners,"Once an animal is scared, it can never adapt to similar situations again","{""1"": [""Fixing something too early shows impatience and lack of foresight"", ""Small problems should be collected before addressing them to save effort"", ""Delaying action builds resilience and strengthens character in the long run""], ""2"": [""Happiness is entirely dependent on financial independence and wealth"", ""Poor people are naturally more joyful because they have fewer worries"", ""True joy comes o",1.0,1.0,0.46,0.96,98.8
b,zs,French,MID0135,On ne change pas une équipe qui gagne,"If it ain’t broken, don’t fix it",There’s no need to make any changes to something that’s already working well.,True,Winning teams eventually fail because they resist necessary evolution,"Change is the only constant, so even success should be disrupted",Losing teams benefit more from stability than winning ones do,There’s no need to make any changes to something that’s already working well.,D,Winning teams eventually fail because they resist necessary evolution,"Change is the only constant, so even success should be disrupted",Losing teams benefit more from stability than winning ones do,"{""1"": [""Fixing something too early shows impatience and lack of foresight"", ""Small problems should be collected before addressing them to save effort"", ""Delaying action builds resilience and strengthens character in the long run""], ""2"": [""Happiness is entirely dependent on financial independence and wealth"", ""Poor people are naturally more joyful because they have fewer worries"", ""True joy comes o",1.0,1.0,0.77,0.96,98.8
b,zs,French,MID0136,Il vaut mieux prévenir que guérir,Better safe than sorry,You might use this proverb when it seems wiser to be careful and protect yourself instead of taking unnecessary risks.,True,Being overly cautious is a sign of weakness and can prevent personal growth.,You might use this proverb when it seems wiser to be careful and protect yourself instead of taking unnecessary risks.,"In French culture, it's believed that suffering through mistakes makes you stronger than avoiding them.",This saying encourages taking bold risks without considering consequences.,B,Being overly cautious is a sign of weakness and can prevent personal growth.,This saying encourages taking bold risks without considering consequences.,"In French culture, it's believed that suffering through mistakes makes you stronger than avoiding them.","{""1"": [""Being overly cautious is a sign of weakness and can prevent personal growth."", ""This saying encourages taking bold risks without considering consequences."", ""In French culture, it's believed that suffering through mistakes makes you stronger than avoiding them.""], ""2"": [""People should always trust others completely, even when rumors suggest otherwise."", ""The presence of rumors means the si",1.0,1.0,0.62,1.0,100.0
b,zs,French,MID0137,Il n’y a pas de fumée sans feu,"Where there is smoke, there is fire","If there’s any sign of something being true, then it must be at least partly true.",True,"In France, it's customary to ignore all warnings unless proven true beyond doubt.","If there’s any sign of something being true, then it must be at least partly true.",The presence of rumors means the situation is definitely exaggerated or false.,"People should always trust others completely, even when rumors suggest otherwise.",B,"People should always trust others completely, even when rumors suggest otherwise.",The presence of rumors means the situation is definitely exaggerated or false.,"In France, it's customary to ignore all warnings unless proven true beyond doubt.","{""1"": [""Being overly cautious is a sign of weakness and can prevent personal growth."", ""This saying encourages taking bold risks without considering consequences."", ""In French culture, it's believed that suffering through mistakes makes you stronger than avoiding them.""], ""2"": [""People should always trust others completely, even when rumors suggest otherwise."", ""The presence of rumors means the si",1.0,1.0,0.75,0.98,99.4
b,zs,French,MID0138,Qui aime bien châtie bien,Spare the rod and spoil the child,"When you love someone, you’ll punish them proportionally to their wrongdoing instead of being too harsh or ignoring their fault.",True,Physical punishment is the best way to show affection in parenting.,"When you love someone, you’ll punish them proportionally to their wrongdoing instead of being too harsh or ignoring their fault.",The French believe that withholding discipline entirely is the highest form of love.,"This proverb implies that only strict punishment matters, regardless of the child's intent.",B,Physical punishment is the best way to show affection in parenting.,The French believe that withholding discipline entirely is the highest form of love.,"This proverb implies that only strict punishment matters, regardless of the child's intent.","{""1"": [""Being overly cautious is a sign of weakness and can prevent personal growth."", ""This saying encourages taking bold risks without considering consequences."", ""In French culture, it's believed that suffering through mistakes makes you stronger than avoiding them.""], ""2"": [""People should always trust others completely, even when rumors suggest otherwise."", ""The presence of rumors means the si",1.0,1.0,0.62,0.89,96.7
b,zs,French,MID0139,Paris ne s’est pas fait en un jour,Paris wasn’t built in a day,"Just like the English saying “Rome wasn’t built in a day,” it reminds us that significant achievements require time and effort. It’s a call for patience and perseverance.",True,"Just like the English saying “Rome wasn’t built in a day,” it reminds us that significant achievements require time and effort. It’s a call for patience and perseverance.",This proverb is used to criticize slow progress as a sign of incompetence.,Impatience is celebrated in French culture when pursuing ambitious goals.,The saying suggests that Paris was actually built very quickly by exceptional planners.,A,The saying suggests that Paris was actually built very quickly by exceptional planners.,Impatience is celebrated in French culture when pursuing ambitious goals.,This proverb is used to criticize slow progress as a sign of incompetence.,"{""1"": [""Being overly cautious is a sign of weakness and can prevent personal growth."", ""This saying encourages taking bold risks without considering consequences."", ""In French culture, it's believed that suffering through mistakes makes you stronger than avoiding them.""], ""2"": [""People should always trust others completely, even when rumors suggest otherwise."", ""The presence of rumors means the si",1.0,1.0,0.43,0.98,99.4
b,zs,French,MID0140,Qui vole un œuf vole un bœuf,He who steals an egg will steal an ox,It warns that small misdeeds can lead to bigger crimes or that a dishonest person might not stop at minor offenses.,True,It warns that small misdeeds can lead to bigger crimes or that a dishonest person might not stop at minor offenses.,This saying supports the idea that criminals can change completely overnight.,"In French tradition, small acts of dishonesty are seen as playful and not indicative of character.",Minor thefts are harmless and shouldn’t be taken seriously by authorities.,A,Minor thefts are harmless and shouldn’t be taken seriously by authorities.,This saying supports the idea that criminals can change completely overnight.,"In French tradition, small acts of dishonesty are seen as playful and not indicative of character.","{""1"": [""Being overly cautious is a sign of weakness and can prevent personal growth."", ""This saying encourages taking bold risks without considering consequences."", ""In French culture, it's believed that suffering through mistakes makes you stronger than avoiding them.""], ""2"": [""People should always trust others completely, even when rumors suggest otherwise."", ""The presence of rumors means the si",1.0,1.0,0.6,0.97,99.1
b,zs,French,MID0141,Un clou chasse l'autre,One nail drives out another,Life goes on.,True,Nails symbolize persistence in French craftsmanship traditions,Each generation is quickly forgotten for the next in modern France,Replacing one problem with another can lead to progress,Life goes on.,D,Replacing one problem with another can lead to progress,Nails symbolize persistence in French craftsmanship traditions,Each generation is quickly forgotten for the next in modern France,"{""1"": [""Replacing one problem with another can lead to progress"", ""Nails symbolize persistence in French craftsmanship traditions"", ""Each generation is quickly forgotten for the next in modern France""], ""2"": [""The French believe every nation has corrupt officials"", ""Travelers should expect poor infrastructure abroad according to French wisdom"", ""Even paradise has a dangerous neighborhood nearby""],",1.0,1.0,3.0,0.98,99.4
b,zs,French,MID0142,"En tout pays, il y a une lieue de mauvais chemin",In every country there is a league/area of bad road,There will be bumps in the smoothest roads.,True,Travelers should expect poor infrastructure abroad according to French wisdom,There will be bumps in the smoothest roads.,Even paradise has a dangerous neighborhood nearby,The French believe every nation has corrupt officials,B,The French believe every nation has corrupt officials,Travelers should expect poor infrastructure abroad according to French wisdom,Even paradise has a dangerous neighborhood nearby,"{""1"": [""Replacing one problem with another can lead to progress"", ""Nails symbolize persistence in French craftsmanship traditions"", ""Each generation is quickly forgotten for the next in modern France""], ""2"": [""The French believe every nation has corrupt officials"", ""Travelers should expect poor infrastructure abroad according to French wisdom"", ""Even paradise has a dangerous neighborhood nearby""],",1.0,1.0,1.04,0.96,98.8
b,zs,French,MID0143,Tout vient à point à qui sait attendre,All comes on time to the one who knows how to wait,All things come to those who wait.,True,French farmers believe planting season should never be rushed,All things come to those who wait.,Waiting passively is always better than taking action in French culture,Patience guarantees wealth in French rural communities,B,Patience guarantees wealth in French rural communities,Waiting passively is always better than taking action in French culture,French farmers believe planting season should never be rushed,"{""1"": [""Replacing one problem with another can lead to progress"", ""Nails symbolize persistence in French craftsmanship traditions"", ""Each generation is quickly forgotten for the next in modern France""], ""2"": [""The French believe every nation has corrupt officials"", ""Travelers should expect poor infrastructure abroad according to French wisdom"", ""Even paradise has a dangerous neighborhood nearby""],",1.0,1.0,1.29,0.92,97.6
b,zs,French,MID0144,Il n’y a pas plus sourd que celui qui ne veut pas entendre,The deafest are those who don’t want to listen,"Stubborn teenagers might hear this French proverb quite often, especially if they’re not heeding their parents’ advice.",True,French audiences prefer silent operas over loud debates,"Stubborn teenagers might hear this French proverb quite often, especially if they’re not heeding their parents’ advice.",Those who ignore fashion trends are celebrated as wise,People who wear hearing aids are considered stubborn in France,B,French audiences prefer silent operas over loud debates,People who wear hearing aids are considered stubborn in France,Those who ignore fashion trends are celebrated as wise,"{""1"": [""Replacing one problem with another can lead to progress"", ""Nails symbolize persistence in French craftsmanship traditions"", ""Each generation is quickly forgotten for the next in modern France""], ""2"": [""The French believe every nation has corrupt officials"", ""Travelers should expect poor infrastructure abroad according to French wisdom"", ""Even paradise has a dangerous neighborhood nearby""],",1.0,1.0,0.53,0.96,98.8
b,zs,French,MID0145,Ce n’est pas la mer à boire,It’s not the end of the world,"If you’re exasperated by someone who complains, and complains, and complains some more, simply for the sake of complaining (and their life is pretty easy and carefree) you can say to them: Stop complaining. It’s not the end of the world.",True,French monks use this saying when fasting from wine,The phrase originated among Parisian bartenders during Prohibition,"If you’re exasperated by someone who complains, and complains, and complains some more, simply for the sake of complaining (and their life is pretty easy and carefree) you can say to them: Stop complaining. It’s not the end of the world.","Drinking seawater is easy if you're determined, according to French sailors",C,"Drinking seawater is easy if you're determined, according to French sailors",The phrase originated among Parisian bartenders during Prohibition,French monks use this saying when fasting from wine,"{""1"": [""Replacing one problem with another can lead to progress"", ""Nails symbolize persistence in French craftsmanship traditions"", ""Each generation is quickly forgotten for the next in modern France""], ""2"": [""The French believe every nation has corrupt officials"", ""Travelers should expect poor infrastructure abroad according to French wisdom"", ""Even paradise has a dangerous neighborhood nearby""],",1.0,1.0,0.23,0.98,99.4
b,zs,French,MID0146,"À bon chat, bon rat","To a good cat, a good rat",Tit for tat./Equally matched./To meet your match,True,A clever adversary always respects a worthy opponent.,Tit for tat./Equally matched./To meet your match,Every cat deserves a fair chase with an equally skilled rat.,Generosity begets generosity in the animal kingdom.,B,A clever adversary always respects a worthy opponent.,Generosity begets generosity in the animal kingdom.,Every cat deserves a fair chase with an equally skilled rat.,"{""1"": [""A clever adversary always respects a worthy opponent."", ""Generosity begets generosity in the animal kingdom."", ""Every cat deserves a fair chase with an equally skilled rat.""], ""2"": [""Speaking with great flair and elaboration is a sign of wisdom."", ""One should practice speaking in private before public speeches."", ""Repeatedly moving your tongue cleanses it of lies.""], ""3"": [""Young learners ",1.0,1.0,1.24,0.98,99.4
b,zs,French,MID0147,Il faut tourner sept fois sa langue dans sa bouche avant de parler,You should turn your tongue around in your mouth seven times before you speak,Think before you speak,True,Think before you speak,Speaking with great flair and elaboration is a sign of wisdom.,Repeatedly moving your tongue cleanses it of lies.,One should practice speaking in private before public speeches.,A,Speaking with great flair and elaboration is a sign of wisdom.,One should practice speaking in private before public speeches.,Repeatedly moving your tongue cleanses it of lies.,"{""1"": [""A clever adversary always respects a worthy opponent."", ""Generosity begets generosity in the animal kingdom."", ""Every cat deserves a fair chase with an equally skilled rat.""], ""2"": [""Speaking with great flair and elaboration is a sign of wisdom."", ""One should practice speaking in private before public speeches."", ""Repeatedly moving your tongue cleanses it of lies.""], ""3"": [""Young learners ",1.0,1.0,2.33,0.96,98.8
b,zs,French,MID0148,Ce n’est pas à un vieux singe qu’on apprend à faire des grimaces,You don’t teach an old monkey how to make funny faces,I wasn’t born yesterday,True,I wasn’t born yesterday,It's never too late to learn comedic expressions.,Young learners can teach seasoned experts new tricks.,"Monkeys enjoy making faces, regardless of age.",A,Young learners can teach seasoned experts new tricks.,"Monkeys enjoy making faces, regardless of age.",It's never too late to learn comedic expressions.,"{""1"": [""A clever adversary always respects a worthy opponent."", ""Generosity begets generosity in the animal kingdom."", ""Every cat deserves a fair chase with an equally skilled rat.""], ""2"": [""Speaking with great flair and elaboration is a sign of wisdom."", ""One should practice speaking in private before public speeches."", ""Repeatedly moving your tongue cleanses it of lies.""], ""3"": [""Young learners ",1.0,1.0,1.92,1.0,100.0
b,zs,French,MID0149,Impossible n’est pas français,Impossible isn’t French,There’s no such thing as “impossible”,True,"French people never give up due to national pride, not personal resolve.",There’s no such thing as “impossible”,The French language has no word for 'impossible'.,Anything labeled 'impossible' must be of foreign origin.,B,The French language has no word for 'impossible'.,"French people never give up due to national pride, not personal resolve.",Anything labeled 'impossible' must be of foreign origin.,"{""1"": [""A clever adversary always respects a worthy opponent."", ""Generosity begets generosity in the animal kingdom."", ""Every cat deserves a fair chase with an equally skilled rat.""], ""2"": [""Speaking with great flair and elaboration is a sign of wisdom."", ""One should practice speaking in private before public speeches."", ""Repeatedly moving your tongue cleanses it of lies.""], ""3"": [""Young learners ",1.0,1.0,1.56,0.98,99.4
b,zs,French,MID0150,Bien mal acquis ne profite jamais,Goods badly acquired never benefit,"This proverb is used to admonish someone, like a wayward child who steals, emphasizing that ill-gotten gains do not benefit and carry wider implications, staying with them for life.",True,"This proverb is used to admonish someone, like a wayward child who steals, emphasizing that ill-gotten gains do not benefit and carry wider implications, staying with them for life.",Wealth acquired without hardship is more sustainable.,Stolen goods bring immediate prosperity to the thief.,Ill-gotten gains are forgotten if used charitably.,A,Stolen goods bring immediate prosperity to the thief.,Wealth acquired without hardship is more sustainable.,Ill-gotten gains are forgotten if used charitably.,"{""1"": [""A clever adversary always respects a worthy opponent."", ""Generosity begets generosity in the animal kingdom."", ""Every cat deserves a fair chase with an equally skilled rat.""], ""2"": [""Speaking with great flair and elaboration is a sign of wisdom."", ""One should practice speaking in private before public speeches."", ""Repeatedly moving your tongue cleanses it of lies.""], ""3"": [""Young learners ",1.0,1.0,0.25,1.0,100.0
b,zs,French,MID0151,Qui vole un oeuf vole un boeuf,Who steals an egg steals a cow,"This 19th Century proverb communicates that theft is theft regardless of scale, and stealing small things leads to stealing bigger ones, with punishment being equally harsh in the era it originated.",True,The phrase implies that a cow is no more valuable than an egg in rural French society.,This proverb suggests that stealing food is culturally acceptable if done in small amounts.,"This 19th Century proverb communicates that theft is theft regardless of scale, and stealing small things leads to stealing bigger ones, with punishment being equally harsh in the era it originated.","In French tradition, this saying encourages forgiving petty theft among neighbors as a form of community solidarity.",C,This proverb suggests that stealing food is culturally acceptable if done in small amounts.,The phrase implies that a cow is no more valuable than an egg in rural French society.,"In French tradition, this saying encourages forgiving petty theft among neighbors as a form of community solidarity.","{""1"": [""This proverb suggests that stealing food is culturally acceptable if done in small amounts."", ""The phrase implies that a cow is no more valuable than an egg in rural French society."", ""In French tradition, this saying encourages forgiving petty theft among neighbors as a form of community solidarity.""], ""2"": [""This reflects a French belief in strict routine, emphasizing that each day must ",1.0,1.0,0.52,0.91,97.3
b,zs,French,MID0152,Les jours se suivent et ne se ressemblent pas,The days follow one another and do not resemble each other,"This saying, with origins unknown but noted as originating in a different language, highlights how consecutive days can vary greatly.",True,"The saying is used to justify procrastination, as tomorrow is thought to be unpredictable and therefore not worth planning for.","This saying, with origins unknown but noted as originating in a different language, highlights how consecutive days can vary greatly.","It expresses nostalgia, encouraging people to mourn each passing day as irreplaceable and completely disconnected from the next.","This reflects a French belief in strict routine, emphasizing that each day must be identical to maintain order.",B,"This reflects a French belief in strict routine, emphasizing that each day must be identical to maintain order.","The saying is used to justify procrastination, as tomorrow is thought to be unpredictable and therefore not worth planning for.","It expresses nostalgia, encouraging people to mourn each passing day as irreplaceable and completely disconnected from the next.","{""1"": [""This proverb suggests that stealing food is culturally acceptable if done in small amounts."", ""The phrase implies that a cow is no more valuable than an egg in rural French society."", ""In French tradition, this saying encourages forgiving petty theft among neighbors as a form of community solidarity.""], ""2"": [""This reflects a French belief in strict routine, emphasizing that each day must ",1.0,1.0,0.93,0.91,97.3
b,zs,French,MID0153,C'est pas demain la veille!,It's not the day before tomorrow!,This short proverb about life is roughly similar to 'Don't put the cart before the horse'.,True,This short proverb about life is roughly similar to 'Don't put the cart before the horse'.,This proverb is traditionally used to express optimism about rapid future progress in technological innovation.,"It's a motivational phrase encouraging people to take action immediately, meaning change is just around the corner.","In French workplaces, this expression is commonly used to indicate that deadlines are flexible and easily movable.",A,This proverb is traditionally used to express optimism about rapid future progress in technological innovation.,"It's a motivational phrase encouraging people to take action immediately, meaning change is just around the corner.","In French workplaces, this expression is commonly used to indicate that deadlines are flexible and easily movable.","{""1"": [""This proverb suggests that stealing food is culturally acceptable if done in small amounts."", ""The phrase implies that a cow is no more valuable than an egg in rural French society."", ""In French tradition, this saying encourages forgiving petty theft among neighbors as a form of community solidarity.""], ""2"": [""This reflects a French belief in strict routine, emphasizing that each day must ",1.0,1.0,1.02,0.9,97.0
b,zs,French,MID0154,On ne peut pas plaire à tout le monde,We can't please everyone,-,True,-,"It's believed to reflect a national perfectionism, implying that failure to please everyone is personal failure.",This saying is interpreted as a call to keep trying harder until universal approval is achieved.,"In French business culture, this proverb is used to justify aggressive marketing strategies aimed at satisfying every customer.",A,This saying is interpreted as a call to keep trying harder until universal approval is achieved.,"In French business culture, this proverb is used to justify aggressive marketing strategies aimed at satisfying every customer.","It's believed to reflect a national perfectionism, implying that failure to please everyone is personal failure.","{""1"": [""This proverb suggests that stealing food is culturally acceptable if done in small amounts."", ""The phrase implies that a cow is no more valuable than an egg in rural French society."", ""In French tradition, this saying encourages forgiving petty theft among neighbors as a form of community solidarity.""], ""2"": [""This reflects a French belief in strict routine, emphasizing that each day must ",1.0,1.0,16.67,0.91,97.3
b,zs,French,MID0155,Tall oaks from little acorns grow,Tall oaks from little acorns grow,-,True,This expression is commonly used in France to argue that large trees should be cut down to prevent them from overshadowing small plants.,"The proverb is used to discourage ambition, warning that small beginnings lead to overwhelming responsibilities later in life.",-,"In French agriculture, this saying refers to the practice of harvesting acorns early to maximize oak growth.",C,This expression is commonly used in France to argue that large trees should be cut down to prevent them from overshadowing small plants.,"In French agriculture, this saying refers to the practice of harvesting acorns early to maximize oak growth.","The proverb is used to discourage ambition, warning that small beginnings lead to overwhelming responsibilities later in life.","{""1"": [""This proverb suggests that stealing food is culturally acceptable if done in small amounts."", ""The phrase implies that a cow is no more valuable than an egg in rural French society."", ""In French tradition, this saying encourages forgiving petty theft among neighbors as a form of community solidarity.""], ""2"": [""This reflects a French belief in strict routine, emphasizing that each day must ",1.0,1.0,19.33,0.88,96.4
b,zs,French,MID0156,Vouloir c'est pouvoir,"Where there's a will, there's a way",-,True,This phrase is used to discourage individual initiative by implying that collective effort is overrated.,Success is guaranteed as long as one follows societal expectations and avoids personal ambition.,-,"The expression suggests that sheer determination can overcome structural inequality, which is not valued in French cultural discourse.",C,Success is guaranteed as long as one follows societal expectations and avoids personal ambition.,This phrase is used to discourage individual initiative by implying that collective effort is overrated.,"The expression suggests that sheer determination can overcome structural inequality, which is not valued in French cultural discourse.","{""1"": [""Success is guaranteed as long as one follows societal expectations and avoids personal ambition."", ""This phrase is used to discourage individual initiative by implying that collective effort is overrated."", ""The expression suggests that sheer determination can overcome structural inequality, which is not valued in French cultural discourse.""], ""2"": [""The saying reflects a cultural tendency",1.0,1.0,15.67,0.95,98.5
b,zs,French,MID0157,"Tant qu'il y a de la vie, il y a de l'espoir","While there is life, there is hope",-,True,"It is often cited to justify medical futility, encouraging families to never let go of dying relatives.",-,"The saying reflects a cultural tendency to prolong suffering, believing that enduring pain is virtuous.",This proverb is interpreted as dismissing proactive end-of-life planning as defeatist and unpatriotic.,B,"The saying reflects a cultural tendency to prolong suffering, believing that enduring pain is virtuous.","It is often cited to justify medical futility, encouraging families to never let go of dying relatives.",This proverb is interpreted as dismissing proactive end-of-life planning as defeatist and unpatriotic.,"{""1"": [""Success is guaranteed as long as one follows societal expectations and avoids personal ambition."", ""This phrase is used to discourage individual initiative by implying that collective effort is overrated."", ""The expression suggests that sheer determination can overcome structural inequality, which is not valued in French cultural discourse.""], ""2"": [""The saying reflects a cultural tendency",1.0,1.0,15.0,0.95,98.5
b,zs,French,MID0158,Les grands esprits se rencontrent,Great minds think alike,-,True,-,"The phrase celebrates conformity in French academia, where original thinking is discouraged.","This is used sarcastically to mock people who copy others, implying intellectual laziness.",It suggests that true genius is always isolated and that agreement among thinkers diminishes their brilliance.,A,"This is used sarcastically to mock people who copy others, implying intellectual laziness.","The phrase celebrates conformity in French academia, where original thinking is discouraged.",It suggests that true genius is always isolated and that agreement among thinkers diminishes their brilliance.,"{""1"": [""Success is guaranteed as long as one follows societal expectations and avoids personal ambition."", ""This phrase is used to discourage individual initiative by implying that collective effort is overrated."", ""The expression suggests that sheer determination can overcome structural inequality, which is not valued in French cultural discourse.""], ""2"": [""The saying reflects a cultural tendency",1.0,1.0,13.67,0.96,98.8
b,zs,French,MID0159,Même les meilleures choses ont une fin,Even the best things come to an end,-,True,It reflects a pessimistic view that happiness is inherently fleeting and not worth pursuing.,This saying encourages giving up on long-term relationships because longevity proves incompatibility.,-,"The proverb is used to justify hedonism, implying one should indulge because nothing lasts.",C,"The proverb is used to justify hedonism, implying one should indulge because nothing lasts.",It reflects a pessimistic view that happiness is inherently fleeting and not worth pursuing.,This saying encourages giving up on long-term relationships because longevity proves incompatibility.,"{""1"": [""Success is guaranteed as long as one follows societal expectations and avoids personal ambition."", ""This phrase is used to discourage individual initiative by implying that collective effort is overrated."", ""The expression suggests that sheer determination can overcome structural inequality, which is not valued in French cultural discourse.""], ""2"": [""The saying reflects a cultural tendency",1.0,1.0,13.33,0.97,99.1
b,zs,French,MID0160,"Bon à tout, bon à rien","Jack of all trades, master of none",-,True,This proverb implies that versatility is the hallmark of true expertise in French education.,"The expression praises generalists in French business culture, where specialization is seen as limiting.",-,"It is commonly used to insult artisans, suggesting skilled labor is inferior to broad knowledge.",C,"The expression praises generalists in French business culture, where specialization is seen as limiting.","It is commonly used to insult artisans, suggesting skilled labor is inferior to broad knowledge.",This proverb implies that versatility is the hallmark of true expertise in French education.,"{""1"": [""Success is guaranteed as long as one follows societal expectations and avoids personal ambition."", ""This phrase is used to discourage individual initiative by implying that collective effort is overrated."", ""The expression suggests that sheer determination can overcome structural inequality, which is not valued in French cultural discourse.""], ""2"": [""The saying reflects a cultural tendency",1.0,1.0,14.33,0.92,97.6
