task,strategy,language,sample_id,source_proverb,proverb_en,correct_meaning,cultural_context_available,Choice_A,Choice_B,Choice_C,Choice_D,Answer,distractor_1,distractor_2,distractor_3,raw_response,parse,complete,len_r,distinct,quality
b,cot_en,German,MID0001,Aller Anfang ist schwer,All beginnings are difficult,Starting something new is always the hardest part — perseverance is key.,True,Only the first step is hard; after that everything becomes easy.,A difficult beginning guarantees that you will eventually succeed.,Starting something new is always the hardest part — perseverance is key.,"If something feels hard at the start, it’s a sign you should abandon it.",C,Only the first step is hard; after that everything becomes easy.,A difficult beginning guarantees that you will eventually succeed.,"If something feels hard at the start, it’s a sign you should abandon it.","<reasoning>These interpretations seem plausible because they each touch on the idea of difficulty at the start, but they misrepresent the proverb’s emphasis on perseverance and the ongoing nature of challenges. They either overgeneralize the difficulty to guarantee success, suggest giving up, or misattribute the belief to a cultural stereotype, thereby missing the nuanced message that beginnings a",1.0,1.0,0.94,0.94,98.2
b,cot_en,German,MID0002,Der Apfel fällt nicht weit vom Stamm,The apple does not fall far from the tree,"Children often resemble their parents in character, behavior, or talents.",True,"The saying means that literal apples rarely roll far from their tree, advising farmers to plant orchards close together for efficient harvesting.","It suggests that children will inevitably inherit their parents' wealth or property, emphasizing material legacy over personal traits.","It implies that offspring will follow the exact same career path as their parents, ignoring personal choice and individual aptitude.","Children often resemble their parents in character, behavior, or talents.",D,"The saying means that literal apples rarely roll far from their tree, advising farmers to plant orchards close together for efficient harvesting.","It suggests that children will inevitably inherit their parents' wealth or property, emphasizing material legacy over personal traits.","It implies that offspring will follow the exact same career path as their parents, ignoring personal choice and individual aptitude.","<reasoning>Each wrong interpretation takes a kernel of truth from the proverb—such as the idea of inheritance, similarity, or staying close—but shifts the focus to a domain (e.g., literal fruit, geography, occupation, or political views) where the original metaphor does not apply, making the reading seem reasonable at first glance but ultimately missing the core cultural point about familial resem",1.0,1.0,2.0,0.91,97.3
b,cot_en,German,MID0003,Besser spät als nie,Better late than never,It's better to do something (even delayed) than never do it at all.,True,It's better to do something (even delayed) than never do it at all.,It means that punctuality is unimportant in German culture and that arriving late to events is preferable.,It encourages procrastination by suggesting that delaying action is acceptable as long as you eventually act.,It implies that doing something poorly but on time is better than doing it well but late.,A,It encourages procrastination by suggesting that delaying action is acceptable as long as you eventually act.,It means that punctuality is unimportant in German culture and that arriving late to events is preferable.,It implies that doing something poorly but on time is better than doing it well but late.,"<reasoning>Each wrong interpretation takes a kernel of truth from the proverb—such as the idea that timing matters or that action is valued—but twists it into a cultural claim that contradicts the actual German emphasis on punctuality, planning, and the value of completing tasks correctly. They sound plausible because they mention lateness or flexibility, yet they misrepresent the proverb’s encour",1.0,1.0,1.28,0.89,96.7
b,cot_en,German,MID0004,Der frühe Vogel fängt den Wurm,The early bird catches the worm,Diligence and starting early bring success and advantages.,True,It advocates eating worms early in the morning as a literal path to prosperity,The proverb urges chronic sleep deprivation as a necessary sacrifice for success,"It implies that only natural early risers can succeed, disadvantaging night owls",Diligence and starting early bring success and advantages.,D,The proverb urges chronic sleep deprivation as a necessary sacrifice for success,"It implies that only natural early risers can succeed, disadvantaging night owls",It advocates eating worms early in the morning as a literal path to prosperity,"<reasoning>The German proverb uses a metaphor to stress the advantage of acting promptly and preparing ahead; however, readers may mistakenly treat the bird and worm literally, leading to interpretations that focus on sleep habits, innate chronotype, or dietary habits rather than the broader lesson of diligence and foresight.</reasoning>[""The proverb urges chronic sleep deprivation as a necessary ",1.0,1.0,1.58,0.93,97.9
b,cot_en,German,MID0005,"Was du heute kannst besorgen, das verschiebe nicht auf morgen",Don't put off until tomorrow what you can do today,Act promptly — procrastination leads to problems.,True,Only undertake tasks that can be completed within a single day; avoid starting projects that require more than 24 hours,"Delegate any work you can do today to someone else for tomorrow, because sharing the load prevents burnout",Act promptly — procrastination leads to problems.,"The saying encourages immediate gratification, suggesting you should enjoy pleasures today rather than save them for tomorrow",C,Only undertake tasks that can be completed within a single day; avoid starting projects that require more than 24 hours,"Delegate any work you can do today to someone else for tomorrow, because sharing the load prevents burnout","The saying encourages immediate gratification, suggesting you should enjoy pleasures today rather than save them for tomorrow","<reasoning>The proverb stresses acting promptly to avoid problems caused by delay. However, a reader might focus on the temporal aspect and misread it as a rule about task length, delegation, or short‑term enjoyment, which shifts the meaning from avoiding procrastination to limiting scope, offloading work, or seeking immediate pleasure.</reasoning>[""Only undertake tasks that can be completed withi",1.0,1.0,2.62,0.94,98.2
b,cot_en,German,MID0006,Übung macht den Meister,Practice makes perfect,Mastery comes from repeated effort and experience.,True,Effective practice is unnecessary; simply repeating an action mindlessly leads to mastery,"Mastery makes you practice more, not the other way around","If you practice enough, you will achieve perfection in any skill immediately",Mastery comes from repeated effort and experience.,D,"Mastery makes you practice more, not the other way around","If you practice enough, you will achieve perfection in any skill immediately",Effective practice is unnecessary; simply repeating an action mindlessly leads to mastery,"<reasoning>The proverb stresses that repeated practice leads to mastery, emphasizing the process over innate talent. A plausible but subtly wrong reading might invert the causality (suggesting mastery enables practice), overstate the guarantee (implying practice always yields perfect results instantly), or ignore the nuance that effective practice requires feedback and adaptation, treating mere re",1.0,1.0,1.62,0.92,97.6
b,cot_en,German,MID0007,Kleinvieh macht auch Mist,Small cattle also make manure,Small contributions or efforts add up to something significant over time.,True,"It suggests that only small-scale farming is environmentally sustainable because large cattle produce excessive waste, thus advocating for a shift to small livestock to reduce manure overload.","The proverb warns that even minor negligence in animal husbandry can lead to significant sanitation problems, emphasizing the need for strict cleanliness standards regardless of herd size.",Small contributions or efforts add up to something significant over time.,"The saying is used to encourage people to accept that everyone, no matter how insignificant, contributes to societal problems (like pollution or corruption), implying that collective blame is inevitable.",C,"The proverb warns that even minor negligence in animal husbandry can lead to significant sanitation problems, emphasizing the need for strict cleanliness standards regardless of herd size.","It suggests that only small-scale farming is environmentally sustainable because large cattle produce excessive waste, thus advocating for a shift to small livestock to reduce manure overload.","The saying is used to encourage people to accept that everyone, no matter how insignificant, contributes to societal problems (like pollution or corruption), implying that collective blame is inevitable.","<reasoning>These interpretations seem plausible because they involve the idea of small things having an impact, but they twist the proverb's positive message about accumulation into a negative or prescriptive stance (e.g., focusing on problems, advocating specific actions, or assigning blame) that the original saying does not convey.</reasoning>
[""The proverb warns that even minor negligence in an",1.0,1.0,2.52,0.94,98.2
b,cot_en,German,MID0008,Man soll den Tag nicht vor dem Abend loben,Don't praise the day before the evening,Don't celebrate success too early — wait until the outcome is certain.,True,It warns against complimenting someone's appearance in the morning because they might look different by evening.,Don't celebrate success too early — wait until the outcome is certain.,"It suggests that one should refrain from praising a meal before it's fully cooked, echoing a culinary superstition about tempting fate.","It advises Germans to never speak positively about a business venture until after the workday ends, reflecting a cultural habit of separating work praise from personal time.",B,It warns against complimenting someone's appearance in the morning because they might look different by evening.,"It advises Germans to never speak positively about a business venture until after the workday ends, reflecting a cultural habit of separating work praise from personal time.","It suggests that one should refrain from praising a meal before it's fully cooked, echoing a culinary superstition about tempting fate.","<reasoning>
The correct meaning cautions against premature celebration of success. Plausible but subtly wrong interpretations might shift the focus to appearance, work‑day boundaries, or food superstitions—areas where the proverb could be misapplied while still sounding like a reasonable cultural tip.
</reasoning>
[""It warns against complimenting someone's appearance in the morning because they mi",1.0,1.0,1.78,0.94,98.2
b,cot_en,German,MID0009,"Wer den Pfennig nicht ehrt, ist des Talers nicht wert",He who does not honor the penny is not worth the dollar,Value small things and be frugal — wastefulness leads to poverty.,True,It advises judging someone’s trustworthiness by how they handle small change,It suggests that disregarding minor cultural traditions makes one unworthy of major celebrations,The proverb encourages coin collecting as a sign of personal worth,Value small things and be frugal — wastefulness leads to poverty.,D,The proverb encourages coin collecting as a sign of personal worth,It advises judging someone’s trustworthiness by how they handle small change,It suggests that disregarding minor cultural traditions makes one unworthy of major celebrations,"<reasoning>The proverb’s contrast between a Pfennig (small coin) and a Taler (larger coin) invites readers to draw parallels between small and large scales in other areas of life—such as hobbies, trustworthiness, or cultural participation. Because the wording mentions concrete denominations, it’s easy to reinterpret the saying as advice about collecting coins, judging reliability in minor transact",1.0,1.0,1.06,0.97,99.1
b,cot_en,German,MID0010,"Was Hänschen nicht lernt, lernt Hans nimmermehr","What little Hans doesn't learn, big Hans will never learn",Habits and knowledge formed in childhood are hard to change later.,True,"It suggests that if a child fails to learn a specific lesson, they will remain permanently ignorant of that subject, with no possibility of remedying it later in life.",The proverb means that adults are completely incapable of learning anything new; only children can acquire knowledge.,Habits and knowledge formed in childhood are hard to change later.,"It claims that a person's future career success is determined solely by whether they received formal schooling as a child, implying no later education can alter one's professional path.",C,The proverb means that adults are completely incapable of learning anything new; only children can acquire knowledge.,"It claims that a person's future career success is determined solely by whether they received formal schooling as a child, implying no later education can alter one's professional path.","It suggests that if a child fails to learn a specific lesson, they will remain permanently ignorant of that subject, with no possibility of remedying it later in life.","<reasoning>When interpreting the German proverb ""Was Hänschen nicht lernt, lernt Hans nimmermehr,"" a common pitfall is to take the literal contrast between ""little Hans"" and ""big Hans"" too strictly, leading to overgeneralizations about age limits on learning or the exclusive role of childhood education. Plausible‑sounding wrong readings often ignore the proverb’s nuance that early habits are merel",1.0,1.0,2.27,0.93,97.9
b,cot_en,German,MID0011,Der Weg zur Hölle ist mit guten Vorsätzen gepflastert,The road to hell is paved with good intentions,Good intentions alone are not enough — action matters.,True,"It suggests that the road to hell is literal, and good intentions are the building materials used by demons to pave it.","Good intentions alone guarantee a positive outcome, so the road to hell is actually a myth.",Good intentions alone are not enough — action matters.,"The saying means that only evil intentions lead to hell, and good intentions are irrelevant to one's destiny.",C,"Good intentions alone guarantee a positive outcome, so the road to hell is actually a myth.","The saying means that only evil intentions lead to hell, and good intentions are irrelevant to one's destiny.","It suggests that the road to hell is literal, and good intentions are the building materials used by demons to pave it.","The proverb warns that merely having good intentions does not guarantee good outcomes; it emphasizes the need for concrete action. A plausible but subtly wrong interpretation might shift the focus to the moral value of intentions themselves, suggest that intentions alone determine fate, or reinterpret the metaphor in a way that overlooks the necessity of follow‑through. These readings seem reasona",1.0,1.0,2.07,0.79,93.7
b,cot_en,German,MID0012,In der Kürze liegt die Würze,Brevity is the soul of wit,Keep things short and to the point — conciseness is powerful.,True,"It suggests that adding a small amount of spice to food is the key to making a dish flavorful, equating verbal brevity with culinary seasoning.",Keep things short and to the point — conciseness is powerful.,"It means that in German culture, brevity is valued over substance, so one should prioritize speaking briefly even if the content lacks depth or accuracy.","The proverb advises that humor must always be expressed in the shortest possible form, implying that any longer joke loses its wit entirely.",B,"The proverb advises that humor must always be expressed in the shortest possible form, implying that any longer joke loses its wit entirely.","It suggests that adding a small amount of spice to food is the key to making a dish flavorful, equating verbal brevity with culinary seasoning.","It means that in German culture, brevity is valued over substance, so one should prioritize speaking briefly even if the content lacks depth or accuracy.","<reasoning>The proverb emphasizes that conciseness enhances wit and effectiveness, not that brevity is an absolute rule or that it applies to unrelated domains like cooking or that it sacrifices substance. Each wrong interpretation takes a kernel of truth (shortness, spice, brevity) but stretches it into a misleading cultural guideline.</reasoning>
[""The proverb advises that humor must always be e",1.0,1.0,2.21,0.92,97.6
b,cot_en,German,MID0013,Kein Rauch ohne Flamme,No smoke without fire,Rumors or accusations usually have some basis in truth.,True,"It warns that appearances can be deceptive, suggesting that smoke can appear without fire, thus one should distrust any sign of trouble as possibly unfounded.","The saying is a literal statement about physics: smoke cannot exist without a fire, so it merely observes a natural law of combustion.",Rumors or accusations usually have some basis in truth.,"It advises that any visible sign of trouble (smoke) definitely indicates a hidden danger (fire) that must be extinguished immediately, promoting a zero‑tolerance safety stance.",C,"The saying is a literal statement about physics: smoke cannot exist without a fire, so it merely observes a natural law of combustion.","It advises that any visible sign of trouble (smoke) definitely indicates a hidden danger (fire) that must be extinguished immediately, promoting a zero‑tolerance safety stance.","It warns that appearances can be deceptive, suggesting that smoke can appear without fire, thus one should distrust any sign of trouble as possibly unfounded.","<reasoning>
The proverb ""Kein Rauch ohne Flamme"" is often taken metaphorically to mean that rumors or accusations usually have some kernel of truth. Plausible but subtly incorrect interpretations might arise from reading the phrase literally, over‑emphasizing causality, or inverting its cautionary sense. Each wrong reading feels intuitive because it touches on real‑world associations (smoke, fire,",1.0,1.0,2.7,0.87,96.1
b,cot_en,German,MID0014,"Wer A sagt, muss auch B sagen",He who says A must also say B,"If you start something, you must see it through or accept the consequences.",True,"The proverb teaches that in German etiquette you must always speak in paired statements, never uttering a single idea alone.","If you start something, you must see it through or accept the consequences.",It means that admitting a mistake (A) obliges you to also proclaim a corresponding strength (B) to maintain moral balance.,"It implies a superstition that saying the letter 'A' forces you to immediately say the letter 'B', reflecting a belief in alphabetical order as a speech rule.",B,"The proverb teaches that in German etiquette you must always speak in paired statements, never uttering a single idea alone.",It means that admitting a mistake (A) obliges you to also proclaim a corresponding strength (B) to maintain moral balance.,"It implies a superstition that saying the letter 'A' forces you to immediately say the letter 'B', reflecting a belief in alphabetical order as a speech rule.","[""The proverb teaches that in German etiquette you must always speak in paired statements, never uttering a single idea alone."", ""It means that admitting a mistake (A) obliges you to also proclaim a corresponding strength (B) to maintain moral balance."", ""It implies a superstition that saying the letter 'A' forces you to immediately say the letter 'B', reflecting a belief in alphabetical order as ",1.0,1.0,1.72,0.88,96.4
b,cot_en,German,MID0015,"Der Mensch denkt, Gott lenkt","Man proposes, God disposes","People can plan, but fate or higher powers determine the outcome.",True,Humans cannot make any meaningful plans because God decides everything in advance,"People can plan, but fate or higher powers determine the outcome.",Only those who receive God's blessing can succeed; human effort and planning are irrelevant without divine favor,"God directly controls what people think, so human thoughts are merely divine impulses",B,Humans cannot make any meaningful plans because God decides everything in advance,"God directly controls what people think, so human thoughts are merely divine impulses",Only those who receive God's blessing can succeed; human effort and planning are irrelevant without divine favor,"<reasoning>The proverb acknowledges that humans can make plans but ultimate outcomes are subject to a higher power or fate. A plausible yet subtly wrong interpretation would overstate divine control to the point of denying any human agency, treat God's influence as literal micromanagement of thoughts, or reduce success solely to divine favor while ignoring the role of human effort and circumstance",1.0,1.0,1.27,0.95,98.5
b,cot_en,German,MID0016,"Was lange währt, wird endlich gut",What lasts long becomes good in the end,Good things take time — patience brings quality results.,True,"If you persist long enough, even a bad start will inevitably turn good.","The longer you wait for something, the more morally virtuous it becomes.",Good things take time — patience brings quality results.,Only traditions that have endured for generations are truly valuable; newer practices cannot be good.,C,"If you persist long enough, even a bad start will inevitably turn good.",Only traditions that have endured for generations are truly valuable; newer practices cannot be good.,"The longer you wait for something, the more morally virtuous it becomes.","<reasoning>These interpretations sound like they could be cultural lessons from the proverb but each adds an incorrect nuance: the first assumes inevitability of improvement without effort, the second overly restricts goodness to long‑standing traditions, and the third injects a moral dimension that the original saying does not convey.</reasoning>
[""If you persist long enough, even a bad start wil",1.0,1.0,1.48,0.96,98.8
b,cot_en,German,MID0017,"Erst kommt das Fressen, dann die Moral","First comes eating, then morality",Basic needs must be met before higher values or ethics can be considered.,True,"The proverb encourages hedonism, advocating that one should indulge in eating before worrying about moral responsibilities.","It means that moral conversations should be postponed until after dinner, as a rule of polite conversation.",Basic needs must be met before higher values or ethics can be considered.,"It suggests that eating a meal will naturally lead to moral behavior, implying that food improves ethics.",C,"The proverb encourages hedonism, advocating that one should indulge in eating before worrying about moral responsibilities.","It suggests that eating a meal will naturally lead to moral behavior, implying that food improves ethics.","It means that moral conversations should be postponed until after dinner, as a rule of polite conversation.","<reasoning>Plausible but subtly incorrect interpretations often arise from taking the proverb's literal sequence at face value, ignoring its metaphorical emphasis on prerequisite conditions, or conflating cause with condition. They may sound reasonable because they involve eating and morality, but they misrepresent the idea that basic survival needs must be satisfied before ethical considerations ",1.0,1.0,1.28,0.89,96.7
b,cot_en,German,MID0018,Not macht erfinderisch,Necessity is the mother of invention,Hardship or need sparks creativity and solutions.,True,It implies that hardship forces people to copy existing solutions rather than create genuinely new ones,Hardship or need sparks creativity and solutions.,"The proverb means that only people living in absolute poverty can become inventive, disregarding creativity in comfortable circumstances","Necessity is the only possible source of invention, excluding any role for curiosity or passion",B,"Necessity is the only possible source of invention, excluding any role for curiosity or passion","The proverb means that only people living in absolute poverty can become inventive, disregarding creativity in comfortable circumstances",It implies that hardship forces people to copy existing solutions rather than create genuinely new ones,"<reasoning>Plausible but subtly wrong interpretations often arise from taking the proverb too literally, overgeneralizing its claim, or ignoring the nuance that necessity stimulates rather than guarantees invention. They may suggest that necessity is the exclusive or sole driver of creativity, that it only works under extreme deprivation, or that it leads to imitation rather than true innovation. ",1.0,1.0,2.33,0.96,98.8
b,cot_en,German,MID0019,"Der Geist ist willig, aber das Fleisch ist schwach",The spirit is willing but the flesh is weak,"Good intentions are easy, but carrying them out is hard due to human weakness.",True,"Good intentions are easy, but carrying them out is hard due to human weakness.","It suggests that physical exercise or discipline can strengthen the weak flesh so that it matches the willing spirit, treating the weakness as something to be overcome through training.","The proverb warns that spiritual aspirations are morally superior to bodily desires, implying that yielding to the flesh is a sin rather than a natural weakness.","It advises always to follow one's spirit or intuition and ignore bodily instincts when making decisions, treating the flesh as an unreliable guide.",A,"The proverb warns that spiritual aspirations are morally superior to bodily desires, implying that yielding to the flesh is a sin rather than a natural weakness.","It advises always to follow one's spirit or intuition and ignore bodily instincts when making decisions, treating the flesh as an unreliable guide.","It suggests that physical exercise or discipline can strengthen the weak flesh so that it matches the willing spirit, treating the weakness as something to be overcome through training.","<reasoning>These interpretations seem plausible because they touch on the spirit‑flesh dichotomy, but they shift the focus from the gap between intention and action to moral judgment, reliance on spiritual over bodily guidance, or the idea that physical training can overcome the weakness, which subtly misrepresents the original meaning.</reasoning>
[""The proverb warns that spiritual aspirations ar",1.0,1.0,1.86,0.88,96.4
b,cot_en,German,MID0020,Steter Tropfen höhlt den Stein,Constant dripping wears away the stone,Persistent small efforts eventually achieve big results.,True,Constant dripping symbolizes the inevitability of neglect leading to ruin in German households.,Persistent small efforts eventually achieve big results.,The proverb teaches that German engineers believe steady water flow is the best way to shape stone for construction.,"It warns that persistent minor annoyances, like a dripping faucet, will inevitably cause major relationship conflicts in German culture.",B,Constant dripping symbolizes the inevitability of neglect leading to ruin in German households.,The proverb teaches that German engineers believe steady water flow is the best way to shape stone for construction.,"It warns that persistent minor annoyances, like a dripping faucet, will inevitably cause major relationship conflicts in German culture.","<reasoning>
These interpretations take the vivid image of water dripping on stone and apply it to negative or overly specific contexts—neglect, engineering practices, or interpersonal conflict—making them sound plausible because the literal erosion is real. However, they miss the proverb’s core message about constructive, persistent effort leading to positive achievement, instead framing the persi",1.0,1.0,2.43,0.91,97.3
b,cot_en,German,MID0021,Der Weg ist das Ziel,The journey is the goal,The process and experience matter more than the destination.,True,"The proverb teaches that one should constantly change goals to keep the journey interesting, treating the destination as a moving target.","It means that the journey itself is a literal goal to be achieved, like completing a hike, and that once you finish the path you have succeeded, regardless of any larger aim.",The process and experience matter more than the destination.,"It advises that the value of an endeavor lies solely in the prestige or recognition gained along the way, not in any personal growth or experience.",C,"The proverb teaches that one should constantly change goals to keep the journey interesting, treating the destination as a moving target.","It advises that the value of an endeavor lies solely in the prestige or recognition gained along the way, not in any personal growth or experience.","It means that the journey itself is a literal goal to be achieved, like completing a hike, and that once you finish the path you have succeeded, regardless of any larger aim.","<reasoning>These interpretations seem plausible because they each focus on some aspect of journey vs. goal, but they miss the core idea that the process and experience are intrinsically more valuable than the destination. The first incorrectly treats the goal as something to be constantly changed, the second overemphasizes external prestige rather than internal experience, and the third reduces th",1.0,1.0,2.93,0.91,97.3
b,cot_en,German,MID0022,Kleider machen Leute,Clothes make the man,Appearance and presentation influence how people perceive you.,True,Wearing fashionable garments guarantees success in any endeavor.,Appearance and presentation influence how people perceive you.,The saying means that one must always dress according to societal expectations to be accepted.,Clothes define a person's true character and morality.,B,Clothes define a person's true character and morality.,Wearing fashionable garments guarantees success in any endeavor.,The saying means that one must always dress according to societal expectations to be accepted.,"<reasoning>These interpretations sound related to the proverb because they involve clothing and social judgment, but they subtly shift the focus from how appearance influences others' perception to claims about inherent character, guaranteed outcomes, or obligatory dress codes, which the original saying does not assert.</reasoning>
[""Clothes define a person's true character and morality."",""Wearing",1.0,1.0,1.29,1.0,100.0
b,cot_en,German,MID0023,"Was man nicht im Kopfe hat, muss man in den Beinen haben",What you don't have in your head you must have in your legs,"If you're forgetful or disorganized, you end up doing extra work.",True,You need to travel or move around to gain knowledge when you don't have it in your head,"If you lack mental capacity, you must have strong legs to escape problems","If you're forgetful or disorganized, you end up doing extra work.","If you lack intelligence, you must rely on physical strength to succeed",C,"If you lack intelligence, you must rely on physical strength to succeed",You need to travel or move around to gain knowledge when you don't have it in your head,"If you lack mental capacity, you must have strong legs to escape problems","<reasoning>These interpretations seem plausible because they involve a trade‑off between mental and physical attributes, but they miss the nuance that the proverb warns about the extra physical effort caused by forgetfulness or lack of foresight, not about substituting strength for intelligence, seeking knowledge through movement, or needing followers to compensate for poor leadership.</reasoning>",1.0,1.0,1.3,0.84,95.2
b,cot_en,German,MID0024,Man lernt nie aus,One never stops learning,Learning is a lifelong process — stay humble and open.,True,Learning is a lifelong process — stay humble and open.,One must continuously acquire new qualifications to stay employable,"Never stop consuming information, even if it leads to overload, because stopping means ignorance",Learning should never cease because knowledge is power and you must always outsmart others,A,One must continuously acquire new qualifications to stay employable,Learning should never cease because knowledge is power and you must always outsmart others,"Never stop consuming information, even if it leads to overload, because stopping means ignorance","<reasoning>
Plausible but subtly incorrect interpretations often arise when the proverb is taken too literally, when its emphasis on humility and openness is replaced by a focus on achievement or productivity, or when cultural values like lifelong learning are conflated with modern pressures such as constant upskilling for career advancement. These readings keep the surface idea of “never stopping",1.0,1.0,1.23,0.94,98.2
b,cot_en,German,MID0025,Der Schein trügt,Appearances deceive,Things are not always as they seem — don't judge by surface.,True,True worth is hidden and only revealed through deliberate concealment,One should always pretend to be something they are not to succeed,Things are not always as they seem — don't judge by surface.,Surface details are completely irrelevant and should be ignored in all judgments,C,One should always pretend to be something they are not to succeed,True worth is hidden and only revealed through deliberate concealment,Surface details are completely irrelevant and should be ignored in all judgments,"<reasoning>The proverb ""Der Schein trügt"" warns that outward appearances can be misleading, urging caution against superficial judgments. A plausible but subtly incorrect interpretation might arise from over‑emphasizing the idea of deception, turning the warning into a prescription for deceit, or from conflating it with related sayings about authenticity, trust, or the value of inner qualities. Su",1.0,1.0,0.94,0.93,97.9
b,cot_en,German,MID0026,Alle Wege führen nach Rom,All roads lead to Rome,There are many ways to achieve the same goal.,True,Roman culture is the only valid source of wisdom and success,History inevitably converges on Rome as the ultimate destiny of all peoples,All roads must physically end in Rome for any goal to be achieved,There are many ways to achieve the same goal.,D,All roads must physically end in Rome for any goal to be achieved,Roman culture is the only valid source of wisdom and success,History inevitably converges on Rome as the ultimate destiny of all peoples,"<reasoning>The proverb ""Alle Wege führen nach Rom"" is metaphorical, emphasizing that many different approaches can achieve the same outcome. A plausible but subtly incorrect interpretation might treat the saying as a literal statement about travel, assign exclusive cultural authority to Rome, or imply an inevitable historical convergence on Rome, each of which misreads the figurative flexibility o",1.0,1.0,1.33,0.94,98.2
b,cot_en,German,MID0027,Das Leben ist kein Ponyhof,Life is not a pony farm,Life is hard and full of disappointments — no sugarcoating.,True,Life is not a pony farm implies that life is not a place for leisurely activities like horseback riding; you must stay productive.,Life is not a pony farm suggests that one should avoid childish fantasies and focus on realistic goals.,Life is not a pony farm means you should not expect to be given everything for free; you must earn your own rewards.,Life is hard and full of disappointments — no sugarcoating.,D,Life is not a pony farm means you should not expect to be given everything for free; you must earn your own rewards.,Life is not a pony farm suggests that one should avoid childish fantasies and focus on realistic goals.,Life is not a pony farm implies that life is not a place for leisurely activities like horseback riding; you must stay productive.,"<reasoning>These wrong interpretations seem plausible because they each touch on ideas that could be loosely linked to the metaphor of a pony farm—such as expecting free rewards, avoiding childish fantasies, or insisting on productivity—but they miss the proverb’s core message that life is inherently tough and full of disappointments, without any sugarcoating. They focus on narrow, prescriptive ta",1.0,1.0,2.13,0.75,92.5
b,cot_en,German,MID0028,"Erst denken, dann handeln","First think, then act",Consider consequences before acting impulsively.,True,Consider consequences before acting impulsively.,"You must have complete information before acting, otherwise you should wait indefinitely.","It dictates that thinking and acting are strictly sequential phases, disallowing iterative or adaptive approaches.","The saying encourages overthinking and values thought far more than action, leading to analysis paralysis.",A,"You must have complete information before acting, otherwise you should wait indefinitely.","The saying encourages overthinking and values thought far more than action, leading to analysis paralysis.","It dictates that thinking and acting are strictly sequential phases, disallowing iterative or adaptive approaches.","<reasoning>
These interpretations sound reasonable because they emphasize the importance of thought before action, but they miss the nuance that the proverb advocates prudent preparation without advocating paralysis, overvaluation of thinking, or rigid separation of thought and action. Each wrong reading takes a kernel of truth and stretches it into an extreme or misaligned idea.
</reasoning>
[""Yo",1.0,1.0,2.8,0.99,99.7
b,cot_en,German,MID0029,"Wer rastet, der rostet","He who rests, rusts",Inactivity leads to decline — stay active and engaged.,True,Inactivity leads to decline — stay active and engaged.,"An interpretation that one must never rest or sleep, equating any pause with personal failure, ignoring the necessity of healthy recuperation.","Literal advice to oil tools and machinery regularly to prevent rust, treating the saying as a maintenance tip rather than a motivational call.","A reading that the proverb warns only about romantic relationships growing stale if not constantly pursued, neglecting its wider application to personal growth, career, and civic involvement.",A,"Literal advice to oil tools and machinery regularly to prevent rust, treating the saying as a maintenance tip rather than a motivational call.","An interpretation that one must never rest or sleep, equating any pause with personal failure, ignoring the necessity of healthy recuperation.","A reading that the proverb warns only about romantic relationships growing stale if not constantly pursued, neglecting its wider application to personal growth, career, and civic involvement.","<reasoning>The proverb uses rust as a metaphor for personal or societal decline due to inactivity. A plausible but subtly wrong reading might take the metaphor literally (focusing on metal maintenance), apply it to an extreme work ethic that forbids any rest, or limit its application to a specific domain like romantic relationships, each missing the broader cultural message about continual engagem",1.0,1.0,2.63,0.94,98.2
b,cot_en,German,MID0030,Das Auge isst mit,The eye eats too,Food looks better when presented well — presentation matters.,True,Food looks better when presented well — presentation matters.,"Eating with your eyes shut reduces appetite because visual stimulation drives hunger, so you should close your eyes to eat less.","The eye must be nourished with beautiful sights to feel satisfied, so you need to look at art while eating.","Observing someone else eat can satisfy your own hunger, making the eye a substitute for actual food consumption.",A,"The eye must be nourished with beautiful sights to feel satisfied, so you need to look at art while eating.","Eating with your eyes shut reduces appetite because visual stimulation drives hunger, so you should close your eyes to eat less.","Observing someone else eat can satisfy your own hunger, making the eye a substitute for actual food consumption.","<reasoning>The literal translation ""The eye eats with"" can lead readers to think the eye itself has a nutritional role or that visual input directly controls hunger or satiety. These interpretations are plausible because they involve the eye's influence on eating behavior, but they miss the proverb's actual point about how food presentation enhances the perceived taste and enjoyment of a meal.</re",1.0,1.0,2.19,0.91,97.3
b,cot_en,German,MID0101,"Reden ist Silber, Schweigen ist Gold","Speech is silver, silence is gold",Silence is often more valuable than speaking — knowing when to stay quiet shows wisdom.,True,"It implies that silence is inherently superior because gold is a denser, more precious metal than silver, so quiet people are literally more valuable and substantial than talkers.",Silence is often more valuable than speaking — knowing when to stay quiet shows wisdom.,"Speech is silver, silence is gold means you should only speak when you can profit financially from your words, treating talk as a commodity to earn silver and silence as a way to hoard gold.","The proverb is a guideline for vocal performance: speak with a silvery tone to impress, and stay silent only when you want to display a golden, regal presence, focusing on voice quality and demeanor.",B,"Speech is silver, silence is gold means you should only speak when you can profit financially from your words, treating talk as a commodity to earn silver and silence as a way to hoard gold.","The proverb is a guideline for vocal performance: speak with a silvery tone to impress, and stay silent only when you want to display a golden, regal presence, focusing on voice quality and demeanor.","It implies that silence is inherently superior because gold is a denser, more precious metal than silver, so quiet people are literally more valuable and substantial than talkers.","[""Speech is silver, silence is gold means you should only speak when you can profit financially from your words, treating talk as a commodity to earn silver and silence as a way to hoard gold."", ""The proverb is a guideline for vocal performance: speak with a silvery tone to impress, and stay silent only when you want to display a golden, regal presence, focusing on voice quality and demeanor."", ""I",1.0,1.0,2.16,0.89,96.7
b,cot_en,German,MID0102,"Wer nicht hören will, muss fühlen",He who doesn't want to hear must feel,"If someone ignores advice or warnings, they will learn the hard way through consequences.",True,The saying advises that children who don't obey should be disciplined with physical punishment so they 'feel' the lesson.,"If someone ignores advice or warnings, they will learn the hard way through consequences.","If you refuse to listen to music, you must experience it through touch or vibration instead.",Someone who won't heed warnings will suffer emotional hurt rather than practical consequences.,B,"If you refuse to listen to music, you must experience it through touch or vibration instead.",Someone who won't heed warnings will suffer emotional hurt rather than practical consequences.,The saying advises that children who don't obey should be disciplined with physical punishment so they 'feel' the lesson.,"<reasoning>
Plausible but subtly wrong interpretations often arise from taking the metaphor too literally, focusing on the sensory verbs ""hören"" (hear) and ""fühlen"" (feel) as if they refer to physical senses rather than the figurative idea of heeding advice versus experiencing consequences. They may also shift the emphasis from learning through hardship to emotional pain, physical punishment, or a",1.0,1.0,1.14,0.99,99.7
b,cot_en,German,MID0103,"Der Krug geht so lange zum Brunnen, bis er bricht",The jug goes to the well so often until it breaks,Bad habits or risky behavior eventually lead to failure or punishment.,True,"The proverb encourages diligent effort, suggesting that repeatedly going to the well (working hard) will eventually bring success even if the jug breaks, so perseverance is rewarded.",Bad habits or risky behavior eventually lead to failure or punishment.,"It teaches acceptance of impermanence: the jug’s breaking symbolizes that all things must end, advising people to embrace change rather than fear risky behavior.","It offers practical pottery advice: repeatedly taking a jug to the well causes thermal shock and cracks, so one should vary water sources or handle the jug gently to prolong its life.",B,"The proverb encourages diligent effort, suggesting that repeatedly going to the well (working hard) will eventually bring success even if the jug breaks, so perseverance is rewarded.","It teaches acceptance of impermanence: the jug’s breaking symbolizes that all things must end, advising people to embrace change rather than fear risky behavior.","It offers practical pottery advice: repeatedly taking a jug to the well causes thermal shock and cracks, so one should vary water sources or handle the jug gently to prolong its life.","<reasoning>These interpretations appear plausible because they each take a concrete element of the proverb (the jug, the well, the breaking) and derive a lesson from it, but they subtly misinterpret the core cultural meaning by either reversing the moral (turning a warning into encouragement), shifting focus from behavior to inevitability, or reducing the metaphor to a literal maintenance tip rath",1.0,1.0,2.52,0.92,97.6
b,cot_en,German,MID0104,Ein Unglück kommt selten allein,Misfortune rarely comes alone,Bad things tend to happen in clusters — one problem often leads to more.,True,Misfortune is usually preceded by a warning sign that can be avoided if heeded.,Bad things tend to happen in clusters — one problem often leads to more.,"It implies that when one unfortunate event occurs, it is likely to be followed by a fortunate event to balance it out.","The saying suggests that bad luck is contagious, spreading from person to person like a disease.",B,Misfortune is usually preceded by a warning sign that can be avoided if heeded.,"The saying suggests that bad luck is contagious, spreading from person to person like a disease.","It implies that when one unfortunate event occurs, it is likely to be followed by a fortunate event to balance it out.","<reasoning>
The proverb ""Ein Unglück kommt selten allein"" is often misunderstood because the words ""Unglück"" (misfortune) and ""selten"" (rarely) can be taken to imply patterns of occurrence, warning signs, or balancing outcomes. Each wrong interpretation below sounds reasonable at first glance but shifts the focus away from the core idea that bad events tend to cluster together.
</reason>
[""Misfort",1.0,1.0,1.24,0.85,95.5
b,cot_en,German,MID0105,Der Mensch ist ein Gewohnheitstier,Man is a creature of habit,People tend to stick to routines and patterns — change is difficult.,True,Humans should suppress rational thought and follow pure instinct because we are naturally creature‑of‑habit animals.,It teaches that maintaining one's habits is a moral duty and changing them is ethically wrong.,People tend to stick to routines and patterns — change is difficult.,"The saying implies that humans need societal rules to tame their habit‑driven, animal‑like nature.",C,Humans should suppress rational thought and follow pure instinct because we are naturally creature‑of‑habit animals.,"The saying implies that humans need societal rules to tame their habit‑driven, animal‑like nature.",It teaches that maintaining one's habits is a moral duty and changing them is ethically wrong.,"<reasoning>
The proverb describes a observational tendency of humans to stick to routines, but it does not prescribe behavior, imply a need for external control, or assign moral value to habit. Wrong interpretations can seem plausible because they borrow elements like instinct, animal comparison, or virtue, yet they subtly shift the meaning from a neutral description to a prescriptive or normative",1.0,1.0,1.25,0.96,98.8
b,cot_en,German,MID0531,Krummes Holz gibt auch gerades Feuer,Crooked wood also makes straight fire,Even imperfect or flawed materials can produce good results — make the best of what you have.,True,Even imperfect or flawed materials can produce good results — make the best of what you have.,"It suggests that crookedness in wood is a desirable trait because it creates a more interesting flame pattern, encouraging artisans to seek imperfect wood for aesthetic fires.","The proverb means that only perfectly straight wood can produce a proper fire, so you must discard crooked pieces.","It advises that if you have crooked wood, you should burn it to straighten it, implying that fire can correct physical flaws.",A,"The proverb means that only perfectly straight wood can produce a proper fire, so you must discard crooked pieces.","It suggests that crookedness in wood is a desirable trait because it creates a more interesting flame pattern, encouraging artisans to seek imperfect wood for aesthetic fires.","It advises that if you have crooked wood, you should burn it to straighten it, implying that fire can correct physical flaws.","<reasoning>These interpretations seem plausible because they each take a element of the proverb—crooked wood, fire, or the idea of improvement—but they twist the core message: the proverb is about making good use of imperfect resources, not about demanding perfection, valuing imperfection for its own sake, or believing fire can physically straighten wood.</reasoning>[""The proverb means that only p",1.0,1.0,1.33,0.91,97.3
b,cot_en,German,MID0532,Des Teufels liebstes Möbelstück ist die lange Bank,The devil’s favorite piece of furniture is the long bench,Procrastination is the devil’s tool — delaying tasks leads to trouble.,True,Procrastination is the devil’s tool — delaying tasks leads to trouble.,"It means the devil prefers long benches in churches, indicating he likes to sit during sermons to distract believers.","The devil enjoys long benches because they symbolize eternal damnation, implying sinners will sit forever on a bench in hell.","The proverb warns against taking long breaks at work, suggesting the devil tempts workers to linger on the bench during lunch.",A,"The devil enjoys long benches because they symbolize eternal damnation, implying sinners will sit forever on a bench in hell.","The proverb warns against taking long breaks at work, suggesting the devil tempts workers to linger on the bench during lunch.","It means the devil prefers long benches in churches, indicating he likes to sit during sermons to distract believers.","<reasoning>Wrong interpretations often arise from taking the metaphor too literally or substituting a related but distinct concept (like damnation, work breaks, or church seating) for the core idea of procrastination. They sound plausible because they involve benches, waiting, or the devil's influence, but they miss the specific cultural link between delaying tasks and trouble.</reasoning>
[""The d",1.0,1.0,1.82,0.84,95.2
b,cot_en,German,MID0533,Selbst ist der Mann,Self is the man,Do it yourself — self-reliance and independence are highly valued.,True,Do it yourself — self-reliance and independence are highly valued.,"It dictates that a man must never rely on others or accept help, insisting on total self-sufficiency.","It asserts that a man's identity is solely defined by his self-perception, ignoring social roles.","It promotes selfishness, suggesting a man should always put his own interests first.",A,"It promotes selfishness, suggesting a man should always put his own interests first.","It asserts that a man's identity is solely defined by his self-perception, ignoring social roles.","It dictates that a man must never rely on others or accept help, insisting on total self-sufficiency.","<reasoning>The proverb ""Selbst ist der Mann"" emphasizes self-reliance and taking initiative, but it does not advocate selfishness, define identity solely by self-perception, or demand absolute refusal of help. Each wrong interpretation takes a kernel of truth—self-focus, personal agency, independence—and stretches it to an extreme or misapplies it, making it seem plausible while missing the nuance",1.0,1.0,1.5,0.89,96.7
b,cot_en,German,MID0534,Ich kriege so eine Krawatte,I get such a tie,I’m getting so annoyed or angry (colloquial expression for irritation).,True,I feel overly formal or dressed up,I feel physically constrained like wearing a tight tie,I’m getting so annoyed or angry (colloquial expression for irritation).,I am receiving a tie as a gift,C,I am receiving a tie as a gift,I feel overly formal or dressed up,I feel physically constrained like wearing a tight tie,"<reasoning>These wrong interpretations sound plausible because they tie the literal word ""Krawatte"" (tie) to common experiences or emotions, but they miss the idiomatic sense of irritation. Each suggests a different feeling or situation that could be associated with wearing or receiving a tie, yet none captures the colloquial meaning of getting annoyed or angry.</reasoning>
[""I am receiving a tie ",1.0,1.0,0.8,0.85,95.5
b,cot_en,German,MID0535,Bis über beide Ohren verliebt sein,To be over both ears in love,"To be completely, head-over-heels in love.",True,Being so in love that you become deaf to outside criticism,Experiencing a physical pressure or sensation over both ears when you are in love,"Loving someone equally with both sides of your heart, as if the affection reaches both ears","To be completely, head-over-heels in love.",D,Being so in love that you become deaf to outside criticism,"Loving someone equally with both sides of your heart, as if the affection reaches both ears",Experiencing a physical pressure or sensation over both ears when you are in love,"<reasoning>The phrase ""Bis über beide Ohren verliebt sein"" literally translates to ""to be over both ears in love,"" which can mislead learners into thinking the idiom refers to auditory phenomena (e.g., love affecting hearing) or to a bilateral, balanced feeling, when in fact it simply conveys being completely, head‑over‑heels enamored without any reference to ears or hearing.</reasoning>[""Being so",1.0,1.0,2.28,0.93,97.9
b,cot_en,German,MID0536,Die beleidigte Leberwurst spielen,To play the offended liver sausage,To sulk or overreact dramatically to something small.,True,To insist on eating only liver sausage at every meal,To become upset when someone criticizes your cooking skills,To sulk or overreact dramatically to something small.,To pretend to be a sausage in order to avoid responsibility,C,To insist on eating only liver sausage at every meal,To pretend to be a sausage in order to avoid responsibility,To become upset when someone criticizes your cooking skills,"<reasoning>Because the phrase contains the concrete image of a ""liver sausage"" (Leberwurst), a non‑native speaker might assume the idiom refers to literal food‑related behavior—such as acting like a sausage, being picky about meat, or involving sausage preparation. These guesses feel plausible due to the vivid food metaphor, but they miss the figurative sense of sulking or overreacting to a minor ",1.0,1.0,1.25,0.92,97.6
b,cot_en,German,MID0537,Der Hunger kommt beim Essen,Appetite comes while eating,Motivation and energy grow once you start working on something.,True,"It means that eating food will inevitably make you hungrier, so you should avoid starting a meal.",Motivation and energy grow once you start working on something.,"It advises that you should only begin eating when you feel hungry, implying that appetite is a prerequisite for eating.","It suggests that Germans believe snacking while working increases productivity because hunger arises from eating, thus you must keep eating to stay motivated.",B,"It means that eating food will inevitably make you hungrier, so you should avoid starting a meal.","It advises that you should only begin eating when you feel hungry, implying that appetite is a prerequisite for eating.","It suggests that Germans believe snacking while working increases productivity because hunger arises from eating, thus you must keep eating to stay motivated.","<reasoning>The proverb uses the metaphor of hunger and eating to describe how motivation and energy increase once you start an activity. Wrong interpretations often treat the statement literally about food, reverse the cause‑effect relationship, or apply it to eating habits rather than to the psychological process of getting started. These readings seem plausible because they stay close to the sur",1.0,1.0,2.0,0.85,95.5
b,cot_en,German,MID0538,Sich die Wurst vom Brot nehmen lassen,To let someone take the sausage off your bread,To let someone take advantage of you or walk all over you.,True,To let someone take advantage of you or walk all over you.,"To allow someone else to decide what toppings go on your bread, showing a lack of personal preference.",To be so hungry that you let others take the sausage off your bread because you cannot afford more.,"To be overly generous with your food, offering your sausage to others willingly.",A,"To be overly generous with your food, offering your sausage to others willingly.","To allow someone else to decide what toppings go on your bread, showing a lack of personal preference.",To be so hungry that you let others take the sausage off your bread because you cannot afford more.,"<reasoning>The proverb's literal image—letting someone remove sausage from your bread—evokes ideas of food sharing, politeness, or scarcity, which can lead to interpretations that sound reasonable but miss the idiomatic sense of being taken advantage of. These interpretations focus on the surface action (food, generosity, choice) rather than the underlying power dynamic of exploitation.</reasoning",1.0,1.0,1.39,0.88,96.4
b,cot_en,German,MID0539,Das ist mir Wurst,That is sausage to me,I don’t care / it doesn’t matter to me.,True,I don’t care / it doesn’t matter to me.,"I find sausage to be trivial or unimportant, so I dismiss it.","I am content with having sausage, so I don’t need anything else.","I am indifferent to sausage specifically, but I may care about other things.",A,"I am indifferent to sausage specifically, but I may care about other things.","I find sausage to be trivial or unimportant, so I dismiss it.","I am content with having sausage, so I don’t need anything else.","<reasoning>The literal translation ""That is sausage to me"" invites food‑centric readings. Because the word ""Wurst"" (sausage) is concrete, listeners might assume the speaker is expressing a preference, opinion, or feeling about sausage itself rather than a general attitude of indifference. These interpretations seem plausible because they keep the lexical item intact, but they subtly shift the mean",1.0,1.0,1.37,0.88,96.4
b,cot_en,German,MID0540,Um den heißen Brei herumreden,To talk around the hot porridge,To beat around the bush instead of speaking directly.,True,It means to give indirect compliments about someone's hospitality by praising the food they serve without addressing the main topic.,"It means to discuss recipes or cooking techniques in detail, focusing on the preparation of hot porridge.","It means to postpone making a decision until the situation has cooled down, similar to waiting for hot porridge to reach a safe temperature before eating.",To beat around the bush instead of speaking directly.,D,"It means to discuss recipes or cooking techniques in detail, focusing on the preparation of hot porridge.",It means to give indirect compliments about someone's hospitality by praising the food they serve without addressing the main topic.,"It means to postpone making a decision until the situation has cooled down, similar to waiting for hot porridge to reach a safe temperature before eating.","<reasoning>These wrong interpretations seem plausible because they focus on the literal elements of the proverb (hot porridge, talking, temperature) or on related social nuances like giving compliments or waiting for a situation to cool down. However, they miss the core metaphorical meaning about avoiding direct communication, instead attributing the phrase to food‑related discussion, indirect pra",1.0,1.0,2.33,0.88,96.4
b,cot_en,German,MID0541,Du gehst mir auf den Keks,You’re getting on my cookie,You’re annoying me or getting on my nerves.,True,You're complimenting my sweetness,You’re annoying me or getting on my nerves.,You're eating my cookie,You're stepping on my baked goods and ruining them,B,You're eating my cookie,You're complimenting my sweetness,You're stepping on my baked goods and ruining them,"<reasoning>Because the German idiom literally mentions ""Keks"" (cookie), listeners may incorrectly link the expression to food-related scenarios—such as stealing, complimenting sweetness, or damaging baked goods—while the actual meaning concerns annoyance, not any culinary context.</reasoning>
[""You're eating my cookie"",""You're complimenting my sweetness"",""You're stepping on my baked goods and ruin",1.0,0.3333333333333333,0.71,0.77,73.1
b,cot_en,German,MID0542,Das ist nicht mein Bier,That’s not my beer,That’s not my problem / not my concern.,True,It means the speaker is not the one who bought or paid for the beer.,"It means the speaker is not interested in the topic at hand, like saying “that’s not my cup of tea”.",That’s not my problem / not my concern.,It means the speaker won’t drink beer because they abstain from alcohol.,C,It means the speaker won’t drink beer because they abstain from alcohol.,It means the speaker is not the one who bought or paid for the beer.,"It means the speaker is not interested in the topic at hand, like saying “that’s not my cup of tea”.","[""It means the speaker won’t drink beer because they abstain from alcohol."", ""It means the speaker is not the one who bought or paid for the beer."", ""It means the speaker is not interested in the topic at hand, like saying “that’s not my cup of tea”.""]",1.0,1.0,1.96,0.81,94.3
b,cot_en,German,MID0543,Dienst ist Dienst und Schnaps ist Schnaps,Work is work and liquor is liquor,Separate professional duty from personal pleasure — keep boundaries.,True,"It implies that professional duties and personal pleasures should be balanced and mixed together, like blending work and drink for harmony.",Separate professional duty from personal pleasure — keep boundaries.,"It suggests that leisure activities should be approached with the same seriousness and dedication as one's job, essentially equating work and pleasure.","It advises a strict prohibition on drinking alcohol during work hours, treating any workplace drinking as a violation of the proverb.",B,"It advises a strict prohibition on drinking alcohol during work hours, treating any workplace drinking as a violation of the proverb.","It suggests that leisure activities should be approached with the same seriousness and dedication as one's job, essentially equating work and pleasure.","It implies that professional duties and personal pleasures should be balanced and mixed together, like blending work and drink for harmony.","<reasoning>Wrong interpretations often stem from taking the proverb's literal separation of ""work"" and ""liquor"" too far—either by turning it into a rule about consumption, inverting the relationship, or suggesting a balance rather than a boundary. Each sounds plausible because it mentions both work and drink, but they miss the core idea of maintaining distinct mental spheres.</reasoning>
[""It advi",1.0,1.0,2.37,0.89,96.7
b,cot_en,German,MID0544,Da steppt der Bär,There the bear is stepping,It’s lively / the party is happening / things are really going on.,True,"A description of a dull, uneventful situation",It’s lively / the party is happening / things are really going on.,A warning that a dangerous bear is nearby,A literal bear dancing in the woods,B,A literal bear dancing in the woods,A warning that a dangerous bear is nearby,"A description of a dull, uneventful situation","<reasoning>The proverb uses a bear as a metaphor for lively activity; wrong interpretations may treat the bear literally, associate it with danger, or invert the meaning by linking it to boredom or secrecy, which seem plausible because bears are strong, solitary, or associated with hibernation, but they miss the celebratory sense.</reasoning>[""A literal bear dancing in the woods"",""A warning that a",1.0,1.0,0.56,0.89,96.7
b,cot_en,German,MID0545,"Wenn der Reiter nichts taugt, ist das Pferd schuld","If the rider is no good, it’s the horse’s fault",Blaming tools or others for your own failure or incompetence.,True,"It suggests that when a cyclist performs poorly, the fault lies with the bicycle's quality, promoting the idea that equipment upgrades are the solution to personal performance issues.","The saying warns riders to always check their horse's health before riding, implying that a poor ride is due to neglecting the animal's care.","It means that in any teamwork, the less skilled member should blame the more capable partner for failures, encouraging dependency on stronger teammates.",Blaming tools or others for your own failure or incompetence.,D,"The saying warns riders to always check their horse's health before riding, implying that a poor ride is due to neglecting the animal's care.","It means that in any teamwork, the less skilled member should blame the more capable partner for failures, encouraging dependency on stronger teammates.","It suggests that when a cyclist performs poorly, the fault lies with the bicycle's quality, promoting the idea that equipment upgrades are the solution to personal performance issues.","<reasoning>The proverb's surface wording invites a literal reading about horseback riding, which can lead to interpretations that focus on the animal's behavior, shared responsibility in a partnership, or excuses in sports. These readings seem plausible because they involve the rider and horse, but they miss the idiomatic point about deflecting blame for one's own inadequacy onto external factors.",1.0,1.0,2.5,0.93,97.9
b,cot_en,German,MID0546,Wer zwei Hasen auf einmal jagt bekommt keinen,He who chases two hares at once catches none,Don’t divide your attention — focus on one task at a time.,True,"It teaches that patience is gained by attempting to chase two hares at once, implying that divided focus builds endurance and waiting skills.","It reflects a communal hunting ethic where sharing the spoils is essential, so chasing two hares leads to none because the hunter must divide the prey with others.",Don’t divide your attention — focus on one task at a time.,"The proverb advises hunters to pursue multiple hares simultaneously to increase their chances of a successful catch, suggesting that spreading effort yields better results.",C,"The proverb advises hunters to pursue multiple hares simultaneously to increase their chances of a successful catch, suggesting that spreading effort yields better results.","It teaches that patience is gained by attempting to chase two hares at once, implying that divided focus builds endurance and waiting skills.","It reflects a communal hunting ethic where sharing the spoils is essential, so chasing two hares leads to none because the hunter must divide the prey with others.","<reasoning>Each wrong interpretation takes a kernel of truth from the proverb (e.g., hunting, patience, sharing) but twists the core message about focused effort into something that sounds plausible yet misrepresents the intended advice about avoiding divided attention.</reason>
[""The proverb advises hunters to pursue multiple hares simultaneously to increase their chances of a successful catch, s",1.0,1.0,2.08,0.91,97.3
b,cot_en,German,MID0547,Kümmere Dich nicht um ungelegte Eier,Don’t worry about eggs that haven’t been laid yet,Don’t worry about future problems that haven’t happened yet.,True,Don’t worry about things you cannot control,Don’t invest effort in ideas before they’re fully formed,Don’t dwell on past mistakes that can’t be changed,Don’t worry about future problems that haven’t happened yet.,D,Don’t worry about things you cannot control,Don’t dwell on past mistakes that can’t be changed,Don’t invest effort in ideas before they’re fully formed,"The proverb uses the image of eggs that have not yet been laid to caution against premature anxiety about future events. A plausible but subtly wrong reading might shift the focus from future uncertainty to other related ideas—such as concerns about controllability, past events, or premature investment—while still sounding like a sensible piece of advice, thereby missing the specific nuance about ",1.0,1.0,0.93,0.94,98.2
b,cot_en,German,MID0548,Du siehst den Wald vor lauter Bäumen nicht,You don’t see the forest for all the trees,You’re missing the big picture by focusing on small details.,True,"It suggests that in German culture one must literally walk through a forest to understand a problem, emphasizing direct experience over abstraction.","It means you should always focus on the individual trees rather than the forest, implying that details are more important than the overall situation.",You’re missing the big picture by focusing on small details.,"It warns against overestimating your ability to navigate complex systems, advising that you cannot see the forest because you are too focused on the trees, so you need to rely on maps or guides to find your way.",C,"It means you should always focus on the individual trees rather than the forest, implying that details are more important than the overall situation.","It suggests that in German culture one must literally walk through a forest to understand a problem, emphasizing direct experience over abstraction.","It warns against overestimating your ability to navigate complex systems, advising that you cannot see the forest because you are too focused on the trees, so you need to rely on maps or guides to find your way.","<reasoning>Each wrong interpretation starts from a kernel of truth related to the proverb’s imagery (forest, trees, perspective) but twists the core idea—either reversing the emphasis on details vs. whole, adding unrelated cultural practices (literal forest walks, reliance on guides), or introducing a normative suggestion that isn’t present in the original saying. These shifts make the interpretat",1.0,1.0,2.8,0.91,97.3
b,cot_en,German,MID0549,Bäume wachsen nicht in den Himmel,Trees don’t grow into the sky,There are natural limits to growth or ambition.,True,"It warns against urban development that blocks tree growth, implying that building tall structures harms nature.","It encourages people to aim for the sky despite natural limits, suggesting that striving beyond what is possible is virtuous.",There are natural limits to growth or ambition.,"It advises accepting mediocrity because human ambition cannot surpass natural limits, promoting resignation rather than realistic goal‑setting.",C,"It encourages people to aim for the sky despite natural limits, suggesting that striving beyond what is possible is virtuous.","It warns against urban development that blocks tree growth, implying that building tall structures harms nature.","It advises accepting mediocrity because human ambition cannot surpass natural limits, promoting resignation rather than realistic goal‑setting.","<reasoning>Wrong interpretations often arise when readers focus on the literal image of trees and the sky and attach a moral or motivational lesson that sounds reasonable but shifts the proverb’s core idea from acknowledging natural limits to either encouraging overreach, blaming human activity, or advocating passive acceptance. These readings seem plausible because they use the same elements (tre",1.0,1.0,2.21,0.94,98.2
b,cot_en,German,MID0550,Gut Ding will Weile haben,Good things take time,Quality work or results require patience and time.,True,"Spending more time on a task guarantees it will be good, regardless of skill or effort.",The proverb encourages delaying work indefinitely because good things will eventually appear if you wait long enough.,"It means that time itself is the ultimate good, so we should prioritize having more time over achieving any particular outcome.",Quality work or results require patience and time.,D,"Spending more time on a task guarantees it will be good, regardless of skill or effort.",The proverb encourages delaying work indefinitely because good things will eventually appear if you wait long enough.,"It means that time itself is the ultimate good, so we should prioritize having more time over achieving any particular outcome.","<reasoning>
The proverb emphasizes that high-quality outcomes need patience, not that time itself guarantees quality or that waiting is a virtue in all contexts. Wrong interpretations might: (1) invert the causality by suggesting that spending time automatically makes something good, ignoring the need for effort; (2) treat the saying as a justification for procrastination, implying that delay is a",1.0,1.0,2.25,0.94,98.2
b,cot_en,German,MID0551,Aus Schaden wird man klug,From damage one becomes wise,Mistakes and failures are the best teachers.,True,You should deliberately cause damage to gain wisdom,Only those who have suffered loss can become wise,Physical injury makes you smarter,Mistakes and failures are the best teachers.,D,Physical injury makes you smarter,Only those who have suffered loss can become wise,You should deliberately cause damage to gain wisdom,"<reasoning>Wrong interpretations often arise from taking the proverb too literally, overemphasizing necessity, or suggesting intentional harm. They seem plausible because they retain keywords like “damage” or “wise,” but they miss the nuance that the saying refers to learning from unavoidable mistakes rather than equating any damage with wisdom, claiming wisdom only comes from loss, or advocating ",1.0,1.0,1.05,0.97,99.1
b,cot_en,German,MID0552,Taten sagen mehr als Worte,Actions speak louder than words,What you do is more important than what you say.,True,"It suggests only tangible, bodily actions count, dismissing mental or intellectual efforts as insignificant.",Actions mean you should never speak; words are useless.,What you do is more important than what you say.,The saying warns that Germans view any verbal promise as inherently untrustworthy unless backed by immediate physical action.,C,Actions mean you should never speak; words are useless.,The saying warns that Germans view any verbal promise as inherently untrustworthy unless backed by immediate physical action.,"It suggests only tangible, bodily actions count, dismissing mental or intellectual efforts as insignificant.","<reasoning>These interpretations sound reasonable because they twist the emphasis of the proverb—focusing on the necessity of action, the distrust of words, or a narrow view of what counts as action—yet each subtly misrepresents the original idea that deeds simply carry more weight than speech, not that speech is irrelevant, deceitful, or limited to physical labor.</reasoning>
[""Actions mean you s",1.0,1.0,1.37,0.97,99.1
b,cot_en,German,MID0553,Das Billige ist immer das Teuerste,The cheap is always the most expensive,Buying low-quality things ends up costing more in the long run.,True,Buying low-quality things ends up costing more in the long run.,"It means that opting for the cheapest form of government (e.g., low-tax, low-service) results in higher long-term societal costs due to inadequate infrastructure.",It means that people who avoid spending on status symbols ultimately incur higher social costs because they are excluded from influential networks.,It means that choosing the cheapest legal marriage ceremony leads to higher expenses later due to complications in divorce proceedings.,A,It means that people who avoid spending on status symbols ultimately incur higher social costs because they are excluded from influential networks.,It means that choosing the cheapest legal marriage ceremony leads to higher expenses later due to complications in divorce proceedings.,"It means that opting for the cheapest form of government (e.g., low-tax, low-service) results in higher long-term societal costs due to inadequate infrastructure.","[""It means that people who avoid spending on status symbols ultimately incur higher social costs because they are excluded from influential networks."", ""It means that choosing the cheapest legal marriage ceremony leads to higher expenses later due to complications in divorce proceedings."", ""It means that opting for the cheapest form of government (e.g., low-tax, low-service) results in higher long",1.0,1.0,1.97,0.83,94.9
b,cot_en,German,MID0554,"Anfangen ist leicht, Beharren eine Kunst","Starting is easy, persistence is an art",The real skill is finishing what you start.,True,"It implies that persistence is an art that only a few can practice, while anyone can start, so the focus should be on selecting who should persist.",The real skill is finishing what you start.,"It suggests that the true value lies in the artistic expression of persistence, not in completing the task.","The proverb means that starting a task is easy, but mastering the art of persistence requires formal training, like learning a musical instrument.",B,"The proverb means that starting a task is easy, but mastering the art of persistence requires formal training, like learning a musical instrument.","It suggests that the true value lies in the artistic expression of persistence, not in completing the task.","It implies that persistence is an art that only a few can practice, while anyone can start, so the focus should be on selecting who should persist.","<reasoning>The proverb stresses that while initiating an action is simple, the real challenge and skill lie in continuing to the end. Wrong interpretations often misplace the emphasis—either by treating persistence as a literal artistic discipline requiring formal training, by suggesting the value is in the artistic expression of persistence rather than completion, or by framing persistence as an ",1.0,1.0,2.83,0.89,96.7
b,cot_en,German,MID0555,"Man muss die Dinge nehmen, wie sie kommen",You have to take things as they come,Accept life’s events without resistance or over-worrying.,True,Accept life’s events without resistance or over-worrying.,"You should passively resign yourself to fate, believing that personal effort cannot influence outcomes.","You can avoid responsibility by blaming circumstances, claiming that you merely accept whatever happens without any need to reflect or adapt.","You must actively seize every opportunity as it arises, shaping your fate through decisive action.",A,"You must actively seize every opportunity as it arises, shaping your fate through decisive action.","You should passively resign yourself to fate, believing that personal effort cannot influence outcomes.","You can avoid responsibility by blaming circumstances, claiming that you merely accept whatever happens without any need to reflect or adapt.","<reasoning>
The proverb emphasizes a relaxed, non‑resistant attitude toward life’s unfolding events, suggesting we should meet circumstances with equanimity rather than struggle or anxiety. A plausible but subtly wrong reading might flip this into a call for active manipulation (seizing opportunities as they appear), or into a rigid fatalism that denies any personal agency, or into a permissive st",1.0,1.0,2.38,0.95,98.5
b,cot_en,German,MID0581,"Alle wissen guten Rath, Nur nicht, wer ihn nöthig hat","Everyone knows good advice, but not the one who needs it",Advice is easy to give to others but hard to follow when you need it yourself.,True,"The proverb means that good advice is widely known, but the person who actually needs it is usually absent or unwilling to hear it, so advice never reaches its intended recipient.","It suggests that those who are most eager to give advice are often the ones who lack personal experience, highlighting a disconnect between advice-giving and lived experience.","The saying implies that advice is only valuable when given to someone who does not yet recognize they need it, rendering advice useless once the recipient acknowledges their problem.",Advice is easy to give to others but hard to follow when you need it yourself.,D,"The proverb means that good advice is widely known, but the person who actually needs it is usually absent or unwilling to hear it, so advice never reaches its intended recipient.","It suggests that those who are most eager to give advice are often the ones who lack personal experience, highlighting a disconnect between advice-giving and lived experience.","The saying implies that advice is only valuable when given to someone who does not yet recognize they need it, rendering advice useless once the recipient acknowledges their problem.","[""The proverb means that good advice is widely known, but the person who actually needs it is usually absent or unwilling to hear it, so advice never reaches its intended recipient."",""It suggests that those who are most eager to give advice are often the ones who lack personal experience, highlighting a disconnect between advice-giving and lived experience."",""The saying implies that advice is only",1.0,1.0,1.81,0.87,96.1
b,cot_en,German,MID0582,Allein ist besser als mit Schlechten im Verein,Better alone than in bad company,"Solitude is preferable to bad company, but good company is better than being alone.",True,"Solitude is preferable to bad company, but good company is better than being alone.",Being alone is always the best choice; the proverb rejects the idea that any companionship could improve one's life.,"The proverb implies that one should only associate with flawless people, and any less-than-perfect company is considered bad, so solitude is preferable unless you find perfect friends.","It means that the primary goal is to avoid negative influences at all costs, even if that leads to chronic isolation, because any risk of bad company outweighs the potential benefits of good company.",A,Being alone is always the best choice; the proverb rejects the idea that any companionship could improve one's life.,"The proverb implies that one should only associate with flawless people, and any less-than-perfect company is considered bad, so solitude is preferable unless you find perfect friends.","It means that the primary goal is to avoid negative influences at all costs, even if that leads to chronic isolation, because any risk of bad company outweighs the potential benefits of good company.","<reasoning>
The proverb’s nuance is that solitude is preferable to bad company, but good company is actually better than being alone. A plausible but subtly wrong interpretation would overlook the latter part, treating solitude as universally superior or adding extra conditions (like requiring perfect company) that the original does not imply. These misreadings seem reasonable because they focus o",1.0,1.0,1.9,0.89,96.7
b,cot_en,German,MID0583,Am vielen Lachen erkennt man den Narren,A fool is ever laughing,Fools are recognized by their constant laughter and lack of seriousness.,True,"It suggests that Germans view those who laugh often as trustworthy and sincere, so laughter is a sign of reliability.","The saying advises that to avoid being perceived as a fool, one should laugh more often to mask any lack of seriousness.",Fools are recognized by their constant laughter and lack of seriousness.,The proverb means that frequent laughter indicates wisdom and good judgment in German culture.,C,The proverb means that frequent laughter indicates wisdom and good judgment in German culture.,"It suggests that Germans view those who laugh often as trustworthy and sincere, so laughter is a sign of reliability.","The saying advises that to avoid being perceived as a fool, one should laugh more often to mask any lack of seriousness.","<reasoning>Plausible but subtly wrong interpretations often arise when readers overgeneralize a cultural trait, confuse similar-sounding words, or shift the proverb from descriptive to prescriptive. For the German saying, one might mistakenly link laughter to positive traits like wisdom or trustworthiness, confuse ""Narren"" with the carnival figure ""Narr"" (jester), or read the line as advice on how",1.0,1.0,1.7,0.89,96.7
b,cot_en,German,MID0584,An den Früchten erkennt man den Baum,The apple does not fall far from the tree,Children resemble their parents in behavior and character.,True,You can predict a child’s future success by examining their parents’ accomplishments.,Children resemble their parents in behavior and character.,A person’s ethnic identity can be inferred directly from the physical appearance of their offspring.,The quality of a tree’s fruit determines its exact botanical species.,B,You can predict a child’s future success by examining their parents’ accomplishments.,The quality of a tree’s fruit determines its exact botanical species.,A person’s ethnic identity can be inferred directly from the physical appearance of their offspring.,"<reasoning>
When interpreting proverbs, people often latch onto the concrete imagery (fruit, tree) and extend it to domains where the metaphor doesn’t fit, such as judging success, ethnicity, or deterministic outcomes. These interpretations seem plausible because they preserve the causal link implied by “fruit reveals the tree,” but they subtly shift the focus from the original cultural point—chil",1.0,1.0,1.58,0.9,97.0
b,cot_en,German,MID0585,"Anfangen ist leicht, beharren eine Kunst","To begin is easy, to persist is an art","Starting something is simple, but continuing and finishing requires skill and discipline.",True,"Starting something is simple, but continuing and finishing requires skill and discipline.","Beginning something is hard, but sticking with it is simple.","The saying means that initiating a project demands creativity, whereas persevering is just mechanical work.","It implies that both starting and continuing are difficult, but persistence is considered an artistic skill worth admiring.",A,"Beginning something is hard, but sticking with it is simple.","The saying means that initiating a project demands creativity, whereas persevering is just mechanical work.","It implies that both starting and continuing are difficult, but persistence is considered an artistic skill worth admiring.","[""Beginning something is hard, but sticking with it is simple."", ""The saying means that initiating a project demands creativity, whereas persevering is just mechanical work."", ""It implies that both starting and continuing are difficult, but persistence is considered an artistic skill worth admiring.""]",1.0,1.0,1.19,0.92,97.6
b,cot_en,German,MID0586,Angebotene Waare stinkt,Proffered service stinks,Unsolicited offers are often unwelcome or suspicious.,True,The saying advises that one should always inspect offered items carefully because they may be contaminated or spoiled.,The proverb warns that goods offered for free are often of poor quality or defective.,"It suggests that in German business culture, offering a service without being asked is seen as a generous gesture that builds trust.",Unsolicited offers are often unwelcome or suspicious.,D,The proverb warns that goods offered for free are often of poor quality or defective.,"It suggests that in German business culture, offering a service without being asked is seen as a generous gesture that builds trust.",The saying advises that one should always inspect offered items carefully because they may be contaminated or spoiled.,"<reasoning>
When crafting plausible but subtly incorrect interpretations, I consider how a reader might misapply the proverb by focusing on literal elements (like the word ""stinkt"" meaning ""stinks""), conflating it with similar sayings about gifts or trust, or attributing it to a different cultural context where unsolicited offers are seen positively. Each wrong interpretation should feel reasonabl",1.0,1.0,2.62,0.94,98.2
b,cot_en,German,MID0587,"Arzt, hilf dir selber","Physician, heal thyself",Do not criticize others for faults you have yourself.,True,Do not criticize others for faults you have yourself.,"It advises doctors to avoid seeking help from colleagues and rely solely on their own skills, promoting professional isolation.","It means a physician must treat their own illness before treating others, emphasizing personal health as a prerequisite for professional competence.","It suggests that one should not trust medical advice from a physician who is ill, as their sickness undermines their credibility.",A,"It means a physician must treat their own illness before treating others, emphasizing personal health as a prerequisite for professional competence.","It advises doctors to avoid seeking help from colleagues and rely solely on their own skills, promoting professional isolation.","It suggests that one should not trust medical advice from a physician who is ill, as their sickness undermines their credibility.","<reasoning>Wrong interpretations often arise from taking the literal meaning of ""Physician, heal thyself"" and applying it to medical practice or personal health, rather than recognizing the idiomatic warning against hypocrisy. These readings seem plausible because they involve doctors and self-care, but they miss the core moral about not judging others for faults you share.</reasoning>
[""It means ",1.0,1.0,2.26,0.89,96.7
b,cot_en,German,MID0588,Auch der kleinste Feind ist nicht zu verachten,There is no little enemy,Even small enemies or problems should not be underestimated.,True,Interpret the proverb as saying only large enemies matter and small threats can be ignored.,Read 'nicht zu verachten' as a recommendation to despise or scorn small enemies.,Even small enemies or problems should not be underestimated.,"Misinterpret 'kleinst' as 'kindest,' suggesting the kindest enemy should not be underestimated.",C,Interpret the proverb as saying only large enemies matter and small threats can be ignored.,Read 'nicht zu verachten' as a recommendation to despise or scorn small enemies.,"Misinterpret 'kleinst' as 'kindest,' suggesting the kindest enemy should not be underestimated.","<reasoning>
The proverb warns against underestimating even minor threats. A plausible but wrong reading might take ""Feind"" (enemy) at face value and think it refers to literal military foes, leading to the idea that only large armies matter and small skirmishes can be ignored—this misses the metaphorical extension to everyday problems. Another tempting error is to invert the negation, interpreting",1.0,1.0,1.48,0.92,97.6
b,cot_en,German,MID0589,Auf einen groben Klotz gehört ein grober Keil,You must meet roughness with roughness,Respond to rudeness or harshness with equal firmness.,True,"In social interactions, respond to politeness with equal politeness, i.e., mirroring courteous behavior","In craftsmanship, a large wooden block requires a large wedge to split it, symbolizing that big tasks need big resources","When faced with a stubborn person, use a bigger, more forceful argument to overpower them",Respond to rudeness or harshness with equal firmness.,D,"When faced with a stubborn person, use a bigger, more forceful argument to overpower them","In craftsmanship, a large wooden block requires a large wedge to split it, symbolizing that big tasks need big resources","In social interactions, respond to politeness with equal politeness, i.e., mirroring courteous behavior","<reasoning>
Wrong interpretations often seem plausible because they either take the metaphor too literally, shift the focus from interpersonal behavior to task‑oriented advice, or invert the valence (e.g., applying the principle to politeness instead of roughness). These subtle shifts make the interpretations sound reasonable but they miss the core cultural nuance of matching rudeness with equal f",1.0,1.0,2.0,0.93,97.9
b,cot_en,German,MID0590,"Aus den Augen, aus dem Sinn","Out of sight, out of mind",Things or people fade from memory when they are no longer visible.,True,Physical blindness leads to a loss of sanity or sensibility.,The proverb tells you to avoid looking at distractions to keep your mind focused.,Things or people fade from memory when they are no longer visible.,"If you don't see something, it ceases to exist in reality.",C,"If you don't see something, it ceases to exist in reality.",The proverb tells you to avoid looking at distractions to keep your mind focused.,Physical blindness leads to a loss of sanity or sensibility.,"<reasoning>The German proverb ""Aus den Augen, aus dem Sinn"" is often taken as a prescriptive statement about perception and cognition, leading to interpretations that confuse its observational nature with causal claims or advice. A plausible but subtly incorrect reading might treat the phrase as implying that lack of sight causes something to cease to exist, that it offers a strategy for mental fo",1.0,1.0,0.97,0.94,98.2
b,cot_en,German,MID0592,Aufgewärmter Kohl war niemals gut,Reheated cabbage was never good,Rehashing old issues or ideas rarely leads to good results.,True,"It suggests that Germans traditionally dislike reheated cabbage, reflecting a regional culinary preference for freshly cooked vegetables.","It advises that one should always prepare fresh cabbage and never store leftovers, emphasizing the cultural importance of freshness in German cooking.",Rehashing old issues or ideas rarely leads to good results.,It warns against eating reheated cabbage because it loses nutritional value and becomes unhealthy.,C,It warns against eating reheated cabbage because it loses nutritional value and becomes unhealthy.,"It suggests that Germans traditionally dislike reheated cabbage, reflecting a regional culinary preference for freshly cooked vegetables.","It advises that one should always prepare fresh cabbage and never store leftovers, emphasizing the cultural importance of freshness in German cooking.","<reasoning>The proverb uses a food metaphor to convey a broader lesson about revisiting old topics. A plausible but subtly incorrect interpretation might treat the statement as literal culinary advice, focusing on nutrition, taste, or regional eating habits, thereby missing the figurative meaning about rehashing ideas or issues.</reasoning>
[""It warns against eating reheated cabbage because it los",1.0,1.0,1.77,0.93,97.9
b,cot_en,German,MID0593,Aufschub bringt Gefahr,There is danger in delay,Postponing action can lead to missed opportunities or worse problems.,True,Postponing action can lead to missed opportunities or worse problems.,"Delay is dangerous only when it involves financial decisions, implying that postponing money-related actions leads to loss.",It advises that one should never delay because doing so shows lack of courage.,"The saying means that any delay will inevitably cause immediate physical harm, such as injury.",A,"Delay is dangerous only when it involves financial decisions, implying that postponing money-related actions leads to loss.","The saying means that any delay will inevitably cause immediate physical harm, such as injury.",It advises that one should never delay because doing so shows lack of courage.,"[""Delay is dangerous only when it involves financial decisions, implying that postponing money-related actions leads to loss."", ""The saying means that any delay will inevitably cause immediate physical harm, such as injury."", ""It advises that one should never delay because doing so shows lack of courage.""]",1.0,1.0,1.53,0.92,97.6
b,cot_en,German,MID0594,Aus einer Mücke einen Elefanten machen,To make an elephant out of a fly,Exaggerating minor issues into major problems.,True,To downplay a major problem by treating it as trivial,To literally construct an elephant sculpture from a fly,To turn a small opportunity into a great success,Exaggerating minor issues into major problems.,D,To turn a small opportunity into a great success,To downplay a major problem by treating it as trivial,To literally construct an elephant sculpture from a fly,"<reasoning>
When people encounter the German idiom ""Aus einer Mücke einen Elefanten machen,"" they might latch onto the literal image of turning a fly into an elephant and then apply it in ways that feel intuitive but miss the nuance. Common pitfalls include interpreting the phrase as a positive transformation (making something small into something great), reversing the direction of exaggeration (d",1.0,1.0,1.56,0.87,96.1
b,cot_en,German,MID0595,"Bald geben, ist doppelt geben",He gives twice who gives quickly,Quick generosity or help has double the value.,True,"It implies that quick charitable donations yield double tax deductions or financial benefits, confusing the moral double‑value with a material incentive.","The proverb means that giving something before being asked guarantees you will receive twice as much in return, emphasizing reciprocal reward rather than the inherent value of swift help.","It suggests that early gifts in a relationship (like courting or friendship) count as double the effort, implying that timing influences relational weight more than the act itself.",Quick generosity or help has double the value.,D,"The proverb means that giving something before being asked guarantees you will receive twice as much in return, emphasizing reciprocal reward rather than the inherent value of swift help.","It suggests that early gifts in a relationship (like courting or friendship) count as double the effort, implying that timing influences relational weight more than the act itself.","It implies that quick charitable donations yield double tax deductions or financial benefits, confusing the moral double‑value with a material incentive.","<reasoning>Wrong interpretations often arise when listeners focus on secondary aspects of the proverb—such as expected returns, relational strategy, or material incentives—rather than its core idea that the moral worth of generosity is heightened by promptness. These readings seem plausible because they involve timing or quick action, but they shift the meaning from intrinsic value to extrinsic be",1.0,1.0,3.25,0.9,97.0
b,cot_en,German,MID0596,Bald reif hält nicht steif,"Early ripe, early rotten",Precocious success or talent is often short-lived.,True,It advises that rushing into decisions leads to enduring success.,Precocious success or talent is often short-lived.,It means that early‑ripening crops are more resilient and will stay fresh longer.,It encourages people to develop talents quickly because early achievement guarantees lasting fame.,B,It encourages people to develop talents quickly because early achievement guarantees lasting fame.,It means that early‑ripening crops are more resilient and will stay fresh longer.,It advises that rushing into decisions leads to enduring success.,"[""It encourages people to develop talents quickly because early achievement guarantees lasting fame."",""It means that early‑ripening crops are more resilient and will stay fresh longer."",""It advises that rushing into decisions leads to enduring success.""]",1.0,1.0,1.71,0.92,97.6
b,cot_en,German,MID0597,Barmherzigkeit fängt en zu Hause an,Charity begins at home,Help and kindness should start with your own family.,True,The proverb means you should only help those living under your own roof and never assist anyone outside your household.,One must first improve or clean one’s own living environment before engaging in any charitable acts toward others.,Help and kindness should start with your own family.,"Charity should be given first to people who lack a home, i.e., the homeless.",C,"Charity should be given first to people who lack a home, i.e., the homeless.",The proverb means you should only help those living under your own roof and never assist anyone outside your household.,One must first improve or clean one’s own living environment before engaging in any charitable acts toward others.,"<reasoning>Misinterpretations often arise when the metaphorical sense of ""home"" is taken too literally, when the idea of ""begins at"" is read as an exclusive limit rather than a starting point, or when the focus shifts from family to personal conditions or external circumstances. These readings seem plausible because they involve familiar concepts (shelter, self‑improvement, exclusivity) but they m",1.0,1.0,1.93,0.95,98.5
b,cot_en,German,MID0598,Bedenke das Ende,"Whatever you do, act wisely, and consider the end",Always think about the consequences before acting.,True,"Always remember that life is short and you should live for the moment, because the end is inevitable.",Always think about the consequences before acting.,"When making decisions, focus solely on the final result and ignore the steps needed to get there.","The proverb advises you to anticipate the ending of a story or narrative before you begin, like planning a plot.",B,"Always remember that life is short and you should live for the moment, because the end is inevitable.","When making decisions, focus solely on the final result and ignore the steps needed to get there.","The proverb advises you to anticipate the ending of a story or narrative before you begin, like planning a plot.","<reasoning>The German proverb ""Bedenke das Ende"" literally means ""consider the end,"" but its cultural sense is about weighing the consequences of one's actions before acting. Wrong interpretations often latch onto the literal idea of ""the end"" but shift the focus to unrelated concepts like mortality, outcome‑only thinking, or narrative planning, making them seem plausible yet missing the nuance of",1.0,1.0,2.62,0.93,97.9
b,cot_en,German,MID0599,"Bedenke, dass du sterben musst",Remember that you must die,Contemplate mortality to live wisely.,True,It urges people to resign themselves to fate and avoid any effort to change their circumstances.,Contemplate mortality to live wisely.,"It implies that because death is certain, one should indulge in hedonistic pleasures without restraint.",It suggests that one should focus on arranging one's own death and funeral preparations as a primary life goal.,B,It urges people to resign themselves to fate and avoid any effort to change their circumstances.,It suggests that one should focus on arranging one's own death and funeral preparations as a primary life goal.,"It implies that because death is certain, one should indulge in hedonistic pleasures without restraint.","<reasoning>
The proverb ""Bedenke, dass du sterben musst"" is often taken literally as a morbid reminder of death, but its cultural meaning in German-speaking contexts is Stoic: reflecting on mortality to cultivate wisdom, prioritize what truly matters, and live virtuously. Misinterpretations arise when readers focus on the inevitability of death without the reflective, ethical dimension, leading to",1.0,1.0,3.33,0.91,97.3
b,cot_en,German,MID0600,"Behüte mich Gott vor meinen Freunden, mit den Feinden will ich schon fertig werden","Defend me from my friends, from my enemies I can defend myself",Friends can sometimes cause more harm than enemies.,True,"The proverb means that one should ask God to protect them from enemies, while friends can be relied upon for support.","It suggests that enemies are actually less threatening than friends, so you should trust enemies more than friends in difficult situations.","It advises avoiding all friendships entirely, because any friend will inevitably betray you like an enemy does.",Friends can sometimes cause more harm than enemies.,D,"The proverb means that one should ask God to protect them from enemies, while friends can be relied upon for support.","It advises avoiding all friendships entirely, because any friend will inevitably betray you like an enemy does.","It suggests that enemies are actually less threatening than friends, so you should trust enemies more than friends in difficult situations.","<reasoning>Wrong interpretations often arise from taking the proverb’s contrast between friends and enemies too literally, either by inverting the relationship (suggesting enemies need divine help) or by overgeneralizing the warning (implying all friends are harmful or that enemies are harmless). These readings sound plausible because they preserve the surface structure of the statement but miss t",1.0,1.0,2.46,0.95,98.5
b,cot_en,German,MID0601,Bei offener Kiste mag auch der Fromme ein Schalk werden,A nice wife and a back door oft make a rich man poor,Temptations in the home can lead to ruin.,True,"An open cash register in a shop tempts even a devout employee to embezzle, showing that workplace opportunity can corrupt piety.",Temptations in the home can lead to ruin.,"Leaving your front door open invites even a pious neighbor to sneak in and cause mischief, illustrating how lax security can bring trouble.","An open invitation to a feast can lead a solemn person to overindulge and become gluttonous, suggesting that indulgence at gatherings ruins one's virtue.",B,"An open cash register in a shop tempts even a devout employee to embezzle, showing that workplace opportunity can corrupt piety.","Leaving your front door open invites even a pious neighbor to sneak in and cause mischief, illustrating how lax security can bring trouble.","An open invitation to a feast can lead a solemn person to overindulge and become gluttonous, suggesting that indulgence at gatherings ruins one's virtue.","<reasoning>These interpretations sound plausible because they focus on the idea of opportunity leading even a pious person astray, but they shift the context away from the proverb’s specific warning about domestic temptations (such as a spouse or easy access) causing ruin, instead applying the concept to workplace honesty, home security, or feasting excess.</reasoning>
[""An open cash register in a",1.0,1.0,2.83,0.85,95.5
b,cot_en,German,MID0602,Berühre nicht alte Wunden,It is not wise to open old wounds,Avoid reopening past hurts or arguments.,True,"It advises Germans to avoid discussing historical events like World War II, because bringing up the past reopens national trauma.","It means you should never physically touch someone's old scars, as it could cause infection.",Avoid reopening past hurts or arguments.,"It suggests that one should not revisit old romantic relationships, as doing so will inevitably lead to heartbreak.",C,"It means you should never physically touch someone's old scars, as it could cause infection.","It advises Germans to avoid discussing historical events like World War II, because bringing up the past reopens national trauma.","It suggests that one should not revisit old romantic relationships, as doing so will inevitably lead to heartbreak.","<reasoning>These interpretations seem plausible because they each focus on a concrete scenario—physical injury, national history, or romance—that could be seen as ""old wounds."" However, they are subtly incorrect because they narrow the proverb's broad metaphorical advice about avoiding any reopening of past hurts into a specific literal or situational rule, missing the general principle of letting",1.0,1.0,2.94,0.92,97.6
b,cot_en,German,MID0603,Besser arm in Ehren als reich in Schanden,Better poor in honor than rich in shame,Integrity and honor are more important than wealth gained dishonestly.,True,Integrity and honor are more important than wealth gained dishonestly.,"It means that any pursuit of wealth inevitably leads to shame, thus riches are inherently disgraceful.","The proverb teaches that poverty is morally superior to wealth, so one should strive to be poor to be virtuous.","The saying advises that honor can only be attained by those who lack material riches, implying the rich cannot be honorable.",A,"The proverb teaches that poverty is morally superior to wealth, so one should strive to be poor to be virtuous.","It means that any pursuit of wealth inevitably leads to shame, thus riches are inherently disgraceful.","The saying advises that honor can only be attained by those who lack material riches, implying the rich cannot be honorable.","<reasoning>
The proverb contrasts material wealth gained dishonorably with poverty accompanied by integrity. A plausible but subtly wrong reading might flip the relationship, suggesting that poverty itself is virtuous or that wealth is inherently shameful, thereby missing the nuance that the proverb critiques the means of acquiring riches, not riches themselves. Another common misinterpretation is",1.0,1.0,1.9,0.94,98.2
b,cot_en,German,MID0604,"Besser ein Narr mit allen andern, als ein Weiser und allein",Better a fool with everyone else than a wise man and alone,It's better to fit in than to be isolated in wisdom.,True,"The proverb advises that one should deliberately act foolishly to gain social acceptance, implying that intelligence is a barrier to belonging.",It's better to fit in than to be isolated in wisdom.,"The saying promotes the idea that solitude is inherently negative, and that any form of companionship, even with fools, guarantees happiness.","It means that wisdom is only valuable when shared with others, so a wise person must always seek companionship to be meaningful.",B,"The proverb advises that one should deliberately act foolishly to gain social acceptance, implying that intelligence is a barrier to belonging.","It means that wisdom is only valuable when shared with others, so a wise person must always seek companionship to be meaningful.","The saying promotes the idea that solitude is inherently negative, and that any form of companionship, even with fools, guarantees happiness.","<reasoning>These interpretations seem plausible because they touch on themes of social conformity, the value of wisdom, and the negative view of solitude, but each subtly misrepresents the proverb’s comparative advice by overemphasizing intentional foolishness, conditional value of wisdom, or guaranteeing happiness from any companionship.</reasoning>
[""The proverb advises that one should deliberat",1.0,1.0,1.94,0.91,97.3
b,cot_en,German,MID0605,"Besser ein Spatz in der Hand, als eine Taube auf dem Dach",A bird in the hand is worth two in the bush,Certainty is better than risky prospects.,True,"It suggests that material possessions you already own are inherently more valuable than any potential future acquisitions, encouraging a mindset of possessiveness and reluctance to share or invest.","The saying is a comment on urban versus rural life, implying that a small city bird (sparrow) in hand is preferable to a rural dove on the roof, thus advocating for urban living over countryside.",Certainty is better than risky prospects.,"The proverb advises that one should always settle for modest, easily attainable goals rather than striving for ambitious achievements, because ambition leads to disappointment.",C,"The proverb advises that one should always settle for modest, easily attainable goals rather than striving for ambitious achievements, because ambition leads to disappointment.","It suggests that material possessions you already own are inherently more valuable than any potential future acquisitions, encouraging a mindset of possessiveness and reluctance to share or invest.","The saying is a comment on urban versus rural life, implying that a small city bird (sparrow) in hand is preferable to a rural dove on the roof, thus advocating for urban living over countryside.","[""The proverb advises that one should always settle for modest, easily attainable goals rather than striving for ambitious achievements, because ambition leads to disappointment."", ""It suggests that material possessions you already own are inherently more valuable than any potential future acquisitions, encouraging a mindset of possessiveness and reluctance to share or invest."", ""The saying is a c",1.0,1.0,4.83,0.93,97.9
b,cot_en,German,MID0606,Blinder Eifer ist Feuer ohne Licht,Zeal without knowledge is a runaway horse,Blind enthusiasm without understanding is dangerous.,True,It criticizes German engineers for over‑designing without practical vision,Blind enthusiasm without understanding is dangerous.,The proverb warns about literal fire hazards needing illumination,Blind zeal is a virtue that guarantees success,B,Blind zeal is a virtue that guarantees success,The proverb warns about literal fire hazards needing illumination,It criticizes German engineers for over‑designing without practical vision,"<reasoning>
A wrong interpretation can seem plausible because it takes a literal element of the metaphor (fire, light, zeal) and applies it to a related cultural value or practical concern, but it shifts the focus from the proverb's warning about misguided enthusiasm to either endorsing the enthusiasm, narrowing it to a safety rule, or conflating it with a different cultural trait like efficiency.",1.0,1.0,1.44,1.0,100.0
b,cot_en,German,MID0607,Blut ist dicker als Wasser,Blood is thicker than water,Family bonds are stronger than other relationships.,True,"It advises that in heraldry, a bloody symbol (representing family lineage) should be displayed more prominently than a watery symbol (representing purity), because blood signifies greater significance than water.","It suggests that one's ethnic or racial lineage (blood) outweighs one's wealth or social status (water), implying heritage is more important than economic success.",Family bonds are stronger than other relationships.,"The saying means that in a medical emergency you should give someone a blood transfusion before offering them water, because blood is more vital than hydration.",C,"The saying means that in a medical emergency you should give someone a blood transfusion before offering them water, because blood is more vital than hydration.","It suggests that one's ethnic or racial lineage (blood) outweighs one's wealth or social status (water), implying heritage is more important than economic success.","It advises that in heraldry, a bloody symbol (representing family lineage) should be displayed more prominently than a watery symbol (representing purity), because blood signifies greater significance than water.","<reasoning>Wrong interpretations often arise by taking the metaphor too literally or by transplanting the comparison to unrelated domains (e.g., medical priority, ethnic superiority, heraldic symbolism). They sound plausible because they preserve the surface structure “X is thicker than Y” but subtly shift the meaning away from the original contrast between family bonds and other relationships.</r",1.0,1.0,3.76,0.87,96.1
b,cot_en,German,MID0608,Blödes Herz buhlt keine schöne Frau,Faint heart never won fair lady,Courage is needed to win affection or success.,True,"It means that persistence, not bravery, is the key to winning affection.",It means that intelligence is required to win a beautiful woman.,Courage is needed to win affection or success.,It means that only those who are emotionally detached can attract a beautiful partner.,C,It means that intelligence is required to win a beautiful woman.,It means that only those who are emotionally detached can attract a beautiful partner.,"It means that persistence, not bravery, is the key to winning affection.","<reasoning>Wrong interpretations often seem plausible because they replace the core idea of courage with a related but distinct virtue (such as intelligence, patience, or emotional detachment) or introduce external factors like wealth, which align with the proverb's surface theme of winning affection but miss the essential moral about boldness.</reasoning>
[""It means that intelligence is required ",1.0,1.0,1.54,0.78,93.4
b,cot_en,German,MID0609,Böses mit Gutem vergelten,Repay evil with good,Respond to negativity with kindness.,True,"If someone harms you, you should give them a present to create a sense of obligation",Respond to negativity with kindness.,You should only repay evil with good after the offender has apologized,Repaying evil with good means you must completely forget the wrongdoing and erase any memory of it,B,"If someone harms you, you should give them a present to create a sense of obligation",You should only repay evil with good after the offender has apologized,Repaying evil with good means you must completely forget the wrongdoing and erase any memory of it,"<reasoning>These interpretations seem plausible because they take the literal idea of “repaying evil with good” and add a common social nuance—such as giving a gift, waiting for an apology, or erasing the offense—but each subtly shifts the meaning by introducing conditions or outcomes not present in the original proverb, which simply advises responding to negativity with kindness without extra sti",1.0,1.0,3.0,0.88,96.4
b,cot_en,German,MID0610,Da liegt der Hund begraben,To smell a rat,Suspect hidden problems or motives.,True,Suspect hidden problems or motives.,To feel grateful for small blessings,To avoid confrontation by burying the hatchet,To accept fate and stop digging for answers,A,To feel grateful for small blessings,To avoid confrontation by burying the hatchet,To accept fate and stop digging for answers,"<reasoning>Misinterpretations often arise from taking the literal image of a buried dog and mapping it onto familiar English idioms about loyalty, secrecy, or futile effort, while overlooking the German idiom's specific sense of suspecting something hidden. These wrong meanings feel plausible because they involve dogs, burial, or hidden things, but they shift the focus from suspicion to unrelated ",1.0,1.0,1.4,0.89,96.7
b,cot_en,German,MID0611,"Das Auge sieht weit, der Verstand noch weiter",The eye looks but it is the mind that sees,Insight and understanding go beyond mere observation.,True,"It encourages valuing mental journeys and daydreams over actual travel or observation, suggesting that imagination alone provides true far‑sight.",Insight and understanding go beyond mere observation.,"It warns that what we see is often deceptive, so we should distrust our eyes and rely solely on inner thought to avoid illusion.","The proverb tells us to use instruments like telescopes or microscopes to see farther, because the eye alone is insufficient and the mind cannot extend vision on its own.",B,"The proverb tells us to use instruments like telescopes or microscopes to see farther, because the eye alone is insufficient and the mind cannot extend vision on its own.","It warns that what we see is often deceptive, so we should distrust our eyes and rely solely on inner thought to avoid illusion.","It encourages valuing mental journeys and daydreams over actual travel or observation, suggesting that imagination alone provides true far‑sight.","<reasoning>
The proverb contrasts the limits of raw visual perception with the greater reach of intellect. A plausible but subtly wrong reading might misattribute the ""farther seeing"" to external tools, sheer skepticism of the senses, or imaginative escapism, thereby shifting the focus from cultivated understanding to technology, doubt, or fantasy. Each wrong interpretation sounds like it could fi",1.0,1.0,3.43,0.91,97.3
b,cot_en,German,MID0612,Das Bessere ist der Feind des guten,Better is the enemy of good,Perfectionism can prevent completion of good work.,True,"In German workplace culture, any attempt to exceed a satisfactory standard is seen as disrespectful to the existing work and must be avoided.",The saying warns that envy of something better will make you resent and destroy the good you already possess.,"Striving for better quality always ruins what is already good, so one should never attempt to improve anything.",Perfectionism can prevent completion of good work.,D,"Striving for better quality always ruins what is already good, so one should never attempt to improve anything.",The saying warns that envy of something better will make you resent and destroy the good you already possess.,"In German workplace culture, any attempt to exceed a satisfactory standard is seen as disrespectful to the existing work and must be avoided.","<reasoning>
The proverb’s wording can be read as a simple cause‑effect statement (“better” causes harm to “good”), which makes it easy to assume a literal warning against improvement or to conflate it with ideas of envy or rivalry. However, the intended cultural nuance is about the paralysis caused by excessive perfectionism, not a blanket rejection of betterment, a moral judgment about envy, or a",1.0,1.0,2.86,0.93,97.9
b,cot_en,German,MID0613,Das Beste kommt selten hernach,The best is seldom the last,Good opportunities or results don't always come last.,True,"The proverb means that Germans should save their best efforts for the final moment, as true excellence is reserved for the end.","It suggests that in German culture, the best results are rare and usually appear only after a long series of average outcomes, encouraging patience.","The saying reflects a belief that the best opportunities are often hidden and only revealed after one has moved on, so you should always look back to find them.",Good opportunities or results don't always come last.,D,"The proverb means that Germans should save their best efforts for the final moment, as true excellence is reserved for the end.","It suggests that in German culture, the best results are rare and usually appear only after a long series of average outcomes, encouraging patience.","The saying reflects a belief that the best opportunities are often hidden and only revealed after one has moved on, so you should always look back to find them.","<reasoning>The proverb's literal structure (""Das Beste kommt selten hernach"") can be misread as a comment on timing or effort, leading interpreters to think it speaks about when excellence appears rather than that it rarely appears later. Because German culture values thoroughness and patience, it's plausible to assume the saying encourages waiting for the best outcome, or that excellence emerges ",1.0,1.0,3.12,0.88,96.4
b,cot_en,German,MID0615,Das böse Gewissen verrät sich selbst,A guilty conscience needs no accuser,Guilt shows itself outwardly without needing accusation.,True,"The saying advises hiding guilt because it will reveal itself, so suppression is the best strategy.",Guilt shows itself outwardly without needing accusation.,"A guilty conscience will always bring external punishment, even without anyone accusing you.","If you feel guilty, you must confess it to others to relieve the burden.",B,"If you feel guilty, you must confess it to others to relieve the burden.","A guilty conscience will always bring external punishment, even without anyone accusing you.","The saying advises hiding guilt because it will reveal itself, so suppression is the best strategy.","<reasoning>These interpretations sound plausible because they touch on themes of guilt, confession, and consequences, which are related to the proverb's idea of a guilty conscience revealing itself. However, each subtly deviates: the first adds a requirement to confess, the second introduces external punishment rather than mere self‑revelation, and the third suggests suppressing guilt as a strateg",1.0,1.0,2.05,0.96,98.8
b,cot_en,German,MID0616,"Das Eisen schmieden, solange es heiß ist",Strike while the iron is hot,Act at the right moment when conditions are favorable.,True,"It suggests that you should only work on tasks when you feel emotionally 'hot' or passionate, and abandon them when you cool down.","It means you must act immediately without any planning or preparation, as delay will ruin the opportunity.","It advises that you should keep reheating your efforts (like reheating iron) to maintain productivity, implying constant effort is needed.",Act at the right moment when conditions are favorable.,D,"It means you must act immediately without any planning or preparation, as delay will ruin the opportunity.","It suggests that you should only work on tasks when you feel emotionally 'hot' or passionate, and abandon them when you cool down.","It advises that you should keep reheating your efforts (like reheating iron) to maintain productivity, implying constant effort is needed.","<reasoning>The proverb uses a blacksmith's image to convey the idea of seizing favorable moments. A wrong interpretation can seem plausible by focusing too literally on the iron, shifting the metaphor to internal states like emotion, or overemphasizing immediacy while ignoring the need for suitable conditions. These readings appear reasonable because they retain elements of the original image but ",1.0,1.0,2.22,0.91,97.3
b,cot_en,German,MID0617,Das Glück hilft den Kühnen,Fortune favors the bold,Courage and boldness bring success.,True,"It implies that fortune is a fickle entity that actively seeks out bold individuals to help them, as if luck has agency and preference, rather than being a statistical tendency.","It suggests that taking reckless risks without preparation will guarantee success, implying that boldness alone suffices regardless of skill or planning.",Courage and boldness bring success.,The proverb means that only those who are already fortunate can afford to be bold; boldness is a privilege of the lucky.,C,The proverb means that only those who are already fortunate can afford to be bold; boldness is a privilege of the lucky.,"It suggests that taking reckless risks without preparation will guarantee success, implying that boldness alone suffices regardless of skill or planning.","It implies that fortune is a fickle entity that actively seeks out bold individuals to help them, as if luck has agency and preference, rather than being a statistical tendency.","<reasoning>
The German proverb ""Das Glück hilft den Kühnen"" is often understood as a encouragement to act courageously, suggesting that bold actions increase the likelihood of favorable outcomes. However, its phrasing can lead to subtle misinterpretations if one overemphasizes the role of luck, treats boldness as a prerequisite for luck, or anthropomorphizes fortune. These readings seem plausible ",1.0,1.0,4.87,0.93,97.9
b,cot_en,German,MID0618,Das Herz lügt nicht,The heart does not lie,Instinct and inner feeling are truthful.,True,"You should always trust your romantic feelings because the heart never lies, meaning love is always genuine and never misguided.","The heart as a physical organ never deceives, so medical tests based on heart activity are infallible.","In business decisions, following your 'heart' guarantees success because the heart never lies, implying intuition is always superior to data.",Instinct and inner feeling are truthful.,D,"The heart as a physical organ never deceives, so medical tests based on heart activity are infallible.","You should always trust your romantic feelings because the heart never lies, meaning love is always genuine and never misguided.","In business decisions, following your 'heart' guarantees success because the heart never lies, implying intuition is always superior to data.","<reasoning>The proverb ""Das Herz lügt nicht"" is metaphorical, referring to inner intuition or gut feeling as a reliable guide. Wrong interpretations often treat it literally (as about the physical organ), overgeneralize its applicability (to all emotions or decisions), or ignore contextual nuance, making them seem plausible but subtly off.</reasoning>
[""The heart as a physical organ never deceives",1.0,1.0,3.17,0.85,95.5
b,cot_en,German,MID0619,Das Kind mit dem Bade ausschütten,Don't throw out the child with the bath water,Avoid excess in correction — don't discard the good with the bad.,True,"Always keep bath water for reuse after bathing a child, as discarding it is wasteful.",The proverb cautions against abandoning old bathing rituals when modernizing hygiene practices.,Avoid excess in correction — don't discard the good with the bad.,"Never leave a child alone in the tub, lest they be accidentally thrown out with the water.",C,"Always keep bath water for reuse after bathing a child, as discarding it is wasteful.","Never leave a child alone in the tub, lest they be accidentally thrown out with the water.",The proverb cautions against abandoning old bathing rituals when modernizing hygiene practices.,"[""Always keep bath water for reuse after bathing a child, as discarding it is wasteful."", ""Never leave a child alone in the tub, lest they be accidentally thrown out with the water."", ""The proverb cautions against abandoning old bathing rituals when modernizing hygiene practices.""]",1.0,1.0,1.22,0.96,98.8
b,cot_en,German,MID0620,"Das Pferd stirbt oft, ehe das Gras wächst",While the grass grows the steed starves,Delays in help or rewards cause loss.,True,Delays in help or rewards cause loss.,"It teaches that natural processes like grass growth are unreliable, so one should rely on artificial means to ensure survival.","The proverb advises waiting for favorable conditions before acting, as premature effort is wasted.","It warns that neglecting to feed horses while waiting for grass to grow will cause them to die, stressing proper animal husbandry.",A,"The proverb advises waiting for favorable conditions before acting, as premature effort is wasted.","It warns that neglecting to feed horses while waiting for grass to grow will cause them to die, stressing proper animal husbandry.","It teaches that natural processes like grass growth are unreliable, so one should rely on artificial means to ensure survival.","<reasoning>
The correct meaning of the proverb is about the detrimental effects of delay: waiting for help or reward can lead to loss before it arrives. Plausible but subtly incorrect interpretations might flip the advice (suggesting waiting is virtuous), focus on literal animal care rather than the metaphor, or shift the lesson to distrust of natural processes and reliance on artificial solutions",1.0,1.0,2.67,0.94,98.2
b,cot_en,German,MID0621,Das Weib ist des Mannes größtes Glück oder Unglück,Choose a wife rather by your ear than your eye,Character is more important than appearance in a partner.,True,"It advises evaluating a potential spouse by the sound of her voice instead of her appearance, assuming vocal traits predict marital harmony.",The proverb means a man should choose a wife based on her willingness to listen and obey rather than her looks.,Character is more important than appearance in a partner.,It suggests that a husband's happiness depends on whether his wife is attentive (good listener) rather than her physical beauty.,C,The proverb means a man should choose a wife based on her willingness to listen and obey rather than her looks.,It suggests that a husband's happiness depends on whether his wife is attentive (good listener) rather than her physical beauty.,"It advises evaluating a potential spouse by the sound of her voice instead of her appearance, assuming vocal traits predict marital harmony.","[""The proverb means a man should choose a wife based on her willingness to listen and obey rather than her looks."", ""It suggests that a husband's happiness depends on whether his wife is attentive (good listener) rather than her physical beauty."", ""It advises evaluating a potential spouse by the sound of her voice instead of her appearance, assuming vocal traits predict marital harmony.""]",1.0,1.0,2.33,0.88,96.4
b,cot_en,German,MID0622,"Das Wort verhallt, die Schrift bleibt",Paper is forbearing,Written words endure while spoken ones fade.,True,"It implies that in German culture a person's spoken reputation outweighs their written achievements, so fame comes from what you say rather than what you write.",Written words endure while spoken ones fade.,"It suggests that spoken words echo and linger like a sound in a hall, while written text is static and easily forgotten.","The proverb means spoken agreements are preferable because they are adaptable, whereas written contracts are rigid and outdated.",B,"The proverb means spoken agreements are preferable because they are adaptable, whereas written contracts are rigid and outdated.","It suggests that spoken words echo and linger like a sound in a hall, while written text is static and easily forgotten.","It implies that in German culture a person's spoken reputation outweighs their written achievements, so fame comes from what you say rather than what you write.","<reasoning>Wrong interpretations can seem plausible when readers focus on the metaphorical elements (""verhallt"" as echo, ""Schrift"" as typography) or overemphasize cultural stereotypes about oral tradition versus written records, leading them to invert the proverb’s emphasis or shift its focus to secondary aspects like flexibility, echoic persistence, or reputation, while missing the core contrast ",1.0,1.0,3.14,0.9,97.0
b,cot_en,German,MID0623,"Die zeiten änder sich, und wir ändern uns in ihnen",Times change and we are changed with them,Adaptation to change is necessary.,True,"It advises that we must continually update and reinvent our traditions to match every new trend, discarding historical continuity.",Adaptation to change is necessary.,"The proverb means we should passively accept whatever changes happen, implying we have no agency to influence or resist change.","It encourages individuals to see themselves as leaders who shape the times, positioning change as something we impose on society rather than something we experience together.",B,"The proverb means we should passively accept whatever changes happen, implying we have no agency to influence or resist change.","It advises that we must continually update and reinvent our traditions to match every new trend, discarding historical continuity.","It encourages individuals to see themselves as leaders who shape the times, positioning change as something we impose on society rather than something we experience together.","<reasoning>
Each wrong interpretation takes a kernel of truth from the proverb—acknowledging that times change and people are affected—but twists the emphasis in a way that misrepresents the original cultural nuance. The first suggests total passivity, ignoring the proverb’s implication of mutual influence. The second overemphasizes constant reinvention, neglecting the idea that adaptation can coe",1.0,1.0,4.33,0.93,97.9
b,cot_en,German,MID0624,Deine Wäsche wasche zu Hause,Don't wash your dirty linen in public,Handle private matters privately.,True,It advises keeping household chores private to avoid being judged as lazy or neglectful by neighbors.,Handle private matters privately.,It warns against discussing personal hygiene or bodily care in public to maintain modesty.,It encourages doing your own laundry at home to promote self-sufficiency and avoid reliance on external services.,B,It encourages doing your own laundry at home to promote self-sufficiency and avoid reliance on external services.,It warns against discussing personal hygiene or bodily care in public to maintain modesty.,It advises keeping household chores private to avoid being judged as lazy or neglectful by neighbors.,"[""It encourages doing your own laundry at home to promote self-sufficiency and avoid reliance on external services."", ""It warns against discussing personal hygiene or bodily care in public to maintain modesty."", ""It advises keeping household chores private to avoid being judged as lazy or neglectful by neighbors.""]",1.0,1.0,3.92,0.91,97.3
b,cot_en,German,MID0625,"Dem Beichtwater, Arzt unt Advokaten darf man nichts verschweigen","Hide nothing from thy minister, physician and lawyer",Be honest with advisors and professionals.,True,"One must always reveal every personal detail to clergy, doctors, and lawyers, or they will refuse to help you.","The saying means you should share your secrets exclusively with ministers, physicians, and attorneys, and never with anyone else.","It implies that these three professions have a legal or moral entitlement to know everything about you, so withholding information is a violation of their rights.",Be honest with advisors and professionals.,D,"One must always reveal every personal detail to clergy, doctors, and lawyers, or they will refuse to help you.","The saying means you should share your secrets exclusively with ministers, physicians, and attorneys, and never with anyone else.","It implies that these three professions have a legal or moral entitlement to know everything about you, so withholding information is a violation of their rights.","<reasoning>
The proverb advises openness with trusted advisors, but wrong interpretations can arise by over‑extending the duty to disclose, suggesting that these professionals have an automatic right to all personal information, or by reversing the advice to mean one should only confide in these three groups and nowhere else. Such readings sound plausible because they involve the same professions ",1.0,1.0,3.56,0.97,99.1
b,cot_en,German,MID0626,"Dem Hahn, der zu früh kräht, dreht man den Hals um",A cock that crows too early gets a twisted neck,Patience avoids premature action or punishment.,True,Patience avoids premature action or punishment.,Speaking before thinking leads to physical harm like a twisted neck,A rooster that crows before dawn must have its neck straightened to ensure proper crowing,Early risers should be punished to teach discipline,A,Early risers should be punished to teach discipline,A rooster that crows before dawn must have its neck straightened to ensure proper crowing,Speaking before thinking leads to physical harm like a twisted neck,"<reasoning>When encountering the proverb, readers may focus on the literal image of a rooster and twist it into advice about animal care, morning routines, or communication etiquette, missing the metaphorical warning against premature action. These readings sound reasonable because they involve cause‑effect relationships and timing, but they shift the focus from human patience to unrelated domains",1.0,1.0,1.89,0.91,97.3
b,cot_en,German,MID0627,Der Amboss erschrickt vor dem Hammer nicht,A good anvil does not fear the hammer,Strength and resilience withstand force.,True,The hammer should never strike an anvil because it damages the tool,Fear of the hammer indicates weakness in the anvil’s craftsmanship,A good worker must always fear the tools they use to stay vigilant,Strength and resilience withstand force.,D,The hammer should never strike an anvil because it damages the tool,Fear of the hammer indicates weakness in the anvil’s craftsmanship,A good worker must always fear the tools they use to stay vigilant,"<reasoning>
The proverb’s literal image of an anvil and hammer can be misread as advice about tools, fear, or conflict rather than a metaphor for personal resilience. A plausible but subtly wrong reading might focus on the hammer’s agency (e.g., the hammer should not frighten the anvil), misinterpret the direction of fear, or apply the metaphor to unrelated domains like emotional vulnerability or ",1.0,1.0,2.33,0.92,97.6
b,cot_en,German,MID0628,Der Fisch stinkt vom Kopf her,A fish stinks from the head,Problems originate from leadership or the top.,True,"It implies that eliminating the leader (the “head”) will instantly eradicate all problems within a group, just as cutting off a fish’s head stops the smell.","It warns that environmental contamination always begins at the headwater of a river, analogous to the fish’s head being the source of odor.","The proverb advises that to assess a product’s quality you should examine the fish’s head first, as it indicates freshness.",Problems originate from leadership or the top.,D,"The proverb advises that to assess a product’s quality you should examine the fish’s head first, as it indicates freshness.","It implies that eliminating the leader (the “head”) will instantly eradicate all problems within a group, just as cutting off a fish’s head stops the smell.","It warns that environmental contamination always begins at the headwater of a river, analogous to the fish’s head being the source of odor.","<reasoning>These interpretations seem plausible because they each draw on a logical extension of the fish metaphor—freshness inspection, problem‑solving by removing the head, and pollution originating at a source—but they misapply the proverb’s core cultural meaning, which is specifically about leadership being the root of organizational or societal issues, not about quality control, punitive remo",1.0,1.0,3.29,0.81,94.3
b,cot_en,German,MID0629,"Der Geizige ist keinem gut, ihm selbst der Ärgste",The covetous man is good to none and worst to himself,Greed harms the greedy most.,True,The proverb praises thriftiness as a virtue that benefits both the individual and society.,It warns that being generous to others ultimately harms the giver the most.,Greed harms the greedy most.,"It means that a miser is the worst person to everyone else, not to himself.",C,The proverb praises thriftiness as a virtue that benefits both the individual and society.,It warns that being generous to others ultimately harms the giver the most.,"It means that a miser is the worst person to everyone else, not to himself.","<reasoning>Wrong interpretations often arise from taking individual words out of their idiomatic context, conflating similar-sounding terms, or reversing the direction of the proverb’s cause‑effect relationship. For instance, misreading ""Geizige"" as a positive trait like ""thrifty"" or interpreting ""ihm selbst der Ärgste"" as referring to others rather than the miser himself can produce readings that",1.0,1.0,2.8,0.87,96.1
b,cot_en,German,MID0630,"Der Gesunde weiß nicht, wie reich er ist",Health is wealth,Good health is invaluable and often taken for granted.,True,"Only those who are ill understand the true value of money, so suffering leads to financial wisdom while health blinds one to economic realities.",Good health is invaluable and often taken for granted.,"Health is a tradable asset like stocks that can be bought, sold, and invested in to increase one's net worth.",Healthy people are unaware of their financial riches and should check their bank accounts to realize their true wealth.,B,Healthy people are unaware of their financial riches and should check their bank accounts to realize their true wealth.,"Only those who are ill understand the true value of money, so suffering leads to financial wisdom while health blinds one to economic realities.","Health is a tradable asset like stocks that can be bought, sold, and invested in to increase one's net worth.","<reasoning>Wrong interpretations often arise when the metaphorical link between health and wealth is taken too literally or shifted to a different domain (e.g., financial, intellectual, or social) while preserving the surface structure of the sentence. They seem plausible because they keep the idea that healthy people lack awareness of some valuable asset, but they miss the cultural emphasis on he",1.0,1.0,2.33,0.92,97.6
b,cot_en,German,MID0631,Alein ist besser als mit Schlechten im Verein,Better to be alone than in bad company,"It is preferable to be by oneself or in the company of good people rather than with bad ones, emphasizing the value of positive associations.",True,"It means one should stay single rather than enter an unhappy marriage, focusing specifically on marital advice.","It is preferable to be by oneself or in the company of good people rather than with bad ones, emphasizing the value of positive associations.","It advises avoiding all collaborative efforts, even with well‑intentioned people, because group work inevitably leads to compromise and mediocrity.","It warns against joining any organization with a bad reputation, such as a corrupt company or extremist group, implying that mere membership is harmful regardless of personal role.",B,"It means one should stay single rather than enter an unhappy marriage, focusing specifically on marital advice.","It warns against joining any organization with a bad reputation, such as a corrupt company or extremist group, implying that mere membership is harmful regardless of personal role.","It advises avoiding all collaborative efforts, even with well‑intentioned people, because group work inevitably leads to compromise and mediocrity.","<reasoning>These interpretations arise from taking the proverb’s words too literally or applying them to a narrow context (like marriage, organizational membership, or all group work) while missing the broader cultural nuance that it warns against any negative companionship, not just specific types of relationships or activities.</reasoning>
[""It means one should stay single rather than enter an u",1.0,1.0,0.85,0.97,99.1
b,cot_en,German,MID0632,Aller guten Dinge sind drei,All good things come in threes,"Good things or events often occur in sets of three, reflecting a cultural belief in triadic patterns and persistence.",True,"You must limit yourself to exactly three goals at any time, because pursuing more will dilute success and violate the proverb’s rule.","Good things or events often occur in sets of three, reflecting a cultural belief in triadic patterns and persistence.","In German tradition, any ceremony or ritual must contain three elements to attract good fortune; otherwise it is ineffective, as the proverb prescribes a triadic requirement.","The saying actually warns that after two fortunate events, a misfortune is inevitable, since bad things also come in threes, making it a cautionary note about impending loss.",B,"You must limit yourself to exactly three goals at any time, because pursuing more will dilute success and violate the proverb’s rule.","In German tradition, any ceremony or ritual must contain three elements to attract good fortune; otherwise it is ineffective, as the proverb prescribes a triadic requirement.","The saying actually warns that after two fortunate events, a misfortune is inevitable, since bad things also come in threes, making it a cautionary note about impending loss.","<reasoning>
Wrong interpretations often appear plausible because they latch onto the conspicuous element of the proverb—the number three—and assume it carries a prescriptive or mystical rule. They may overgeneralize the observation into a cultural prescription, confuse the valence (good vs. bad), or attribute ritual significance that the original saying does not imply. These interpretations seem r",1.0,1.0,1.33,0.92,97.6
b,cot_en,German,MID0633,Alles ist seinen Preis wert,Everything is worth its price,Items or actions are valued according to what someone is willing to pay or the effort involved.,True,Items or actions are valued according to what someone is willing to pay or the effort involved.,Everything must be purchased; nothing can be obtained for free.,"If something is expensive, it is automatically morally justified or desirable.",The price of an object is the sole determinant of its quality or worth.,A,Everything must be purchased; nothing can be obtained for free.,The price of an object is the sole determinant of its quality or worth.,"If something is expensive, it is automatically morally justified or desirable.","<reasoning>Wrong interpretations often appear plausible because they latch onto the literal mention of ""price"" and assume a direct, universal link between price and value, ignoring the proverb's nuance that value is determined by what someone is willing to pay or the effort involved, which includes subjective, non‑monetary, and contextual factors. They may overemphasize price as the sole or moral ",1.0,1.0,0.69,0.97,99.1
b,cot_en,German,MID0634,Alles zu seiner Zeit,Everything in its season,"Tasks and events should be addressed at the appropriate time, highlighting patience and timing.",True,"Tasks and events should be addressed at the appropriate time, highlighting patience and timing.","The proverb means you must wait for perfect conditions before acting, implying procrastination is virtuous","It suggests that time is a rigid schedule that cannot be altered, advocating strict adherence to calendars","Everything should be done immediately, ignoring timing",A,"Everything should be done immediately, ignoring timing","The proverb means you must wait for perfect conditions before acting, implying procrastination is virtuous","It suggests that time is a rigid schedule that cannot be altered, advocating strict adherence to calendars","[""Everything should be done immediately, ignoring timing"", ""The proverb means you must wait for perfect conditions before acting, implying procrastination is virtuous"", ""It suggests that time is a rigid schedule that cannot be altered, advocating strict adherence to calendars""]",1.0,1.0,0.93,0.97,99.1
b,cot_en,German,MID0635,Alte Füchse gehen schwer in die Falle,An old fox understands a trap,Experienced individuals are wary and difficult to deceive or catch.,True,The saying advises elders to avoid all risky situations to stay safe.,Experienced individuals are wary and difficult to deceive or catch.,"Old foxes move slowly, so they rarely get caught in traps.",Only experienced foxes know how to lay traps for others.,B,"Old foxes move slowly, so they rarely get caught in traps.",The saying advises elders to avoid all risky situations to stay safe.,Only experienced foxes know how to lay traps for others.,"[""Old foxes move slowly, so they rarely get caught in traps."",""The saying advises elders to avoid all risky situations to stay safe."",""Only experienced foxes know how to lay traps for others.""]",1.0,1.0,1.1,0.97,99.1
b,cot_en,German,MID0636,"Alte soll man ehren, Junge soll man lehren",Gray hairs are honorable; one should honor the old and teach the young,Respect for elders and education of youth are fundamental social duties.,True,Respect for elders and education of youth are fundamental social duties.,"The proverb means that only the elderly deserve honor and only the young deserve education, creating a strict, non‑overlapping division of duties by age.","It implies that honoring the old is a passive, ceremonial gesture whereas teaching the young is an active, progressive duty, framing elder respect as merely symbolic and youth education as the sole driver of societal advancement.","It suggests that respect is due solely to those with visible signs of aging (gray hair), while teaching is obligatory only for the young, thereby excluding middle‑aged individuals from both obligations.",A,"The proverb means that only the elderly deserve honor and only the young deserve education, creating a strict, non‑overlapping division of duties by age.","It suggests that respect is due solely to those with visible signs of aging (gray hair), while teaching is obligatory only for the young, thereby excluding middle‑aged individuals from both obligations.","It implies that honoring the old is a passive, ceremonial gesture whereas teaching the young is an active, progressive duty, framing elder respect as merely symbolic and youth education as the sole driver of societal advancement.","<reasoning>
The proverb’s simplicity can lead to overly literal readings that treat the two clauses as separate, exclusive duties rather than complementary social values. Misinterpretations often arise by assuming a strict age‑based division of roles, ignoring that the saying encourages mutual responsibility across generations and that respect and education are ongoing, not limited to specific age",1.0,1.0,2.76,0.89,96.7
b,cot_en,German,MID0638,"Andere Länder, andere Sitten","Other countries, other customs","When in a foreign place, adapt to local customs and behaviors.",True,"The proverb implies that customs only matter in your home country, so you can disregard local traditions while abroad.","When in a foreign place, adapt to local customs and behaviors.","Andere Länder, andere Sitten means you should stick to your own customs when traveling, since each country’s ways are fixed and you shouldn’t change them.","It suggests that learning about foreign customs is unnecessary because they are always different and unpredictable, making preparation futile.",B,"Andere Länder, andere Sitten means you should stick to your own customs when traveling, since each country’s ways are fixed and you shouldn’t change them.","The proverb implies that customs only matter in your home country, so you can disregard local traditions while abroad.","It suggests that learning about foreign customs is unnecessary because they are always different and unpredictable, making preparation futile.","<reasoning>These interpretations appear reasonable because they acknowledge the idea that customs differ across places, but they misinterpret the proverb’s advice about adaptation. Each wrong take either suggests that one should keep their own habits unchanged, that local customs can be ignored abroad, or that learning foreign customs is pointless—each subtly flips the core message of adapting to ",1.0,1.0,1.91,0.93,97.9
b,cot_en,German,MID0703,Barmherzigkeit fängt zu Hause an,Charity begins at home,Help should start with one's own family or household.,True,"The proverb means charity should be given only to one's immediate nuclear family, excluding extended family or community.",It suggests the first charitable duty is to improve or clean one's own home before helping others.,Help should start with one's own family or household.,It means all charitable acts must occur inside one's private residence; any external volunteering contradicts the saying.,C,"The proverb means charity should be given only to one's immediate nuclear family, excluding extended family or community.",It means all charitable acts must occur inside one's private residence; any external volunteering contradicts the saying.,It suggests the first charitable duty is to improve or clean one's own home before helping others.,"<reasoning>These interpretations sound plausible because they focus on the home setting or family, but they incorrectly add exclusivity, location limits, or confuse charity with home maintenance, deviating from the idea that helping should start with one's household but not be confined to it.</reasoning>[""The proverb means charity should be given only to one's immediate nuclear family, excluding e",1.0,1.0,1.93,0.88,96.4
b,cot_en,German,MID0729,"Die Zeiten ändern sich, und wir ändern uns in ihnen",Times change and we are changed with them,Adaptation to changing times is essential for survival.,True,"Individuals should simply accept societal changes without trying to shape them, reflecting a fatalistic attitude toward progress.",Adaptation to changing times is essential for survival.,"Only younger generations need to adapt to new times, while older people should remain unchanged and preserve tradition.","The saying implies that personal identity is wholly determined by the era, leaving no room for enduring values or individual agency.",B,"Individuals should simply accept societal changes without trying to shape them, reflecting a fatalistic attitude toward progress.","The saying implies that personal identity is wholly determined by the era, leaving no room for enduring values or individual agency.","Only younger generations need to adapt to new times, while older people should remain unchanged and preserve tradition.","The proverb emphasizes a dynamic, reciprocal relationship between individuals and their times: as circumstances evolve, people actively adjust themselves within those changing conditions. Misinterpretations often arise when readers overlook this mutual agency and instead view the saying as endorsing passivity, determinism, or age‑specific obligations, which subtly distorts its core message of proa",1.0,1.0,2.33,0.98,99.4
b,cot_en,German,MID0732,Klappe zu. Affe tot.,Mouth shut. Monkey dead.,This is the end of the conversation (like 'and Bob’s your uncle!').,True,"Interpret the phrase as a warning to stop speaking lest you provoke a dangerous animal, implying that silence prevents a monkey attack.",This is the end of the conversation (like 'and Bob’s your uncle!').,"Understand it as a theatrical cue meaning the performer should close their mouth prop and the monkey prop is removed, signaling the end of a scene.",Read it as a literal instruction for zookeepers: close the enclosure door (Klappe zu) and the monkey inside is considered dead for exhibit purposes.,B,"Interpret the phrase as a warning to stop speaking lest you provoke a dangerous animal, implying that silence prevents a monkey attack.","Understand it as a theatrical cue meaning the performer should close their mouth prop and the monkey prop is removed, signaling the end of a scene.",Read it as a literal instruction for zookeepers: close the enclosure door (Klappe zu) and the monkey inside is considered dead for exhibit purposes.,"<reasoning>Plausible but subtly wrong interpretations often arise from taking the literal elements of the proverb (mouth, monkey) and trying to map them onto unrelated cultural concepts, or from confusing it with similar-sounding idioms that have different meanings. These interpretations sound reasonable because they involve concrete actions (silencing, animal death) but miss the idiomatic sense o",1.0,1.0,2.0,0.86,95.8
b,cot_en,German,MID0734,Schwein gehabt,Pig had,To be lucky (have a stroke of luck).,True,"to be dirty or messy, as pigs wallow in mud","to own a pig or livestock, implying wealth","to be gluttonous or overindulgent, like a pig",To be lucky (have a stroke of luck).,D,"to own a pig or livestock, implying wealth","to be gluttonous or overindulgent, like a pig","to be dirty or messy, as pigs wallow in mud","<reasoning>The literal translation ""Pig had"" can mislead someone into thinking the phrase refers to owning or experiencing something pig‑related. Because pigs are culturally associated with wealth (livestock), gluttony, dirtiness, stubbornness, or illness, a learner might infer a meaning tied to those traits. However, the idiom actually uses ""Schwein"" as a historic symbol of good fortune, so any i",1.0,1.0,1.08,0.78,93.4
b,cot_en,German,MID0735,Jemanden etwas aus der Nase ziehen,To pull something out of someone’s nose,To tediously extract information from someone.,True,To coax someone into revealing a secret through flattery or charm,To literally remove a foreign object from someone’s nose,To tediously extract information from someone.,To torture someone until they confess,C,To literally remove a foreign object from someone’s nose,To coax someone into revealing a secret through flattery or charm,To torture someone until they confess,"<reasoning>The idiom uses a vivid image of pulling something from the nose to convey the difficulty of getting information, but a non‑native speaker might take the image literally, or confuse it with expressions about persuasion, coercion, or playful teasing, leading to interpretations that seem close but miss the nuance of tedious, reluctant extraction.</reasoning>
[""To literally remove a foreign",1.0,1.0,1.44,0.89,96.7
b,cot_en,German,MID0736,Blau sein,To be blue,To be drunk.,True,being a supporter of a political party that uses the color blue,feeling sad or depressed,being cold or turning blue from lack of oxygen,To be drunk.,D,feeling sad or depressed,being cold or turning blue from lack of oxygen,being a supporter of a political party that uses the color blue,"<reasoning>The phrase ""Blau sein"" literally translates to ""to be blue,"" which can mislead speakers of English into associating it with the English idiom ""feeling blue"" (sadness) or with physical states like cold-induced cyanosis, or with political affiliations (e.g., blue‑party symbols). These interpretations seem plausible because they draw on familiar cultural cues, but they miss the German idio",1.0,0.6666666666666666,2.78,0.91,87.3
b,cot_en,German,MID0737,Nicht mehr alle Tassen im Schrank haben,To not have all the cups in the cupboard,To not be quite right in the head (crazy).,True,To be financially unable to afford a full set of dishes,To have a minimalist lifestyle and therefore own only a few cups,"To be absent‑minded about household chores, like forgetting to put cups away",To not be quite right in the head (crazy).,D,To be financially unable to afford a full set of dishes,"To be absent‑minded about household chores, like forgetting to put cups away",To have a minimalist lifestyle and therefore own only a few cups,"<reasoning>The literal wording mentions cups and a cupboard, so listeners might assume the phrase refers to a tangible shortage or a habit related to dishware, making interpretations about finances, forgetfulness, or minimalism seem reasonable. However, the idiom’s meaning is purely metaphorical, describing a person’s mental state rather than any actual lack of cups or organizational behavior.</re",1.0,1.0,1.3,0.9,97.0
b,cot_en,German,MID0738,Da wird ja der Hund in der Pfanne verrückt!,That will make the dog in the pan crazy!,When something is shocking or unbelievable (in a bad way).,True,"It describes someone behaving so bizarrely that they are likened to a mad dog in a pan, suggesting a comical, rather than shocking, odd behavior.",When something is shocking or unbelievable (in a bad way).,"It refers to a literal kitchen accident where a dog ends up in a frying pan, causing chaos and meaning a messy cooking mishap.","It means the situation is so thrilling or exciting that even a dog would go crazy, implying a positive, exhilarating event.",B,"It means the situation is so thrilling or exciting that even a dog would go crazy, implying a positive, exhilarating event.","It refers to a literal kitchen accident where a dog ends up in a frying pan, causing chaos and meaning a messy cooking mishap.","It describes someone behaving so bizarrely that they are likened to a mad dog in a pan, suggesting a comical, rather than shocking, odd behavior.","<reasoning>A wrong interpretation can seem plausible if it takes the literal image of a dog in a pan and ties it to a familiar concept like excitement, cooking mishaps, or humorous madness, while missing the idiomatic sense that the phrase expresses shock or disbelief about something negative. These interpretations are close enough to feel reasonable but shift the meaning away from the intended ne",1.0,1.0,2.33,0.88,96.4
b,cot_en,German,MID0739,Einen Vogel haben,To have a bird,To be crazy.,True,to own a pet bird,To be crazy.,to have a hidden talent,to be carefree and light-hearted,B,to own a pet bird,to be carefree and light-hearted,to have a hidden talent,"<reasoning>The phrase ""Einen Vogel haben"" literally translates to ""to have a bird,"" which can lead learners to assume a concrete meaning involving an actual bird. Because birds often symbolize freedom, light-heartedness, or companionship in many cultures, it's plausible but incorrect to interpret the idiom as referring to owning a pet bird, feeling carefree, or possessing a hidden talent. These in",1.0,1.0,1.67,0.84,95.2
b,cot_en,German,MID0740,"Friede, Freude, Eierkuchen","Peace, joy, pancake","Love, peace and harmony (everything is perfect).",True,"A literal description of an ideal breakfast consisting of peace, joy, and pancakes, suggesting that morning meals bring happiness.",A reference to a traditional German folk festival where participants exchange pancakes as symbols of peace and joy during celebrations.,"An ironic saying used to criticize situations where superficial calm masks underlying turmoil, implying that 'peace, joy, pancake' is a facade.","Love, peace and harmony (everything is perfect).",D,"A literal description of an ideal breakfast consisting of peace, joy, and pancakes, suggesting that morning meals bring happiness.",A reference to a traditional German folk festival where participants exchange pancakes as symbols of peace and joy during celebrations.,"An ironic saying used to criticize situations where superficial calm masks underlying turmoil, implying that 'peace, joy, pancake' is a facade.","<reasoning>These interpretations seem plausible because they either take the phrase literally, tie it to a specific cultural practice, or read it as ironic, but they miss the proverb's actual meaning of universal love, peace, and harmony.</reasoning>
[""A literal description of an ideal breakfast consisting of peace, joy, and pancakes, suggesting that morning meals bring happiness."", ""A reference t",1.0,1.0,2.86,0.91,97.3
b,cot_en,German,MID0741,Eine Extrawurst haben,To have an extra sausage,To get special treatment.,True,Having more food than others at a meal,Receiving a bonus or extra portion as a personal reward,To get special treatment.,Being selfish or hoarding resources,C,Having more food than others at a meal,Receiving a bonus or extra portion as a personal reward,Being selfish or hoarding resources,"<reasoning>The phrase “Eine Extrawurst haben” literally translates to “to have an extra sausage,” which can lead interpreters to focus on the food element rather than the idiomatic sense of receiving preferential treatment. Plausible but subtly incorrect meanings often arise from interpreting the sausage as a metaphor for abundance, reward, or selfishness, conflating the idea of getting something ",1.0,1.0,1.92,0.95,98.5
b,cot_en,German,MID0742,Seinen Senf dazugeben,To give his mustard,To give one’s opinion (unasked).,True,To give one’s opinion (unasked).,to add an extra ingredient to a recipe,to season a dish with mustard,to give someone a spicy surprise,A,to season a dish with mustard,to add an extra ingredient to a recipe,to give someone a spicy surprise,"<reasoning>The phrase literally means ""to add his mustard"", which can be misinterpreted as a culinary action. Because mustard is a condiment, one might think it refers to seasoning food, adding flavor, or even contributing something extra to a situation. However, these interpretations miss the idiomatic sense of offering an unsolicited opinion. The subtle incorrectness lies in focusing on the tang",1.0,1.0,1.33,0.81,94.3
b,cot_en,German,MID0744,Eine beleidigte Leberwurst zu spielen,To play the offended liver sausage,To react in an exaggerated or insulted manner during an argument.,True,"To feel ashamed after eating liver sausage, thinking it's inferior",To react in an exaggerated or insulted manner during an argument.,To pretend to be a liver sausage in order to avoid responsibility,"To act as if one's reputation is as delicate as a liver sausage, needing careful handling",B,To pretend to be a liver sausage in order to avoid responsibility,"To feel ashamed after eating liver sausage, thinking it's inferior","To act as if one's reputation is as delicate as a liver sausage, needing careful handling","<reasoning>These interpretations sound plausible because they involve the liver sausage imagery and a sense of offense or sensitivity, but they miss the core idea of reacting with exaggerated sulkiness during a dispute. Instead, they focus on role‑playing, food‑related shame, or delicate reputation, which are tangential to the idiom’s actual meaning of acting insulted in an argument.</reasoning>
[",1.0,1.0,1.15,0.87,96.1
b,cot_en,German,MID0745,Ich verstehe nur Bahnhof,I only understand train station,I don’t understand (something complex or noisy).,True,I only feel comfortable in train-centric environments,I can only comprehend basic travel-related information,I only understand train station announcements,I don’t understand (something complex or noisy).,D,I only understand train station announcements,I can only comprehend basic travel-related information,I only feel comfortable in train-centric environments,"<reasoning>
Wrong interpretations often arise from taking the phrase literally, focusing on the concrete noun ""Bahnhof"" (train station) and assuming the speaker's comprehension is limited to that specific context or topic. This overlooks the idiomatic sense that the speaker cannot understand anything complex or noisy, reducing the meaning to a narrow, situation‑specific claim about train stations ",1.0,1.0,0.95,0.82,94.6
b,cot_en,German,MID0746,Butter bei die Fische,Butter at the fishes,Get to the point (make something complete and clear).,True,"Adding butter to fish makes it more flavorful, so the proverb advises enriching your words with extra detail to make them more persuasive.",Get to the point (make something complete and clear).,"It suggests preparing thoroughly before a task, akin to buttering fish to prevent it from sticking, ensuring everything is ready before you begin.","The saying encourages generosity with resources, like lavishly buttering fish for guests to show hospitality and goodwill.",B,"Adding butter to fish makes it more flavorful, so the proverb advises enriching your words with extra detail to make them more persuasive.","The saying encourages generosity with resources, like lavishly buttering fish for guests to show hospitality and goodwill.","It suggests preparing thoroughly before a task, akin to buttering fish to prevent it from sticking, ensuring everything is ready before you begin.","<reasoning>Wrong interpretations often arise from taking the proverb's literal image—butter applied to fish—at face value, ignoring its idiomatic sense of urging clarity and directness. They may suggest culinary advice, hospitality norms, or preparation steps, which sound plausible because they involve the same elements (butter, fish) but miss the metaphorical point about getting to the essence of",1.0,1.0,2.33,0.91,97.3
b,cot_en,German,MID0747,Die besten Schwimmer ertrinken,The best swimmers drown,"Even experts can fail (work smarter, not harder).",True,"Even experts can fail (work smarter, not harder).","It suggests that trying too hard or overexerting yourself while swimming causes fatigue and drowning, so you should relax and conserve energy.",It warns that even strong swimmers should never swim alone because a lack of supervision can lead to drowning.,It implies that natural swimming ability is insufficient without proper safety gear like life jackets or flotation devices.,A,It warns that even strong swimmers should never swim alone because a lack of supervision can lead to drowning.,"It suggests that trying too hard or overexerting yourself while swimming causes fatigue and drowning, so you should relax and conserve energy.",It implies that natural swimming ability is insufficient without proper safety gear like life jackets or flotation devices.,"<reasoning>
The proverb's literal image of skilled swimmers drowning invites interpretations that focus on swimming safety, overconfidence, or reliance on gear. These readings seem plausible because they address real risks associated with water activities, but they subtly shift the meaning from a general statement about expertise and failure to a specific precautionary or psychological lesson abou",1.0,1.0,2.46,0.92,97.6
b,cot_en,German,MID0752,Aus einem Stein ist schwer Öl pressen,It’s hard to press oil out of a stone,Impossible tasks (you can’t get blood from a stone).,True,"It encourages persistent effort despite apparent impossibility, suggesting that determination can overcome any obstacle.",Impossible tasks (you can’t get blood from a stone).,"It comments on the difficulty of extracting valuable resources from inhospitable environments, implying that some places are simply unyielding.",It advises to abandon futile tasks and focus efforts where they can produce tangible results.,B,"It encourages persistent effort despite apparent impossibility, suggesting that determination can overcome any obstacle.","It comments on the difficulty of extracting valuable resources from inhospitable environments, implying that some places are simply unyielding.",It advises to abandon futile tasks and focus efforts where they can produce tangible results.,"<reasoning>The proverb’s vivid image of trying to press oil from a stone can be misread as a lesson about perseverance, resource extraction, or effort redirection. Each of these interpretations sounds plausible because they engage with the metaphor of difficulty and futility, but they subtly shift the meaning away from the core idea of an outright impossible task to something that allows for possi",1.0,1.0,1.78,0.94,98.2
b,cot_en,German,MID0755,Die Arznei ist oft ärger als das Übel,The drug is often worse than the disease,The cure can be worse than the disease.,True,The proverb warns that pharmaceutical drugs are inherently harmful and should be avoided in favor of natural remedies.,"It suggests that in German culture, seeking medical help often exacerbates social stigma, making the illness worse than the disease itself.",The cure can be worse than the disease.,"The saying implies that the German healthcare system often overprescribes medication, leading to more health issues than the original ailment.",C,The proverb warns that pharmaceutical drugs are inherently harmful and should be avoided in favor of natural remedies.,"It suggests that in German culture, seeking medical help often exacerbates social stigma, making the illness worse than the disease itself.","The saying implies that the German healthcare system often overprescribes medication, leading to more health issues than the original ailment.","<reasoning>The proverb's core idea is that a remedy can exacerbate the problem it intends to fix. Plausible but subtly wrong interpretations often shift focus to specific contexts—like inherent drug danger, social stigma, or systemic overprescription—while still sounding like they could fit the saying. These readings misplace the general caution about cures versus the disease with more narrow, cul",1.0,1.0,2.46,0.9,97.0
b,cot_en,German,MID0756,Der Ertrinkende greift nach einem Strohhalm,The drowning man reaches for the drinking straw,Desperate people clutch at straws.,True,"It encourages Germans to be resourceful and use whatever simple tools are available, like a straw, to overcome adversity.","It suggests that in German folklore, a straw is a lucky charm that can save someone from drowning if grasped tightly.",Desperate people clutch at straws.,"It warns against over-reliance on technology, advocating instead for simple, low-tech solutions such as a straw in emergencies.",C,"It encourages Germans to be resourceful and use whatever simple tools are available, like a straw, to overcome adversity.","It suggests that in German folklore, a straw is a lucky charm that can save someone from drowning if grasped tightly.","It warns against over-reliance on technology, advocating instead for simple, low-tech solutions such as a straw in emergencies.","<reasoning>These interpretations seem plausible because they focus on the literal image of a straw and attach cultural notions of resourcefulness, luck, or anti‑technology sentiment—ideas that could be read into the proverb. However, they subtly miss the core negative connotation: the phrase describes a desperate, futile grasp at any hope, not a positive endorsement of ingenuity, luck, or low‑tech",1.0,1.0,3.87,0.92,97.6
b,cot_en,German,MID0757,"Gesunder Mann, reicher Mann",A healthy man is a rich man,Health is the greatest wealth.,True,"It implies that a man must first achieve health before he can be considered rich, treating health as a prerequisite step toward wealth","It suggests that good health directly produces financial riches, implying a causal equation of health = money",Health is the greatest wealth.,"The proverb means that only men can be both healthy and wealthy, excluding women from its message",C,"The proverb means that only men can be both healthy and wealthy, excluding women from its message","It suggests that good health directly produces financial riches, implying a causal equation of health = money","It implies that a man must first achieve health before he can be considered rich, treating health as a prerequisite step toward wealth","<reasoning>These interpretations seem plausible because they take the proverb's wording literally or emphasize a direct link between health and money, but they miss the metaphorical point that health itself constitutes wealth, rather than health merely leading to or being a condition for financial riches.</reasoning>
[""The proverb means that only men can be both healthy and wealthy, excluding wome",1.0,1.0,3.8,0.92,97.6
b,cot_en,German,MID0758,Den Teufel nicht an die Wand malen,Do not paint the devil on the wall,Do not assume something will go wrong before knowing the outcome.,True,"Refrain from imagining the devil, because thinking about him can actually summon his influence.","Never create or display depictions of evil, as doing so invites misfortune.","Avoid vandalizing walls with devilish graffiti, since it brings bad luck to the community.",Do not assume something will go wrong before knowing the outcome.,D,"Never create or display depictions of evil, as doing so invites misfortune.","Avoid vandalizing walls with devilish graffiti, since it brings bad luck to the community.","Refrain from imagining the devil, because thinking about him can actually summon his influence.","<reasoning>The literal translation of the German proverb invites listeners to focus on the imagery of “painting the devil on a wall,” which can lead to interpretations that treat the phrase as a warning about artistic expression, superstition, or literal graffiti. These readings seem plausible because they take the metaphor at face value, but they miss the idiomatic sense that cautions against pre",1.0,1.0,1.21,0.99,99.7
b,cot_en,German,MID0759,"Alles hat ein Ende, nur die Wurst hat zwei","Everything has an end, only the sausage has two",All things must come to an end.,True,"The proverb means that sausages are special because they have two ends, symbolizing a dual nature of beginning and end unlike other things.",All things must come to an end.,"It implies that sausages have two ends so they can be shared between two people, highlighting community, whereas other items end singly.","It suggests that sausages can be eaten twice, representing rebirth, while everything else ends only once.",B,"The proverb means that sausages are special because they have two ends, symbolizing a dual nature of beginning and end unlike other things.","It suggests that sausages can be eaten twice, representing rebirth, while everything else ends only once.","It implies that sausages have two ends so they can be shared between two people, highlighting community, whereas other items end singly.","[""The proverb means that sausages are special because they have two ends, symbolizing a dual nature of beginning and end unlike other things."", ""It suggests that sausages can be eaten twice, representing rebirth, while everything else ends only once."", ""It implies that sausages have two ends so they can be shared between two people, highlighting community, whereas other items end singly.""]",1.0,1.0,2.9,0.85,95.5
b,cot_en,German,MID0760,Morgenstund hat Gold im Mund,The morning hour has gold in its mouth,Waking up early allows people to be more productive and successful.,True,You should place actual gold in your mouth at sunrise each day to attract luck and financial prosperity,"The best time to search for or mine gold is at dawn, so early morning is prime for prospecting",Waking up early allows people to be more productive and successful.,"If you speak positively early in the morning, your words will be as valuable as gold and bring wealth",C,"If you speak positively early in the morning, your words will be as valuable as gold and bring wealth",You should place actual gold in your mouth at sunrise each day to attract luck and financial prosperity,"The best time to search for or mine gold is at dawn, so early morning is prime for prospecting","<reasoning>These interpretations focus on literal elements of the proverb—morning, gold, and mouth—but apply them in ways that overemphasize a single aspect (speech, ritual, or prospecting) while ignoring the broader cultural message about early rising leading to general productivity and success. They seem plausible because they take the words at face value, yet they subtly miss the idiomatic mean",1.0,1.0,1.7,0.88,96.4
b,cot_en,German,MID0764,Du siehst den Wald lauter Bäumen nicht,You do not see the forest for the trees,People must look at the bigger picture instead of focusing on just one small aspect.,True,People must look at the bigger picture instead of focusing on just one small aspect.,It suggests that German forestry policy should prioritize planting many different tree species rather than viewing the forest as a single entity.,It means you should examine each individual tree carefully to understand the health of the entire forest.,"It advises that when lost in a woods, you should concentrate on the trees around you to find a path out.",A,It means you should examine each individual tree carefully to understand the health of the entire forest.,"It advises that when lost in a woods, you should concentrate on the trees around you to find a path out.",It suggests that German forestry policy should prioritize planting many different tree species rather than viewing the forest as a single entity.,"<reasoning>These interpretations sound reasonable because they involve the forest and trees mentioned in the proverb, but they miss the core idea about losing sight of the larger picture by over‑focusing on details. Each one shifts the meaning to a concrete, literal, or policy‑related reading that seems plausible at first glance yet subtly deviates from the intended metaphorical warning about pers",1.0,1.0,1.33,0.86,95.8
b,cot_en,German,MID0765,Kümmere dich nicht um ungelegte Eier,Don't count your chickens before they hatch,Remain realistic about expectations rather than hoping for something that might never come to fruition.,True,Don’t make contingency plans for uncertain events because planning itself invites failure,Don’t worry about future generations or legacy; focus solely on the present self,Remain realistic about expectations rather than hoping for something that might never come to fruition.,"Avoid disturbing nesting hens or they’ll stop laying eggs, so leave nature undisturbed",C,Don’t make contingency plans for uncertain events because planning itself invites failure,"Avoid disturbing nesting hens or they’ll stop laying eggs, so leave nature undisturbed",Don’t worry about future generations or legacy; focus solely on the present self,"<reasoning>
A wrong interpretation can seem plausible when it latches onto a surface element of the proverb—such as the literal mention of eggs, chickens, or farming—and then extends that element to a broader life lesson. However, it becomes subtly incorrect because it shifts the focus away from the core idea of managing expectations about uncertain outcomes and instead introduces a unrelated caut",1.0,1.0,0.84,0.97,99.1
b,cot_en,German,MID0766,"Lebe wie du kannst, nicht wie du willst","Live as you can, not as you want",You have to live in accordance to your opportunities and abilities.,True,You have to live in accordance to your opportunities and abilities.,"Live in a way that demonstrates your ability to others, not in a way that satisfies your personal desires","Live according to what you are capable of achieving, not according to what you wish to achieve in the future","Live only if you can sustain yourself; otherwise, you should abandon your wants",A,"Live according to what you are capable of achieving, not according to what you wish to achieve in the future","Live in a way that demonstrates your ability to others, not in a way that satisfies your personal desires","Live only if you can sustain yourself; otherwise, you should abandon your wants","<reasoning>These interpretations seem reasonable because they touch on ability vs desire, social perception, or survival, but each subtly misrepresents the proverb’s core idea of aligning one’s lifestyle with present opportunities and abilities rather than opposing desire, adding performance, or framing it as a binary existence choice.</reason>
[""Live according to what you are capable of achieving",1.0,1.0,1.58,0.89,96.7
