task,strategy,language,sample_id,source_proverb,proverb_en,correct_meaning,cultural_context_available,Choice_A,Choice_B,Choice_C,Choice_D,Answer,distractor_1,distractor_2,distractor_3,raw_response,parse,complete,len_r,distinct,quality
a,cot_xl,Arabic,MID0001,آخر الحياة الموت," Live life to its fullest; Tempus fugit, utere."," Live life to its fullest; Tempus fugit, utere.",False,The death of life comes first," Live life to its fullest; Tempus fugit, utere.",The final life is a form of death,Life at the end will kill you,B,The final life is a form of death,The death of life comes first,Life at the end will kill you," آخر الحياة الموت
""آخر الحياة الموت"" can be literally interpreted as the ""end of life is death"", suggesting that one should avoid the end of life and live only until the point of death. However, this interpretation is clearly incorrect.

[""The final life is a form of death"", ""The death of life comes first"", ""Life at the end will kill you""]",1.0,1.0,0.88,0.75,92.5
a,cot_xl,Arabic,MID0002,أتبع من الظل.,Sticks to them like a shadow.,Sticks to them like a shadow.,False,The shadow only follows people with dark complexions,Sticks to them like a shadow.,He is a shadow that only appears in the dark,Shadow follower always walks behind,B,Shadow follower always walks behind,He is a shadow that only appears in the dark,The shadow only follows people with dark complexions,"أتبع من الظل. 
Someone who follows someone else's shadow is actually a servant or a bodyguard who follows the leader, so a wrong literal interpretation could be: [""Shadow follower always walks behind"", ""He is a shadow that only appears in the dark"", ""The shadow only follows people with dark complexions""]",1.0,1.0,1.28,0.85,95.5
a,cot_xl,Arabic,MID0003,أحْسِنْ إلى الناس تستعبد قلوبهم.,Kindness begets kindness.,Kindness begets kindness.,False,Begets a slave workforce,Kindness to people results in heart enslavement,Servitude is born from kindness,Kindness begets kindness.,D,Begets a slave workforce,Kindness to people results in heart enslavement,Servitude is born from kindness,"""Because of the word order in Arabic, people might misinterpret the proverb as 'Kindness begets slavery of people's hearts'.""
[""Begets a slave workforce"", ""Kindness to people results in heart enslavement"", ""Servitude is born from kindness""]",1.0,0.6666666666666666,1.78,0.97,89.1
a,cot_xl,Arabic,MID0004,أحضر الناس جوابًا من لم يغضب,"If you stay calm, you are wise, but if you have a hot temper, you only show how stupid you are.","If you stay calm, you are wise, but if you have a hot temper, you only show how stupid you are.",False,wrong 1. A guest arrives in the city of some one who hasn't become angry.,wrong 2. People bring someone's answer from a place where no one gets angry.,"If you stay calm, you are wise, but if you have a hot temper, you only show how stupid you are.",wrong 3. Someone is a doctor who deals with patients who never get angry.,C,wrong 1. A guest arrives in the city of some one who hasn't become angry.,wrong 2. People bring someone's answer from a place where no one gets angry.,wrong 3. Someone is a doctor who deals with patients who never get angry.,"""أحضر الناس جوابًا من لم يغضب"" 
A person has prepared the answer of someone who has not become angry.

[""wrong 1. A guest arrives in the city of some one who hasn't become angry."" , ""wrong 2. People bring someone's answer from a place where no one gets angry."", ""wrong 3. Someone is a doctor who deals with patients who never get angry.""]",1.0,1.0,0.68,0.85,95.5
a,cot_xl,Arabic,MID0005,أحلام العصافير.,pie in the sky.,pie in the sky.,False,Birds will build homes with pies.,The birds will achieve their hopes.,pie in the sky.,Birds' dreams will fulfill themselves.,C,Birds' dreams will fulfill themselves.,The birds will achieve their hopes.,Birds will build homes with pies.,"Aḥlam al-ʿuṣāfir is a metaphorical expression, referring to unrealistic or impractical goals. Here are three plausible but incorrect literal interpretations in English:

[""Birds' dreams will fulfill themselves."", ""The birds will achieve their hopes."", ""Birds will build homes with pies.""]",1.0,1.0,1.42,0.87,96.1
a,cot_xl,Arabic,MID0006,أدنى من حبل الوريد.,closer than one's shadow.,closer than one's shadow.,False,A rope thinner than one's wrist.,closer than one's shadow.,A thread more delicate than one's artery.,A vein closer to one's heart.,B,A rope thinner than one's wrist.,A vein closer to one's heart.,A thread more delicate than one's artery.,"[""A rope thinner than one's wrist."", ""A vein closer to one's heart."", ""A thread more delicate than one's artery.""]",1.0,1.0,1.58,0.77,93.1
a,cot_xl,Arabic,MID0007,أسمع جعجعة ولا أرى طحينا,Much ado about nothing.,Much ado about nothing.,False,Wrong literal 1,Much ado about nothing.,أسمع جعجعة ولا أرى طحينا,Much ado about nothing,B,Much ado about nothing,أسمع جعجعة ولا أرى طحينا,Wrong literal 1,"""Much ado about nothing"" translates to ""أسمع جعجعة ولا أرى طحينا"" from Arabic, meaning that some people make a big noise about very little substance. 

Here are three plausible but wrong literal interpretations:
 
[
    ""Wrong literal 1"": I have heard of a thick paste made from ground almonds, but I haven't seen the flour it's made from."",
    ""Wrong literal 2"": I am listening to a recipe for a tr",1.0,0.3333333333333333,1.0,1.0,80.0
a,cot_xl,Arabic,MID0008,أسمعٌ صوتا وأرى فوتا.,Much ado about nothing,Much ado about nothing,False,Much ado about nothing,A person who has a good sense of smell can see a fire but not hear the alarm,A person who is blind can hear a very faint sound but still see a very far away person,A person who is deaf can see a very bright light but not hear a very loud noise,A,A person who is blind can hear a very faint sound but still see a very far away person,A person who is deaf can see a very bright light but not hear a very loud noise,A person who has a good sense of smell can see a fire but not hear the alarm,"<reasoning>A person with a good ear may see an invisible something but not hear an obvious sound.</reasoning>
[""A person who is blind can hear a very faint sound but still see a very far away person"", ""A person who is deaf can see a very bright light but not hear a very loud noise"", ""A person who has a good sense of smell can see a fire but not hear the alarm""]",1.0,1.0,4.58,0.64,89.2
a,cot_xl,Arabic,MID0009,أطلق ساقيه للريح,Runs like the wind.,Runs like the wind.,False,,,,,,,,,"[The person in the proverb is releasing their legs to the wind] - In this interpretation, the person is literally letting their legs go because of the strong force of the wind.

[The person has launched their legs to fly, but to no avail] - This interpretation suggests the person is trying to defy gravity by propelling their legs to fly, but unfortunately, it doesn't work.

[The person has deliber",0.0,0.0,0.0,0.0,0.0
a,cot_xl,Arabic,MID0010,أعدل الشهود التجارب.,Experience is the best teacher,Experience is the best teacher,False,Witnesses are the best experiments,Witnesses are the best trials,Experience is the best teacher,Trials are the best witnesses,C,Witnesses are the best trials,Trials are the best witnesses,Witnesses are the best experiments,"<reasoning> Arabic proverb أعدل الشهود التجارب literally translates to ""Witnesses are the best trials"", which is a misleading interpretation as it focuses on the role of witnesses rather than the concept of experience.</reasoning>
[""Witnesses are the best trials"", ""Trials are the best witnesses"", ""Witnesses are the best experiments""]",1.0,1.0,1.0,0.22,76.6
a,cot_xl,Arabic,MID0011,أفعال لا أقوال.,Action speaks louder than words,Action speaks louder than words,False,No words were spoken,Actions cannot be heard,The actions did nothing,Action speaks louder than words,D,No words were spoken,The actions did nothing,Actions cannot be heard,"The proverb ""أفعال لا أقوال"" literally means ""Actions not words"". A reason for why wrong literal readings might be incorrect would be that the proverb conveys an emphasis not on the absence of words, but on the idea that action has more impact than speech or promises.

 [""No words were spoken"", ""The actions did nothing"", ""Actions cannot be heard""]",1.0,0.0,0.8,0.95,68.5
a,cot_xl,Arabic,MID0012,أكل عليه الدهر وشرب,Be old hat. / It’s as old as the hills.,Be old hat. / It’s as old as the hills.,False,eating on it for a long time and drinking,over time eating and the passage of time drinking,aging food and consuming liquor,Be old hat. / It’s as old as the hills.,D,eating on it for a long time and drinking,over time eating and the passage of time drinking,aging food and consuming liquor,"<reasoning>Arabic proverb ""أكل عليه الدهر وشرب"" is advising not to waste food because time will pass and you'll grow old.</reasoning>
[""eating on it for a long time and drinking"", ""over time eating and the passage of time drinking"", ""aging food and consuming liquor""]",1.0,1.0,0.77,0.84,95.2
a,cot_xl,Arabic,MID0013,أول الغضب جنون وآخره ندم,A man of quick temper acts foolishly.,A man of quick temper acts foolishly.,False,The first anger is madness and the last is regret,Fever at the beginning of anger will turn to regret by the end,A man's anger is caused by lunacy and his last days are filled with remorse,A man of quick temper acts foolishly.,D,The first anger is madness and the last is regret,A man's anger is caused by lunacy and his last days are filled with remorse,Fever at the beginning of anger will turn to regret by the end,"""أول الغضب جنون وآخره ندم"" في اللغة العربية يُفهم خطأً من خلال هذه التفسيرات: 

[""The first anger is madness and the last is regret"", ""A man's anger is caused by lunacy and his last days are filled with remorse"", ""Fever at the beginning of anger will turn to regret by the end""]",1.0,1.0,1.81,0.84,95.2
a,cot_xl,Arabic,MID0014,إذا أنت أكرمت الكريم ملكته وإن أنت أكرمت اللئيم تمردا,"Never trust on unknown hands, you will never know how they stand by you and back stab with their brains.","Never trust on unknown hands, you will never know how they stand by you and back stab with their brains.",False,"If you give honors to someone who is kind-hearted, they will take control of you, but if you give honors to someone who is malicious, they will revolt.","Never trust on unknown hands, you will never know how they stand by you and back stab with their brains.","If you show respect to someone who is being generous, their power will consume them, but if you show respect to someone who is being evil, they will revolt.","When you show kindness to the rich, they will own you, but when you show kindness to the wicked, they will rebel.",B,"When you show kindness to the rich, they will own you, but when you show kindness to the wicked, they will rebel.","If you show respect to someone who is being generous, their power will consume them, but if you show respect to someone who is being evil, they will revolt.","If you give honors to someone who is kind-hearted, they will take control of you, but if you give honors to someone who is malicious, they will revolt.","[""When you show kindness to the rich, they will own you, but when you show kindness to the wicked, they will rebel."", ""If you show respect to someone who is being generous, their power will consume them, but if you show respect to someone who is being evil, they will revolt."", ""If you give honors to someone who is kind-hearted, they will take control of you, but if you give honors to someone who i",1.0,1.0,1.32,0.73,91.9
a,cot_xl,Arabic,MID0015,إذا دخلت قرية فاحلف بآلهتها.,"When in Rome, do as the Romans do.","When in Rome, do as the Romans do.",False,"When in Rome, do as the Romans do.","If you enter a village on Tuesday, take a selfie with their village animals.","If you enter your village after 6 pm, promise the neighbors you'll feed their cat for them.","If you enter a village, promise your spouse you'll take your pet there.",A,"If you enter a village, promise your spouse you'll take your pet there.","If you enter a village on Tuesday, take a selfie with their village animals.","If you enter your village after 6 pm, promise the neighbors you'll feed their cat for them.","""When in Rome, do as the Romans do."" is an idiomatic expression, not a literal instruction.

""إذا دخلت قرية فاحلف بآلهتها"" could mean:
If you enter a village, promise your gods.

Here are 3 plausible but wrong literal interpretations:
[""If you enter a village, promise your spouse you'll take your pet there."", ""If you enter a village on Tuesday, take a selfie with their village animals."", ""If you e",1.0,1.0,1.83,0.76,92.8
a,cot_xl,Arabic,MID0016,إذا ذكرت الذئب فأعد له العصا.,"when you speak of the storm, ready your sails","when you speak of the storm, ready your sails",False,"when you speak of the storm, ready your sails","When mentioning a wolf, make sure to have it on a leash.","Before discussing wolves, make sure to have a stick handy.",You should bring a snack when talking about a wolf.,A,You should bring a snack when talking about a wolf.,"Before discussing wolves, make sure to have a stick handy.","When mentioning a wolf, make sure to have it on a leash.","""when you speak of the storm, ready your sails"" is not a direct translation of the given Arabic proverb. The original proverb ""إذا ذكرت الذئب فأعد له العصا"" actually translates to ""When you mention the wolf, prepare a stick for it.""

Given the original meaning, here are three plausible but WRONG literal interpretations:

[""You should bring a snack when talking about a wolf."", ""Before discussing wo",1.0,1.0,1.19,0.84,95.2
a,cot_xl,Arabic,MID0017,إذا ذكرت الذئب فخذ الحذر.,"when you speak of the storm, ready your sails","when you speak of the storm, ready your sails",False,"when you speak of the storm, ready your sails",The wolf in the room will eat your lunch.,"If you talk about a bear, put on your snowshoes.","When mentioning a car, put on your seatbelt.",A,The wolf in the room will eat your lunch.,"When mentioning a car, put on your seatbelt.","If you talk about a bear, put on your snowshoes.","Reasoning (Arabic):  يعتبر هذا المثل يعبر عن الاهتمام بالوقوع في أخطاء السلوك السريع الذي يحدث عندما ننظر للوضع بأكبر قدر من التفاؤل.

[""The wolf in the room will eat your lunch."", ""When mentioning a car, put on your seatbelt."", ""If you talk about a bear, put on your snowshoes.""]",1.0,1.0,1.0,0.86,95.8
a,cot_xl,Arabic,MID0018,إذا رأيتَ أنيابَ الليثِ بارزة، فلا تَظُننَّ أنَّ الليثَ يبتسمُ,Don't judge a book by its cover.,Don't judge a book by its cover.,False,Don't judge a book by its cover.,The name 'Lith' is a common king's name,Plants always smile,The shark's teeth are usually underwater,A,The shark's teeth are usually underwater,The name 'Lith' is a common king's name,Plants always smile,"إذا رأيتَ أنيابَ الليثِ بارزة، فلا تَظُننَّ أنَّ الليثَ يبتسمُ : 
الليثُ هو نوع من الأسماك، فلا تتوقع أن ترى أنيابه بارزة إذا كان الليث في الماء.
الليثُ هو اسم لعديد من الملوك، فلا تظن أن رأيت أنيابه بارزة هي دليل على أن الملوك دائمًا ما يبتسمون.
الليثُ هو اسم لنبات معين، فلا تظن أن رأيت أنيابه بارزة هي دليل على أن النباتات دائمًا ما يبتسمون.

[""The shark's teeth are usually underwater"", ""The name",1.0,0.6666666666666666,0.81,0.97,89.1
a,cot_xl,Arabic,MID0019,إذا كَانَ الكَلَامُ مِن فِضَّة فالسُكُوت مِن ذَهَب,"Speech is silver, silence is golden","Speech is silver, silence is golden",False,,,,,,,,,"[Reasoning in Arabic: يحتاج الإنسان إلى فضة لصناعة الأدوات الفلاحة, والسكون هو معدن فائق كثرة من الذهب, لهذا إذا كان الكلام من فضة فيتوقف الناس عن صناعة أدواتهم, وينتجوه من الذهب, ويستمر في صناعته]
[""The human body needs silver to grow crops, and there is a unique amount of gold found when silent, so if speech is made of silver, people will stop working, and golden silence will be produced""]",0.0,0.0,0.0,0.0,0.0
a,cot_xl,Arabic,MID0020,إذا هبّت رياحك فاغتنمها,Make hay while the sun shines.,Make hay while the sun shines.,False,"If the wind of your illness blows, make use of it","If the wind of your anger blows hard, take advantage of it",Make hay while the sun shines.,"If the wind of your enemies blows against you, seize the opportunity",C,"If the wind of your illness blows, make use of it","If the wind of your enemies blows against you, seize the opportunity","If the wind of your anger blows hard, take advantage of it","If we take the proverb ""إذا هبّت رياحك فاغتنمها"" literally, here are 3 plausible but wrong interpretations:

[""If the wind of your illness blows, make use of it"", ""If the wind of your enemies blows against you, seize the opportunity"", ""If the wind of your anger blows hard, take advantage of it""]",1.0,1.0,1.94,0.64,89.2
a,cot_xl,Arabic,MID0021,إلى حتفي مشت قدمي.,I dug my own grave.,I dug my own grave.,False,I was digging for my own shoes and one of them went away.,My feet were cold and I had to walk quickly.,I dug my own grave.,I have moved my feet quickly because I was excited.,C,I have moved my feet quickly because I was excited.,My feet were cold and I had to walk quickly.,I was digging for my own shoes and one of them went away.," إلى حتفي مشت قدمي (Arabic proverb) means ""I dug my own grave"".

Reason: This proverb implies that one has taken actions that ultimately led to their own downfall or problems.

The wrong literal interpretations are:

[""I have moved my feet quickly because I was excited."", ""My feet were cold and I had to walk quickly."", ""I was digging for my own shoes and one of them went away.""]",1.0,1.0,2.2,0.83,94.9
a,cot_xl,Arabic,MID0022,إن البعوضة تدمي مقلة الأسد.,Little enemies and little wounds must not be despised,Little enemies and little wounds must not be despised,False,The sting of a mosquito can blind a lion,Little enemies and little wounds must not be despised,Mosquitoes can cause the loss of lion eyesight,A mosquito can bring down a lion,B,Mosquitoes can cause the loss of lion eyesight,A mosquito can bring down a lion,The sting of a mosquito can blind a lion,"<reasoning>In Arabic proverbs, phrases often carry deeper meanings beyond their literal translations. The phrase ""إن البعوضة تدمي مقلة الأسد"" may be misinterpreted due to the literal meanings of the words.</reasoning>
[""Mosquitoes can cause the loss of lion eyesight"", ""A mosquito can bring down a lion"", ""The sting of a mosquito can blind a lion""]",1.0,1.0,0.89,0.7,91.0
a,cot_xl,Arabic,MID0023,إن الجبان حتفه من فوقه.,the destiny of a coward comes from over him.,the destiny of a coward comes from over him.,False,A coward will have a roof collapse on him,the destiny of a coward comes from over him.,A coward will be crushed to death by something overhead,A coward is more likely to die from a falling object,B,A coward will have a roof collapse on him,A coward will be crushed to death by something overhead,A coward is more likely to die from a falling object,"الجبان حتفه من فوقه:
The coward's death was caused by something falling on him.

 [""A coward will have a roof collapse on him"", ""A coward will be crushed to death by something overhead"", ""A coward is more likely to die from a falling object""]",1.0,1.0,1.11,0.83,94.9
a,cot_xl,Arabic,MID0024,إنّ الطيور على أشكالها تقع, Birds of a feather flock together., Birds of a feather flock together.,False,Birds' silhouettes are the ones that fall,Birds sit on their own silhouettes and get caught,The shape of a bird will determine its fate, Birds of a feather flock together.,D,Birds sit on their own silhouettes and get caught,The shape of a bird will determine its fate,Birds' silhouettes are the ones that fall,"[""Birds sit on their own silhouettes and get caught"", ""The shape of a bird will determine its fate"", ""Birds' silhouettes are the ones that fall""]",1.0,1.0,1.39,0.96,98.8
a,cot_xl,Arabic,MID0025,إن كان لك عند الكلب حاجة قل له يا سيدي.,"Call the bear “uncle” till, you are safe across the bridge.","Call the bear “uncle” till, you are safe across the bridge.",False,"If you're lost, call 'uncle' and a family member will come to help you",A polite greeting to a dog may prevent it from attacking you,"Call the bear “uncle” till, you are safe across the bridge.",You should call a bear your uncle if you want a loan from him,C,You should call a bear your uncle if you want a loan from him,A polite greeting to a dog may prevent it from attacking you,"If you're lost, call 'uncle' and a family member will come to help you","The proverb means ""flattery can get you through a difficult situation."" Here are 3 plausible but wrong literal interpretations:

[""You should call a bear your uncle if you want a loan from him"", ""A polite greeting to a dog may prevent it from attacking you"", ""If you're lost, call 'uncle' and a family member will come to help you""]",1.0,1.0,1.21,0.84,95.2
a,cot_xl,Arabic,MID0026,إن مع العسر یسرا.,Every cloud has a silver lining.,Every cloud has a silver lining.,False,Every cloud has a silver lining.,"You will find a silver lining in the future, so it's always a silver lining.",A silver lining is at ease with the truth.,A silver lining comes with excuses.,A,"You will find a silver lining in the future, so it's always a silver lining.",A silver lining comes with excuses.,A silver lining is at ease with the truth.,"مُستقبل هذا العهد یُسرا، فإن العُذر یُسرا. 

[""You will find a silver lining in the future, so it's always a silver lining."" , ""A silver lining comes with excuses."", ""A silver lining is at ease with the truth.""]",1.0,1.0,1.67,0.74,92.2
a,cot_xl,Arabic,MID0027,إنك لا تجني من الشوك العنب,You can't make a silk purse out of a sow's ear.,You can't make a silk purse out of a sow's ear.,False,You can't make a silk purse out of a sow's ear.,You can't make a silk purse out of a pig's ear after it's been cooked in the oven.,You can't harvest grapes from a thorn tree that also bears apples.,You can't extract honey from cacti because they are thorny.,A,You can't harvest grapes from a thorn tree that also bears apples.,You can't make a silk purse out of a pig's ear after it's been cooked in the oven.,You can't extract honey from cacti because they are thorny.,"<reasoning>Arabic proverb ""إنك لا تجني من الشوك العنب"" is often used to convey that trying to extract fine or delicate things from a source that is inherently coarse or imperfect will not yield desirable results.</reasoning>

[""You can't harvest grapes from a thorn tree that also bears apples."", ""You can't make a silk purse out of a pig's ear after it's been cooked in the oven."", ""You can't extrac",1.0,1.0,1.21,0.88,96.4
a,cot_xl,Arabic,MID0028,إنما الأعمال بالنیّات.,Take the will for the deed.,Take the will for the deed.,False,workings are done by the minds.,the actions result in needles.,Take the will for the deed.,actions are measured by the needles.,C,the actions result in needles.,workings are done by the minds.,actions are measured by the needles.,"[إنما الأعمال بالنیّات](reasoning) - This proverb emphasizes the importance of intentions behind actions. To provide wrong interpretations, one might focus on different aspects of the phrase:
 
 [""the actions result in needles."" , ""workings are done by the minds."" , ""actions are measured by the needles."" ]",1.0,1.0,0.94,0.73,91.9
a,cot_xl,Arabic,MID0029,اتَّكَلْنا منه على خُصٍّ الاتحاد قوة,Unity is strength.,Unity is strength.,False,Unity is strength.,wrong literal 3,wrong literal 2,wrong literal 1,A,wrong literal 1,wrong literal 2,wrong literal 3,"The proverb ""اتَّكَلْنا منه على خُصٍّ الاتحاد قوة"" is often interpreted as ""Unity is strength."" 

Here are three plausible but wrong literal interpretations:

[ ""wrong literal 1"", ""wrong literal 2"", ""wrong literal 3"" ]
[
	""At least one union has a strong specific individual."",
	""We entrusted something to a strong specific person in the union of something."",
	""It was the union of a specific individ",1.0,0.0,1.0,0.5,55.0
a,cot_xl,Arabic,MID0030,احذر عدوّك مرّة وصديقك ألف مرّة، فإن انقلب الصّديق فهو أعلم بالمضرّة,Better to have an enemy who slaps you in the face than a friend who stabs you in the back.,Better to have an enemy who slaps you in the face than a friend who stabs you in the back.,False,"If an enemy slaps you once, he would know better than your friend how to cause harm.","You should warn your enemy once, but be cautious of your friend a thousand times, and if he turns against you, he will be aware of the harm he can cause.",It's better to be slapped in the face by your enemy in a single instance than to be slapped by your friend a thousand times.,Better to have an enemy who slaps you in the face than a friend who stabs you in the back.,D,It's better to be slapped in the face by your enemy in a single instance than to be slapped by your friend a thousand times.,"If an enemy slaps you once, he would know better than your friend how to cause harm.","You should warn your enemy once, but be cautious of your friend a thousand times, and if he turns against you, he will be aware of the harm he can cause.","[""It's better to be slapped in the face by your enemy in a single instance than to be slapped by your friend a thousand times."", ""If an enemy slaps you once, he would know better than your friend how to cause harm."", ""You should warn your enemy once, but be cautious of your friend a thousand times, and if he turns against you, he will be aware of the harm he can cause.""]",1.0,1.0,1.22,0.8,94.0
a,cot_xl,Arabic,MID0031,احفظ قرشك الأبيض ليومك الأسود.,"A penny saved is a penny earned.
","A penny saved is a penny earned.
",False,"To prevent your white cat from getting dirty on a black day, remember to keep your white coin safe.","If you keep a white coin in a safe place, it will be a good omen on a day when everything seems black.","If you save a white quarter for a day when your laundry turns black, you'll be glad you did.","A penny saved is a penny earned.
",D,"If you save a white quarter for a day when your laundry turns black, you'll be glad you did.","To prevent your white cat from getting dirty on a black day, remember to keep your white coin safe.","If you keep a white coin in a safe place, it will be a good omen on a day when everything seems black.","<reasoning> The proverb ""احفظ قرشك الأبيض ليومك الأسود"" is not meant to be taken literally. It means that saving for the future (when you're older and possibly struggling financially, ""يومك الأسود"") is valuable. It's not about preserving a white penny for a black day because a ""قرش"" is a currency and ""أبيض"" literally means white, suggesting a coin. It also doesn't necessarily imply that the white ",1.0,1.0,2.9,0.84,95.2
a,cot_xl,Arabic,MID0032,اختلط الحابل بالنابل.,Things got chaotic.,Things got chaotic.,False,Confused the male sheep with the female ones.,Mixed the predators with the prey.,Things got chaotic.,Got tangled with the fishermen's nets.,C,Mixed the predators with the prey.,Got tangled with the fishermen's nets.,Confused the male sheep with the female ones.,"اختلط الحابل بالنابل translates to ""Things got chaotic"". However, a literal interpretation could be:
- Mixed the predators with the prey.
- Got tangled with the fishermen's nets.
- Confused the male sheep with the female ones.",1.0,1.0,2.22,0.8,94.0
a,cot_xl,Arabic,MID0033,اذكروا محاسن أمواتكم.,Speak well of the dead.,Speak well of the dead.,False,Pay the good bills of the deceased,Speak well of the dead.,Remember the virtues of the ancestors,Recall the good grades of the deceased,B,Recall the good grades of the deceased,Remember the virtues of the ancestors,Pay the good bills of the deceased,"اذكروا محاسن أمواتكم = Speak well of the dead

Here are 3 plausible but wrong literal interpretations:

 [""Recall the good grades of the deceased"", ""Remember the virtues of the ancestors"", ""Pay the good bills of the deceased""]",1.0,1.0,1.33,0.69,90.7
a,cot_xl,Arabic,MID0034,ازرع جمیلًا ولو في غیر موضعه، فلن یضیع جمیل أینما زرعا,A good deed is never lost.,A good deed is never lost.,False,A delicious dish will not lose its taste if served on a different occasion.,A good deed is never lost.,A well-crafted tool will not lose its quality if used somewhere else.,A beautiful building will not lose its beauty if constructed elsewhere.,B,A beautiful building will not lose its beauty if constructed elsewhere.,A well-crafted tool will not lose its quality if used somewhere else.,A delicious dish will not lose its taste if served on a different occasion.,"ازرع جمیلًا ولو في غیر موضعه، فلن یضیع جمیل أینما زرعا 

A beautiful flower will not lose its fragrance if planted somewhere else.

The reason being: This proverb is about the positive effects of a good deed, not about the characteristics of flowers or their ability to retain fragrance.

[""A beautiful building will not lose its beauty if constructed elsewhere."", ""A well-crafted tool will not lose ",1.0,1.0,2.06,0.67,90.1
a,cot_xl,Arabic,MID0035,اضرب حديدًا حاميًا لا نفع منه أن يبرد,Strike while the iron is hot.,Strike while the iron is hot.,False,strike a metal guardian,اضرب حديدًا حاميًا,حديدًا حاميًا,Strike while the iron is hot.,D,اضرب حديدًا حاميًا,strike a metal guardian,حديدًا حاميًا,"اضرب حديدًا حاميًا لا نفع منه أن يبرد 
Strike while the iron is hot.

* ""اضرب حديدًا حاميًا"" means ""strike a metal guardian"" - wrong literal 1
* ""حديدًا حاميًا"" can also be interpreted as ""a guardian made of metal is hitting"" - wrong literal 2
* ""لا نفع منه أن يبرد"" can be read as ""there is no benefit in it becoming cool from him"" - wrong literal 3",1.0,0.0,0.5,0.78,63.4
a,cot_xl,Arabic,MID0036,اطلبوا العلم من المهد إلى اللحد,Learn from the cradle to the grave.,Learn from the cradle to the grave.,False,Take your grave and put the dead body in a cradle,Take the baby from its cradle and deliver it to the graveyard,Take the dead body from the graveyard to the place where babies sleep in cradles,Learn from the cradle to the grave.,D,Take the baby from its cradle and deliver it to the graveyard,Take your grave and put the dead body in a cradle,Take the dead body from the graveyard to the place where babies sleep in cradles,"""من المهد إلى اللحد"" translates to ""from the cradle to the grave"" but it can be misunderstood as an instruction to take the body from birth to death.

[""Take the baby from its cradle and deliver it to the graveyard"", ""Take your grave and put the dead body in a cradle"", ""Take the dead body from the graveyard to the place where babies sleep in cradles""]",1.0,1.0,1.81,0.75,92.5
a,cot_xl,Arabic,MID0037,اعقلها وتوكّل," Trust in the Lord with all your heart, and do not lean on your own understanding."," Trust in the Lord with all your heart, and do not lean on your own understanding.",False,You should eat well and take care of your health.," Trust in the Lord with all your heart, and do not lean on your own understanding.",You should calm her down and be patient with her.,You should be smarter than her and believe in yourself.,B,You should be smarter than her and believe in yourself.,You should eat well and take care of your health.,You should calm her down and be patient with her.,"اعقلها وتوكّل
Translation: Trust in the Lord with all your heart, and do not lean on your own understanding.

A correct interpretation of this proverb would involve faith and trust in a higher power. Here are 3 plausible but wrong literal interpretations:

[""You should be smarter than her and believe in yourself."",
""You should eat well and take care of your health."",
""You should calm her down and ",1.0,1.0,0.62,0.77,93.1
a,cot_xl,Arabic,MID0038,الأقربون أولى بالمعروف.,Charity begins at home.,Charity begins at home.,False,The closest people are the ones who should be given the good deed first.,Charity should begin with the closest relatives.,The most well-known people should be the ones to start with giving good deeds.,Charity begins at home.,D,Charity should begin with the closest relatives.,The closest people are the ones who should be given the good deed first.,The most well-known people should be the ones to start with giving good deeds.,"Reasoning: Proverbs are meant to convey abstract moral or philosophical lessons, and often rely on figurative language, idioms, and metaphors. Wrong literal interpretations arise when one misunderstands the figurative meaning and takes the proverb too literally. In this case, the original proverb is about prioritizing good behavior in one's immediate environment, rather than about physical locatio",1.0,1.0,2.92,0.77,93.1
a,cot_xl,Arabic,MID0039,الأمور بخواتمها,All is well that ends well.,All is well that ends well.,False,"The more hoops, the better",All things that have thumbs are good,All is well that ends well.,Things with threads are well maintained,C,All things that have thumbs are good,Things with threads are well maintained,"The more hoops, the better","""because it has rings"" 
[""All things that have thumbs are good"" , ""Things with threads are well maintained"", ""The more hoops, the better""]",1.0,1.0,1.0,0.94,98.2
a,cot_xl,Arabic,MID0040,الإفراط في التّواضع يجلب المذلّة," If you humble yourself too much, you will get trampled on."," If you humble yourself too much, you will get trampled on.",False,Extreme humility will attract a trample of people,Too much modesty will lead to a state of being trampled under foot,Overmodesty will cause you to be stepped on by someone.," If you humble yourself too much, you will get trampled on.",D,Extreme humility will attract a trample of people,Too much modesty will lead to a state of being trampled under foot,Overmodesty will cause you to be stepped on by someone.,"[""Extreme humility will attract a trample of people"", ""Too much modesty will lead to a state of being trampled under foot"", ""Overmodesty will cause you to be stepped on by someone.""]",1.0,1.0,0.94,0.89,96.7
a,cot_xl,Arabic,MID0041,الاعتراف بالخطأ فضیلة.,A fault confessed is half redressed.,A fault confessed is half redressed.,False,A mistake is only half the road to success.,"In some cultures, a confessed fault must be compensated with half the value of a red gemstone.",A fault confessed is half redressed.,A person's hair is made half red when they confess a mistake.,C,A person's hair is made half red when they confess a mistake.,A mistake is only half the road to success.,"In some cultures, a confessed fault must be compensated with half the value of a red gemstone.","[ ""A person's hair is made half red when they confess a mistake."" , ""A mistake is only half the road to success."" , ""In some cultures, a confessed fault must be compensated with half the value of a red gemstone."" ]",1.0,1.0,2.11,0.85,95.5
a,cot_xl,Arabic,MID0042,البضاعة تيسر الحاجة.,A bribe works like magic. ,A bribe works like magic. ,False,البضاعة تيسر الحاجة,Because merchandise facilitates the journey.,Merchandise becomes abundant when one is in need.,A bribe works like magic. ,D,البضاعة تيسر الحاجة,Because merchandise facilitates the journey.,Merchandise becomes abundant when one is in need.,"When interpreting the Arabic proverb ""البضاعة تيسر الحاجة"" in an overly literal sense, the following misinterpretations can arise:

""Because merchandise facilitates the journey."" 
""Merchandise becomes abundant when one is in need."" 
""Trading goods brings ease to the path one must take.""",1.0,0.6666666666666666,1.07,0.97,89.1
a,cot_xl,Arabic,MID0043,التأني من الرحمن والعجلة من الشيطان.,haste makes waste.,haste makes waste.,False,The one who tans leather is a servant of God and the one who makes things quick is from the devil,A calm one is God's messenger and hasty one is a traitor,haste makes waste.,One who is patient is a righteous person and one who is hasty is a traitor,C,The one who tans leather is a servant of God and the one who makes things quick is from the devil,One who is patient is a righteous person and one who is hasty is a traitor,A calm one is God's messenger and hasty one is a traitor,"[The slow one is from Allah and hurry is from Satan translates to a message about good deeds being rewarded.]

[""The one who tans leather is a servant of God and the one who makes things quick is from the devil""],
[""One who is patient is a righteous person and one who is hasty is a traitor""],
[""A calm one is God's messenger and hasty one is a traitor""]",1.0,1.0,5.44,0.7,91.0
a,cot_xl,Arabic,MID0044,الجار قبل الدّار," A bad neighbor is a misfortune, as much as a good one is a great blessing."," A bad neighbor is a misfortune, as much as a good one is a great blessing.",False,Your house is before your neighbor,You are unlucky before you build your house,The person living next to you is a gift from before," A bad neighbor is a misfortune, as much as a good one is a great blessing.",D,Your house is before your neighbor,You are unlucky before you build your house,The person living next to you is a gift from before,"[""Your house is before your neighbor"", ""You are unlucky before you build your house"", ""The person living next to you is a gift from before""]",1.0,1.0,0.52,0.8,94.0
a,cot_xl,Arabic,MID0045,الحاجة أمّ الاختراع,Necessity is the mother of invention.,Necessity is the mother of invention.,False,Necessity is the mother of invention.,A woman's need is the mother of all inventions,Motherhood is a woman's need,The need of a woman is the mother of invention.,A,The need of a woman is the mother of invention.,Motherhood is a woman's need,A woman's need is the mother of all inventions,"حاجة المرأة الأمّ للاختراع
[""The need of a woman is the mother of invention."", ""Motherhood is a woman's need"", ""A woman's need is the mother of all inventions""]

Or

حاجة المرء للاختراع أمّ اختياره
[""A man's need for invention is his mother's choice"", ""The need for a man's invention is the mother of his choice"", ""A man's need of invention is the choice of his mother""]

Or

حاجة المريض لأختراع الأط",1.0,1.0,1.33,0.58,87.4
a,cot_xl,Arabic,MID0046,الحُبُّ أَعْمَى. ,Love is blind,Love is blind,False,The person who is truly in love will be physically blind for a short time as a sign of devotion.,"The act of loving can cause physical blindness, and you need medical attention for it.",Love is blind,"Love is blind in the literal sense, so it requires eye surgery to cure.",C,"Love is blind in the literal sense, so it requires eye surgery to cure.","The act of loving can cause physical blindness, and you need medical attention for it.",The person who is truly in love will be physically blind for a short time as a sign of devotion.,"الحُبُّ أَعْمَى translates to 'Love is blind' in English.

Reasoning: In Arabic, 'أَعْمَى' (a'ma) indeed means 'blind'. However, in this context, it's used metaphorically to convey that love blinds people, making them overlook flaws or imperfections.

[""Love is blind in the literal sense, so it requires eye surgery to cure."", ""The act of loving can cause physical blindness, and you need medical at",1.0,1.0,5.44,0.9,97.0
a,cot_xl,Arabic,MID0047,الدّالّ على الخير كفاعله, But remember that good intentions pave many roads. Not all of them lead to hell., But remember that good intentions pave many roads. Not all of them lead to hell.,False, But remember that good intentions pave many roads. Not all of them lead to hell.,A person who uses their left hand to point at something will use their left hand to create it,The act of winking towards something good will cause it to happen,The person who points towards the sun will get sunburn,A,The act of winking towards something good will cause it to happen,The person who points towards the sun will get sunburn,A person who uses their left hand to point at something will use their left hand to create it,"""someone who gestures towards the good is the same as someone who achieves it"" 
[""The act of winking towards something good will cause it to happen"", ""The person who points towards the sun will get sunburn"", ""A person who uses their left hand to point at something will use their left hand to create it""]",1.0,1.0,0.91,0.84,95.2
a,cot_xl,Arabic,MID0048,الصباح رباح.,let's call it a night.,let's call it a night.,False,let's call it a night.,morning dew is a treasure to be collected,wrong literal 1,there is a mythical morning creature with magical wealth,A,wrong literal 1,morning dew is a treasure to be collected,there is a mythical morning creature with magical wealth,"The morning brings wealth. 

""wrong literal 1"",""morning dew is a treasure to be collected"",""there is a mythical morning creature with magical wealth""
""wrong literal 2"",""the morning sun will bring us riches"",""a morning ritual to invoke prosperity""
""wrong literal 3"",""morning dew is a rare gemstone"",""the sun's rays have healing properties in the morning""",1.0,0.6666666666666666,1.33,0.93,87.9
a,cot_xl,Arabic,MID0049,الصحة تاج على رؤوس الأصحاء لا یراه إلا المرضى.,Health is not valued till sickness comes.,Health is not valued till sickness comes.,False,"Health is a crown placed on the heads of the healthy, and only the sick have a clear view of it.",Only the sick can see the beauty of health paraded on the heads of the healthy.,Health is not valued till sickness comes.,"The healthy wear health crowns on their heads, which only the sick can view.",C,Only the sick can see the beauty of health paraded on the heads of the healthy.,"The healthy wear health crowns on their heads, which only the sick can view.","Health is a crown placed on the heads of the healthy, and only the sick have a clear view of it.","[The proverb implies health is being displayed in a parade. The healthy people are admiring the beauty of the health (tage), but only the sick people can see it clearly.]

[""Only the sick can see the beauty of health paraded on the heads of the healthy."", ""The healthy wear health crowns on their heads, which only the sick can view."", ""Health is a crown placed on the heads of the healthy, and only ",1.0,1.0,2.43,0.72,91.6
a,cot_xl,Arabic,MID0050,الصّديق وقت الضّيق, A friend in need is a friend indeed., A friend in need is a friend indeed.,False,A person who likes to take pictures during emergencies., A friend in need is a friend indeed.,A friend who prefers to travel at peak hours.,Someone who brings friends with you when you're in trouble.,B,A person who likes to take pictures during emergencies.,A friend who prefers to travel at peak hours.,Someone who brings friends with you when you're in trouble.,"<reasoning>This proverb emphasizes the importance of true friendships, highlighting that a friend will not abandon you during difficult times.</reasoning>
[""A person who likes to take pictures during emergencies."", ""A friend who prefers to travel at peak hours."", ""Someone who brings friends with you when you're in trouble.""]",1.0,1.0,1.17,0.9,97.0
a,cot_xl,Arabic,MID0051,الطبع يغلب التطبّع, What is bred in the bone cannot come out of the flesh., What is bred in the bone cannot come out of the flesh.,False,You can't change the flesh you were born into,Good breeding will always overpower bad habits,A person's breeding habits will always be stronger than their personal habits, What is bred in the bone cannot come out of the flesh.,D,A person's breeding habits will always be stronger than their personal habits,You can't change the flesh you were born into,Good breeding will always overpower bad habits,"<reasoning>In Arabic, ""الطبع"" can mean ""habit"" or ""character"", but in this proverb, it's used to describe something that is innate, something that is born into a person. The word ""التطبّع"" also means ""breeding"" or ""raising"", but in this context, it's about the environment shaping a person's character. However, if we were to interpret these words in a more literal sense, we might get different mean",1.0,1.0,0.78,0.9,97.0
a,cot_xl,Arabic,MID0052,الطيور على أشكالها تقع.,Birds of feather flock together,Birds of feather flock together,False,Birds of feather flock together,"If a bird has the shape of a tree on its feathers, it will fall.",You can hang birds on a shape of a tree.,"When you look at a shape of a tree, birds fall from it.",A,"When you look at a shape of a tree, birds fall from it.","If a bird has the shape of a tree on its feathers, it will fall.",You can hang birds on a shape of a tree.,"[The proverb is talking about the similarity between a shape of a tree and birds that live in that tree]
[""When you look at a shape of a tree, birds fall from it."", ""If a bird has the shape of a tree on its feathers, it will fall."", ""You can hang birds on a shape of a tree."" ]",1.0,1.0,2.53,0.78,93.4
a,cot_xl,Arabic,MID0053,الطیبون للطیبات.,A good Jack makes a good Jill.,A good Jack makes a good Jill.,False,Good things for good things to eat.,الطیبون للطیبات,Good perfume for good food.,A good Jack makes a good Jill.,D,الطیبون للطیبات,Good perfume for good food.,Good things for good things to eat.,"The proverb ""الطیبون للطیبات"" implies that good people attract good things, but here are 3 plausible but wrong literal interpretations:

""Good perfume for good food.""
""Good things for good things to eat.""
""Nice people for nice cats.""",1.0,0.6666666666666666,0.67,0.9,87.0
a,cot_xl,Arabic,MID0054,العقل السلیم في الجسم السلیم.,A sound mind in a sound body.,A sound mind in a sound body.,False,A sound mind in a sound metal body,A sound mind in the sound of a body,In a body with a sound in it,A sound mind in a sound body.,D,A sound mind in a sound metal body,In a body with a sound in it,A sound mind in the sound of a body,"العقل السلیم في الجسم السلیم. (A sound mind in a sound body)

[""A sound mind in a sound metal body"", ""In a body with a sound in it"", ""A sound mind in the sound of a body""]",1.0,1.0,1.19,0.48,84.4
a,cot_xl,Arabic,MID0055,العلم قوّة.,Knowledge is power.,Knowledge is power.,False,Knowledge is a force,Science is strong,Information is an ability,Knowledge is power.,D,Science is strong,Knowledge is a force,Information is an ability,""" العلم قوّة"" literally translates to ""The knowledge is a power"".

[""Science is strong"", ""Knowledge is a force"", ""Information is an ability""]",1.0,0.0,1.22,0.84,65.2
a,cot_xl,Arabic,MID0056,الغاية تبرر الوسيلة ,The end justifies the means,The end justifies the means,False,The end justifies the means,wrong literal 1,"{'reasoning': ""The Arabic phrase 'الغاية' (al-ghaya) means 'the end' or 'the goal', but it can also mean 'the sky'. Likewise, 'الوسيلة' (al-wasila) means 'the means' or 'the way', but it can also mean 'path' or 'road'.""}",wrong literal 2,A,"{'reasoning': ""The Arabic phrase 'الغاية' (al-ghaya) means 'the end' or 'the goal', but it can also mean 'the sky'. Likewise, 'الوسيلة' (al-wasila) means 'the means' or 'the way', but it can also mean 'path' or 'road'.""}",wrong literal 1,wrong literal 2,"""The sky is the path to the tree"" is a literal interpretation of the Arabic proverb, suggesting that the sky is somehow physically connected to a tree.

[{""reasoning"": ""The Arabic phrase 'الغاية' (al-ghaya) means 'the end' or 'the goal', but it can also mean 'the sky'. Likewise, 'الوسيلة' (al-wasila) means 'the means' or 'the way', but it can also mean 'path' or 'road'.""}, ""wrong literal 1"", ""wron",1.0,0.3333333333333333,2.8,0.83,74.9
a,cot_xl,Arabic,MID0057,القَشَّة التي قَصمَت ظَهِر البَعير.,The last straw.,The last straw.,False,The broken upper back of the donkey is the cause of the sheaf's failure.,The last straw.,The animal's upper back made the sheaf break.,Shears used to cut the camel's back caused the sheaf to break.,B,The animal's upper back made the sheaf break.,Shears used to cut the camel's back caused the sheaf to break.,The broken upper back of the donkey is the cause of the sheaf's failure.,"The last straw proverb warns against the final act or mistake that leads to a collapse or failure, implying that previous problems or mistakes were bearable but this one was the tipping point.

Here are 3 plausible but wrong literal interpretations:

[""The animal's upper back made the sheaf break."", ""Shears used to cut the camel's back caused the sheaf to break."", ""The broken upper back of the don",1.0,1.0,3.78,0.79,93.7
a,cot_xl,Arabic,MID0058,القناعة كنز لا یفنى.,Enough is as good as a feast.,Enough is as good as a feast.,False,Enough is as good as a feast.,Pockets full of treasure never run out of space,Satisfaction is a treasure that doesn't lose its value as the years go by,A treasure of contentment can be used as a container to store other items,A,Pockets full of treasure never run out of space,A treasure of contentment can be used as a container to store other items,Satisfaction is a treasure that doesn't lose its value as the years go by,"القناعة كنز لا یفنى.
Reasoning: This proverb is often used to convey that satisfaction and contentment can be more valuable than seeking more. However, if read literally, it might lead to a misunderstanding that the treasure, which is satisfaction, never runs out.

[""Pockets full of treasure never run out of space"", ""A treasure of contentment can be used as a container to store other items"", ""Sati",1.0,1.0,1.76,0.91,97.3
a,cot_xl,Arabic,MID0059,الكتاب يُقرأ من عنوانه,English equivalent is actually the opposite meaning: never judge a book by its cover.,English equivalent is actually the opposite meaning: never judge a book by its cover.,False,English equivalent is actually the opposite meaning: never judge a book by its cover.,A book can only be opened through its title,The title of a book contains all its content,The book is read from its title,A,The book is read from its title,A book can only be opened through its title,The title of a book contains all its content,"[""The book is read from its title"", ""A book can only be opened through its title"", ""The title of a book contains all its content""]",1.0,1.0,0.6,0.72,91.6
a,cot_xl,Arabic,MID0060,اللّبيب بالإشارة يفهم,A word to a wise man is enough.,A word to a wise man is enough.,False,A word to a wise man is enough.,A person from Labrador can understand a pointing finger.,A wise person understands just the first letter of a word.,A man with a beard has a sufficient message.,A,A wise person understands just the first letter of a word.,A man with a beard has a sufficient message.,A person from Labrador can understand a pointing finger.,"""When someone who is wise is shown his way, he will comprehend.

[""A wise person understands just the first letter of a word."",
""A man with a beard has a sufficient message."",
""A person from Labrador can understand a pointing finger.""]",1.0,1.0,1.21,0.91,97.3
a,cot_xl,Arabic,MID0061,المَرء على دين خليله ,A man is known by the company he keeps.,A man is known by the company he keeps.,False,أنهُ إذا كانَ يَدَعُ إِبنَ حَميدهِ في مَصحفٍ عَلَيهِ مِنَ العَجيجِ,إِنَّ الرجلَ يُعرفُ بِقِصارِ قَدَميِهِ المُصاحَبَةَ,A man is known by the company he keeps.,A man is known by the company he keeps his son's Quran with,C,أنهُ إذا كانَ يَدَعُ إِبنَ حَميدهِ في مَصحفٍ عَلَيهِ مِنَ العَجيجِ,A man is known by the company he keeps his son's Quran with,إِنَّ الرجلَ يُعرفُ بِقِصارِ قَدَميِهِ المُصاحَبَةَ,"""أنهُ إذا كانَ يَدَعُ إِبنَ حَميدهِ في مَصحفٍ عَلَيهِ مِنَ العَجيجِ"" 
[""A man is known by the company he keeps his son's Quran with""]
""إِنَّ الرجلَ يُعرفُ بِقِصارِ قَدَميِهِ المُصاحَبَةَ""
[""A man is known by the length of the shoes his friends wear""]
""إِنَّ الرجلَ يُعتَبَرُ بِحُمضِ حِميرِهِ المُصاحَبَة""
[""A man is known by the acidity of the donkeys he keeps""]",1.0,1.0,1.11,1.0,100.0
a,cot_xl,Arabic,MID0062,المصائب لا تأتي فرادى.,An evil chance seldom comes alone.,An evil chance seldom comes alone.,False,,,,,,,,,"[و هي تقلب بين المريضين]المصائب لا تأتي فرادى (It doesn't come alone to just one patient)
[إذا جاءت في جماعة]المصائب لا تأتي فرادى (It always comes in a group)
[يأتي الأمل بمواجهتها]المصائب لا تأتي فرادى (Hope comes when facing it alone)",0.0,0.0,0.0,0.0,0.0
a,cot_xl,Arabic,MID0063,المكتوب ما منه مهروب.,No flying from fate.,No flying from fate.,False,A person can escape a written test or exam.,No flying from fate.,A pen or writing instrument has a built-in escape mechanism or parachute.,A person who writes books will never need to fly.,B,A person who writes books will never need to fly.,A pen or writing instrument has a built-in escape mechanism or parachute.,A person can escape a written test or exam.,"""The written words are a means of escape.""

[""A person who writes books will never need to fly."", 
""A pen or writing instrument has a built-in escape mechanism or parachute."", 
""A person can escape a written test or exam.""]",1.0,1.0,2.58,0.87,96.1
a,cot_xl,Arabic,MID0064,المَمنُوع مَرْغُوب.,Forbidden fruit is the sweetest.,Forbidden fruit is the sweetest.,False,Forbidden fruit is the sweetest.,You can get the sweetest fruit from a place that does not allow you to pick it.,"For someone who has never eaten sweets, fruit from the forbidden tree is sweet.",The forbidden fruit is an edible sweet that is a type of sweet fruit.,A,The forbidden fruit is an edible sweet that is a type of sweet fruit.,"For someone who has never eaten sweets, fruit from the forbidden tree is sweet.",You can get the sweetest fruit from a place that does not allow you to pick it.,"[The forbidden fruit is the sweetest because it is made of real sugar.]
[""The forbidden fruit is an edible sweet that is a type of sweet fruit."", ""For someone who has never eaten sweets, fruit from the forbidden tree is sweet."", ""You can get the sweetest fruit from a place that does not allow you to pick it.""]",1.0,1.0,3.0,0.85,95.5
a,cot_xl,Arabic,MID0065,النظافة من الإيمان,Cleanliness is next to godliness.,Cleanliness is next to godliness.,False,Cleanliness is next to godliness.,Cleanliness is married to Faith,Faith is a type of dirt,Cleanliness is next to the Prophet's Mosque,A,Cleanliness is next to the Prophet's Mosque,Faith is a type of dirt,Cleanliness is married to Faith,"(reasoning) في هذه العبارة، يُفهم النظافة في سياق النظافة الجسدية فقط. 
(reasoning) في هذه العبارة، يُفهم الإيمان في سياق الإيمان بدين معين. 
(reasoning) في هذه العبارة، يُفهم كلمتا ""نظافة"" و ""إيمان"" على أنها كلمات متصاومة مع بعضها في سياق علاقة.

[""Cleanliness is next to the Prophet's Mosque"", ""Faith is a type of dirt"", ""Cleanliness is married to Faith""]",1.0,1.0,1.2,0.79,93.7
a,cot_xl,Arabic,MID0066,الهُدُوءُ الّذي يَسْبِقُ العَاصِفَةَ ,calm before the storm.,calm before the storm.,False,wrong literal 2,wrong literal 1,calm before the storm.,The calmness that precedes the storm allows you to live a long life.,C,wrong literal 1,The calmness that precedes the storm allows you to live a long life.,wrong literal 2,"<reasoning>Arabic: الهُدُوءُ الّذي يَسْبِقُ العَاصِفَةَ في الوَخَذِ العُمرُ </reasoning>[""wrong literal 1"",""The calmness that precedes the storm allows you to live a long life."",
<reasoning>Arabic:الهُدُوءُ الّذي يَسْبِقُ العَاصِفَةَ مِنَ المَاءِ </reasoning> ""wrong literal 2"",
<reasoning>Arabic: الهُدُوءُ الّذي يَسْبِقُ العَاصِفَةَ فيَ الخَطِيِّ العَنَبَ </reasonassistant<|end_header_id|>

[""wron",1.0,0.3333333333333333,1.58,0.83,74.9
a,cot_xl,Arabic,MID0067,الوحدة خیر من جلیس السوء.,It is better to be alone than in bad company,It is better to be alone than in bad company,False,Being alone is better than in a house with a bad foundation,Unity is better than a house with mold,It is better to be alone than in bad company,A single room is better than a bad house,C,A single room is better than a bad house,Unity is better than a house with mold,Being alone is better than in a house with a bad foundation,"The proverb is warning against the influence of bad companions, not literal interpretations of unity or bad company in a physical sense.

الوحدة خیر من جلیس السوء doesn't say anything about the quality of the dwelling (""jilis"" is a place), it's actually an idiomatic phrase referring to the companions or the group of people you're with.

A possible reason this is misinterpreted is if you take ""jili",1.0,1.0,0.97,0.54,86.2
a,cot_xl,Arabic,MID0068,الوقاية خير من العلاج/ درهم وقاية خير من قنطار علاج ,Prevention is better than cure,Prevention is better than cure,False,A prevention of 1 dirham is better than a cure of 100 qantars.,"Prevention is a better currency than cure, where cure is a type of currency.",Prevention is better than cure,"A dirham of prevention is better than a qantar of cure, where a qantar is a unit of weight.",C,"A dirham of prevention is better than a qantar of cure, where a qantar is a unit of weight.",A prevention of 1 dirham is better than a cure of 100 qantars.,"Prevention is a better currency than cure, where cure is a type of currency.","""Prevention is better than cure"" is not a direct translation of the Arabic proverb. However, here are 3 plausible but wrong literal interpretations:

[""A dirham of prevention is better than a qantar of cure, where a qantar is a unit of weight."", ""A prevention of 1 dirham is better than a cure of 100 qantars."", ""Prevention is a better currency than cure, where cure is a type of currency.""]",1.0,1.0,3.07,0.54,86.2
a,cot_xl,Arabic,MID0069,الوقتُ كالسَّيْفِ إن لم تَقْطعهُ قَطَعَك. ,Time is money,Time is money,False,wrong literal 3,wrong literal 1,wrong literal 2,Time is money,D,wrong literal 1,wrong literal 2,wrong literal 3,"الوقتُ كالسَّيْفِ إن لم تَقْطعهُ قَطَعَكَ

Time is money

Here are three plausible but wrong literal interpretations:

""Time is like a sword that will cut you if you don't cut it."" 
""A time is like a scythe that will cut you if it's not cut."" 
""Time is like a sword that will cut you if you don't handle it."" 

[ ""wrong literal 1"", ""wrong literal 2"", ""wrong literal 3"" ]",1.0,0.0,1.0,0.5,55.0
a,cot_xl,Arabic,MID0070,بلغ السيل الزبى,to become unbearable ,to become unbearable ,False,The flood of dirty water became too wet,The flood of dirty water is too messy,to become unbearable ,The river carried a dirty load,C,The flood of dirty water became too wet,The river carried a dirty load,The flood of dirty water is too messy,"بلغ السيل الزبى
This is a proverb that warns of a situation becoming unbearable.
One way to interpret this proverb is that it suggests a strong flood of dirty water is too much to bear.

The incorrect literal interpretations in English are:
[""The flood of dirty water became too wet"", ""The river carried a dirty load"", ""The flood of dirty water is too messy""]",1.0,1.0,2.44,0.69,90.7
a,cot_xl,Arabic,MID0071,بین المطرقة والسندان.,Between the upper and nether millstone.,Between the upper and nether millstone.,False,The millstone is being used to grind two different types of grain.,You are sandwiched between two heavy millstones.,Between the upper and nether millstone.,There is a millstone stuck between the upper and lower parts of a building.,C,You are sandwiched between two heavy millstones.,The millstone is being used to grind two different types of grain.,There is a millstone stuck between the upper and lower parts of a building.,"Reasoning: This proverb refers to a difficult situation where one is caught between two opposing forces or pressures, much like the weight of both sides of a millstone. A wrong literal reading would be one that focuses on the physical properties of the millstone rather than the metaphorical situation.

[""You are sandwiched between two heavy millstones."", ""The millstone is being used to grind two d",1.0,1.0,1.83,0.9,97.0
a,cot_xl,Arabic,MID0072,تجري الرياح بما لا تشتهي السّفن,Things don’t always go as they’re planned.,Things don’t always go as they’re planned.,False,Things don’t always go as they’re planned.,The clouds in the sky obey the commands of sailors on board their ships.,Winds are always blown by boats using their sails to catch the wind.,Rivers are controlled by ships navigating their waters.,A,Winds are always blown by boats using their sails to catch the wind.,Rivers are controlled by ships navigating their waters.,The clouds in the sky obey the commands of sailors on board their ships.,"""رياح البحر"" (the sea wind) doesn't literally move according to ships' wishes. However, we can come up with some wrong interpretations for the sake of this exercise:

[""Winds are always blown by boats using their sails to catch the wind."", ""Rivers are controlled by ships navigating their waters."", ""The clouds in the sky obey the commands of sailors on board their ships.""]",1.0,1.0,1.67,0.9,97.0
a,cot_xl,Arabic,MID0073,خاطبوا الناس على قدر عقولهم.,Address people in the language they can understand.,Address people in the language they can understand.,False,Address people in the language they can understand.,Wear the same clothes as people to understand them.,Measure people according to the size of their heads.,Talk to people from the perspective of their stomachs.,A,Measure people according to the size of their heads.,Wear the same clothes as people to understand them.,Talk to people from the perspective of their stomachs.,"[""Measure people according to the size of their heads."",
""Wear the same clothes as people to understand them."",
""Talk to people from the perspective of their stomachs.""]",1.0,1.0,1.12,0.74,92.2
a,cot_xl,Arabic,MID0074,خذو الحكمة من أفواه البسطاء.,For the LORD gives wisdom; from his mouth come knowledge and understanding.,For the LORD gives wisdom; from his mouth come knowledge and understanding.,False,For the LORD gives wisdom; from his mouth come knowledge and understanding.,Take food from a gardener's mouth,Sheep should be taken from their shepherd's mouth,Take a cow from a shepherd's mouth,A,Take food from a gardener's mouth,Sheep should be taken from their shepherd's mouth,Take a cow from a shepherd's mouth,"""من قالها كان مستعدا لكي يأكل ما في أفواه البستان""
[""Take food from a gardener's mouth"", ""Sheep should be taken from their shepherd's mouth"", ""Take a cow from a shepherd's mouth""]",1.0,1.0,0.58,0.69,90.7
a,cot_xl,Arabic,MID0075,خير البر عاجله,"The sooner, the better ","The sooner, the better ",False,"The sooner, the better ",You will get better at the sport if you delay your practice.,The sooner you get married the more you will have to spend on a bride.,"If you get a gift from a good brother now, you won't get a better one later.",A,You will get better at the sport if you delay your practice.,The sooner you get married the more you will have to spend on a bride.,"If you get a gift from a good brother now, you won't get a better one later.","خير البر عاجله: If you leave early, better is the brother who helped you.

[""You will get better at the sport if you delay your practice."",
""The sooner you get married the more you will have to spend on a bride."",
""If you get a gift from a good brother now, you won't get a better one later.""]",1.0,1.0,3.67,0.82,94.6
a,cot_xl,Arabic,MID0076,خير الكلام ما قلّ ودلّ,Less is more.,Less is more.,False,Better is a good ruler than conversation.,The judge is better than speaking.,Less is more.,A good opinion is more valuable than talking.,C,The judge is better than speaking.,A good opinion is more valuable than talking.,Better is a good ruler than conversation.,"فالحكم خير من الكلام.
[""The judge is better than speaking."", ""A good opinion is more valuable than talking."", ""Better is a good ruler than conversation.""]",1.0,1.0,2.33,0.72,91.6
a,cot_xl,Arabic,MID0077,خیر الأمور أوسطھا.,Everything in moderation.,Everything in moderation.,False,The middle of a river is always the calmest part.,"If you take the middle of a road, you will likely get lost.","In a fight, the middle one will often get hurt.",Everything in moderation.,D,"If you take the middle of a road, you will likely get lost.","In a fight, the middle one will often get hurt.",The middle of a river is always the calmest part.,"In the Arabic proverb, it means that the best situation is the middle one, implying that extreme situations are often undesirable. Here are three plausible but wrong literal interpretations:

[""If you take the middle of a road, you will likely get lost."", ""In a fight, the middle one will often get hurt."", ""The middle of a river is always the calmest part.""]",1.0,1.0,3.67,0.76,92.8
a,cot_xl,Arabic,MID0078,دق الحديد وهو حامي.,Strike while the iron is hot.,Strike while the iron is hot.,False,Strike the iron while it's a shield.,Strike while the iron is hot.,Hit the iron when it's a protector.,Smash the iron when it's covering.,B,Strike the iron while it's a shield.,Hit the iron when it's a protector.,Smash the iron when it's covering.,"[دق الحديد وهو حامي] في اللغة العربية يوصي بمخاطرة الحد الأدنى من المخاطر.

[""Strike the iron while it's a shield."", ""Hit the iron when it's a protector."", ""Smash the iron when it's covering.""]",1.0,1.0,1.11,0.62,88.6
a,cot_xl,Arabic,MID0079,رُب أخ لم تلده أمك.,Your brother from another mother.,Your brother from another mother.,False,A child that your mother didn't deliver,A son that your mother didn't bear at birth,Your brother from another mother.,A tree that your mother didn't plant,C,A child that your mother didn't deliver,A tree that your mother didn't plant,A son that your mother didn't bear at birth,"<reasoning>The proverb has a metaphorical meaning and is often used to describe a close friend who is similar to a sibling.</reasoning>[""A child that your mother didn't deliver"",""A tree that your mother didn't plant"",""A son that your mother didn't bear at birth""]",1.0,1.0,1.53,0.51,85.3
a,cot_xl,Arabic,MID0080,رحم الله امرءًا عرف قدر نفسه.,Cut your coat according to your cloth.,Cut your coat according to your cloth.,False,Cut your coat according to your cloth.,You must cut your clothes according to their current market value.,You must weigh your life according to your weight on a scale.,You must keep your head safe according to how you preserve your life.,A,You must weigh your life according to your weight on a scale.,You must cut your clothes according to their current market value.,You must keep your head safe according to how you preserve your life.,"The Arabic proverb implies that one should manage their expectations according to their abilities, but a wrong literal reading might lead to different interpretations.

[Reasoning in Arabic: يُترجم هذا الأسمال حرفياً, فَيُفهم أنه يجب أن نُسَوِّم حياتنا وفق أوزاننا, وَيُفهم كذلك أنه يجب أن نُقطع ثيابنا وفق قيمتها الحالية من ملاية,  وَفيه أيضاً أنه يجب أن نَحفظ رؤوسنا وفق طريقة نَحفظ فيها حياتنا.]

",1.0,1.0,1.71,0.71,91.3
a,cot_xl,Arabic,MID0081,طباخ السم يذوقه.,What goes around comes around.,What goes around comes around.,False,Only a fish cook can taste the fish he cooks.,What goes around comes around.,"If you cook fish, you will taste it.",The cook of the fish will eventually taste it.,B,The cook of the fish will eventually taste it.,"If you cook fish, you will taste it.",Only a fish cook can taste the fish he cooks.,"""what happens to the cook of the fish he tastes it"" 
[""The cook of the fish will eventually taste it."", ""If you cook fish, you will taste it."", ""Only a fish cook can taste the fish he cooks.""]",1.0,1.0,1.8,0.73,91.9
a,cot_xl,Arabic,MID0082,عاد بخفي حُنَيْن / عاد خالي الوفاض,Cut off without a penny ,Cut off without a penny ,False,He cut off the nose without any money,He cut off his arm without any compensation,He went to the moon without a penny,Cut off without a penny ,D,He cut off the nose without any money,He went to the moon without a penny,He cut off his arm without any compensation,"[عاد بخفي حُنَيْن / عاد خالي الوفاض] means he cut off his hair without any payment.

[""He cut off the nose without any money"", ""He went to the moon without a penny"", ""He cut off his arm without any compensation""]",1.0,1.0,1.6,0.72,91.6
a,cot_xl,Arabic,MID0083,عادت حليمة لعادتها القديمة.,Old habits die hard.,Old habits die hard.,False,Old habits die hard.,Halima's old habit is a type of traditional clothing.,عادت حليمة لعادتها القديمة,wrong literal 1,A,عادت حليمة لعادتها القديمة,wrong literal 1,Halima's old habit is a type of traditional clothing.,"""عادت حليمة لعادتها القديمة"" means that old habits die hard.

Here are 3 plausible but wrong literal interpretations:

[ ""wrong literal 1"": ""Halima's old habit is a type of traditional clothing."" ] 
[ ""wrong literal 2"": ""Halima's habit from the past was to live in the mountains."" ] 
[ ""wrong literal 3"": ""Halima's old shoes are still good in their traditional design.""",1.0,0.3333333333333333,1.33,1.0,80.0
a,cot_xl,Arabic,MID0084,عامل الناس كما تحب أن تُعامَل.,Do as you would be done.,Do as you would be done.,False,Do as you would be done,wrong literal 2,Do as you would be done.,wrong literal 1,C,Do as you would be done,wrong literal 1,wrong literal 2,"عامل الناس كما تحب أن تُعامَل. translates to ""Do as you would be done"" which has nothing to do with acting.

However, if one acts in the manner of being acted upon - 

""wrong literal 1"": You should act on people as you like them to act on you in the sense of taking actions.

""wrong literal 2"": The people you act upon should be those you like to be acted upon, hence you should choose your victims c",1.0,0.3333333333333333,0.67,0.83,74.9
a,cot_xl,Arabic,MID0085,عُصْفُورٌ باليَدّ خيرٌ من عشرة على الشجرة.,A bird in the hand is worth two in the bush.,A bird in the hand is worth two in the bush.,False,A bird in your hand will give birth to ten birds on the tree.,A bird in the hand is worth two in the bush.,Having a bird in your hand will heal ten birds on the tree.,The bird in your hand is a better dancer than ten birds on the tree.,B,A bird in your hand will give birth to ten birds on the tree.,The bird in your hand is a better dancer than ten birds on the tree.,Having a bird in your hand will heal ten birds on the tree.,"""عُصْفُورٌ باليَدّ خيرٌ من عشرة على الشجرة"" does not directly translate to ""A bird in the hand is worth two in the bush"". However, it can be interpreted to mean that having a single bird in your hand is preferable to having ten birds that are on a nearby tree. 

Here are 3 plausible but wrong literal interpretations:

[""A bird in your hand will give birth to ten birds on the tree."", ""The bird in y",1.0,1.0,1.27,0.39,81.7
a,cot_xl,Arabic,MID0086,على أحر من الجمر,On pins and needles ,On pins and needles ,False,Boiling someone in a large pot of coal.,You would only sit on burning coals if you were being boiled alive.,When someone is boiled alive in a pot.,On pins and needles ,D,You would only sit on burning coals if you were being boiled alive.,When someone is boiled alive in a pot.,Boiling someone in a large pot of coal.,"على أحر من الجمر translates to ""On pins and needles"". A plausible but wrong literal interpretation could be:

Reasoning: This proverb is about being extremely scared to the point where you are literally sitting on burning coals. You would only sit on burning coals if you were being boiled alive.

[""You would only sit on burning coals if you were being boiled alive."", ""When someone is boiled alive ",1.0,1.0,2.42,0.91,97.3
a,cot_xl,Arabic,MID0087,على قدم و ساق,In full swing.,In full swing.,False,A person has stepped on someone's toe.,You are walking with your legs on both feet.,In full swing.,The legs of a chair are broken.,C,You are walking with your legs on both feet.,A person has stepped on someone's toe.,The legs of a chair are broken.,"""على قدم و ساق"" can be literally interpreted in various incorrect ways.

[""You are walking with your legs on both feet."",
""A person has stepped on someone's toe."",
""The legs of a chair are broken."" ]",1.0,1.0,2.56,0.9,97.0
a,cot_xl,Arabic,MID0088,على نفسها جَنَتْ براقش.,She digs her own grave.,She digs her own grave.,False,She grew her own grain of wheat on her own land,She cultivated her own lavender garden,She digs her own grave.,She sowed a wildflower on her own territory,C,She grew her own grain of wheat on her own land,She cultivated her own lavender garden,She sowed a wildflower on her own territory,"[She has planted her own garden] 
[""She grew her own grain of wheat on her own land"",  ""She cultivated her own lavender garden"", ""She sowed a wildflower on her own territory""]",1.0,1.0,1.67,0.72,91.6
a,cot_xl,Arabic,MID0089,عن ظهر قلب ,Like the back of my hand,Like the back of my hand,False,You have to stand on the heart,Someone has placed the back of their heart on top of something,Like the back of my hand,You have to place your heart on someone's back,C,You have to stand on the heart,Someone has placed the back of their heart on top of something,You have to place your heart on someone's back,"عن ظهر القلب (Like the back of my hand) suggests familiarity or ease, not necessarily related to physical body parts. However, for the sake of creating plausible but incorrect literal interpretations:

[""You have to stand on the heart"", ""Someone has placed the back of their heart on top of something"", ""You have to place your heart on someone's back""]",1.0,1.0,1.56,0.72,91.6
a,cot_xl,Arabic,MID0090,عند البطون ضاعت العقول,A hungry stomach has no ears.,A hungry stomach has no ears.,False,"When stomachs are large, minds get lost.",The presence of stomachs causes the loss of wisdom.,A hungry stomach has no ears.,The ears of the stomach are destroyed when it is full.,C,"When stomachs are large, minds get lost.",The ears of the stomach are destroyed when it is full.,The presence of stomachs causes the loss of wisdom.,"The proverb ""عند البطون ضاعت العقول"" is a metaphorical expression to convey that being extremely hungry can impair one's ability to think and reason. Here are 3 plausible but incorrect literal interpretations in English:

[""When stomachs are large, minds get lost."", ""The ears of the stomach are destroyed when it is full."", ""The presence of stomachs causes the loss of wisdom.""]",1.0,1.0,1.5,0.89,96.7
a,cot_xl,Arabic,MID0091,فرق تسد,Divide and conquer ,Divide and conquer ,False,Dividing a meal can help in eating it more efficiently.,Separating clothes can help in getting them cleaned.,Divide and conquer ,The act of separation between two objects can help in creating space.,C,Separating clothes can help in getting them cleaned.,Dividing a meal can help in eating it more efficiently.,The act of separation between two objects can help in creating space.,"فرق تسد: Because separation is a medicine, it can heal and cure any issue or disease, thus the phrase is suggesting the importance of separation from sickness to get better.

[""Separating clothes can help in getting them cleaned."", ""Dividing a meal can help in eating it more efficiently."", ""The act of separation between two objects can help in creating space.""]",1.0,1.0,3.33,0.82,94.6
a,cot_xl,Arabic,MID0092,في الاتحاد قوة.,Unity is power.,Unity is power.,False,"When you put a foot in a union, it becomes powerful.",There's a union at the foot.,"If you're at the United Nations, you'll find strength there.",Unity is power.,D,"If you're at the United Nations, you'll find strength there.",There's a union at the foot.,"When you put a foot in a union, it becomes powerful.","[""If you're at the United Nations, you'll find strength there."", ""There's a union at the foot."", ""When you put a foot in a union, it becomes powerful.""]",1.0,1.0,3.0,0.93,97.9
a,cot_xl,Arabic,MID0093,في التأني السلامة وفي العجلة الندامة.,Haste makes waste ,Haste makes waste ,False,The safety comes at a slow pace,Haste makes waste ,There is a peace treaty that can be made in haste,Waste management is usually done at a slow speed,B,The safety comes at a slow pace,There is a peace treaty that can be made in haste,Waste management is usually done at a slow speed,"""في التأني السلامة وفي العجلة الندامة"" translates to ""Haste makes waste."" Here are 3 plausible but wrong literal interpretations:

[""The safety comes at a slow pace"", ""There is a peace treaty that can be made in haste"", ""Waste management is usually done at a slow speed""]",1.0,1.0,3.0,0.87,96.1
a,cot_xl,Arabic,MID0094,في الحب و الحرب كل وسیلة مشروعة.,All is fair in love and war.,All is fair in love and war.,False,war is necessary for a functioning love life,All is fair in love and war.,tools and war are only justified in romantic situations,all tools are legitimate in warfare,B,war is necessary for a functioning love life,all tools are legitimate in warfare,tools and war are only justified in romantic situations,"<reasoning>The proverb is often used to justify actions taken in the heat of emotions, but a literal interpretation might overlook the idiomatic context. The phrase is not suggesting a physical or literal connection between tools, war, and love.</reasoning>
[""war is necessary for a functioning love life"",
""all tools are legitimate in warfare"",
""tools and war are only justified in romantic situatio",1.0,1.0,1.1,0.9,97.0
a,cot_xl,Arabic,MID0095,قاب قوسين أو أدنى,Just around the corner.,Just around the corner.,False,Bending a bow is less than what we really need,Just around the corner.,"If you bend a bow, you'll get a smaller target",You can bend a bow to get to another village,B,You can bend a bow to get to another village,"If you bend a bow, you'll get a smaller target",Bending a bow is less than what we really need,"قاب قوسين أو أدنى - This proverb literally translates to ""bending a bow or even less"" which implies that a small amount of effort is all that is needed to reach a goal. Here are three wrong literal interpretations in English:

[""You can bend a bow to get to another village"", ""If you bend a bow, you'll get a smaller target"", ""Bending a bow is less than what we really need""]",1.0,1.0,2.5,0.85,95.5
a,cot_xl,Arabic,MID0096,كالمستجیر من الرمضاء بالنار.,Out of the frying-pan into the fire.,Out of the frying-pan into the fire.,False,,,,,,,,,"The proverb warns against making a transition from a situation that might be unpleasant to another situation that will be even worse.
كالمستجیر من الرمضاء بالنار.

[]",0.0,0.0,0.0,0.0,0.0
a,cot_xl,Arabic,MID0097,كل إناء ينضح بما فيه.,What's bred in the bone will come out in the flesh.,What's bred in the bone will come out in the flesh.,False,,,,,,,,,"كل إناء ينضح بما فيه.

* Each pot will drip with its contents when filled.
* All pots will sparkle because of the items inside.
* Every container will shine due to its contents.",0.0,0.0,0.0,0.0,0.0
a,cot_xl,Arabic,MID0098,كل بنى آدم خطاء,To err is human,To err is human,False,Every human being has a ladder to climb,Every human being has a ladder in their home,Humans are built to carry ladders,To err is human,D,Every human being has a ladder in their home,Every human being has a ladder to climb,Humans are built to carry ladders,"كل بنى آدم خطاء 
""Every human being is built with a ladder"" 

[""Every human being has a ladder in their home"", ""Every human being has a ladder to climb"", ""Humans are built to carry ladders""]",1.0,1.0,1.92,0.79,93.7
a,cot_xl,Arabic,MID0099,كما تزرع تحصد.,"As you sow, so shall you reap.","As you sow, so shall you reap.",False,The seeds you bury should match the seeds you reap in quantity.,You should sow and reap at the same time.,"As you sow, so shall you reap.",You should wear the same clothes you wear to plant in order to reap what you sow.,C,You should wear the same clothes you wear to plant in order to reap what you sow.,The seeds you bury should match the seeds you reap in quantity.,You should sow and reap at the same time.,"""كما تزرع تحصد""  means that the crops you plant will yield the same crops that you harvest. Therefore, here are 3 plausible but wrong literal interpretations:

[""You should wear the same clothes you wear to plant in order to reap what you sow."", ""The seeds you bury should match the seeds you reap in quantity."", ""You should sow and reap at the same time.""]",1.0,1.0,1.81,0.71,91.3
a,cot_xl,Arabic,MID0100,لكل مقام مقال، لكل حادث حديث ,There is a time and place for everything.,There is a time and place for everything.,False,{'wrong literal 3': 'Every location requires a unique set of rules to follow.'},{'wrong literal 2': 'A place has its own set of measures to keep.'},There is a time and place for everything.,{'wrong literal 1': 'Every location has a set of tools to maintain it.'},C,{'wrong literal 1': 'Every location has a set of tools to maintain it.'},{'wrong literal 2': 'A place has its own set of measures to keep.'},{'wrong literal 3': 'Every location requires a unique set of rules to follow.'},"لأن المقام في هذا اللفظ يعود إلى مكان في المكانات الجغرافية، فإنه ينبغي فهمه على أنه لكل مكان نوع من القوالب أو المقاييس التي يجب أن تُحتفظ بها في المكان نفسه.

[{""wrong literal 1"":""Every location has a set of tools to maintain it.""}, {""wrong literal 2"":""A place has its own set of measures to keep.""}, {""wrong literal 3"":""Every location requires a unique set of rules to follow.""}]",1.0,1.0,1.62,0.67,90.1
a,cot_xl,Arabic,MID0101,ما خاب من استشار.,Advice is ever in want.,Advice is ever in want.,False,wrong literal 1,Advice is ever in want.,A person is always looking for someone to share the blame with.,Advice is ever in want.,B,Advice is ever in want.,wrong literal 1,A person is always looking for someone to share the blame with.,"""Advice is ever in want."" is a proverb that means advice is often sought after, but not always available or acted upon.

Here are 3 plausible but wrong literal interpretations:

[
""wrong literal 1"" : ""A person is always looking for someone to share the blame with."",
""wrong literal 2"" : ""A person who gives unsolicited advice is usually lonely."",
""wrong literal 3"" : ""When advising others, you will a",1.0,0.6666666666666666,1.33,0.98,89.4
a,cot_xl,Arabic,MID0102,مصائب قوم عند قوم فوائد,One man’s meat is another man’s poison.,One man’s meat is another man’s poison.,False,One man’s meat is another man’s poison.,A specific poison is a medicine for a certain type of snake.,The benefits of a certain type of tree fruit are a poison for a specific type of tree fungus.,The meat of a certain type of antelope can cause problems for people suffering from certain allergies.,A,A specific poison is a medicine for a certain type of snake.,The meat of a certain type of antelope can cause problems for people suffering from certain allergies.,The benefits of a certain type of tree fruit are a poison for a specific type of tree fungus.,"Reasoning in Arabic: هذا البيان يعني فعلاً أن الأكل ما يسبب ضرراً لبعض الأشخاص الذين يعتبرونه طبيعياً. لكن في هذه الحالة، لا يُعبر عن علاقة بين الأطعمة نفسها. 

[""A specific poison is a medicine for a certain type of snake."", 
""The meat of a certain type of antelope can cause problems for people suffering from certain allergies."", 
""The benefits of a certain type of tree fruit are a poison for a s",1.0,1.0,2.29,0.68,90.4
a,cot_xl,Arabic,MID0103,من تدخل فيما لا يعنيه، سمع ما لا يرضيه.,keep your nose out of other people's business.,keep your nose out of other people's business.,False,someone who enters a room will hear what people are saying,keep your nose out of other people's business.,"if you poke your nose in, you might get a nosebleed",a person who sticks their nose in something might smell something unpleasant,B,someone who enters a room will hear what people are saying,a person who sticks their nose in something might smell something unpleasant,"if you poke your nose in, you might get a nosebleed","[""someone who enters a room will hear what people are saying"", ""a person who sticks their nose in something might smell something unpleasant"", ""if you poke your nose in, you might get a nosebleed""]",1.0,1.0,1.42,0.89,96.7
a,cot_xl,Arabic,MID0104,من خرج من داره قلَّ مقداره.,"East or west, home is best ","East or west, home is best ",False,"The more one leaves their house, the less of it they will have.",The amount of their house decreases when they leave it.,"East or west, home is best ",Leaving one's house leads to a decrease in the house's value.,C,The amount of their house decreases when they leave it.,Leaving one's house leads to a decrease in the house's value.,"The more one leaves their house, the less of it they will have.","The proverb states that whoever leaves their house will have less of it remaining. 

[""The amount of their house decreases when they leave it."", ""Leaving one's house leads to a decrease in the house's value."", ""The more one leaves their house, the less of it they will have.""]",1.0,1.0,1.89,0.88,96.4
a,cot_xl,Arabic,MID0105,من طلب العلا سهر الليالي,"No pain, no gain.","No pain, no gain.",False,You should only sleep outside if you want to climb mountains.,"No pain, no gain.","If you're looking for a high place to live, you'll have to spend many nights awake.",You will be awake and have insomnia only if you try to reach high altitudes.,B,You should only sleep outside if you want to climb mountains.,You will be awake and have insomnia only if you try to reach high altitudes.,"If you're looking for a high place to live, you'll have to spend many nights awake.","من طلب العلا سهر الليالي
Someone who seeks high mountains has to spend nights outside.

[""You should only sleep outside if you want to climb mountains."", ""You will be awake and have insomnia only if you try to reach high altitudes."", ""If you're looking for a high place to live, you'll have to spend many nights awake.""]",1.0,1.0,3.5,0.85,95.5
a,cot_xl,Arabic,MID0106,يحصد المرء ما زرع,you reap what you sow.,you reap what you sow.,False,,,,,,,,,"<reasoning> Arabic proverb ""يحصد المرء ما زرع"" implies that a person will harvest the consequences of their actions, but it does not literally mean to harvest crops. However, if taken out of context, someone might misinterpret the proverb to only focus on literal farming activities. </reasoning>
[""Wrong 1: Harvesting crops by hand, Wrong 2: Planting seeds in a garden for personal food consumption,",0.0,0.0,0.0,0.0,0.0
a,cot_xl,Arabic,MID0107,يزيد الطين بلّة.,Add fuel to the fire.,Add fuel to the fire.,False,using a ball to mix earth,adding earth to a ball,adding a ball to an earthy terrain,Add fuel to the fire.,D,adding earth to a ball,adding a ball to an earthy terrain,using a ball to mix earth,"زيد الطين بلّة means ""Add fuel to the fire."" which translates to adding something (fuel) to an already existing and possibly dangerous situation (fire). One wrong literal interpretation could be related to adding or using earth (طين) in a way that involves a ball (بلّة).

[""adding earth to a ball"", ""adding a ball to an earthy terrain"", ""using a ball to mix earth""]",1.0,1.0,1.2,0.54,86.2
a,cot_xl,Arabic,MID0108,يضحك كثيرا من يضحك أخيرا,He laughs best who laughs last.,He laughs best who laughs last.,False,wrong literal 1,He laughs best who laughs last.,wrong literal 3,wrong literal 2,B,wrong literal 1,wrong literal 2,wrong literal 3,"يضحك كثيرا من يضحك أخيرا translates to He laughs best who laughs last. 

Here are 3 plausible but incorrect literal interpretations in the same language:
 
1. يضحك كثيرا من يضحك أخيرا (one who laughs heavily is a lot in a group that laughs last, literally a heavy laugher in a group of last laughters).

2. يضحك كثيرا من يضحك أخيرا (a lot of laughter comes from those who laugh last, literally loud l",1.0,0.0,0.5,0.5,55.0
a,cot_xl,Arabic,MID0109,آخرِةْ المَعروف الضَرب بِالكُفوف,No good deed goes unpunished.,No good deed goes unpunished.,False,You will get stuck in traffic because of your good deed.,The reward for your good deed will be to be hit with a fist.,Your good deed will be punished by being stuck in a difficult situation.,No good deed goes unpunished.,D,You will get stuck in traffic because of your good deed.,The reward for your good deed will be to be hit with a fist.,Your good deed will be punished by being stuck in a difficult situation.,"The proverb is stating that a bad deed (غلط) will be punished (عقاب). However, the phrase ""ضَرب بِالكُفوف"" translates to ""stuck"" or ""hit with the fist"" in the context of punishment, but in the context of other unrelated actions, it can imply other forms of punishment.

[""You will get stuck in traffic because of your good deed."", ""The reward for your good deed will be to be hit with a fist."", ""Your",1.0,1.0,2.53,0.76,92.8
a,cot_xl,Arabic,MID0110,آدي الجَمَل وآدي الجَمَّال,Let’s get everything out on the table.,Let’s get everything out on the table.,False,Remove all the furniture from the table so it's completely clear.,Let’s get everything out on the table.,You have to physically take everything out of a table and lay it down.,Table all your tasks by writing them all on the table.,B,You have to physically take everything out of a table and lay it down.,Remove all the furniture from the table so it's completely clear.,Table all your tasks by writing them all on the table.,"<reasoning>The phrase is often misunderstood as promoting the literal action of getting everything out on the table, rather than a metaphorical expression for open communication.</reasoning>[""You have to physically take everything out of a table and lay it down."", ""Remove all the furniture from the table so it's completely clear."", ""Table all your tasks by writing them all on the table.""]",1.0,1.0,1.71,0.91,97.3
a,cot_xl,Arabic,MID0111,أبو بلاش كتر منه,No such thing as a free lunch.,No such thing as a free lunch.,False,No such thing as a free lunch.,A father named Balaash has more children than he,The head of the blind man sees more than another,The man with no shoes owns more shoes than another man,A,A father named Balaash has more children than he,The man with no shoes owns more shoes than another man,The head of the blind man sees more than another,"<reasoning>Arabic proverb ""أبو بلاش كتر منه"" is often mistranslated, especially by those who ignore idiomatic usage and focus solely on literal meanings. The proverb is actually a metaphor, not meant to be taken literally.</reasoning>
[""A father named Balaash has more children than he"", ""The man with no shoes owns more shoes than another man"", ""The head of the blind man sees more than another""]",1.0,1.0,1.43,0.79,93.7
a,cot_xl,Arabic,MID0112,أَبُو جُعْرَانْ فِي بِيتُهْ سُلْطَانْ,Every dog is a tiger in his own street.,Every dog is a tiger in his own street.,False,A man is a king at his own house.,Every dog is a tiger in his own street.,Your childhood pet can be a wild animal in your childhood home.,A person becomes a powerful beast when walking alone in their neighborhood.,B,A man is a king at his own house.,Your childhood pet can be a wild animal in your childhood home.,A person becomes a powerful beast when walking alone in their neighborhood.,"Every dog is a tiger in his own street. (Arabic proverb: أَبُو جُعْرَانْ فِي بِيتُهْ سُلْطَانْ) implies that a person or animal, in a familiar environment, can exhibit hidden strength or ferocity.

[""A man is a king at his own house."", ""Your childhood pet can be a wild animal in your childhood home."", ""A person becomes a powerful beast when walking alone in their neighborhood.""]",1.0,1.0,1.22,0.93,97.9
a,cot_xl,Arabic,MID0113,أقول له طور، يقول احلبوه.,Like talking to a brick wall.,Like talking to a brick wall.,False,wrong literal 3,Like talking to a brick wall.,wrong literal 1,wrong literal 2,B,wrong literal 1,wrong literal 2,wrong literal 3,"<reasoning>When this proverb is translated directly from Arabic, one may miss the idiomatic expression and focus on the literal meaning of the words, ignoring the cultural context.</reasoning>
[""wrong literal 1"", ""wrong literal 2"", ""wrong literal 3""]",1.0,0.0,0.5,0.5,55.0
a,cot_xl,Arabic,MID0114,أهي ليلة وفراقها صُبح,Gloom of night will lift and vanish,Gloom of night will lift and vanish,False,A night sky will soon give way to morning,A period of heavy rain will turn into a sunny day,A long evening will be replaced by a busy schedule,Gloom of night will lift and vanish,D,A night sky will soon give way to morning,A long evening will be replaced by a busy schedule,A period of heavy rain will turn into a sunny day,"أهي ليلة وفراقها صُبح

The reasoning behind this proverb in Arabic is that 'أهي ليلة' refers to the feeling of separation or longing, not the literal time of night. It's encouraging the listener to hold on to hope (فراقها) that this difficult time (night) will soon be over (صُبح), meaning a brighter morning is coming.

[""A night sky will soon give way to morning"", ""A long evening will be replaced ",1.0,1.0,1.43,0.88,96.4
a,cot_xl,Arabic,MID0115,إدي العيش لخبازه، ولو أكل نصه,Never send a boy to do a man's job.,Never send a boy to do a man's job.,False,Send the boy to buy bread so he eats himself,"This boy eats his life through baking, and if half of the bread is from its core, give him the bread",Give him bread if half of it is from its peel,Never send a boy to do a man's job.,D,Send the boy to buy bread so he eats himself,Give him bread if half of it is from its peel,"This boy eats his life through baking, and if half of the bread is from its core, give him the bread","""إذا كان هذا الصبي يلتهم حياته بالخبز، أو إذا كان نصف الخبز من نصله فالأفضل إعطاءه الخبز"" 
[""Send the boy to buy bread so he eats himself"", ""Give him bread if half of it is from its peel"", ""This boy eats his life through baking, and if half of the bread is from its core, give him the bread""]",1.0,1.0,1.56,0.79,93.7
a,cot_xl,Arabic,MID0116,إذا كان الكلام من فضة فالسكوت من ذهب.,"Speech is silver, silence is gold.","Speech is silver, silence is gold.",False,"If silver speech is possible, then making gold from silence is not.","When speech is mixed with silver, silence is made from gold.","When silver comes from speech, then gold comes from silence.","Speech is silver, silence is gold.",D,"When speech is mixed with silver, silence is made from gold.","If silver speech is possible, then making gold from silence is not.","When silver comes from speech, then gold comes from silence.","إذا كان الكلام من فضة فالسكوت من ذهب.
When speech is made from silver, silence is made from gold.

1. When speech is mixed with silver, silence is made from gold.
2. If silver speech is possible, then making gold from silence is not.
3. When silver comes from speech, then gold comes from silence.",1.0,1.0,1.83,0.79,93.7
a,cot_xl,Arabic,MID0117,إذا كان حبيبك عسل ما تلحسوش كله                                       ,Don't take advantage of a good thing.,Don't take advantage of a good thing.,False,You should not taste all of the honey that your friend has harvested so that you can enjoy it later.,You should not lick a honeycomb to test its sweetness if it is owned by someone you love.,Don't take advantage of a good thing.,You should not lick a loved one's wounds to check if they are sweet.,C,You should not lick a loved one's wounds to check if they are sweet.,You should not taste all of the honey that your friend has harvested so that you can enjoy it later.,You should not lick a honeycomb to test its sweetness if it is owned by someone you love.,"<reasoning>The proverb is saying that if someone you love is very sweet, you should not try to lick or taste all of it because it is valuable and you won't be able to enjoy it all. However, this reasoning can be misapplied if taken literally.</reasoning>
[""You should not lick a loved one's wounds to check if they are sweet."", ""You should not taste all of the honey that your friend has harvested so",1.0,1.0,2.48,0.83,94.9
a,cot_xl,Arabic,MID0118,إن عشقت اعشق قَمر، وإن سرقت اسرق جمل.,Go big or go home.,Go big or go home.,False,"If a moon is stolen, I will steal a camel.","If I love the moon, I will love the moon's light in the morning.",Go big or go home.,"If you steal for the sake of stealing, you should steal as much as a camel can carry.",C,"If a moon is stolen, I will steal a camel.","If I love the moon, I will love the moon's light in the morning.","If you steal for the sake of stealing, you should steal as much as a camel can carry.","In the Arabic proverb, if you really loved someone, you'd love the moon, and if you really stole, you'd steal a camel.

[""If a moon is stolen, I will steal a camel."", ""If I love the moon, I will love the moon's light in the morning."", ""If you steal for the sake of stealing, you should steal as much as a camel can carry.""]",1.0,1.0,2.8,0.86,95.8
a,cot_xl,Arabic,MID0119,إن غاب القط، العب يا الفار,When the cat is away the mice will play.,When the cat is away the mice will play.,False,"If the cat is busy in the market, the mice will dance to celebrate.",When the cat is away the mice will play.,"When the cat goes fishing, the mice will play chess.","When the cat is sleeping, the mice will practice playing its favorite musical instrument.",B,"When the cat goes fishing, the mice will play chess.","If the cat is busy in the market, the mice will dance to celebrate.","When the cat is sleeping, the mice will practice playing its favorite musical instrument.","When the cat is away, the mouse will run in circles around the cat's favorite toy.

[""When the cat goes fishing, the mice will play chess."" , ""If the cat is busy in the market, the mice will dance to celebrate."" , ""When the cat is sleeping, the mice will practice playing its favorite musical instrument.""]",1.0,1.0,1.41,0.74,92.2
a,cot_xl,Arabic,MID0120,إيد واحدة ما تسقفش,It takes two to tango.,It takes two to tango.,False,It's not possible to drink water from one hand alone.,Someone needs two hands to water efficiently.,One hand is not enough to give yourself a full bath.,It takes two to tango.,D,Someone needs two hands to water efficiently.,One hand is not enough to give yourself a full bath.,It's not possible to drink water from one hand alone.,"<reasoning>Arabic proverb إيد واحدة ما تسقفش is often misunderstood as it literally translates to 'one hand cannot water itself', but it actually means 'it takes two to tango'.</reasoning>
[""Someone needs two hands to water efficiently."", ""One hand is not enough to give yourself a full bath."", ""It's not possible to drink water from one hand alone.""]",1.0,1.0,1.87,0.86,95.8
a,cot_xl,Arabic,MID0121,ابجني تجدني ,Show me your green,Show me your green,False,You meet with me,Find me a promise,Show me your green,Discover my solution,C,Find me a promise,You meet with me,Discover my solution,"ابجني تجدني can be broken down into its literal meaning. 

ابجني:  to find me 
تجدني: shows

A reason for wrong literal readings is when a proverb's words are not used in isolation, but rather as part of a phrase or sentence that could be used in other contexts.

A reason for wrong literal readings is when a proverb's words might be interpreted based on their literal meaning in a different context",1.0,0.0,0.92,0.95,68.5
a,cot_xl,Arabic,MID0122,ابن الوز عوام,The apple doesn’t fall far from the tree.,The apple doesn’t fall far from the tree.,False,a fat son is born of a fat father,the son of the weighty is among the people,a child who weighs a lot is born from a parent who weighs a lot,The apple doesn’t fall far from the tree.,D,the son of the weighty is among the people,a fat son is born of a fat father,a child who weighs a lot is born from a parent who weighs a lot,"ابن الوز عوام: When you're hungry, eating dates is not enough, as your child might be like your overweight son.

[""the son of the weighty is among the people"", ""a fat son is born of a fat father"", ""a child who weighs a lot is born from a parent who weighs a lot""]",1.0,1.0,1.38,0.81,94.3
a,cot_xl,Arabic,MID0123,ابنك زي ما تربيه، وجوزك زي ما تعوديه.,The apple doesn’t fall far from the tree.,The apple doesn’t fall far from the tree.,False,,,,,,,,,"الابن مثل المكان الذي تربي، والزوجة مثل الثوب الذي تعوديه. 
[""The child is like the place he is raised."", ""The wife is like the cloth that is draped over her.""]",0.0,0.0,0.0,0.0,0.0
a,cot_xl,Arabic,MID0124,اِتْعَلِّم الحِجَامَة فِي رُوسِ الْيَتَامَى,A burnt child dreads the fire.,A burnt child dreads the fire.,False,"{'reasoning': ""In this context, 'child' actually refers to a small animal, so the proverb is about the natural fear of being attacked by a wild animal.""}",A burnt child dreads the fire.,"{'reasoning': 'A child is actually teaching the art of camel riding to orphans, and this is a metaphor for something else.'}","{'reasoning': ""The phrase 'a child' refers to a type of food, and 'burnt' means it's overcooked, so the proverb is about bad cooking.""}",B,"{'reasoning': 'A child is actually teaching the art of camel riding to orphans, and this is a metaphor for something else.'}","{'reasoning': ""The phrase 'a child' refers to a type of food, and 'burnt' means it's overcooked, so the proverb is about bad cooking.""}","{'reasoning': ""In this context, 'child' actually refers to a small animal, so the proverb is about the natural fear of being attacked by a wild animal.""}","A burnt child dreads the fire. 
This proverb means that someone who has had a bad experience will be cautious or afraid of something similar in the future.

Here are 3 plausible but wrong literal interpretations:

[{""reasoning"": ""A child is actually teaching the art of camel riding to orphans, and this is a metaphor for something else.""},
{""reasoning"": ""The phrase 'a child' refers to a type of foo",1.0,1.0,3.89,0.76,92.8
a,cot_xl,Arabic,MID0125,اِتْغَدَّى بُهْ قَبْلْ مَا يِتْعَشَّى بَكْ,Get your blow in first.,Get your blow in first.,False,Take care of your cattle before you start a fire,Get married before you get old,Get your blow in first.,Buy your bread before it gets moldy,C,Take care of your cattle before you start a fire,Get married before you get old,Buy your bread before it gets moldy,"<reasoning>Arabic proverb ""اِتْغَدَّى بُهْ قَبْلْ مَا يِتْعَشَّى بَكْ"" is actually an idiom advising to take advantage of a situation before it becomes unfavorable or less profitable.</reasoning>
[""Take care of your cattle before you start a fire"", ""Get married before you get old"", ""Buy your bread before it gets moldy""]",1.0,1.0,1.53,0.87,96.1
a,cot_xl,Arabic,MID0126,اتقل عالرز يستوي,Easy does it.,Easy does it.,False,Someone who is always late will be at peace,"The easier the path, the more equal you will be","If you don't get up early, you will be the same as everyone else",Easy does it.,D,Someone who is always late will be at peace,"If you don't get up early, you will be the same as everyone else","The easier the path, the more equal you will be","The proverb ""اتقل عالرز يستوي"" in Arabic means ""Easy does it."" 

Here are 3 plausible but wrong literal interpretations in English:

[""Someone who is always late will be at peace"", ""If you don't get up early, you will be the same as everyone else"", ""The easier the path, the more equal you will be""]",1.0,1.0,3.67,0.84,95.2
a,cot_xl,Arabic,MID0127,احنا في الهوا سوا.,We are in the same boat.,We are in the same boat.,False,حسناً سوف نتناول الطعام معًا,أنت و أنا في نفس المدينة,لا نستطيع السفر إلى مكان ما,We are in the same boat.,D,لا نستطيع السفر إلى مكان ما,حسناً سوف نتناول الطعام معًا,أنت و أنا في نفس المدينة,"""لا نستطيع السفر إلى مكان ما"" We cannot travel to a place.
""حسناً سوف نتناول الطعام معًا"" Well, we will eat together.
""أنت و أنا في نفس المدينة"" You and I are in the same city.",1.0,1.0,0.94,1.0,100.0
a,cot_xl,Arabic,MID0128,اربُط الحمار مَطرح ما صاحبه عايز,"Obey orders, if you break owners.","Obey orders, if you break owners.",False,"Obey orders, if you break owners.",Do not drop the owners.,if you break owners,wrong literal 1,A,if you break owners,wrong literal 1,Do not drop the owners.,"""if you break owners"" could imply owners are fragile objects that can be broken, leading to the interpretation: ""wrong literal 1"": ""Do not drop the owners.""

""mattrh"" could be misinterpreted as a place, leading to the interpretation: ""wrong literal 2"": ""Do not leave the horse at the Mattrh.""

""arbût"" could be seen as a verb meaning ""to cook"" in a different context, leading to the interpretation: """,1.0,0.3333333333333333,0.67,1.0,80.0
a,cot_xl,Arabic,MID0129,اسأل مجرب ولا تسأل طبيب.,Experience is the best teacher.,Experience is the best teacher.,False,Consult with someone who has just failed an exam instead of a medical expert.,"Don't consult a doctor, ask a seasoned smuggler.",Experience is the best teacher.,"Ask a drunk person for advice, not a doctor.",C,"Ask a drunk person for advice, not a doctor.",Consult with someone who has just failed an exam instead of a medical expert.,"Don't consult a doctor, ask a seasoned smuggler.","[""Ask a drunk person for advice, not a doctor."", ""Consult with someone who has just failed an exam instead of a medical expert."", ""Don't consult a doctor, ask a seasoned smuggler.""]",1.0,1.0,2.07,0.9,97.0
a,cot_xl,Arabic,MID0130,اسمع كلامك أصدقك أشوف أمورك استعجب,Put your money where your mouth is.,Put your money where your mouth is.,False,Put your money where your mouth is.,"Your friends see your things while you're speaking, and it amazes them.",Listen to your words and let your friends see your clothes; they'll be impressed by what you're wearing.,"Listen to your words while eating, your friends observe your dining habits and are impressed.",A,"Listen to your words while eating, your friends observe your dining habits and are impressed.","Your friends see your things while you're speaking, and it amazes them.",Listen to your words and let your friends see your clothes; they'll be impressed by what you're wearing.,"اسمع كلامك أصدقك أشوف أمورك استعجب translates to ""Listen to your words, your friends see your affairs, be amazed."" This proverb typically means to act in accordance with what you say to show that you are sincere. Here are 3 plausible but incorrect literal interpretations:

[""Listen to your words while eating, your friends observe your dining habits and are impressed."", ""Your friends see your thing",1.0,1.0,2.14,0.77,93.1
a,cot_xl,Arabic,MID0131,اشتري دماغك,Ease your mind.,Ease your mind.,False,Get your brain from a shop,Ease your mind.,You need to buy a human brain,Purchase brain-enhancing products,B,You need to buy a human brain,Get your brain from a shop,Purchase brain-enhancing products,"اشتري دماغك native-language reasoning: When buying a new product, a brain is a desirable accessory. Therefore, this proverb means that one should purchase a brain as a product to improve their mind.

[""You need to buy a human brain"", ""Get your brain from a shop"", ""Purchase brain-enhancing products""]",1.0,0.6666666666666666,1.78,0.94,88.2
a,cot_xl,Arabic,MID0132,اضرب المربوط يخاف السايب,kill the chicken to scare the monkey.,kill the chicken to scare the monkey.,False,hit the tied-up animal to scare the monkey's owner,"to frighten a horse, tie up a goat",scare a monkey by hitting a bird,kill the chicken to scare the monkey.,D,hit the tied-up animal to scare the monkey's owner,scare a monkey by hitting a bird,"to frighten a horse, tie up a goat","اضرب المربوط يخاف السايب - To scare a monkey, hit a tied-up animal.

[""hit the tied-up animal to scare the monkey's owner"", ""scare a monkey by hitting a bird"", ""to frighten a horse, tie up a goat""]",1.0,1.0,1.14,0.92,97.6
a,cot_xl,Arabic,MID0133,اطبخى يا جاريه كلِّف يا سيدي.,If you pay peanuts you get monkeys.,If you pay peanuts you get monkeys.,False,wrong literal 2,"If you cook peanuts for your servant, she will get chopped.",wrong literal 1,If you pay peanuts you get monkeys.,D,wrong literal 1,"If you cook peanuts for your servant, she will get chopped.",wrong literal 2,"""Pay attention to what it is saying. In Arabic 'طَبخى' (atbakhA) means 'you cooked', not 'you pay'. And 'كلّف' (kalafa) can mean 'chopped' or 'sliced' depending on the context, and 'كلّف' is used here in the sense of cooking, but here it means 'you got' as in a response from a servant to 'your servant (جاريه) has cooked' or 'you have got' which would be a typical exchange between a master and a se",1.0,0.3333333333333333,0.81,0.83,74.9
a,cot_xl,Arabic,MID0134,اقلب القدرة على فُمها تطلع البنت لأمها,Like mother like daughter.,Like mother like daughter.,False,The girl gets up to her feet when her mother turns the ability on her mouth.,The daughter looks up to her mother when she flips the power on her foot.,The daughter starts to cry when her mother turns the ability on her back.,Like mother like daughter.,D,The girl gets up to her feet when her mother turns the ability on her mouth.,The daughter looks up to her mother when she flips the power on her foot.,The daughter starts to cry when her mother turns the ability on her back.,"أقلب القدرة على فُمها تطلع البنت لأمها - This proverb implies that a daughter will naturally turn out to be similar to her mother in some aspects, probably in terms of behavior, personality, or character traits.

However, here are 3 plausible but wrong literal interpretations:

[""The girl gets up to her feet when her mother turns the ability on her mouth."", 
""The daughter looks up to her mother wh",1.0,1.0,3.75,0.59,87.7
a,cot_xl,Arabic,MID0135,اكل مسني واعيش مهني، ولا كبابك اللي قتلني/ لاقيني ولا تغديني.,A civil denial is better than a rude grant.,A civil denial is better than a rude grant.,False,Don't invite the person who killed me to dinner,Eating meat that is already spoiled is better than being offered spoiled meat that killed me,"I found you, but I won't feed you",A civil denial is better than a rude grant.,D,Eating meat that is already spoiled is better than being offered spoiled meat that killed me,"I found you, but I won't feed you",Don't invite the person who killed me to dinner,"<reasoning>A literal reading can lead to missing the nuance and context of the proverb because it may not take into account the cultural and linguistic subtleties that underlie the phrase. In Arabic proverbs, the use of metaphors, wordplay, and idioms is common, making literal interpretations often misleading or inaccurate.</reasoning>

[""Eating meat that is already spoiled is better than being of",1.0,1.0,1.22,0.96,98.8
a,cot_xl,Arabic,MID0136,الأرض تضرب ويا اصحابها.,Defend your home.,Defend your home.,False,Defend your home.,The earth will slap its owners as a form of taxation.,The earth will hit its companions and cause a meteor shower.,The earth will strike its companions due to a magnetic field anomaly.,A,The earth will hit its companions and cause a meteor shower.,The earth will slap its owners as a form of taxation.,The earth will strike its companions due to a magnetic field anomaly.,"<reasoning> في اللغة العربية، يمكن للكلمات أن تُقرأ بطريقة خاطئة إذا لم تقرأ مع إلمام بسياق الجملة.</reasoning>
[""The earth will hit its companions and cause a meteor shower."", ""The earth will slap its owners as a form of taxation."", ""The earth will strike its companions due to a magnetic field anomaly.""]",1.0,1.0,3.78,0.69,90.7
a,cot_xl,Arabic,MID0137,الإبرة اللي فيها خيطين ما تخيطش,Two cooks spoil the broth.,Two cooks spoil the broth.,False,A hair with two roots can't grow strong,A sewing needle with two threads can't sew,Two cooks spoil the broth.,A thread with two ends can't be knotted,C,A sewing needle with two threads can't sew,A hair with two roots can't grow strong,A thread with two ends can't be knotted,"The proverb suggests that having multiple cooks or those with differing opinions can negatively impact a unified goal or project. However, considering it in other contexts:

 Arabic: الإبرة اللي فيها خيطين ما تخيطش
Reasoning: This proverb is not about sewing with two threads on a needle but about the consequences of a group of people working on the same project.

[""A sewing needle with two threads",1.0,1.0,1.6,0.67,90.1
a,cot_xl,Arabic,MID0138,الجايات أحسن من الرايحات.,There’s always a next time. ,There’s always a next time. ,False,The morning light makes it better than a cloudy night.,There’s always a next time. ,The night owls are better than the early morning risers.,It's better to start the day in the night than the daytime.,B,The night owls are better than the early morning risers.,The morning light makes it better than a cloudy night.,It's better to start the day in the night than the daytime.,"<reasoning>There's a focus on the timing of activities and their relationship to the morning and night.</reasoning>
[""The night owls are better than the early morning risers."", ""The morning light makes it better than a cloudy night."", ""It's better to start the day in the night than the daytime.""]",1.0,1.0,2.13,0.76,92.8
a,cot_xl,Arabic,MID0139,الجوع كافر.,A hungry belly has no ears.,A hungry belly has no ears.,False,You'll lose your hearing if you fast for too long.,A hungry belly has no ears.,A person who has gone without eating all day is a non-believer.,"If you don't eat, you'll go deaf.",B,You'll lose your hearing if you fast for too long.,A person who has gone without eating all day is a non-believer.,"If you don't eat, you'll go deaf.","الجوع كافر: If you're hungry, you're an infidel.

[""You'll lose your hearing if you fast for too long."", ""A person who has gone without eating all day is a non-believer."", ""If you don't eat, you'll go deaf.""]",1.0,1.0,1.61,0.93,97.9
a,cot_xl,Arabic,MID0140,الحِدَّاية ما بِتْحَدِّفْش كَتاكيت.,"-There’s always a catch.
-You don’t get something for nothing.","-There’s always a catch.
-You don’t get something for nothing.",False,The tree is too big to fit in one place,The specific type of palm tree used in this proverb is not found in many regions,"-There’s always a catch.
-You don’t get something for nothing.",A certain type of tree only grows near the coast,C,The tree is too big to fit in one place,A certain type of tree only grows near the coast,The specific type of palm tree used in this proverb is not found in many regions,"<reasoning>Arabic proverb ""الحِدَّاية ما بِتْحَدِّفْش كَتاكيت"" is often misinterpreted because of the literal translation of the word ""كَتاكيت"" (which is a type of tree found in Yemen) is not well-known in every Arabic speaking country.</reasoning>
[""The tree is too big to fit in one place"", ""A certain type of tree only grows near the coast"", ""The specific type of palm tree used in this proverb is",1.0,1.0,1.2,0.84,95.2
a,cot_xl,Arabic,MID0141,الشاطرة تغزل برجل الحمار,Unwillingness easily finds an excuse.,Unwillingness easily finds an excuse.,False,A camel driver finds a man who is an expert in spinning wool to make a new saddle.,"An elderly woman from the village marries a man who is a skilled animal trainer, especially for donkeys.",A needle weaver uses her skills on a donkey's master to get a job.,Unwillingness easily finds an excuse.,D,A needle weaver uses her skills on a donkey's master to get a job.,A camel driver finds a man who is an expert in spinning wool to make a new saddle.,"An elderly woman from the village marries a man who is a skilled animal trainer, especially for donkeys.","[""A needle weaver uses her skills on a donkey's master to get a job."", ""A camel driver finds a man who is an expert in spinning wool to make a new saddle."", ""An elderly woman from the village marries a man who is a skilled animal trainer, especially for donkeys.""]",1.0,1.0,3.33,0.9,97.0
a,cot_xl,Arabic,MID0142,الظفر ميطلعش من اللحم ,Blood is thicker than water ,Blood is thicker than water ,False,The meat is not edible,Claws are never found in meat,The claws are not sharp,Blood is thicker than water ,D,The claws are not sharp,The meat is not edible,Claws are never found in meat,"""The claws are not coming out from the meat"".
[""The claws are not sharp"", ""The meat is not edible"", ""Claws are never found in meat""]",1.0,1.0,1.07,0.81,94.3
a,cot_xl,Arabic,MID0143,العبد في التفكير والرب في التدبير.,man proposes and god disposes,man proposes and god disposes,False,man proposes and god disposes,The slave is enslaved while thinking and God is the one deciding what to do with him.,The slave is in the thinking and the Lord is in the management of the household.,The slave is in deep thought and God is managing the slave's affairs.,A,The slave is in the thinking and the Lord is in the management of the household.,The slave is enslaved while thinking and God is the one deciding what to do with him.,The slave is in deep thought and God is managing the slave's affairs.,"[The slave is in the thought and the Lord is in the management.] 
[""The slave is in the thinking and the Lord is in the management of the household."", ""The slave is enslaved while thinking and God is the one deciding what to do with him."", ""The slave is in deep thought and God is managing the slave's affairs.""]",1.0,1.0,3.07,0.73,91.9
a,cot_xl,Arabic,MID0144,العجلة من الشيطان,haste makes waste.,haste makes waste.,False,,,,,,,,,"The proverb ""العجلة من الشيطان"" is referring to the consequences of rushing or being hasty, but here are 3 plausible but wrong literal interpretations:

السبب هو الطيور التي تتحرك بسرعة وبالتالي تُضرب في العجلة (The reason is bird species moving quickly and thus getting caught in a mill wheel.)

السبب هو الخدور التي تعمل على العجلة وبتلك السرعة تسبب الفساد في الغزل (The reason is the weavers worki",0.0,0.0,0.0,0.0,0.0
a,cot_xl,Arabic,MID0145,العزا حارة (ساخنة) والميت كلب,"Too much ado about nothing.
Much bran and little meal.
","Too much ado about nothing.
Much bran and little meal.
",False," means hot, ","Too much ado about nothing.
Much bran and little meal.
"," refers to wheat bran, ",العزا حارة (ساخنة) والميت كلب,B,العزا حارة (ساخنة) والميت كلب," refers to wheat bran, "," means hot, ","The proverb ""العزا حارة (ساخنة) والميت كلب"" can be broken down as follows: 

""العزا"" refers to wheat bran, ""حارة"" means hot, ""الميت"" refers to a dead animal (usually a dog, as it is a common animal in the Arabic language), and ""كلب"" also refers to a dog.

Here are three plausible but wrong literal interpretations:

1. The first one thinks that the proverb is talking about the heat generated by ani",1.0,0.3333333333333333,0.37,1.0,80.0
a,cot_xl,Arabic,MID0146,الغالي تمنه فيه,You get what you pay for ,You get what you pay for ,False,"In him, he wishes for the expensive one",The expensive one wishes to be in him,The expensive one desires to be in his place,You get what you pay for ,D,The expensive one wishes to be in him,"In him, he wishes for the expensive one",The expensive one desires to be in his place,"The proverb ""الغالي تمنه فيه"" (alghāli timna fīhi) can be broken down to:
- ""الغالي"" (alghāli) means ""the expensive one""
- ""تمنه"" (timna) means ""he wishes"" or ""he desires""
- ""فيه"" (fīhi) means ""in him""

Here are 3 plausible but WRONG literal interpretations:

[""The expensive one wishes to be in him"", ""In him, he wishes for the expensive one"", ""The expensive one desires to be in his place""]",1.0,1.0,1.39,0.56,86.8
a,cot_xl,Arabic,MID0147,الغايب حجته معاه,The absent party is not so faulty.,The absent party is not so faulty.,False,The absent party is a lawyer.,The absent party is the judge.,The absent party is not so faulty.,The absent party is the one with the strongest argument.,C,The absent party is the judge.,The absent party is a lawyer.,The absent party is the one with the strongest argument.,"[""The absent party is the judge."", ""The absent party is a lawyer."", ""The absent party is the one with the strongest argument.""]",1.0,1.0,1.05,0.53,85.9
a,cot_xl,Arabic,MID0148,القرد في عين أمه غزال,Beauty’s in the eye of the beholder.,Beauty’s in the eye of the beholder.,False,A monkey's mother is gazing at a gazelle,Beauty’s in the eye of the beholder.,The mother sees a gazelle while gazing at her monkey,The monkey has a gazelle in its mother's eye,B,The monkey has a gazelle in its mother's eye,The mother sees a gazelle while gazing at her monkey,A monkey's mother is gazing at a gazelle,"<reasoning>Arabic proverb 'القرد في عين أمه غزال' suggests that the perception of beauty is relative and subjective, comparing a perceived external physical feature with an expectation that is not in line with the actual truth.</reasoning>[""The monkey has a gazelle in its mother's eye"", ""The mother sees a gazelle while gazing at her monkey"", ""A monkey's mother is gazing at a gazelle""]",1.0,1.0,1.29,0.72,91.6
a,cot_xl,Arabic,MID0149,القرش الأبيض ينفع في اليوم الأسود.,To lay by for a rainy day.,To lay by for a rainy day.,False,The color white is auspicious and will bring good luck on the dark day.,To lay by for a rainy day.,The shark will be a successful mediator between you and your enemies on this black day.,The white shark will provide a sunny day tomorrow.,B,The white shark will provide a sunny day tomorrow.,The color white is auspicious and will bring good luck on the dark day.,The shark will be a successful mediator between you and your enemies on this black day.,"<reasoning> Arabic proverb is advising that using a white shark for a black day is beneficial, but this is a metaphorical expression, not a literal one. It's not suggesting using a white shark in any physical way to face a difficult situation.</reasoning> [""The white shark will provide a sunny day tomorrow."", ""The color white is auspicious and will bring good luck on the dark day."", ""The shark wil",1.0,1.0,1.86,0.81,94.3
a,cot_xl,Arabic,MID0150,القفة أم ودنين بيشيلوها اثنين,Many hands make light work.,Many hands make light work.,False,Cutting furniture makes the work light.,Heavy furniture makes work hard.,Furniture cutting is easier when removing two things from the cut piece.,Many hands make light work.,D,Cutting furniture makes the work light.,Heavy furniture makes work hard.,Furniture cutting is easier when removing two things from the cut piece.,"""في الثقافة الشعبية في منطقة حيث يحتاج الحرفيين إلى إزالة الأثاث المقطوع من المبنى، يعتقد البعض أن القفة تعني قطع الأثاث.""

[""Cutting furniture makes the work light."", 
""Heavy furniture makes work hard."",
""Furniture cutting is easier when removing two things from the cut piece.""]",1.0,1.0,1.53,0.79,93.7
a,cot_xl,Arabic,MID0151,اِلْكُتْرَهْ تِغْلِبِ الشَّجَاعَهْ ,Strength in numbers.,Strength in numbers.,False,A group of brave people with a lot of cutlery can conquer a brave opponent because of their superior knives and spoons.,A crowd of people with kettles can conquer a brave warrior because of the steam from the kettles.,A large container of water can overpower a brave horse because the container holds more water.,Strength in numbers.,D,A large container of water can overpower a brave horse because the container holds more water.,A crowd of people with kettles can conquer a brave warrior because of the steam from the kettles.,A group of brave people with a lot of cutlery can conquer a brave opponent because of their superior knives and spoons.,"[The proverb suggests the importance of a collective group over an individual. However, it can be misinterpreted if taken literally]

[""A large container of water can overpower a brave horse because the container holds more water."", ""A crowd of people with kettles can conquer a brave warrior because of the steam from the kettles."", ""A group of brave people with a lot of cutlery can conquer a brave",1.0,1.0,6.22,0.74,92.2
a,cot_xl,Arabic,MID0152,اِلْكِدْبْ مَالُوشْ رِجْلِينْ,Lies don't last.,Lies don't last.,False,The owner of the house has two small shoes.,The wolf's foot is more costly than a kid's foot.,Lies don't last.,He who lies will be forced to wear one or two shoes.,C,The wolf's foot is more costly than a kid's foot.,The owner of the house has two small shoes.,He who lies will be forced to wear one or two shoes.,"[""The wolf's foot is more costly than a kid's foot."", ""The owner of the house has two small shoes."", ""He who lies will be forced to wear one or two shoes."" ]",1.0,1.0,3.44,0.94,98.2
a,cot_xl,Arabic,MID0153,الكلب في بيته سبع,"A lion at home, a lamb abroad.","A lion at home, a lamb abroad.",False,The dog's seven houses are all in his possession.,The dog is at home for seven nights in a row.,There is a seven-year-old dog at home.,"A lion at home, a lamb abroad.",D,The dog's seven houses are all in his possession.,The dog is at home for seven nights in a row.,There is a seven-year-old dog at home.,"The proverb ""الكلبي في بيته سبع"" has the translation 'The dog in his house is seven.' This suggests that there might be 7 dogs inside the house. 

[""The dog's seven houses are all in his possession."", ""The dog is at home for seven nights in a row."", ""There is a seven-year-old dog at home.""]",1.0,1.0,1.29,0.85,95.5
a,cot_xl,Arabic,MID0154,اللي اتلسع من الشوربه، ينفخ في الزبادي.,"Once bitten, twice shy.","Once bitten, twice shy.",False,A snake that got stung by a scorpion will blow air into a yogurt,"Once bitten, twice shy.",A person who got bitten by a dog will inflate a balloon in a cheese,A mouse that got caught in a trap will blow on a sour milk,B,A snake that got stung by a scorpion will blow air into a yogurt,A person who got bitten by a dog will inflate a balloon in a cheese,A mouse that got caught in a trap will blow on a sour milk,"""اللي اتلسع من الشوربه، ينفخ في الزبادي"" can be translated to ""Once bitten, twice shy"" and can be read literally in multiple incorrect ways.

[""A snake that got stung by a scorpion will blow air into a yogurt"", ""A person who got bitten by a dog will inflate a balloon in a cheese"", ""A mouse that got caught in a trap will blow on a sour milk""]",1.0,1.0,3.58,0.78,93.4
a,cot_xl,Arabic,MID0155,اللي يتلسع من التعبان يخاف من الحبل,"Once bitten, twice shy.","Once bitten, twice shy.",False,The snake's venom is strong enough to kill a person who is afraid of a rope.,"If someone gets a snake wound from a rope, they will not be scared of ropes anymore.","Once bitten, twice shy.",The only thing that the snake's bite from a rope can cause is a fear of ropes.,C,The snake's venom is strong enough to kill a person who is afraid of a rope.,"If someone gets a snake wound from a rope, they will not be scared of ropes anymore.",The only thing that the snake's bite from a rope can cause is a fear of ropes.,"اللي يتلسع من التعبان يخاف من الحبل

The person who is bitten by a snake is afraid of a rope.

[""The snake's venom is strong enough to kill a person who is afraid of a rope."", ""If someone gets a snake wound from a rope, they will not be scared of ropes anymore."", ""The only thing that the snake's bite from a rope can cause is a fear of ropes.""]",1.0,1.0,4.17,0.87,96.1
a,cot_xl,Arabic,MID0156,اللي إيدُه في المَيَّة مِش زَيّ اللي إيدُه في النار,Easier said than done.,Easier said than done.,False,Easier said than done.,A fish is more valuable than coal,Someone with their hand in the water is stronger than someone with their hand in the fire,It is more difficult to swim than it is to dance,A,Someone with their hand in the water is stronger than someone with their hand in the fire,It is more difficult to swim than it is to dance,A fish is more valuable than coal,"<reasoning>The proverb is cautioning against taking something lightly because it might be challenging or even impossible to execute. However, these wrong interpretations ignore this context and focus on individual actions unrelated to the difficulty of the task.</reasoning>
[""Someone with their hand in the water is stronger than someone with their hand in the fire"", ""It is more difficult to swim t",1.0,1.0,2.92,0.84,95.2
a,cot_xl,Arabic,MID0157,اللي خدته القرعة، تاخده ام الشعور,What goes around comes around.,What goes around comes around.,False,the one who takes something the dice roll takes home his aunt's perfume,what goes around comes around if it has been taken by a woman in her fertile period,What goes around comes around.,what gets drawn from a lottery wins you the mother of a scent,C,what gets drawn from a lottery wins you the mother of a scent,the one who takes something the dice roll takes home his aunt's perfume,what goes around comes around if it has been taken by a woman in her fertile period,"[اللي خدته القرعة، تاخده ام الشعور هو كلام يفسر امتناع امرأة عن الشعور]
[""what gets drawn from a lottery wins you the mother of a scent"", ""the one who takes something the dice roll takes home his aunt's perfume"", ""what goes around comes around if it has been taken by a woman in her fertile period""]",1.0,1.0,2.87,0.96,98.8
a,cot_xl,Arabic,MID0158,اللي عَلى راسُه بَطحَة يِحَسِّس عَليها,"If the cap fits, wear it.
","If the cap fits, wear it.
",False,"The cap is a magical item that grants powers and if it fits you, you should wear it at all times.","The cap has a built-in alarm and if it fits, it will start ringing to remind you to wear it.","The cap has a special adhesive and if it fits, it will stick to your head permanently.","If the cap fits, wear it.
",D,"The cap has a built-in alarm and if it fits, it will start ringing to remind you to wear it.","The cap is a magical item that grants powers and if it fits you, you should wear it at all times.","The cap has a special adhesive and if it fits, it will stick to your head permanently.","""Since the proverb is saying that if the cap fits, wear it, one might assume it means that if a physical cap fits perfectly on one's head, one should wear it regardless of the cap's condition, so long as it fits.""

[""The cap has a built-in alarm and if it fits, it will start ringing to remind you to wear it."" , ""The cap is a magical item that grants powers and if it fits you, you should wear it at",1.0,1.0,3.22,0.71,91.3
a,cot_xl,Arabic,MID0159,اللي ما يِعرَفش، يِقول عَدس,Half of the world not know how the other half lives.,Half of the world not know how the other half lives.,False,people who are lazy tend to only eat dates,"people who do not know about a certain fruit, say it is a date",half-baked foods are the cause of many problems,Half of the world not know how the other half lives.,D,half-baked foods are the cause of many problems,people who are lazy tend to only eat dates,"people who do not know about a certain fruit, say it is a date","[ اللي ما يِعرَفش، يِقول عَدس ] translates to: Those who don't know, know the dates.

[""half-baked foods are the cause of many problems"", ""people who are lazy tend to only eat dates"", ""people who do not know about a certain fruit, say it is a date""]",1.0,1.0,0.94,0.95,98.5
a,cot_xl,Arabic,MID0160,اللي مالكش فيه، مالكش دعوة بيه:,Mind your own business.,Mind your own business.,False,"The one who has no money, cannot give gifts to others.","The one who owns the land, cannot invite guests to it.","The one who doesn't have a home, cannot throw a party in it.",Mind your own business.,D,"The one who owns the land, cannot invite guests to it.","The one who has no money, cannot give gifts to others.","The one who doesn't have a home, cannot throw a party in it.","[For those who own nothing, they cannot invite anyone.]

[""The one who owns the land, cannot invite guests to it.""]
[""The one who has no money, cannot give gifts to others.""]
[""The one who doesn't have a home, cannot throw a party in it.""]",1.0,1.0,2.92,0.73,91.9
a,cot_xl,Arabic,MID0161,اللي مايطول العنب حامض عنه يقول.,A bad workman blames his tools.,A bad workman blames his tools.,False,"If you leave grapes on the vine, they become sour",A bad workman blames his tools.,A person who doesn't prune grapes will get sour ones,Grapes that are not dried will sour,B,Grapes that are not dried will sour,A person who doesn't prune grapes will get sour ones,"If you leave grapes on the vine, they become sour","The proverb ""اللي مايطول العنب حامض عنه"" suggests a bad workman blaming tools, but if literal interpretations are given without considering the metaphorical meaning:

[""Grapes that are not dried will sour"", ""A person who doesn't prune grapes will get sour ones"", ""If you leave grapes on the vine, they become sour""]",1.0,1.0,1.5,0.85,95.5
a,cot_xl,Arabic,MID0162,اللي يعوزه البيت يحرم على الجامع,Charity begins at home.,Charity begins at home.,False,He who is poor in the house is prohibited from entering the mosque,Anyone who is lacking in a house will be punished by the community for their actions,Charity begins at home.,The person who is struggling in the house will be denied the opportunity to donate to the school,C,He who is poor in the house is prohibited from entering the mosque,The person who is struggling in the house will be denied the opportunity to donate to the school,Anyone who is lacking in a house will be punished by the community for their actions,"[""He who is poor in the house is prohibited from entering the mosque"", ""The person who is struggling in the house will be denied the opportunity to donate to the school"", ""Anyone who is lacking in a house will be punished by the community for their actions""]",1.0,1.0,3.92,0.74,92.2
a,cot_xl,Arabic,MID0163,المال السايب يعلم السرقة,The hole calls the thief,The hole calls the thief,False,The hole is made by the thief,The hole calls the thief,The hole is a type of thief,A thief is often found near a hole,B,The hole is made by the thief,A thief is often found near a hole,The hole is a type of thief,"""The hole is a master of the art of thievery because it is always empty, hence calling for the thief.""
[""The hole is made by the thief"", ""A thief is often found near a hole"", ""The hole is a type of thief""]",1.0,1.0,1.47,0.62,88.6
a,cot_xl,Arabic,MID0164,المنحوس منحوس لو علقنا علي رأسه فانوس,A bad penny always comes back.,A bad penny always comes back.,False,wrong literal 1,A bad penny always comes back.,wrong literal 2,wrong literal 3,B,wrong literal 1,wrong literal 2,wrong literal 3,"[منحوس منحوس لو علقنا علي رأسه فانوس]
A bad penny always comes back.

Reasoning: This proverb suggests that someone who is untrustworthy will reappear in our lives, much like a bad penny that continually shows up. It's meant to convey caution and wariness around people who have a history of being untrustworthy.

[""wrong literal 1"": A bad penny would float away if we hung it from someone's head by ",1.0,0.0,0.5,0.5,55.0
a,cot_xl,Arabic,MID0165,المية تكدب الغطاس,The proof's in the pudding.,The proof's in the pudding.,False,A diver's skills can be deceived by the amount of water they have.,Water can be used to deceive people into believing someone is a good diver.,A diver can be deceived by the appearance of water.,The proof's in the pudding.,D,A diver can be deceived by the appearance of water.,Water can be used to deceive people into believing someone is a good diver.,A diver's skills can be deceived by the amount of water they have.,"<reasoning>Arabic proverb المية تكدب الغطاس (The water deceives the diver) is a metaphorical expression used to convey that one should test a situation or a person's skills before making judgments, not a literal statement about water.</reasoning>

[""A diver can be deceived by the appearance of water."", ""Water can be used to deceive people into believing someone is a good diver."", ""A diver's skills",1.0,1.0,2.47,0.75,92.5
a,cot_xl,Arabic,MID0166,امسك الخشب,Touch wood.,Touch wood.,False,wrong literal 1,wrong literal 3,wrong literal 2,Touch wood.,D,wrong literal 1,wrong literal 2,wrong literal 3,"امسك الخشب means to grasp a piece of wood for good luck, implying physical contact.

امسك الخشب: ""Hold the tree"" (implying that you need to literally hold onto a tree)

[""wrong literal 1"",""wrong literal 2"",""wrong literal 3""]",1.0,0.0,1.5,0.5,55.0
a,cot_xl,Arabic,MID0167,امشي على مهلك، علشان توصل بسرعة,"Hold your horse, you will arrive quickly.","Hold your horse, you will arrive quickly.",False,Holding your horse is a magical key to speed,"To travel quickly, you must hold the reins of your horse very tightly","Walk slowly, then you will arrive quickly","Hold your horse, you will arrive quickly.",D,"Walk slowly, then you will arrive quickly",Holding your horse is a magical key to speed,"To travel quickly, you must hold the reins of your horse very tightly","<reasoning>This proverb is advising against speeding or reckless behavior, but people might interpret it as a literal command to hold their horse, possibly due to a lack of understanding of the metaphorical use of horses as a symbol for one's pace or urgency.</reasoning>

[""Walk slowly, then you will arrive quickly"", ""Holding your horse is a magical key to speed"", ""To travel quickly, you must hold",1.0,1.0,1.38,0.93,97.9
a,cot_xl,Arabic,MID0168,ايد لوحدها ماتسقفش,It takes two to tango ,It takes two to tango ,False,It takes two to tango ,A person's hand can starve if not used,Someone's hand will die if it's not held by a body,The hand can't lift anything if it's alone,A,The hand can't lift anything if it's alone,A person's hand can starve if not used,Someone's hand will die if it's not held by a body,"""Someone uses one hand and it dies because of being isolated""
[""The hand can't lift anything if it's alone"", ""A person's hand can starve if not used"", ""Someone's hand will die if it's not held by a body""]",1.0,1.0,1.8,0.8,94.0
a,cot_xl,Arabic,MID0169,ايش ياخد الريح من البلاط؟,where there is nothing the king loses his rights,where there is nothing the king loses his rights,False,A tile is taken away by the wind.,where there is nothing the king loses his rights,A wind in a tile is taken away.,wrong literal 1,B,wrong literal 1,A wind in a tile is taken away.,A tile is taken away by the wind.,"[
""wrong literal 1"",
""A wind in a tile is taken away."",
""A tile is taken away by the wind."",
""a tile is taken to the king.""
]",1.0,0.6666666666666666,0.7,0.88,86.4
a,cot_xl,Arabic,MID0170,ايه جاب طوخ لمليج,Apples and oranges.,Apples and oranges.,False,Apples and oranges.,I brought a piece of luggage for a king,He brought a lot of trash to the market,You brought a basket to a store,A,You brought a basket to a store,I brought a piece of luggage for a king,He brought a lot of trash to the market,"""Apples and oranges"" does not directly translate from the given Arabic proverb. However, for demonstration purposes, let's assume the translation is correct. 

Here are three plausible but incorrect literal interpretations:

[""You brought a basket to a store"", ""I brought a piece of luggage for a king"", ""He brought a lot of trash to the market""]",1.0,1.0,2.78,0.79,93.7
a,cot_xl,Arabic,MID0171,ايه لم الشامى على المغربي,Apples and oranges.,Apples and oranges.,False,wrong literal 1,Apples and oranges.,"The people of Syria grow oranges in abundance, while Moroccan farmers mostly produce apples.",wrong literal 2,B,wrong literal 1,"The people of Syria grow oranges in abundance, while Moroccan farmers mostly produce apples.",wrong literal 2,"<reasoning>In Arabic proverbs, this phrase is often used to compare two things that are fundamentally different and cannot be directly compared. It's not meant to be taken literally. For example, saying ""Apples and oranges"" doesn't imply a direct comparison of the nutritional value of the two fruits, but rather a statement of their distinct differences.</reasoning>

[""wrong literal 1"", ""The people",1.0,0.3333333333333333,2.22,0.83,74.9
a,cot_xl,Arabic,MID0172,حاميها حراميها,The fox guarding the henhouse.,The fox guarding the henhouse.,False,The fox guarding the henhouse.,Protecting one's dignity is a matter of theft,The guardian of a safe place steals it,She who guards a woman is a woman who steals her,A,She who guards a woman is a woman who steals her,The guardian of a safe place steals it,Protecting one's dignity is a matter of theft,"""Because the proverb is a metaphorical expression, it should not be taken literally. 'Haya' can refer to a woman, 'hima' can refer to a safe place, or 'haya' can refer to a person's dignity."" [""She who guards a woman is a woman who steals her"", ""The guardian of a safe place steals it"", ""Protecting one's dignity is a matter of theft""]",1.0,1.0,1.8,0.86,95.8
a,cot_xl,Arabic,MID0173,خدوهم بالصوت ليغلبوكم,bluster one's way out,bluster one's way out,False,You should use musical instruments for them to be easily defeated.,The sound of their voices can be used to build a physical barrier to protect yourselves.,bluster one's way out,Use a megaphone with their names written on it for protection.,C,You should use musical instruments for them to be easily defeated.,The sound of their voices can be used to build a physical barrier to protect yourselves.,Use a megaphone with their names written on it for protection.,"""Use them by sound to overcome them, literally."" 
[""You should use musical instruments for them to be easily defeated."", ""The sound of their voices can be used to build a physical barrier to protect yourselves."", ""Use a megaphone with their names written on it for protection."" ]",1.0,1.0,3.17,0.91,97.3
a,cot_xl,Arabic,MID0174,دخول الحمام مش زي خروجه,to be in deep water,to be in deep water,False,"A person enters a hamam and then, upon exiting, enters the hamam again.","A person enters a hamam (Arabic bath) and gets in the water, but then stays in the water until they exit the bath.",You enter a bathroom and then leave it in a different place than where you entered.,to be in deep water,D,You enter a bathroom and then leave it in a different place than where you entered.,"A person enters a hamam (Arabic bath) and gets in the water, but then stays in the water until they exit the bath.","A person enters a hamam and then, upon exiting, enters the hamam again.","دخول الحمام مش زي خروجه (English translation: to be in deep water) is about being in a challenging or difficult situation.

Here are 3 plausible but wrong literal interpretations:

[""You enter a bathroom and then leave it in a different place than where you entered."", ""A person enters a hamam (Arabic bath) and gets in the water, but then stays in the water until they exit the bath."", ""A person ent",1.0,1.0,3.47,0.84,95.2
a,cot_xl,Arabic,MID0175,زى الفراخ رزقه تحت رجليه,He was born with a silver spoon in his mouth.,He was born with a silver spoon in his mouth.,False,There was food under a chicken's legs so it could eat with its beak.,Someone was feeding a duck under their feet.,He used duck as a spoon.,He was born with a silver spoon in his mouth.,D,He used duck as a spoon.,Someone was feeding a duck under their feet.,There was food under a chicken's legs so it could eat with its beak.,"زى الفراخ رزقه تحت رجليه 
- She gave a hen its provision under its leg.

[""He used duck as a spoon."", ""Someone was feeding a duck under their feet."", ""There was food under a chicken's legs so it could eat with its beak.""]",1.0,1.0,0.93,0.87,96.1
a,cot_xl,Arabic,MID0176,زي الطاووس يتعاجب بريشه,In love with his own reflection.,In love with his own reflection.,False,The peacock is getting tired of its own plumage.,In love with his own reflection.,The peacock is trying to shake hands with its feathers.,The peacock is getting caught up in its own down feathers.,B,The peacock is trying to shake hands with its feathers.,The peacock is getting tired of its own plumage.,The peacock is getting caught up in its own down feathers.,"زي الطاووس يتعاجب بريشه  
Literal interpretation can be wrong if you don't understand the cultural context or the metaphor used in the proverb. 
Here are 3 plausible but WRONG literal interpretations in English:
[""The peacock is trying to shake hands with its feathers."", ""The peacock is getting tired of its own plumage."", ""The peacock is getting caught up in its own down feathers.""]",1.0,1.0,1.67,0.66,89.8
a,cot_xl,Arabic,MID0177,سكتنا له دخل بحماره,Give him an inch and he’ll take a mile.,Give him an inch and he’ll take a mile.,False,He'll use his extra mile to get to a faraway concert,The extra inch will increase his chances of getting a job,He'll take the hamster as a pet,Give him an inch and he’ll take a mile.,D,He'll take the hamster as a pet,The extra inch will increase his chances of getting a job,He'll use his extra mile to get to a faraway concert,"<reasoning in Arabic> هذا مثل يعني أن الشخص سيُستغل في أي شيء حتى لو أُمنَح له شيء طفيف.</reasoning>

[""He'll take the hamster as a pet"", ""The extra inch will increase his chances of getting a job"", ""He'll use his extra mile to get to a faraway concert""]",1.0,1.0,1.07,0.86,95.8
a,cot_xl,Arabic,MID0178,طباخ السم بيدوقه,What goes around comes around.,What goes around comes around.,False,A chef is stepping on a fish in a cooking pot.,Someone is trying to cook a fish in their shoe.,What goes around comes around.,Fisherman is using their toes to cast a fishing rod.,C,Fisherman is using their toes to cast a fishing rod.,Someone is trying to cook a fish in their shoe.,A chef is stepping on a fish in a cooking pot.,"""Someone is cooking fish with their feet.""

[""Fisherman is using their toes to cast a fishing rod."", ""Someone is trying to cook a fish in their shoe."", ""A chef is stepping on a fish in a cooking pot.""]",1.0,1.0,2.07,0.79,93.7
a,cot_xl,Arabic,MID0179,عامل نفسه من بنها,He turns a blind eye.,He turns a blind eye.,False,He takes his clothes from his hands,He cuts himself from his friends,He turns a blind eye.,He removes himself from the city,C,He cuts himself from his friends,He removes himself from the city,He takes his clothes from his hands,"""عميل نفسه من بنها"" can be translated to ""He treats himself from the ends"" which is an incorrect literal interpretation as it does not convey the original meaning.
[""He cuts himself from his friends"", ""He removes himself from the city"", ""He takes his clothes from his hands""]",1.0,1.0,1.27,0.71,91.3
a,cot_xl,Arabic,MID0180,عصفور في اليد خير من عشرة على الشجرة:,A bird in the hand is worth two in the bush.,A bird in the hand is worth two in the bush.,False,,,,,,,,,"A bird in the hand is worth two in the bush: 
The bird in your hand is more likely to attract ten birds to a tree than one bird in your hand.",0.0,0.0,0.0,0.0,0.0
a,cot_xl,Arabic,MID0181,قد النملة ويعمل عملة,Small but mighty.,Small but mighty.,False,An ant that is pregnant will perform a labor-intensive task.,Small but mighty.,A small ant is skilled at making coins.,A large ant will become a worker.,B,An ant that is pregnant will perform a labor-intensive task.,A small ant is skilled at making coins.,A large ant will become a worker.,"""قد النملة ويعمل عملة"" might be misinterpreted as: 
[""An ant that is pregnant will perform a labor-intensive task."", ""A small ant is skilled at making coins."", ""A large ant will become a worker.""]",1.0,1.0,2.78,0.8,94.0
a,cot_xl,Arabic,MID0182,كُتْرِ السَّلَامْ يِقِلِّ الْمعْرِفَهْ,Abundance like want ruins many,Abundance like want ruins many,False,"In an overly peaceful environment, knowledge is often forgotten",Abundance like want ruins many,The abundance of peace will lead to the destruction of a well-known place,"When you give excessive greetings, the neighborhood will become familiar",B,"When you give excessive greetings, the neighborhood will become familiar",The abundance of peace will lead to the destruction of a well-known place,"In an overly peaceful environment, knowledge is often forgotten","""when abundance of greeting occurs, familiarity vanishes

[""When you give excessive greetings, the neighborhood will become familiar"", ""The abundance of peace will lead to the destruction of a well-known place"", ""In an overly peaceful environment, knowledge is often forgotten""]""",1.0,1.0,2.13,0.96,98.8
a,cot_xl,Arabic,MID0183,لبس البوصة، تبقى عروسة.,(Clothes make the man.),(Clothes make the man.),False,Wrong literal 2: A man's clothes must have cuffed sleeves to become a groom.,Wrong literal 3: Wearing cuffed sleeves at a wedding will make you a groom.,Wrong literal 1: A man's sleeve size determines their suitability as a bridegroom.,(Clothes make the man.),D,Wrong literal 1: A man's sleeve size determines their suitability as a bridegroom.,Wrong literal 2: A man's clothes must have cuffed sleeves to become a groom.,Wrong literal 3: Wearing cuffed sleeves at a wedding will make you a groom.,"""Because this proverb uses the metaphor of dressing to describe character, and 'البوصة' is a type of sleeve or cuff.""
[""Wrong literal 1: A man's sleeve size determines their suitability as a bridegroom."" , ""Wrong literal 2: A man's clothes must have cuffed sleeves to become a groom."", ""Wrong literal 3: Wearing cuffed sleeves at a wedding will make you a groom.""]",1.0,1.0,3.42,0.79,93.7
a,cot_xl,Arabic,MID0184,مافيش حلاوة من غير نار, (You can't make an omelet without breaking a few eggs., (You can't make an omelet without breaking a few eggs.,False, (You can't make an omelet without breaking a few eggs.,There's no beauty without some scars,You can't get a smooth ride without some bumps in the road,There can never be a pleasant day without some rain,A,There can never be a pleasant day without some rain,You can't get a smooth ride without some bumps in the road,There's no beauty without some scars,"There's no sweetness without fire. 

[""There can never be a pleasant day without some rain"", ""You can't get a smooth ride without some bumps in the road"", ""There's no beauty without some scars""]",1.0,1.0,0.93,0.86,95.8
a,cot_xl,Arabic,MID0185,متعملش من الحبة قبة,to make a mountain out of a molehill.,to make a mountain out of a molehill.,False,He is trying to move the mountain to another hill,to make a mountain out of a molehill.,He is using sand to build a castle,He is building a small building using a single grain of rice.,B,He is using sand to build a castle,He is trying to move the mountain to another hill,He is building a small building using a single grain of rice.,"The reasoning in Arabic is: هذا القول يعني أن من يحاول أن يجعل الحبة قبة، فإنه يصعب عليه أن ينجح.

[""He is using sand to build a castle"", ""He is trying to move the mountain to another hill"", ""He is building a small building using a single grain of rice.""]",1.0,1.0,1.25,0.79,93.7
a,cot_xl,Arabic,MID0186,مراية الحب عمياء/بصلة المحب خروف,Love is blind.,Love is blind.,False,The amount of a liquid that a person in love can hold is zero.,The ladder for love is always broken.,The sight of one who is in love is obstructed by the excess of liquid in the container.,Love is blind.,D,The sight of one who is in love is obstructed by the excess of liquid in the container.,The ladder for love is always broken.,The amount of a liquid that a person in love can hold is zero.,"<reasoning>Love is blind because the word ""مراية"" (miraya), meaning a type of container for liquids, is associated with visual impairment due to its similarity with ""مريء"" (mariyaa) meaning an obstacle in vision, or it is a reference to a type of ladder which in reality may not be the case for the proverb but is a possible misleading reading of the word.</reasoning>

[""The sight of one who is in l",1.0,1.0,4.33,0.78,93.4
a,cot_xl,Arabic,MID0187,مش عاجبك اشرب من البحر,Like it or lump it ,Like it or lump it ,False,"If you drink from the sea, then you won't like it.",You'll only dislike it if you drink from the ocean.,"Drink from the sea, and then you'll realize you don't like it.",Like it or lump it ,D,You'll only dislike it if you drink from the ocean.,"If you drink from the sea, then you won't like it.","Drink from the sea, and then you'll realize you don't like it.","[""You'll only dislike it if you drink from the ocean."", ""If you drink from the sea, then you won't like it."", ""Drink from the sea, and then you'll realize you don't like it.""]",1.0,1.0,2.2,0.6,88.0
a,cot_xl,Arabic,MID0188,مش كُل طير يتَّاكِل لحمُه.,It’s ill sitting at Rome and striving with the pope.,It’s ill sitting at Rome and striving with the pope.,False,It’s ill sitting at Rome and striving with the pope.,Not all birds eat their own meat.,It's not every bird that can catch its own flesh.,Not all birds have the ability to hunt their own bodies.,A,Not all birds eat their own meat.,It's not every bird that can catch its own flesh.,Not all birds have the ability to hunt their own bodies.,"[""Not all birds eat their own meat."", ""It's not every bird that can catch its own flesh."", ""Not all birds have the ability to hunt their own bodies.""]",1.0,1.0,0.93,0.79,93.7
a,cot_xl,Arabic,MID0189,من كان بيته من زجاج، لا يقذف الناس بالحجارة,People who live in glass houses shouldn't throw stones.,People who live in glass houses shouldn't throw stones.,False,wrong literal 2,People who live in glass houses shouldn't throw stones.,wrong literal 1,wrong literal 3,B,wrong literal 1,wrong literal 2,wrong literal 3,"من كان بيته من زجاج، لا يقذف الناس بالحجارة

A person whose house is made of glass is also not allowed to throw stones made of people.

If a person's house is made of a type of translucent or fragile glass that is used for drinking or storing water, then they shouldn't throw actual stones (as they might damage their own glass containers).

Only someone who has a house with a view of a glass factor",1.0,0.0,0.33,0.5,55.0
a,cot_xl,Arabic,MID0190,نواية تسند الزير,every little helps ,every little helps ,False,A bird is strong enough to hold a camel's saddle.,A small rock can be used to hold up a mountain.,every little helps ,A tiny drop of water can weigh down the earth.,C,A bird is strong enough to hold a camel's saddle.,A small rock can be used to hold up a mountain.,A tiny drop of water can weigh down the earth.,"[السبب المنطقي] تقول النواية أنه لا يوجد شيء قوي يُثبت الزير، ولكن هنا نريد أن نُفسرها على أنها تقول إن النواية قوية جدًا. 

[""A bird is strong enough to hold a camel's saddle."" , ""A small rock can be used to hold up a mountain."" , ""A tiny drop of water can weigh down the earth.""]",1.0,1.0,3.44,0.88,96.4
a,cot_xl,Arabic,MID0191,همه علي بطنه,Eating is his concern.,Eating is his concern.,False,All over his belly,Eating is his concern.,Everyone is on his belly,He's on every belly,B,All over his belly,He's on every belly,Everyone is on his belly,"Reasoning: In Arabic, ""جميع"" (home) means ""all"" or ""every"", but in the phrase, it's used to emphasize the person, not to mean ""all on his back"". The word ""بطنه"" (batahn) literally means ""his belly"", so it could be misleading.

[""All over his belly"", ""He's on every belly"", ""Everyone is on his belly""]",1.0,0.3333333333333333,1.08,0.76,72.8
a,cot_xl,Arabic,MID0192,يا خبر النهاردة بفلوس، بكرة يبقي ببلاش,Let's wait and see.,Let's wait and see.,False,The news of a specific day's financial transactions has implications for the next day's financial situation.,The person who receives news about money earned today will not have to worry about anything tomorrow.,Tomorrow is going to be filled with information about money earned today.,Let's wait and see.,D,The news of a specific day's financial transactions has implications for the next day's financial situation.,Tomorrow is going to be filled with information about money earned today.,The person who receives news about money earned today will not have to worry about anything tomorrow.,"""يا خبر النهاردة بفلوس، بكرة يبقي ببلاش"" literally means:
""O news of today's money, tomorrow will be without a care""

This leads to plausible but incorrect literal interpretations:

[""The news of a specific day's financial transactions has implications for the next day's financial situation."", 
""Tomorrow is going to be filled with information about money earned today."", 
""The person who receives n",1.0,1.0,3.75,0.92,97.6
a,cot_xl,Arabic,MID0193,يا صبر أيوب,I wish I have the patience of a saint.,I wish I have the patience of a saint.,False,I wish I have the patience of a saint.,You are calling your friend Job,Job is a type of fruit,Patience is a type of animal,A,You are calling your friend Job,Patience is a type of animal,Job is a type of fruit,"<reasoning>This proverb, ""يا صبر أيوب"", refers to a person who has the ability to be patient like Job from the Bible, known for his endurance during times of hardship. However, a wrong literal interpretation would not consider the context or the symbolic meaning.</reasoning>
[""You are calling your friend Job"", ""Patience is a type of animal"", ""Job is a type of fruit""]",1.0,1.0,0.67,0.8,94.0
a,cot_xl,Arabic,MID0194,يا فَرْحَة ما تَمِّت خَدها الغُراب وطار.,"To rain on one’s parade.
","To rain on one’s parade.
",False,The joyful bird cannot be caught by a crow.,The crow is too happy to be left alone.,"To rain on one’s parade.
",The young date palm is about to be eaten by a crow.,C,The crow is too happy to be left alone.,The young date palm is about to be eaten by a crow.,The joyful bird cannot be caught by a crow.,"<reasoning>Arabic proverb ""يا فَرْحَة ما تَمِّت خَدها الغُراب وطار"" means that you should let others enjoy their happiness without causing them any trouble. This is an idiomatic expression that refers to ruining someone's special event or celebration, much like how a crow (غُراب) would ruin someone's festive atmosphere. The literal interpretation of the phrase might lead to wrong conclusions, such",1.0,1.0,2.0,0.78,93.4
a,cot_xl,Arabic,MID0195,ياما جاب الغرب لامه,What a dead loss you are,What a dead loss you are,False,You're carrying a western load with a donkey,You're going to give the western key to a camel,What a dead loss you are,The west has brought a donkey to our place,C,You're going to give the western key to a camel,The west has brought a donkey to our place,You're carrying a western load with a donkey,"<reasoning>yama jaba al-gharbi ila laama</reasoning>[""You're going to give the western key to a camel"", ""The west has brought a donkey to our place"", ""You're carrying a western load with a donkey""]",1.0,1.0,1.5,0.81,94.3
a,cot_xl,Arabic,MID0196,ياما دقت على الراس طبول,An old hand,An old hand,False,,,,,,,,,"ياما دقت على الراس طبول 

* If the head (راس) is hit by drums (طبول), then perhaps this proverb means hitting someone on the head with drums.
* The rhythm (دقت) of the drums hitting the head can be misinterpreted as the head being rhythmic and thus, the proverb means a rhythmic head.
* If the drums (طبول) are literally hitting the head (راس), the proverb could be referring to a condition where the",0.0,0.0,0.0,0.0,0.0
a,cot_xl,Arabic,MID0197,يرفع الراية البيضاء ,Cave in. / He surrenders. / He admits defeat. / He gives up the fight.,Cave in. / He surrenders. / He admits defeat. / He gives up the fight.,False,Cave in. / He surrenders. / He admits defeat. / He gives up the fight.,She raises the white flag while celebrating a sports victory.,He raises the white flag to signal the start of a parade.,One is raising a white flag after being promoted to a high-ranking position.,A,One is raising a white flag after being promoted to a high-ranking position.,She raises the white flag while celebrating a sports victory.,He raises the white flag to signal the start of a parade.,"<reasoning>In Arabic, raising the white flag (يافتح الراية البيضاء) typically means surrender or defeat, not raising it. Moreover, the word ""Raise"" here is misleading, as it refers to surrendering, not literally lifting something. However, the words ""Raise"" and ""Raising"" have the same meaning in Arabic in this context.</reasoning>
[""One is raising a white flag after being promoted to a high-rankin",1.0,1.0,0.78,0.77,93.1
a,cot_xl,Arabic,MID0198,يفتح الله,"No problem./ take it or leave it.""","No problem./ take it or leave it.""",False,God is opening a time window for the universe.,God is literally opening a door.,God is physically unlocking something.,"No problem./ take it or leave it.""",D,God is literally opening a door.,God is opening a time window for the universe.,God is physically unlocking something.,"يفتح الله (Arabic) translates to ""God is opening"" in English, suggesting wrong literal readings would relate to religious interpretations. Here are three plausible but wrong literal interpretations in English:

[""God is literally opening a door."", ""God is opening a time window for the universe."", ""God is physically unlocking something.""]",1.0,1.0,0.95,0.75,92.5
a,cot_xl,Arabic,MID0199,يقتل القتيل ويمشي في جنازته,He kills the victim and then shows up at the funeral.,He kills the victim and then shows up at the funeral.,False,The dead person gets up and walks in the victim's funeral procession,He kills the victim and then shows up at the funeral.,The dead person kills others while walking in a procession,The victim kills himself while he walks in his own funeral,B,The dead person kills others while walking in a procession,The victim kills himself while he walks in his own funeral,The dead person gets up and walks in the victim's funeral procession,"""يقتل القتيل ويمشي في جنازته"" translates to ""He kills the victim and then shows up at the funeral."" Here are 3 plausible but wrong literal interpretations:

[""The dead person kills others while walking in a procession"", ""The victim kills himself while he walks in his own funeral"", ""The dead person gets up and walks in the victim's funeral procession""]",1.0,1.0,1.0,0.74,92.2
a,cot_xl,Arabic,MID0200,يقطع عِرق وسيّح دمه.,Face the music. / To take the bull by the horns.,Face the music. / To take the bull by the horns.,False,He pours out his blood and cuts wool.,He cuts wool and pours out his blood.,Face the music. / To take the bull by the horns.,He pours out blood while cutting wool.,C,He cuts wool and pours out his blood.,He pours out blood while cutting wool.,He pours out his blood and cuts wool.,"The proverb ""يقطع عِرق وسيّح دمه"" can be broken down into two main actions: ""يقطع عِرق"" which means to cut wool, and ""سيّح دمه"" which means to pour out blood.

Here are 3 plausible but wrong literal interpretations:

[""He cuts wool and pours out his blood."", ""He pours out blood while cutting wool."", ""He pours out his blood and cuts wool.""]",1.0,1.0,0.7,0.55,86.5
a,cot_xl,Arabic,MID0201,يموت الزمار وصوابعه بتلعب,Old habits die hard.,Old habits die hard.,False,Old habits die hard.,The flute player's fingernails will die and still be able to play the flute.,An old flute player will die and his nails will keep playing music by some magical means.,"The old flute will rust and fall apart, but the nails used to tighten it will still be able to play.",A,The flute player's fingernails will die and still be able to play the flute.,An old flute player will die and his nails will keep playing music by some magical means.,"The old flute will rust and fall apart, but the nails used to tighten it will still be able to play.","""يموت الزمار وصوابعه بتلعب"" translates to ""The flute player and his nails will die but they will continue to play."" 

Here are three plausible but wrong literal interpretations:

[""The flute player's fingernails will die and still be able to play the flute."", ""An old flute player will die and his nails will keep playing music by some magical means."", ""The old flute will rust and fall apart, but th",1.0,1.0,4.33,0.77,93.1
a,cot_xl,Arabic,MID0202,يموت المعلم ولا يتعلم.,There is always more to learn.,There is always more to learn.,False,The expert will die and not master the skill.,The knowledgeable person will pass away and not learn more.,The wise person will die and not acquire knowledge.,There is always more to learn.,D,The expert will die and not master the skill.,The knowledgeable person will pass away and not learn more.,The wise person will die and not acquire knowledge.,"[يموت المعلم ولا يتعلم] - In this proverb, the 'teacher' refers to a person with knowledge, it does not necessarily refer to a person who teaches academically.

[""The expert will die and not master the skill."", ""The knowledgeable person will pass away and not learn more."", ""The wise person will die and not acquire knowledge.""]",1.0,1.0,1.56,0.65,89.5
a,cot_xl,Arabic,MID0203,يودع سره في اضعف خلقه:,small but mighty (or mighty mite),small but mighty (or mighty mite),False,He is leaving his pet with the weakest animal in the zoo.,small but mighty (or mighty mite),He is storing his luggage with his weakest friend.,He is hiding his valuable items inside the weakest safe he owns.,B,He is storing his luggage with his weakest friend.,He is leaving his pet with the weakest animal in the zoo.,He is hiding his valuable items inside the weakest safe he owns.,"[يودع سره في اضعف خلقه] translates to: he hides his secret with the weakest of his creations or among the weakest of his creations.

Here are 3 plausible but wrong literal interpretations:

[""He is storing his luggage with his weakest friend."", ""He is leaving his pet with the weakest animal in the zoo."", ""He is hiding his valuable items inside the weakest safe he owns.""]",1.0,1.0,1.83,0.69,90.7
a,cot_xl,Arabic,MID0204,یطفح الكیل.,To reach a breaking point,To reach a breaking point,False,To reach a breaking point,The water overflows the potash container,The soil is full of kiln,A person is full of potash,A,A person is full of potash,The water overflows the potash container,The soil is full of kiln,"یطفح الكیل translates to To reach a breaking point. Below are 3 plausible but wrong literal readings:

[ ""A person is full of potash"", ""The water overflows the potash container"", ""The soil is full of kiln""]",1.0,1.0,1.2,0.82,94.6
a,cot_xl,Arabic,MID0205,یعرف من أین تؤكل الكتف.,To know which side one's bread is buttered on,To know which side one's bread is buttered on,False,To know which side one's bread is buttered on,The shoulder is eaten on the side where the meal is enjoyed.,You know the side where the shoulder is served as a snack.,One eats their shoulder on their birthday.,A,One eats their shoulder on their birthday.,You know the side where the shoulder is served as a snack.,The shoulder is eaten on the side where the meal is enjoyed.,"یعرف من أین تؤكل الكتف. translates to ""To know which side one's shoulder is eaten on.""

Here are 3 plausible but WRONG literal interpretations:

[""One eats their shoulder on their birthday."", ""You know the side where the shoulder is served as a snack."", ""The shoulder is eaten on the side where the meal is enjoyed.""]",1.0,1.0,1.15,0.82,94.6
a,cot_xl,Arabic,MID0206,أذنك من وين يا جحا.,The shortest distance between two points is a straight line.,The shortest distance between two points is a straight line.,False,"{'reasoning': 'The phrase is actually referring to the anatomy of an ear, specifically the ear canal.', 'wrong literal 1': 'You should put your ear from where, ya Jaha?'}","{'reasoning': 'The phrase is actually a reference to the location of a specific type of furniture.', 'wrong literal 3': 'Your chair is from where, ya Jaha?'}","{'reasoning': 'This is a metaphor for the process of plucking an ear of corn.', 'wrong literal 2': 'Your ear of corn is from where, ya Jaha?'}",The shortest distance between two points is a straight line.,D,"{'reasoning': 'The phrase is actually referring to the anatomy of an ear, specifically the ear canal.', 'wrong literal 1': 'You should put your ear from where, ya Jaha?'}","{'reasoning': 'This is a metaphor for the process of plucking an ear of corn.', 'wrong literal 2': 'Your ear of corn is from where, ya Jaha?'}","{'reasoning': 'The phrase is actually a reference to the location of a specific type of furniture.', 'wrong literal 3': 'Your chair is from where, ya Jaha?'}","The proverb أذنك من وين يا جحا in Arabic is referring to the fact that sometimes it's better to take a more direct approach, rather than trying to find the most efficient route. However, here are three plausible but wrong literal interpretations:

[{""reasoning"": ""The phrase is actually referring to the anatomy of an ear, specifically the ear canal."", ""wrong literal 1"": ""You should put your ear fro",1.0,1.0,2.67,0.63,88.9
a,cot_xl,Arabic,MID0207,أنت أمير وأنا أمير من يقود الحمير.,Two kings can't rule a kingdom. / Too many cooks spoil the broth.,Two kings can't rule a kingdom. / Too many cooks spoil the broth.,False,The two kings are literally leading donkeys,The phrase refers to a specific kingdom with two actual kings,Two kings can't rule a kingdom. / Too many cooks spoil the broth.,It is meant to be taken literally as two kings attempting to rule a kingdom,C,The two kings are literally leading donkeys,The phrase refers to a specific kingdom with two actual kings,It is meant to be taken literally as two kings attempting to rule a kingdom,"<reasoning>Many Arabic proverbs and sayings use idiomatic expressions to convey deeper meanings.</reasoning>
[""The two kings are literally leading donkeys"", ""The phrase refers to a specific kingdom with two actual kings"", ""It is meant to be taken literally as two kings attempting to rule a kingdom""]",1.0,1.0,0.85,0.79,93.7
a,cot_xl,Arabic,MID0208,إذا طاح الجمل كثرت سكاكينه.,"When the tree is fallen, every one runs to it with his axe","When the tree is fallen, every one runs to it with his axe",False,"When a camel falls, the number of its humps increases.","When the tree is fallen, every one runs to it with his axe","If someone hits a camel with a fall, it creates so many cracks.","When a camel experiences a slip, the quantity of its nails increases.",B,"When a camel falls, the number of its humps increases.","If someone hits a camel with a fall, it creates so many cracks.","When a camel experiences a slip, the quantity of its nails increases.","""If the camel falls many of its scabbards get abundant."" 
[""When a camel falls, the number of its humps increases."", ""If someone hits a camel with a fall, it creates so many cracks."", ""When a camel experiences a slip, the quantity of its nails increases.""]",1.0,1.0,0.9,0.77,93.1
a,cot_xl,Arabic,MID0209,إذا كان المتحدث مينون يكون المستمع عاقل,Don't take everything at face value.,Don't take everything at face value.,False,The deaf person will make the listener smart,Don't take everything at face value.,"If the speaker is a minority, the listener will be wise","If the speaker is a fool, the listener will be a genius",B,The deaf person will make the listener smart,"If the speaker is a minority, the listener will be wise","If the speaker is a fool, the listener will be a genius","إذا كان المتحدث مينون يكون المستمع عاقل translates to Don't take everything at face value.

Here's a list of plausible but wrong literal interpretations:

[""The deaf person will make the listener smart"", ""If the speaker is a minority, the listener will be wise"", ""If the speaker is a fool, the listener will be a genius""]",1.0,1.0,1.72,0.63,88.9
a,cot_xl,Arabic,MID0210,إذا ما طاعك الزمان طيعه.,Roll with the punches.,Roll with the punches.,False,"If you fold time, you can make a time-cloth that you can wear",Folding time will make it more compact and easier to transport,You should fold time into a piece of cloth to make it easier to handle,Roll with the punches.,D,You should fold time into a piece of cloth to make it easier to handle,"If you fold time, you can make a time-cloth that you can wear",Folding time will make it more compact and easier to transport,"""Since 'زمن' (zaman) means 'time' but can also refer to the fabric or cloth in some contexts, and 'طي' (ti) means 'to fold', some might interpret this proverb as suggesting that if you fold time into a fabric, it will be easier to manage."" 
[""You should fold time into a piece of cloth to make it easier to handle"", ""If you fold time, you can make a time-cloth that you can wear"", ""Folding time will ",1.0,1.0,3.25,0.83,94.9
a,cot_xl,Arabic,MID0211,إذا ياتك العويه من السفية خلها.,Don't give a fool a platform.,Don't give a fool a platform.,False,"When a stray cat visits your office, give it to the lowest-ranking employee.","If you are at sea and see a foolish sailor, leave their lifeboat.","When encountering a person who is a stray in the sense of being homeless, give them a platform to speak.",Don't give a fool a platform.,D,"If you are at sea and see a foolish sailor, leave their lifeboat.","When a stray cat visits your office, give it to the lowest-ranking employee.","When encountering a person who is a stray in the sense of being homeless, give them a platform to speak.","<reasoning>When a stray cat comes from a poor person, leave it. If you give a fool a platform, you'll ruin your relationship with the poor person.</reasoning>
[""If you are at sea and see a foolish sailor, leave their lifeboat."", ""When a stray cat visits your office, give it to the lowest-ranking employee."", ""When encountering a person who is a stray in the sense of being homeless, give them a plat",1.0,1.0,2.56,0.9,97.0
a,cot_xl,Arabic,MID0212,إشلك بالبحر وأهواله، ورزق الله على السيف,Don't reinvent the wheel.,Don't reinvent the wheel.,False,You'll be lucky to have a sword,Don't reinvent the wheel.,May God bless you with the sword,You'll be swallowed by the sea and its currents will destroy you,B,You'll be swallowed by the sea and its currents will destroy you,May God bless you with the sword,You'll be lucky to have a sword,"إشلك بالبحر وأهواله، ورزق الله على السيف translates to ""Don't reinvent the wheel.""

Here are 3 plausible but WRONG literal interpretations in English:

[""You'll be swallowed by the sea and its currents will destroy you"", ""May God bless you with the sword"", ""You'll be lucky to have a sword""]",1.0,1.0,2.17,0.9,97.0
a,cot_xl,Arabic,MID0213,احفظ جديمك.. جديدك ما يدوم.,Old is gold.,Old is gold.,False,,,,,,,,,"احفظ جديمك.. جديدك ما يدوم. 
""Save your old tools, new ones won't last.""",0.0,0.0,0.0,0.0,0.0
a,cot_xl,Arabic,MID0214,ادعونه نهوش ادعونه نفتكر,Be sane.,Be sane.,False,"The fishermen will call the frogs fish, and they will become confused.",Be sane.,"The oil rig workers will call their colleagues dirty, and they will change accordingly.","The chefs will call their fish dishes frogs, and the restaurants will become unclean.",B,"The fishermen will call the frogs fish, and they will become confused.","The oil rig workers will call their colleagues dirty, and they will change accordingly.","The chefs will call their fish dishes frogs, and the restaurants will become unclean.","ادعونه نهوش ادعونه نفتكر
""Call them fish, they'll become frogs and call them oil, they'll become dirty.""

[""The fishermen will call the frogs fish, and they will become confused."", 
""The oil rig workers will call their colleagues dirty, and they will change accordingly."", 
""The chefs will call their fish dishes frogs, and the restaurants will become unclean.""]",1.0,1.0,6.67,0.73,91.9
a,cot_xl,Arabic,MID0215,اصبر والحجر توديك,"After black clouds, clear weather./ Slow and steady wins the race.
","After black clouds, clear weather./ Slow and steady wins the race.
",False,The rock is moving to meet you,"After black clouds, clear weather./ Slow and steady wins the race.
",Patience will bring you a boulder,The stone is waiting for you,B,The rock is moving to meet you,Patience will bring you a boulder,The stone is waiting for you,"""because the proverb suggests a literal relationship between weather and geological formations
اصبر والحجر توديك

[""The rock is moving to meet you"", ""Patience will bring you a boulder"", ""The stone is waiting for you""]""",1.0,1.0,0.58,0.84,95.2
a,cot_xl,Arabic,MID0216,اصبوعي في حلوجهم وصبوعهم في عيوني.,Evil in return for god deed.,Evil in return for god deed.,False,They are looking at the rings on my finger for a week,They are looking at my fingers for a whole week,My week is spent with a ring in their eyes,Evil in return for god deed.,D,They are looking at my fingers for a whole week,My week is spent with a ring in their eyes,They are looking at the rings on my finger for a week,"""إصبع يتحول إلى حلقة في يد مُصمّم في حلوجهم"" (A finger transforms into a ring by a person who has a plan and they look at them.)
[ ""They are looking at my fingers for a whole week"", ""My week is spent with a ring in their eyes"", ""They are looking at the rings on my finger for a week"" ]",1.0,1.0,1.78,0.7,91.0
a,cot_xl,Arabic,MID0217,اعمل خير وعقه بحر,Do good and cast it into the sea.,Do good and cast it into the sea.,False,wrong literal 3 is to cast kindness in a reservoir.,wrong literal 2 is to put good things in a swimming pool.,wrong literal 1 is to throw good deeds into a river.,Do good and cast it into the sea.,D,wrong literal 1 is to throw good deeds into a river.,wrong literal 2 is to put good things in a swimming pool.,wrong literal 3 is to cast kindness in a reservoir.,"Reasoning: In Arabic, ""بحر"" (bahr) can be misunderstood as referring to water or a river, instead of the vast ocean or sea implied by the proverb. This incorrect assumption can lead to literal interpretations that are not in line with the original intended meaning.

[""wrong literal 1 is to throw good deeds into a river."", ""wrong literal 2 is to put good things in a swimming pool."", ""wrong literal ",1.0,1.0,1.38,0.65,89.5
a,cot_xl,Arabic,MID0218,اقنع تشبع.,Contentment is wealth.,Contentment is wealth.,False,"You fill a container by convincing it (not possible in reality, but literal reading of the word 'aqna' which is to fill in Arabic)",You convince a belly to be filled (another literal reading of the word 'aqna' and 'tashbe' which means to be filled or a belly in Arabic),"You are filled with water after convincing someone (same issue, literal reading of the word 'aqna' with a different verb meaning 'water' in Arabic)",Contentment is wealth.,D,"You fill a container by convincing it (not possible in reality, but literal reading of the word 'aqna' which is to fill in Arabic)","You are filled with water after convincing someone (same issue, literal reading of the word 'aqna' with a different verb meaning 'water' in Arabic)",You convince a belly to be filled (another literal reading of the word 'aqna' and 'tashbe' which means to be filled or a belly in Arabic),"اقنع تشبع translates to Contentment is wealth. 

Here are 3 plausible but wrong literal interpretations:

[""You fill a container by convincing it (not possible in reality, but literal reading of the word 'aqna' which is to fill in Arabic)"",
 ""You are filled with water after convincing someone (same issue, literal reading of the word 'aqna' with a different verb meaning 'water' in Arabic)"",
 ""You c",1.0,1.0,8.22,0.65,89.5
a,cot_xl,Arabic,MID0219,البحر فيه لاغش,The worst is yet to come.,The worst is yet to come.,False,Seawater has no salt,The worst is yet to come.,There is no shortage of sea in the ocean,The ocean contains a lack of waves,B,Seawater has no salt,The ocean contains a lack of waves,There is no shortage of sea in the ocean,"<reasoning>Arabic proverb ""البحر فيه لاغش"" is often used to convey that a difficult situation is not yet over and that the worst is yet to come. However, if taken out of context, the phrase could be misinterpreted in the following ways:</reasoning>

[""Seawater has no salt"", ""The ocean contains a lack of waves"", ""There is no shortage of sea in the ocean""]",1.0,0.6666666666666666,1.11,0.9,87.0
a,cot_xl,Arabic,MID0220,البحر له ناس لفيحه، يعرفون التوح من اليره، موب كل من تاح سريحه، قال هذا خيط وبيره.,Never send a boy to do a man's job.,Never send a boy to do a man's job.,False,"The sea has people who dive into it and know the whirlpool, they are aware of the danger of the whirlpool, no one who opens their wound, said this is a thread and a whirlpool.","The sea has people who dive into the sky, they know the whirlwind, no one who opens their wound, said this is a thread and a whirlpool.","The sea has people who use perfume, they know the scent of perfume, no one who opens their wound, said this is a thread and a whirlpool.",Never send a boy to do a man's job.,D,"The sea has people who dive into it and know the whirlpool, they are aware of the danger of the whirlpool, no one who opens their wound, said this is a thread and a whirlpool.","The sea has people who use perfume, they know the scent of perfume, no one who opens their wound, said this is a thread and a whirlpool.","The sea has people who dive into the sky, they know the whirlwind, no one who opens their wound, said this is a thread and a whirlpool.","[""The sea has people who dive into it and know the whirlpool, they are aware of the danger of the whirlpool, no one who opens their wound, said this is a thread and a whirlpool."",
""The sea has people who use perfume, they know the scent of perfume, no one who opens their wound, said this is a thread and a whirlpool."",
""The sea has people who dive into the sky, they know the whirlwind, no one who o",1.0,1.0,3.3,0.3,79.0
a,cot_xl,Arabic,MID0221,"البعد بعد القلوب موب بعد الدروب.
","Love knows no distance.

or 

Distance means so little, when you mean so much.","Love knows no distance.

or 

Distance means so little, when you mean so much.",False,The hearts are not behind any type of road.,The distance behind the heart is not the distance of the roads.,"Love knows no distance.

or 

Distance means so little, when you mean so much.",The roads behind the heart do not have a distance.,C,The distance behind the heart is not the distance of the roads.,The roads behind the heart do not have a distance.,The hearts are not behind any type of road.,"The proverb ""البعد بعد القلوب موب بعد الدروب"" can be broken down as follows:

* البعد بعد القلوب (distance behind the hearts) - This phrase could be interpreted as a reference to a physical location behind one's heart.
* موب (does not) - This word has the same meaning as in English.
* بعد الدروب (distance of the roads) - This phrase could be interpreted as a reference to a specific type of road.

",1.0,1.0,0.74,0.73,91.9
a,cot_xl,Arabic,MID0222,الحب يطلع على بذره.,You reap what you sow.,You reap what you sow.,False,You will reap the seeds you have sown.,The love will emerge from the seed.,Love will grow out of the seed.,You reap what you sow.,D,The love will emerge from the seed.,You will reap the seeds you have sown.,Love will grow out of the seed.,"الحب يطلع على بذره translates to You reap what you sow.

The seed (b'drah) in this context refers to an action or a deed, but in a literal sense, one might misinterpret it as referring to the physical act of sowing seeds.

The word 'طلع' (tal'a) means to emerge or appear, but in a literal sense, one might misinterpret it as referring to the physical act of sprouting or growing.

Here are 3 plausib",1.0,1.0,1.47,0.74,92.2
a,cot_xl,Arabic,MID0223,الحسود لا يسود,Jealousy eats away at the jealous.,Jealousy eats away at the jealous.,False,Hounds have little control over what they desire,Jealousy eats away at the jealous.,A striped animal like the hyena can rule,Hyenas are known to dominate other animals,B,A striped animal like the hyena can rule,Hyenas are known to dominate other animals,Hounds have little control over what they desire,"<reasoning>The proverb is cautioning against jealousy by highlighting its destructive nature. However, if we only focus on individual words, it might seem like it's suggesting that a hyena (hasud) can govern or dominate something.</reasoning>
[""A striped animal like the hyena can rule"", ""Hyenas are known to dominate other animals"", ""Hounds have little control over what they desire""]",1.0,1.0,1.28,1.0,100.0
a,cot_xl,Arabic,MID0224,الديك يصقع في البيضه,A pint-sized man. ,A pint-sized man. ,False,The rooster is dancing on an egg.,The cock is pecking at the eggs.,A pint-sized man. ,A chicken is being fed in a coop.,C,The cock is pecking at the eggs.,A chicken is being fed in a coop.,The rooster is dancing on an egg.,"<reasoning>Arabic proverb ""الديك يصقع في البيضه"" means that someone with a big impact or influence, despite being small or unassuming, rather than literally meaning a person of small size.</reasoning>
[""The cock is pecking at the eggs."", ""A chicken is being fed in a coop."", ""The rooster is dancing on an egg.""]",1.0,1.0,2.44,0.89,96.7
a,cot_xl,Arabic,MID0225,الزاد يفنى والربيع يدوم.,"If everything perishes, a loyal friend will remain.","If everything perishes, a loyal friend will remain.",False,ال زاد يفنى والربيع يدوم,"If everything perishes, a loyal friend will remain.","If everything perishes, a loyal friend will remain",wrong literal 1,B,"If everything perishes, a loyal friend will remain",ال زاد يفنى والربيع يدوم,wrong literal 1,"""If everything perishes, a loyal friend will remain"" translates to ""ال زاد يفنى والربيع يدوم"" in Arabic. Here are 3 plausible but wrong literal interpretations:

[ ""wrong literal 1"": ""The food is perishable and spring will persist."",
""wrong literal 2"": ""The road will decay but spring will last."",
""wrong literal 3"": ""The winter supplies will expire, but the spring season will endure."" ]",1.0,0.6666666666666666,0.67,1.0,90.0
a,cot_xl,Arabic,MID0226,السمكة الخايسة تخيس السمك كله,The rotten apple injures its neighbor.,The rotten apple injures its neighbor.,False,A rotten fish that poisons all the fish with its bad smell,A rotten fish that hides all the other fish in its hole,A rotten fish that eats all its fish friends,The rotten apple injures its neighbor.,D,A rotten fish that poisons all the fish with its bad smell,A rotten fish that eats all its fish friends,A rotten fish that hides all the other fish in its hole,"سمكة الخائسة تخيس السمك كله: The rotten apple injures its neighbor is like a rotten fish that poisons all the fish

[""A rotten fish that poisons all the fish with its bad smell"", ""A rotten fish that eats all its fish friends"", ""A rotten fish that hides all the other fish in its hole""]",1.0,1.0,1.83,0.54,86.2
a,cot_xl,Arabic,MID0227,الشيفة شيفة، والمعاني ضعيفة,still waters run deep.,still waters run deep.,False,still waters run deep.,one pebble at a time,the water is shallow,the meaning is very weak,A,the water is shallow,the meaning is very weak,one pebble at a time,"[""the water is shallow"", ""the meaning is very weak"", ""one pebble at a time""]",1.0,0.6666666666666666,1.17,0.9,87.0
a,cot_xl,Arabic,MID0228,الصافع ينسى والمصفوع ما ينسى,"The axe forgets but the tree remembers.
or
The tree remembers what the axe forgets.","The axe forgets but the tree remembers.
or
The tree remembers what the axe forgets.",False,The axe will forget to use a safety net while the tree will always remember to stay grounded.,"The axe forgets but the tree remembers.
or
The tree remembers what the axe forgets.",The axe will start to grow roots because it forgot its axe-like existence.,The axe will start to remember its past life as a tree because of its sharp memory.,B,The axe will forget to use a safety net while the tree will always remember to stay grounded.,The axe will start to remember its past life as a tree because of its sharp memory.,The axe will start to grow roots because it forgot its axe-like existence.,"The axe forgets but the tree remembers.
or
The tree remembers what the axe forgets.

Reasoning: In Arabic, proverbs often rely on idiomatic expressions and metaphorical language. The proverb ""الصافع ينسى والمصفوع ما ينسى"" may be using the axe and the tree as symbols, rather than literal objects. 

[""The axe will forget to use a safety net while the tree will always remember to stay grounded."", ""Th",1.0,1.0,1.07,0.74,92.2
a,cot_xl,Arabic,MID0229,الصديج قبل الطريج,Choose a partner/ friend before choosing a path.,Choose a partner/ friend before choosing a path.,False,A horse before riding a tiger,A companion before a pastry,The lion before the camel,Choose a partner/ friend before choosing a path.,D,The lion before the camel,A horse before riding a tiger,A companion before a pastry,"""Choose a partner/friend before choosing a path."" translates to Arabic as ""الصديج قبل الطريج"".

Here are 3 plausible but wrong literal interpretations:

[""The lion before the camel"", ""A horse before riding a tiger"", ""A companion before a pastry""]",1.0,1.0,0.67,0.82,94.6
a,cot_xl,Arabic,MID0230,الضرب في الميت حرام.,Don't beat a dead horse.,Don't beat a dead horse.,False,Throwing a rock at a corpse is forbidden.,Harming a dead creature is impermissible.,It is forbidden to hit a lifeless object.,Don't beat a dead horse.,D,Throwing a rock at a corpse is forbidden.,It is forbidden to hit a lifeless object.,Harming a dead creature is impermissible.,"[ضرب في الميت حرام] can be literally interpreted as 'beating something dead is prohibited'.

[""Throwing a rock at a corpse is forbidden."", ""It is forbidden to hit a lifeless object."", ""Harming a dead creature is impermissible.""]",1.0,1.0,1.47,0.83,94.9
a,cot_xl,Arabic,MID0231,العين بصيرة، واليد قصيرة,the eyes desire what the hands can't reach.,the eyes desire what the hands can't reach.,False,"The eye has a high IQ, but the hand is physically short","The eyes see clearly, but the hand is too slow",the eyes desire what the hands can't reach.,"The eyes desire long sleeves, but the hand is too short",C,"The eye has a high IQ, but the hand is physically short","The eyes see clearly, but the hand is too slow","The eyes desire long sleeves, but the hand is too short","العين بصيرة، واليد قصيرة 
The eyes desire what the hands can't reach

Here are 3 plausible but wrong literal interpretations:

[""The eye has a high IQ, but the hand is physically short"", ""The eyes see clearly, but the hand is too slow"", ""The eyes desire long sleeves, but the hand is too short""]",1.0,1.0,1.38,0.66,89.8
a,cot_xl,Arabic,MID0232,الفضول قتل العيوز.,Curiosity killed the cat.,Curiosity killed the cat.,False,Curiosity killed the cat.,wrong literal 3,wrong literal 1,wrong literal 2,A,wrong literal 1,wrong literal 2,wrong literal 3,"<reasoning>Arabic proverb ""الفضول قتل العيوز"" is a metaphorical expression that means being overly curious will lead to one's downfall, rather than physical harm to cats.</reasoning>
[""wrong literal 1"", ""wrong literal 2"", ""wrong literal 3""]",1.0,0.0,0.75,0.5,55.0
a,cot_xl,Arabic,MID0233,القطو العود ما يتربى.,You can't teach an old dog new tricks. ,You can't teach an old dog new tricks. ,False,,,,,,,,,"The old dog will never be able to be a cat. 
The dog that has gone on a journey cannot return to its original house.
The dog will only grow its fur back when the fire is lit.",0.0,0.0,0.0,0.0,0.0
a,cot_xl,Arabic,MID0234,الكذب حبله قصير.,Lies will get found out.,Lies will get found out.,False,"If you put lies in short boxes, they will easily get broken.",Lies will get found out.,Packing lies in short boxes won't save space.,Lies are often stored in small containers.,B,Packing lies in short boxes won't save space.,Lies are often stored in small containers.,"If you put lies in short boxes, they will easily get broken.","<reasoning>Arabic proverb ""الكذب حبله قصير"" literally means that lies are connected to short (or small) boxes, and this might be interpreted as a literal relation between lies and storage containers, but it has a deeper meaning.</reasoning>
[""Packing lies in short boxes won't save space."", ""Lies are often stored in small containers."", ""If you put lies in short boxes, they will easily get broken.""]",1.0,1.0,1.8,0.85,95.5
a,cot_xl,Arabic,MID0235,الكلب ما ينبح الا عند دار أهله,The dog only barks at its owner's house.,The dog only barks at its owner's house.,False,The dog only sleeps at its owner's house,The dog only barks at its owner's house.,The dog only plays with its owner at home,The dog is only fed at its owner's house,B,The dog is only fed at its owner's house,The dog only plays with its owner at home,The dog only sleeps at its owner's house,"[""The dog is only fed at its owner's house"", ""The dog only plays with its owner at home"", ""The dog only sleeps at its owner's house""]",1.0,1.0,1.08,0.5,85.0
a,cot_xl,Arabic,MID0236,اللي فات مات.,let bygones be bygones.,let bygones be bygones.,False,Past things are dead.,let bygones be bygones.,Time has gone means death is done.,Those who were late will die.,B,Those who were late will die.,Past things are dead.,Time has gone means death is done.,"""Time passed means death occurred. 
[""Those who were late will die."", ""Past things are dead."", ""Time has gone means death is done.""]",1.0,0.6666666666666666,1.42,1.0,90.0
a,cot_xl,Arabic,MID0237,اللي في القدر يطلعه الملاس,Let's wait and hold to see what the future holds.,Let's wait and hold to see what the future holds.,False,The one in the power of the nail will have it polished for him,The one who is covered in mud will have it cleaned by a thousand,Let's wait and hold to see what the future holds.,The one who is in the will of God will have him write it in ink,C,The one in the power of the nail will have it polished for him,The one who is covered in mud will have it cleaned by a thousand,The one who is in the will of God will have him write it in ink,"<reasoning>This proverb is often taken to mean waiting for an uncertain situation to unfold.</reasoning>
[""The one in the power of the nail will have it polished for him"", ""The one who is covered in mud will have it cleaned by a thousand"", ""The one who is in the will of God will have him write it in ink""]",1.0,1.0,1.47,0.6,88.0
a,cot_xl,Arabic,MID0238,اللي في قلبه صلاة ما تفوته.,"The key to success is to focus on goals, not obstacles.
\ Don’t wait for opportunity, Create it.","The key to success is to focus on goals, not obstacles.
\ Don’t wait for opportunity, Create it.",False,"If a person has a heart-shaped locket containing a prayer, they won't miss their prayer.","Prayer in the heart is a physical object, and therefore its owner will never miss it.","Someone who has a prayer in their heart will never lack food, or sustenance, or a way to travel, or a means to reach somewhere.","The key to success is to focus on goals, not obstacles.
\ Don’t wait for opportunity, Create it.",D,"If a person has a heart-shaped locket containing a prayer, they won't miss their prayer.","Someone who has a prayer in their heart will never lack food, or sustenance, or a way to travel, or a means to reach somewhere.","Prayer in the heart is a physical object, and therefore its owner will never miss it.","اللي في قلبه صلاة ما تفوته translates to ""The one in whose heart is prayer, does not miss a prayer"" or The key to success is to focus on goals, not obstacles. Don’t wait for opportunity, Create it.  Here are 3 plausible but wrong literal interpretations:

[ ""If a person has a heart-shaped locket containing a prayer, they won't miss their prayer."",
  ""Someone who has a prayer in their heart will ne",1.0,1.0,1.04,0.88,96.4
a,cot_xl,Arabic,MID0239,اللي ما عنده عمل يكاري له جمل واللي ما عنده حيله يلعب التيله,A cat in gloves catches no mice.,A cat in gloves catches no mice.,False,"If a cat has gloves on, the other animals will think it's a human and won't be scared of it",A cat in gloves catches no mice.,A cat in gloves will never catch any mice because the gloves will make it look like it's wearing a costume,A cat with gloves will be so clumsy that it won't be able to catch any mice due to its poor dexterity,B,A cat in gloves will never catch any mice because the gloves will make it look like it's wearing a costume,"If a cat has gloves on, the other animals will think it's a human and won't be scared of it",A cat with gloves will be so clumsy that it won't be able to catch any mice due to its poor dexterity,"<reasoning>No need for literal translations of the proverb, I can generate wrong interpretations directly in English</reasoning>
[""A cat in gloves will never catch any mice because the gloves will make it look like it's wearing a costume"", ""If a cat has gloves on, the other animals will think it's a human and won't be scared of it"", ""A cat with gloves will be so clumsy that it won't be able to cat",1.0,1.0,3.0,0.76,92.8
a,cot_xl,Arabic,MID0240,اللي ما له أول ما له تالي.,"Without a past, there is no present.","Without a past, there is no present.",False,"Without a future, you won't have tomorrow","Without a past, there is no present.",The lack of a past life means you don't have an afterlife,If you don't live in the past you are likely to be an orphan,B,"Without a future, you won't have tomorrow",If you don't live in the past you are likely to be an orphan,The lack of a past life means you don't have an afterlife,"Without a past, there is no future - because in a literal interpretation, the word ""تالي"" could mean ""future"" instead of ""present"" or ""next"" as the translation suggests. 

 [""Without a future, you won't have tomorrow"", ""If you don't live in the past you are likely to be an orphan"", ""The lack of a past life means you don't have an afterlife""]",1.0,1.0,1.57,0.84,95.2
a,cot_xl,Arabic,MID0241,اللي ماله صدر ماله تفر.,"No beginning, no end.","No beginning, no end.",False,"No beginning, no end.",Someone who doesn't wear a chest protector at the beach will drown,An antelope with no lungs will eventually die of starvation,A car without a steering wheel will drive itself.,A,Someone who doesn't wear a chest protector at the beach will drown,An antelope with no lungs will eventually die of starvation,A car without a steering wheel will drive itself.,"The proverb ""اللي ماله صدر ماله تفر"" is often used to convey that without a clear starting point or goal (صدر), one cannot make progress or achieve success (تفر).

[""Someone who doesn't wear a chest protector at the beach will drown"", 
""An antelope with no lungs will eventually die of starvation"", 
""A car without a steering wheel will drive itself.""]",1.0,1.0,2.58,0.93,97.9
a,cot_xl,Arabic,MID0242,اللي يطيع أبوه يطيعونه عياله.,Like father like son.,Like father like son.,False,It may mean that a son who follows an order from his father should also follow orders from his father-in-law.,Like father like son.,"Another possible interpretation is that if a father is obedient to his father's will, then he should be similarly obedient to his family's will as a whole.","This could imply that when a father obeys his parents, his son should also obey his parents-in-law.",B,"This could imply that when a father obeys his parents, his son should also obey his parents-in-law.",It may mean that a son who follows an order from his father should also follow orders from his father-in-law.,"Another possible interpretation is that if a father is obedient to his father's will, then he should be similarly obedient to his family's will as a whole.","[العمل يطيع أبوه يطيعونه عياله]

- This could imply that when a father obeys his parents, his son should also obey his parents-in-law.
- It may mean that a son who follows an order from his father should also follow orders from his father-in-law.
- Another possible interpretation is that if a father is obedient to his father's will, then he should be similarly obedient to his family's will as a wh",1.0,1.0,5.33,0.81,94.3
a,cot_xl,Arabic,MID0243,المطر قطرة على قطرة يظول غدير., A journey of thousand miles begins with a single step., A journey of thousand miles begins with a single step.,False,"The rain forms a lake, and that's a long journey.",The rain drops are so heavy they form a large lake.,A heavy rain forms a huge lake that we have to travel across., A journey of thousand miles begins with a single step.,D,The rain drops are so heavy they form a large lake.,"The rain forms a lake, and that's a long journey.",A heavy rain forms a huge lake that we have to travel across.,"[The rain drops by drops will form a large lake.]

[""The rain drops are so heavy they form a large lake."", ""The rain forms a lake, and that's a long journey."", ""A heavy rain forms a huge lake that we have to travel across.""]",1.0,1.0,1.13,0.84,95.2
a,cot_xl,Arabic,MID0244,اليوز لو ما تكسره ما تاكل لبه,"Nothing ventured, nothing gained./ Whoever strives shall find, whoever sows shall reap.","Nothing ventured, nothing gained./ Whoever strives shall find, whoever sows shall reap.",False,يجب أن نكسّر يوزًا ما ليَعتبرنّنا نملك يوزين,"A person cannot grasp another oyster even if they break it, so they cannot eat oyster meat",لا يستطيع الإوز إمساك يوز آخر ولو لم يُكسره، فلا يستطيع أكل لحم يوز,"Nothing ventured, nothing gained./ Whoever strives shall find, whoever sows shall reap.",D,لا يستطيع الإوز إمساك يوز آخر ولو لم يُكسره، فلا يستطيع أكل لحم يوز,"A person cannot grasp another oyster even if they break it, so they cannot eat oyster meat",يجب أن نكسّر يوزًا ما ليَعتبرنّنا نملك يوزين,"""لا يستطيع الإوز إمساك يوز آخر ولو لم يُكسره، فلا يستطيع أكل لحم يوز"" 
[""A person cannot grasp another oyster even if they break it, so they cannot eat oyster meat""]
""يجب أن نكسّر يوزًا ما ليَعتبرنّنا نملك يوزين"" 
[""We must break one oyster so that we are considered to have two""]
""إذا لم نكسّر يوزًا ما، فإنه سيأكل لحم يوز آخر"" 
[""If we don't break one oyster, then it will eat the meat of another o",1.0,1.0,1.08,1.0,100.0
a,cot_xl,Arabic,MID0245,انفخ يا شريم قال برطم ما هست,Born to suffer./ You can not escape bad luck,Born to suffer./ You can not escape bad luck,False,"A person named Brattim is in the room and you ask him to blow a whistle to show your presence, and he responds by asking what Shrim is.","You can blow a whistle in Shrim while calling out Brattim, and he will respond by asking what a whistle is.",Born to suffer./ You can not escape bad luck,"You need to blow a whistle over a place called Shrim to summon someone, and he responds by asking what Brattim is.",C,"You need to blow a whistle over a place called Shrim to summon someone, and he responds by asking what Brattim is.","A person named Brattim is in the room and you ask him to blow a whistle to show your presence, and he responds by asking what Shrim is.","You can blow a whistle in Shrim while calling out Brattim, and he will respond by asking what a whistle is.","<reasoning> 
This proverb is a metaphorical expression and its literal meaning can be misleading. To interpret it correctly, one must understand the cultural context and the symbolism behind the words.

In Arabic, ""انفخ"" means ""to blow"" but can also imply a sudden force or a burst of energy. ""يا شريم"" is a phrase used to get someone's attention, similar to ""Hey"". ""قال برطم"" is a phrase that roughl",1.0,1.0,2.63,0.59,87.7
a,cot_xl,Arabic,MID0246,بغاها طرب صارت نشب.,Gild the lily.,Gild the lily.,False,The bucket was filled to the brim with perfume.,Gild the lily.,She was carrying too many cups of coffee.,The garden was overgrown with flowers.,B,The garden was overgrown with flowers.,She was carrying too many cups of coffee.,The bucket was filled to the brim with perfume.,"""Because it was filled with joy, it started to overflow.""

[""The garden was overgrown with flowers."", ""She was carrying too many cups of coffee."", ""The bucket was filled to the brim with perfume.""]",1.0,1.0,2.56,0.86,95.8
a,cot_xl,Arabic,MID0247,بغى يكحلها عماها.,Gild the lily.,Gild the lily.,False,His aunt is being gilded or made to look better than she really is.,Gild the lily.,He is trying to marry his aunt.,"The phrase literally means he wants to marry his aunt, with the assumption that ' عماها' refers to his aunt.",B,His aunt is being gilded or made to look better than she really is.,He is trying to marry his aunt.,"The phrase literally means he wants to marry his aunt, with the assumption that ' عماها' refers to his aunt.","بغى يكحلها عماها. 
He wants to marry his aunt. 
- His aunt is being gilded or made to look better than she really is. 
- He is trying to marry his aunt. 
- The phrase literally means he wants to marry his aunt, with the assumption that ' عماها' refers to his aunt.",1.0,1.0,4.56,0.83,94.9
a,cot_xl,Arabic,MID0248,بو طبيع ما ايوز عن طبعه (ايوز: يبتعد),Old habits die hard.,Old habits die hard.,False,Old habits die hard.,wrong literal 1,wrong literal 2,wrong literal 3,A,wrong literal 1,wrong literal 2,wrong literal 3,"<reasoning>Arabic proverb ""بو طبيع ما ايوز عن طبعه"" (Bo ta bi'aa ma ayuuz 'an tabi'ih) is a metaphorical expression that means old habits are difficult to change.

However, a wrong literal interpretation could be based on the individual words themselves, without considering their metaphorical meaning. This can lead to interpretations that might not make sense in the context of the proverb.</reason",1.0,0.0,0.75,0.5,55.0
a,cot_xl,Arabic,MID0249,بيضة اليوم ولا دجاجة باجر.,A bird in the hand is worth two in the bush.,A bird in the hand is worth two in the bush.,False,"eating a chicken egg today is not allowed, but hunting for roosters in the early morning is.",wearing a chicken egg on the head today is not equivalent to wearing a rooster in the morning.,"a chicken egg is not suitable for consumption at noon, but a rooster is perfect for the early morning",A bird in the hand is worth two in the bush.,D,wearing a chicken egg on the head today is not equivalent to wearing a rooster in the morning.,"eating a chicken egg today is not allowed, but hunting for roosters in the early morning is.","a chicken egg is not suitable for consumption at noon, but a rooster is perfect for the early morning","بيضة اليوم ولا دجاجة باجر. translates to ""A chicken egg of today is not equal to a rooster from the early morning.""

[ 
""wearing a chicken egg on the head today is not equivalent to wearing a rooster in the morning."",
""eating a chicken egg today is not allowed, but hunting for roosters in the early morning is."",
""a chicken egg is not suitable for consumption at noon, but a rooster is perfect for t",1.0,1.0,1.64,0.65,89.5
a,cot_xl,Arabic,MID0250,تابع المساعيد تسعد,A good neighbor adds value to your house.,A good neighbor adds value to your house.,False,You should follow the paths made by donkeys to find riches.,The act of following the paths made by others will bring you good luck.,Following the sounds of the masai people in Africa will increase the value of your house.,A good neighbor adds value to your house.,D,You should follow the paths made by donkeys to find riches.,The act of following the paths made by others will bring you good luck.,Following the sounds of the masai people in Africa will increase the value of your house.,"<reasoning>The proverb is giving advice on how to gain wealth, but when interpreted literally it can lead to these possible misinterpretations.</reasoning>
[""You should follow the paths made by donkeys to find riches."", ""The act of following the paths made by others will bring you good luck."", ""Following the sounds of the masai people in Africa will increase the value of your house.""]",1.0,1.0,1.71,0.84,95.2
a,cot_xl,Arabic,MID0251,حظه يكسر الحصى,Have the luck of the devil,Have the luck of the devil,False,Have the luck of the devil,He takes his bad luck and throws it at the stones,Your evil fate causes the pebbles to shatter,His good fortune breaks up stones into gravel,A,He takes his bad luck and throws it at the stones,His good fortune breaks up stones into gravel,Your evil fate causes the pebbles to shatter,"[حظه يكسر الحصى] means the devil has your luck breaking the stones, however here are 3 plausible but wrong literal interpretations:

[""He takes his bad luck and throws it at the stones"", ""His good fortune breaks up stones into gravel"", ""Your evil fate causes the pebbles to shatter""]",1.0,1.0,1.5,0.94,98.2
a,cot_xl,Arabic,MID0252,حلاة الثوب رقعته منه وفيه,Birds of a feather flock together.,Birds of a feather flock together.,False,Folds in the fabric are taken from the same piece,Birds of a feather flock together.,Threads of the fabric are taken from the same piece,Stains on the fabric are taken from the same piece and have the same color,B,Stains on the fabric are taken from the same piece and have the same color,Folds in the fabric are taken from the same piece,Threads of the fabric are taken from the same piece,"حلاة الثوب رقعته منه وفيه translates to Birds of a feather flock together. 

Here are 3 plausible but wrong literal interpretations:

[ ""Stains on the fabric are taken from the same piece and have the same color"", ""Folds in the fabric are taken from the same piece"", ""Threads of the fabric are taken from the same piece"" ]",1.0,1.0,1.94,0.45,83.5
a,cot_xl,Arabic,MID0253,حلي لسانك تلقى الناس خلانك,A kind word is like a spring day.,A kind word is like a spring day.,False,"A kind word is something you put on your tongue, and it causes people to find flaws in themselves",A kind word is the cause of receiving jewelry from people,Your jewelry will cause people to find faults in you,A kind word is like a spring day.,D,Your jewelry will cause people to find faults in you,A kind word is the cause of receiving jewelry from people,"A kind word is something you put on your tongue, and it causes people to find flaws in themselves","حلي لسانك تلقى الناس خلانك translates to ""A kind word brings good manners to people"".

Here are the incorrect literal interpretations:

[""Your jewelry will cause people to find faults in you"", 
""A kind word is the cause of receiving jewelry from people"", 
""A kind word is something you put on your tongue, and it causes people to find flaws in themselves""]",1.0,1.0,1.67,0.79,93.7
a,cot_xl,Arabic,MID0254,رُد الشينه بالزينة.,render good for evil.,render good for evil.,False,A painter should cover his canvas with more paint than required,render good for evil.,"When decorating a room, use more nails than necessary","To style a hairpiece, attach it upside down",B,"When decorating a room, use more nails than necessary","To style a hairpiece, attach it upside down",A painter should cover his canvas with more paint than required,"[""When decorating a room, use more nails than necessary"", ""To style a hairpiece, attach it upside down"", ""A painter should cover his canvas with more paint than required""]",1.0,1.0,2.33,0.9,97.0
a,cot_xl,Arabic,MID0255,ردت حليمة لعادتها القديمة.,Old habits die hard,Old habits die hard,False,حليمة قد تعود بعد أن كانت مفقودة، وعودتها تعني إعادة اكتشافها.,حليمة هي نوع من الفاكهة، وعودتها القديمة تعني تفضيلها في الخلط مع أنواع فاكهة أخرى.,هناك نوع من الحيوانات يسمى حليمة، وعادتها القديمة تعني أنها تعود إلى منزلهم بعد فترة من الزمن,Old habits die hard,D,حليمة هي نوع من الفاكهة، وعودتها القديمة تعني تفضيلها في الخلط مع أنواع فاكهة أخرى.,حليمة قد تعود بعد أن كانت مفقودة، وعودتها تعني إعادة اكتشافها.,هناك نوع من الحيوانات يسمى حليمة، وعادتها القديمة تعني أنها تعود إلى منزلهم بعد فترة من الزمن,"ردت حليمة لعادتها القديمة

- حليمة هي نوع من الفاكهة، وعودتها القديمة تعني تفضيلها في الخلط مع أنواع فاكهة أخرى.
- حليمة قد تعود بعد أن كانت مفقودة، وعودتها تعني إعادة اكتشافها.
- هناك نوع من الحيوانات يسمى حليمة، وعادتها القديمة تعني أنها تعود إلى منزلهم بعد فترة من الزمن",1.0,1.0,3.58,0.87,96.1
a,cot_xl,Arabic,MID0256,سيل ما يبلك، ما يهمك.,keep your nose out of other people's business.,keep your nose out of other people's business.,False,"When a rain pours on your face, it doesn't make a difference to you.",You should keep the smell of a certain type of water out of your nose.,keep your nose out of other people's business.,What is poured on your nose is not a problem for you.,C,"When a rain pours on your face, it doesn't make a difference to you.",You should keep the smell of a certain type of water out of your nose.,What is poured on your nose is not a problem for you.,"""سيل ما يبلك، ما يهمك"" translates to ""keep your nose out of other people's business"" in English. Here are three plausible but wrong literal interpretations:

[""When a rain pours on your face, it doesn't make a difference to you."", ""You should keep the smell of a certain type of water out of your nose."", ""What is poured on your nose is not a problem for you.""]",1.0,1.0,1.71,0.88,96.4
a,cot_xl,Arabic,MID0257,طاح الحطب.,Bury the hatchet.,Bury the hatchet.,False,The firewood fell from a great height.,The trees in the forest fell during the storm.,Bury the hatchet.,The tree's wood is thrown to the floor.,C,The tree's wood is thrown to the floor.,The firewood fell from a great height.,The trees in the forest fell during the storm.,"""When the timber falls, the axe remains.""
[""The tree's wood is thrown to the floor."", 
""The firewood fell from a great height."", 
""The trees in the forest fell during the storm.""]",1.0,1.0,2.67,0.89,96.7
a,cot_xl,Arabic,MID0258,عيدة تعرف سعيده.,Eida knows Saeeda.,Eida knows Saeeda.,False,Eida knows Saeeda.,The Eid festival knows someone named Saeed.,The sheep ( Eid is sheep in Arabic) recognize Saeeda.,A specific Eid (holiday) teaches or instructs someone named Saeeda.,A,The Eid festival knows someone named Saeed.,The sheep ( Eid is sheep in Arabic) recognize Saeeda.,A specific Eid (holiday) teaches or instructs someone named Saeeda.,"العيد تعرف سعيد

1. ""The Eid festival knows someone named Saeed.""
2. ""The sheep ( Eid is sheep in Arabic) recognize Saeeda.""
3. ""A specific Eid (holiday) teaches or instructs someone named Saeeda.""",1.0,1.0,3.0,0.84,95.2
a,cot_xl,Arabic,MID0259,قديم البريسم ولا جديد الصوف,Lost is the person who forgets his past.,Lost is the person who forgets his past.,False," can refer to the date palm tree, ",Lost is the person who forgets his past., could be interpreted as ,". In this sense, the proverb is saying something about palm trees, not people. [",B," can refer to the date palm tree, ", could be interpreted as ,". In this sense, the proverb is saying something about palm trees, not people. [","[Lost is the person who forgets his past.]

In Arabic ""بريسم"" can refer to the date palm tree, ""قديم البريسم"" could be interpreted as ""old palm trees"". In this sense, the proverb is saying something about palm trees, not people. [""old palm trees are worn out"", ""palm trees are hard to find"", ""palm trees are being forgotten""]

In Arabic ""الصوف"" refers to wool, ""جديد الصوف"" could be interpreted as ""n",1.0,0.6666666666666666,1.08,0.97,89.1
a,cot_xl,Arabic,MID0260,قلب الأم على الولد والولد قلبه على الحجر,"My heart for my son was broken, and my son’s heart for me was like a stone.","My heart for my son was broken, and my son’s heart for me was like a stone.",False,I threw my heart at my son and it turned into a stone.,"My heart for my son was broken, and my son’s heart for me was like a stone.",My son is a geologist and he's studying stones.,My heart was literally broken and I died.,B,My heart was literally broken and I died.,I threw my heart at my son and it turned into a stone.,My son is a geologist and he's studying stones.,"<reasoning>In Arabic culture, a mother's love for her child is often seen as one of the greatest loves possible. However, the proverb suggests that the mother's love is fragile and can be easily broken, while the son's love is cold and unresponsive, like a stone. This could be misleading as one might interpret this as a literal breaking of the heart or a physical stone.</reasoning>

[""My heart was",1.0,1.0,0.59,0.79,93.7
a,cot_xl,Arabic,MID0261,لا تسرف ولو من البحر تغرف.,Constant dropping wears away a stone.,Constant dropping wears away a stone.,False,wrong literal 1,wrong literal 3,wrong literal 2,Constant dropping wears away a stone.,D,wrong literal 1,wrong literal 2,wrong literal 3,"من البحر تغرف = This could be interpreted as ""If you're near the sea, you'll get a free catch"" (implying fishing for free without any effort)

تسرف من البحر = This could be interpreted as ""Be extravagant with seafood"" (implying overindulgence in seafood)

تضع على الحجر = This could be interpreted as ""Place a stone on top"" or ""Put a rock on top"" (implying something unrelated to erosion)

[""wrong li",1.0,0.0,0.5,0.5,55.0
a,cot_xl,Arabic,MID0262,لا في العير ولا في النفير.,as useful as a chocolate teapot.,as useful as a chocolate teapot.,False,There is neither an elephant herd nor a war trumpet in the band.,The camel caravan has no band (music) and neither does the war trumpet have any music.,as useful as a chocolate teapot.,The cow herd doesn't have any band instruments and the war trumpet isn't even in the band.,C,The camel caravan has no band (music) and neither does the war trumpet have any music.,There is neither an elephant herd nor a war trumpet in the band.,The cow herd doesn't have any band instruments and the war trumpet isn't even in the band.,"لا في العير ولا في النفير translates to ""as useful as a chocolate teapot."" A possible reasoning behind this translation is the reference to an ""عير"" which means a band or a company, and ""نفير"" which is a war trumpet. However, three possible but wrong literal interpretations in this case could be:

[""The camel caravan has no band (music) and neither does the war trumpet have any music."", ""There is ",1.0,1.0,2.56,0.75,92.5
a,cot_xl,Arabic,MID0263,للي في القدر يطلعه الملاس,Tomorrow is close if you wait it. ,Tomorrow is close if you wait it. ,False,,,,,,,,,"The proverb is about the futility of waiting or procrastination. 

One of the nails has fallen on him in his destiny.",0.0,0.0,0.0,0.0,0.0
a,cot_xl,Arabic,MID0264,من بغاه كله خلاه كله,"Grasp all, lose all.","Grasp all, lose all.",False,,,,,,,,,"من بغاه كله خلاه كله: Grasp all, lose all. 
If you grab or touch a poisonous snake, you might lose all of your limbs. 
If you try to eat everything you see in your dream, you might wake up and lose your appetite for all food. 
If you try to take a photo of everything around you, you might lose all the money you spent on your camera.",0.0,0.0,0.0,0.0,0.0
a,cot_xl,Arabic,MID0265,من خاز عن داره قل مقداره,"East or west, home is best.","East or west, home is best.",False,Lizards can grow larger in size if they hide at home.,A lizard can become the size of its house if it hides there.,"If a lizard hides at home, its home will magically resize to its lizard size.","East or west, home is best.",D,Lizards can grow larger in size if they hide at home.,A lizard can become the size of its house if it hides there.,"If a lizard hides at home, its home will magically resize to its lizard size.","من خاز عن داره قل مقداره: 
If a lizard hides in its home, it will become its size.

[""Lizards can grow larger in size if they hide at home."", ""A lizard can become the size of its house if it hides there."", ""If a lizard hides at home, its home will magically resize to its lizard size.""]",1.0,1.0,2.17,0.84,95.2
a,cot_xl,Arabic,MID0266,من صبر قدر.,"After black clouds, clear weather.","After black clouds, clear weather.",False,The amount of things that a container can hold is limited.,The material used to make a container is expensive.,"After black clouds, clear weather.",A container's capacity to hold liquids is measured by its volume.,C,The amount of things that a container can hold is limited.,The material used to make a container is expensive.,A container's capacity to hold liquids is measured by its volume.,"من صبر قدر (After black clouds, clear weather) implies patience is rewarded, but we can generate wrong literal interpretations as follows:

صبر is the noun, but without knowing the verb it's attached to, it could be related to a container or a vessel that holds something, hence we might think the proverb is about a container that holds a quantity called قدر.

Here are three plausible but wrong lit",1.0,1.0,2.07,0.81,94.3
a,cot_xl,Arabic,MID0267,من طالع غيره قل خيره.,Comparing yourself to others only leads to sorrow.,Comparing yourself to others only leads to sorrow.,False,Comparing yourself to others only leads to sorrow.,The one who wakes up at an unusual time will see the good in others.,"If someone looks after your animal, tell them what a good person they are.","When you look at someone's palm, you will say their fortune is good.",A,The one who wakes up at an unusual time will see the good in others.,"When you look at someone's palm, you will say their fortune is good.","If someone looks after your animal, tell them what a good person they are.","[""The one who wakes up at an unusual time will see the good in others."", ""When you look at someone's palm, you will say their fortune is good."", ""If someone looks after your animal, tell them what a good person they are.""]",1.0,1.0,1.75,0.96,98.8
a,cot_xl,Arabic,MID0268,من طمع طبع.,Greed is a nature.,Greed is a nature.,False,,,,,,,,,"""إنهاء هو طابع النبات الذي يغسلها الماء.""",0.0,0.0,0.0,0.0,0.0
a,cot_xl,Arabic,MID0269,من طول الغيبات ياب الغنايم.,All's well that ends well.,All's well that ends well.,False,,,,,,,,,"من طول الغيبات ياب الغنايم.

- All's well that ends well.
 
All birds are called by the name they sing (wrong literal 1) 
The longer you stay away, the more you'll forget the names of the girls (wrong literal 2)
The longer you stay away, the more you'll lose your livestock (wrong literal 3)",0.0,0.0,0.0,0.0,0.0
a,cot_xl,Arabic,MID0270,من كبّر اللقمة غص.,Grasp all lose all.,Grasp all lose all.,False,"If someone takes a large bite, they might choke.","If someone enlarges a bread slice, it gets rotten.",Grasp all lose all.,"If you hold a big portion, you gain weight.",C,"If someone enlarges a bread slice, it gets rotten.","If you hold a big portion, you gain weight.","If someone takes a large bite, they might choke.","<reasoning>من كبّر اللقمة غص</reasoning>[""If someone enlarges a bread slice, it gets rotten."", ""If you hold a big portion, you gain weight."", ""If someone takes a large bite, they might choke.""]",1.0,1.0,2.25,0.84,95.2
a,cot_xl,Arabic,MID0271,نوم الظالم عبادة.,Let sleeping dogs lie.,Let sleeping dogs lie.,False,"The phrase might imply that the oppressor is performing a sleep ritual, which is a form of worship or magic.","In a more absurd interpretation, the phrase could suggest that sleeping itself is a ritual or ceremony dedicated to the oppressor.","In a literal sense, the phrase could mean that the act of sleeping is the primary form of worship or religious devotion of oppressors.",Let sleeping dogs lie.,D,"In a literal sense, the phrase could mean that the act of sleeping is the primary form of worship or religious devotion of oppressors.","The phrase might imply that the oppressor is performing a sleep ritual, which is a form of worship or magic.","In a more absurd interpretation, the phrase could suggest that sleeping itself is a ritual or ceremony dedicated to the oppressor.","نوم الظالم عبادة translates to Let sleeping dogs lie. Here are a few plausible but wrong literal interpretations:

- In a literal sense, the phrase could mean that the act of sleeping is the primary form of worship or religious devotion of oppressors.
- The phrase might imply that the oppressor is performing a sleep ritual, which is a form of worship or magic.
- In a more absurd interpretation, th",1.0,1.0,5.42,0.73,91.9
a,cot_xl,Arabic,MID0272,وين توصل ريلك مدها.,Don't live beyond your means.,Don't live beyond your means.,False,Don't live beyond your means.,The arrival time of a train is the key to understanding finances.,The rails of a train are responsible for managing one's expenses.,You're asking a train to wait for an unknown amount of time.,A,You're asking a train to wait for an unknown amount of time.,The arrival time of a train is the key to understanding finances.,The rails of a train are responsible for managing one's expenses.,"وين توصل ريلك مدها. ( Arabic ): Don't live beyond your means.

The phrase is about financial responsibility, but here are three plausible but wrong literal interpretations:

[""You're asking a train to wait for an unknown amount of time."", ""The arrival time of a train is the key to understanding finances."", ""The rails of a train are responsible for managing one's expenses.""]",1.0,1.0,2.33,0.79,93.7
a,cot_xl,Arabic,MID0273,يصعد من العرج للقمة., A flash in the pan., A flash in the pan.,False,He was promoted to a higher position from the mountain of difficulties.,He wore the cloak of nobility to the peak of the highest hill.,He climbed the mountain of the mountain to the top., A flash in the pan.,D,He climbed the mountain of the mountain to the top.,He was promoted to a higher position from the mountain of difficulties.,He wore the cloak of nobility to the peak of the highest hill.,"صعد من العرج للقمة يعني في بعض الأحيان أن يرتدي الشخص رداءً فاخرًا ويرفع من نفسه، ثم يتم تدنسه إلى مستواه الأصلي.

[""He climbed the mountain of the mountain to the top."", ""He was promoted to a higher position from the mountain of difficulties."", ""He wore the cloak of nobility to the peak of the highest hill.""]",1.0,1.0,2.33,0.7,91.0
a,cot_xl,Arabic,MID0274,يموت الزمار وايده تلعب.,Old habits die hard.,Old habits die hard.,False,يموت الزمار وايده تلعب,wrong literal 1,Old habits die hard.,"The woodworker dies, but his tools are still being played (as in, used, but in a musical context, possibly incorrectly).",C,يموت الزمار وايده تلعب,wrong literal 1,"The woodworker dies, but his tools are still being played (as in, used, but in a musical context, possibly incorrectly).","The proverb ""يموت الزمار وايده تلعب"" means that old habits die hard, implying that it's difficult to change one's behavior.

Here are 3 plausible but wrong literal interpretations:

[
""wrong literal 1"": ""The woodworker dies, but his tools are still being played (as in, used, but in a musical context, possibly incorrectly)."",
 
""wrong literal 2"": ""The flutist dies, and his arm continues to play (as",1.0,0.3333333333333333,2.25,1.0,80.0
a,cot_xl,Arabic,MID0275,يوم شاب ودوه الكتاب.,You can't teach an old dog new tricks. ,You can't teach an old dog new tricks. ,False,New dogs can't learn tricks at night because the sun isn't shining.,The sun can't teach you new tricks when it's cloudy.,You can't teach an old dog new tricks. ,You can't learn new things in the morning because it's too bright.,C,The sun can't teach you new tricks when it's cloudy.,You can't learn new things in the morning because it's too bright.,New dogs can't learn tricks at night because the sun isn't shining.,"<reasoning>يوم شاب means 'a young day' (young day = sunny day), not 'a young person'.</reasoning>
[""The sun can't teach you new tricks when it's cloudy."", ""You can't learn new things in the morning because it's too bright."", ""New dogs can't learn tricks at night because the sun isn't shining.""]",1.0,1.0,1.42,0.72,91.6
a,cot_xl,Arabic,MID0276,أتبدلت غزلانها بقرودها.,A falling master makes a standing servant. / It is a sorry house where the hens' crow and the cock is silent.,A falling master makes a standing servant. / It is a sorry house where the hens' crow and the cock is silent.,False,A falling master makes a standing servant. / It is a sorry house where the hens' crow and the cock is silent.,The hens started crowing at night instead of the usual cock crowing.,The goats took over the sheep's grazing land.,The master fell physically and hurt the servant.,A,The master fell physically and hurt the servant.,The hens started crowing at night instead of the usual cock crowing.,The goats took over the sheep's grazing land.,"Reasoning:
The proverb uses a metaphorical meaning where ""falling"" and ""standing"" describe a reversal of fortunes or social status, rather than a literal physical action. Similarly, ""hens crowing"" and a ""cock being silent"" describe a reversal in the natural order, rather than a literal situation.

[""The master fell physically and hurt the servant."", 
""The hens started crowing at night instead of t",1.0,1.0,0.42,0.94,98.2
a,cot_xl,Arabic,MID0277,أَجَاكَ إِلْمُوتْ يَا تَارِكْ الصَّلاه,your sins have caught up the flesh is week.,your sins have caught up the flesh is week.,False,wrong literal 3,wrong literal 1,wrong literal 2,your sins have caught up the flesh is week.,D,wrong literal 1,wrong literal 2,wrong literal 3,"Here are three plausible but wrong literal interpretations:

""wrong literal 1"": You gave death (a gift) to the one who leaves prayer.
""wrong literal 2"": You threw a piece of cloth at the one who abandons prayer.
""wrong literal 3"": Death came to visit the one who forgets prayer.",1.0,0.0,0.33,0.5,55.0
a,cot_xl,Arabic,MID0278,أَجَت إِلْحَزِينَة تِفْرَح مَا لَقَتِلْهاش مَطْرَحٍ,Born to suffer.,Born to suffer.,False,The person who was born during the time of the flood was overjoyed at finding a flatland.,Born to suffer,She was born in a land that was covered in a thick layer of dust when she was found.,Born to suffer.,D,Born to suffer,The person who was born during the time of the flood was overjoyed at finding a flatland.,She was born in a land that was covered in a thick layer of dust when she was found.,"[أَجَت إِلْحَزِينَة تِفْرَح مَا لَقَتِلْهاش مَطْرَحٍ](meaning of this proverb is ""Born to suffer"") is translated as someone who was born under a specific circumstance or time of year where there was a lot of rain or flooding, causing a lot of damage. 

[""The person who was born during the time of the flood was overjoyed at finding a flatland."", ""She was born in a land that was covered in a thick l",1.0,0.6666666666666666,4.33,0.9,87.0
a,cot_xl,Arabic,MID0279,أَجَتْ ساعته,He has kicked the bucket.,He has kicked the bucket.,False,He has kicked the bucket.,أَجَتْ ساعته,أَجَاكَ ساعته,He gave you the time,A,أَجَتْ ساعته,أَجَاكَ ساعته,He gave you the time,"[The phrase ""أَجَتْ ساعته"" is derived from the phrase ""أَجَاكَ ساعته"" which means ""He gave you the time"". But in this case, it has a metaphorical meaning.]

[""He kicked the bucket of water"", ""He measured his wristwatch"", ""He gave his friend an hour""]",1.0,0.3333333333333333,0.6,0.89,76.7
a,cot_xl,Arabic,MID0280,أَسْمَعْ كَلامَكَ أصدقك، أشوف فَعَايْلَك/ أعمالك أسْتَعْجِب/ أستغرب,Actions speak louder than words,Actions speak louder than words,False,Your actual work might amaze you if you go see it,You'll hear your friend's advice before seeing their actual behavior.,Your friend's job will always surprise you if you see what they do.,Actions speak louder than words,D,You'll hear your friend's advice before seeing their actual behavior.,Your friend's job will always surprise you if you see what they do.,Your actual work might amaze you if you go see it,"[""You'll hear your friend's advice before seeing their actual behavior."", ""Your friend's job will always surprise you if you see what they do."", ""Your actual work might amaze you if you go see it""]",1.0,1.0,2.27,0.86,95.8
a,cot_xl,Arabic,MID0281,إبْراسُهُ رِيشِه,he is the only boy on the beach.,he is the only boy on the beach.,False,he is the only boy on the beach.,He has only one son who is covered in bird feathers.,He is decorating his hair with a bird's nest.,His only son has a bird's feathers on his head.,A,He is decorating his hair with a bird's nest.,His only son has a bird's feathers on his head.,He has only one son who is covered in bird feathers.,"إبْراسُهُ رِيشِه (he is the only boy on the beach) means that someone is the only person in a certain situation or role.

However, here are 3 plausible but wrong literal interpretations in English:

[""He is decorating his hair with a bird's nest."", ""His only son has a bird's feathers on his head."", ""He has only one son who is covered in bird feathers.""]",1.0,1.0,1.25,0.84,95.2
a,cot_xl,Arabic,MID0282,إِبْسَابِعْ حُلُم أو نومه,Out like a light.,Out like a light.,False,Out like a light.,A person who slept for a short period of time.,He lost his eyebrows in his sleep.,A person who is asleep for six months.,A,He lost his eyebrows in his sleep.,A person who is asleep for six months.,A person who slept for a short period of time.,"<reasoning>A proverb is a short, witty saying that conveys a general truth or piece of advice, often using metaphor or allegory. Literal interpretations can be misleading because they ignore the figurative meaning behind the words.</reasoning>

[""He lost his eyebrows in his sleep."", ""A person who is asleep for six months."", ""A person who slept for a short period of time.""]",1.0,1.0,2.08,0.9,97.0
a,cot_xl,Arabic,MID0283,إِبْسَاطِ أَحْمَدِي,Take it easy.,Take it easy.,False,Ahmed's expansive blanket,Take it easy.,Expand your hands for Ahmad,Stretch like Ahmed,B,Stretch like Ahmed,Ahmed's expansive blanket,Expand your hands for Ahmad,"<reasoning>إِبْسَاطِ أَحْمَدِي is a phrase that suggests a person is being overly generous or excessively charitable, as 'ahmadi' translates to 'the people of Ahmad', implying they are taking it easy on people associated with a particular group or name.</reasoning>
[""Stretch like Ahmed"", ""Ahmed's expansive blanket"", ""Expand your hands for Ahmad""]",1.0,0.3333333333333333,1.22,1.0,80.0
a,cot_xl,Arabic,MID0284,إبعد تحلى.,Absence makes the heart grow fonder.,Absence makes the heart grow fonder.,False,wrong literal 1,wrong literal 3,wrong literal 2,Absence makes the heart grow fonder.,D,wrong literal 1,wrong literal 2,wrong literal 3,"الإجابة الصحيحة: 
""عندما تتأخر في الطعام، يزداد صهريجك سعره.""
 
 [""wrong literal 1"", ""wrong literal 2"", ""wrong literal 3""]",1.0,0.0,0.5,0.5,55.0
a,cot_xl,Arabic,MID0285,إبعد عن الشر وغنيله، وهات فاس وقَني له.,Wake not a sleeping lion,Wake not a sleeping lion,False,Wake not a sleeping lion,"Don't remove the cover from a hot lion's dish, or it will burn you.","Don't wake a lion while it's having a meal, or it will be annoyed.",Don't take a lion's fur and pretend it's your own.,A,"Don't remove the cover from a hot lion's dish, or it will burn you.",Don't take a lion's fur and pretend it's your own.,"Don't wake a lion while it's having a meal, or it will be annoyed.","The proverb means ""wake not a sleeping lion"" which cautions against provoking someone who may be peaceful or asleep, but is actually powerful and capable of causing harm. Now, here are 3 plausible but wrong literal interpretations:

[""Don't remove the cover from a hot lion's dish, or it will burn you."", ""Don't take a lion's fur and pretend it's your own."", ""Don't wake a lion while it's having a me",1.0,1.0,2.53,0.83,94.9
a,cot_xl,Arabic,MID0286,إِبِنِ الْخَبَازِة ما يجوع,"Like father, like son. ","Like father, like son. ",False,The son will inherit the father's bakery.,"Like father, like son. ",The son will follow the father's diet.,The son will bake because the father has eaten bread.,B,The son will bake because the father has eaten bread.,The son will inherit the father's bakery.,The son will follow the father's diet.,"Reasoning in Arabic: إذا أكل والدنا في الخبز فيمضي ابني ليعمل خبازاً.

[""The son will bake because the father has eaten bread."", ""The son will inherit the father's bakery."", ""The son will follow the father's diet.""]",1.0,1.0,2.0,0.67,90.1
a,cot_xl,Arabic,MID0287,إللي إيده بالمَي مش مثل إِللّي إيده بالنَّارِ,Easier said than done.,Easier said than done.,False,Hand washing is not the same as hand cooking,Those wearing gloves are not like those who wear fire-protective suits,People from cold climates are not similar to people living near volcanoes,Easier said than done.,D,Those wearing gloves are not like those who wear fire-protective suits,Hand washing is not the same as hand cooking,People from cold climates are not similar to people living near volcanoes,"<reasoning>Arabic proverb is cautioning about actions performed with cold hands being different from actions performed with hot hands.</reasoning> [""Those wearing gloves are not like those who wear fire-protective suits"", ""Hand washing is not the same as hand cooking"", ""People from cold climates are not similar to people living near volcanoes""]",1.0,1.0,2.67,0.93,97.9
a,cot_xl,Arabic,MID0288,إِللّي بخاف من البُعْبُع يطلعله,"Talk of the devil, and he is sure to appear","Talk of the devil, and he is sure to appear",False,"If someone fears an earthquake, it will happen","If a person is careful with their belongings, they will be easily stolen","If a person is cautious in a war, the enemy will attack them","Talk of the devil, and he is sure to appear",D,"If someone fears an earthquake, it will happen","If a person is careful with their belongings, they will be easily stolen","If a person is cautious in a war, the enemy will attack them","[""If someone fears an earthquake, it will happen"", ""If a person is careful with their belongings, they will be easily stolen"", ""If a person is cautious in a war, the enemy will attack them""]",1.0,1.0,1.13,0.84,95.2
a,cot_xl,Arabic,MID0289,ابطي ولا تخطي,"More haste, less speed. ","More haste, less speed. ",False,wrong literal 1,"More haste, less speed. ","Don't bend, don't break.",Be brief or don't overstep,B,Be brief or don't overstep,wrong literal 1,"Don't bend, don't break.","ابطي ولا تخطي means ""Be brief or don't overstep"" which is a wrong literal interpretation, but the actual proverb is about how being too hasty can lead to mistakes and reduce efficiency.

[""wrong literal 1"" ""Don't bend, don't break."", ""wrong literal 2"" ""Slow down, stay calm."", ""wrong literal 3"" ""Don't shorten, don't exceed.""]",1.0,0.3333333333333333,1.0,0.95,78.5
a,cot_xl,Arabic,MID0290,اللِّي بِتْعَب بِلْعَبِ,"No pain, no gain.","No pain, no gain.",False,The one who is tired is with toys,"No pain, no gain.",The one who carries weights is with games,The one who is exhausted is a play,B,The one who is tired is with toys,The one who carries weights is with games,The one who is exhausted is a play,"[اللي بتعب بلعبِ ( اللِّي بِتْعَب بِلْعَبِ ) translates to ""The one who is tired is with toys"" - which could mean that tired people are often seen playing with toys. But wrong interpretations are below ]

 [""The one who carries weights is with games"", ""The one who is exhausted is a play"", ""the one who is in pain is a laborer""]",1.0,1.0,2.0,0.58,87.4
a,cot_xl,Arabic,MID0291,اللي ما يطول العنب حامض عنه يقول,They would find a fault with a fat goose.,They would find a fault with a fat goose.,False,The person who does not cultivate his vineyard long enough will be said to be criticizing his overweight goose.,They would find a fault with a fat goose.,"If someone is too long in the vineyards, they will criticize him about his fat goose.",A man who is very old will criticize someone for having a short and sour grapevine.,B,"If someone is too long in the vineyards, they will criticize him about his fat goose.",A man who is very old will criticize someone for having a short and sour grapevine.,The person who does not cultivate his vineyard long enough will be said to be criticizing his overweight goose.,"[They want us to find the literal interpretation in the same language as the proverb.]
اللي ما يطول العنب حامض عنه يقول: 
- If someone is too long in the vineyards, they will criticize him about his fat goose.
- A man who is very old will criticize someone for having a short and sour grapevine.
- The person who does not cultivate his vineyard long enough will be said to be criticizing his overweig",1.0,1.0,1.89,0.87,96.1
a,cot_xl,Arabic,MID0292,بات مغلوب ولا تبات غالب.,Lucky is the one who is oppressed and not oppressor.,Lucky is the one who is oppressed and not oppressor.,False,The person who has fallen is lucky,Being oppressed by a bat is a good fortune,Lucky is the one who uses a bat to hit the ball,Lucky is the one who is oppressed and not oppressor.,D,The person who has fallen is lucky,Lucky is the one who uses a bat to hit the ball,Being oppressed by a bat is a good fortune,"<reasoning>Arabic بات مغلوب ولا تبات غالب uses a metaphorical meaning of being ""oppressed"" to describe someone who is unlucky or in a difficult situation, rather than someone physically overpowered. This interpretation is often used to encourage humility and caution against exploiting others.</reasoning>
[""The person who has fallen is lucky"", ""Lucky is the one who uses a bat to hit the ball"", ""Bei",1.0,1.0,0.93,0.82,94.6
a,cot_xl,Arabic,MID0293,بنت الفاره حفاره.,like mother like daughter.,like mother like daughter.,False,"{'reasoning': ""Another possible interpretation is that 'حفارة' refers to a place or a location, giving us a phrase that means 'the daughter is from a certain place.'""}","{'reasoning': ""We could also interpret 'حفارة' as a noun that refers to the 'grinding instrument' or 'stone grinder' meaning the daughter is a grinding stone.""}","{'reasoning': ""If we focus on the word 'حفارة', which means 'bulldozer' in English, we might get a phrase that means 'the daughter is a bulldozer.'""}",like mother like daughter.,D,"{'reasoning': ""If we focus on the word 'حفارة', which means 'bulldozer' in English, we might get a phrase that means 'the daughter is a bulldozer.'""}","{'reasoning': ""Another possible interpretation is that 'حفارة' refers to a place or a location, giving us a phrase that means 'the daughter is from a certain place.'""}","{'reasoning': ""We could also interpret 'حفارة' as a noun that refers to the 'grinding instrument' or 'stone grinder' meaning the daughter is a grinding stone.""}","The proverb ""بنت الفاره حفارة"" in Arabic can be interpreted in different ways if taken literally. Here are 3 plausible but wrong literal interpretations:

[{""reasoning"": ""If we focus on the word 'حفارة', which means 'bulldozer' in English, we might get a phrase that means 'the daughter is a bulldozer.'""},{""reasoning"": ""Another possible interpretation is that 'حفارة' refers to a place or a location",1.0,1.0,6.42,0.79,93.7
a,cot_xl,Arabic,MID0294,جاجة حفرت على رأسها عفرت,Arrow often hits the shooter.,Arrow often hits the shooter.,False,The shooter has a habit of shooting arrows at themselves.,"When an arrow is shot from the head, it hits the shooter's head.",A shooter who is also an arrow is prone to getting hit by other arrows.,Arrow often hits the shooter.,D,The shooter has a habit of shooting arrows at themselves.,A shooter who is also an arrow is prone to getting hit by other arrows.,"When an arrow is shot from the head, it hits the shooter's head.","""Arrow often hits the shooter"" can be interpreted in various incorrect ways. Here are three plausible but wrong literal interpretations:

[""The shooter has a habit of shooting arrows at themselves."", ""A shooter who is also an arrow is prone to getting hit by other arrows."", ""When an arrow is shot from the head, it hits the shooter's head.""]",1.0,1.0,2.53,0.91,97.3
a,cot_xl,Arabic,MID0295,شو جاب الزرقا للبلقا.,Apples and oranges.,Apples and oranges.,False,"In a desperate attempt to escape predators, falcons have begun to use clouds as a means of transportation.","Falconry has taken a new form, and birds are now swimming through clouds.",The clouds are a popular swimming destination for fish.,Apples and oranges.,D,The clouds are a popular swimming destination for fish.,"Falconry has taken a new form, and birds are now swimming through clouds.","In a desperate attempt to escape predators, falcons have begun to use clouds as a means of transportation.","شو جاب الزرقا للبلقا - 
The fish swam the clouds for the falcon.

[""The clouds are a popular swimming destination for fish."", ""Falconry has taken a new form, and birds are now swimming through clouds."", ""In a desperate attempt to escape predators, falcons have begun to use clouds as a means of transportation.""]",1.0,1.0,4.44,0.91,97.3
a,cot_xl,Arabic,MID0296,طبال وقع على زمار.,Birds of a feather flock together.,Birds of a feather flock together.,False,طبال وقع على زمار,Birds of a feather flock together.,طبال وقع," (زمار = the zither or a small stringed musical instrument). In a literal sense, this could mean a drummer stumbled and landed on their zither while performing.
2. ",B,طبال وقع على زمار,طبال وقع," (زمار = the zither or a small stringed musical instrument). In a literal sense, this could mean a drummer stumbled and landed on their zither while performing.
2. ","The proverb ""طبال وقع على زمار"" (Birds of a feather flock together) can be interpreted in various ways. Here are 3 plausible but wrong literal interpretations:

1. ""طبال وقع"" (طبال = a drummer, وقع = fell) refers to a drummer falling on a musical instrument, specifically ""زمار"" (زمار = the zither or a small stringed musical instrument). In a literal sense, this could mean a drummer stumbled and la",1.0,0.3333333333333333,1.89,0.83,74.9
a,cot_xl,Arabic,MID0297,عتبها على أهلها من قلة عقلها.,A bad workman always blames his tools.,A bad workman always blames his tools.,False,أنا عطبها على أهلها من قلة عقلها يعني أن الأب ينتج خُطوباً من العقلية قلة أولاده.,The father makes poor bricks from the low IQ of his children.,The father produces bad bricks from the low intelligence of his children.,A bad workman always blames his tools.,D,أنا عطبها على أهلها من قلة عقلها يعني أن الأب ينتج خُطوباً من العقلية قلة أولاده.,The father produces bad bricks from the low intelligence of his children.,The father makes poor bricks from the low IQ of his children.,"""أنا عطبها على أهلها من قلة عقلها يعني أن الأب ينتج خُطوباً من العقلية قلة أولاده.""
[""The father produces bad bricks from the low intelligence of his children."",
""The father makes poor bricks from the low IQ of his children.""]
 
""عتبها على أهلها من قلة عقلها يعني أن أهل هذا البيت ليسوا أهل للعيش على العقلية قلة له.""
[""The family is not suitable to live with the low intellect of him."",
""The family ",1.0,1.0,1.9,0.81,94.3
a,cot_xl,Arabic,MID0298,فرعون فرعن من قلة ناس تضبه.,There can be no tyrants where there are no slaves.,There can be no tyrants where there are no slaves.,False,There can be no tyrants where there are no slaves.,A person from the city of Qalat Nas is very skilled at balancing.,"Due to the scarcity of people wearing nose-diving gear, Pharaohs are forced to become acrobats.",Pharaohs are particularly fond of being alone because they have few people to answer to.,A,Pharaohs are particularly fond of being alone because they have few people to answer to.,A person from the city of Qalat Nas is very skilled at balancing.,"Due to the scarcity of people wearing nose-diving gear, Pharaohs are forced to become acrobats.","[""Pharaohs are particularly fond of being alone because they have few people to answer to."",
""A person from the city of Qalat Nas is very skilled at balancing."",
""Due to the scarcity of people wearing nose-diving gear, Pharaohs are forced to become acrobats.""]",1.0,1.0,1.43,0.89,96.7
a,cot_xl,Arabic,MID0299,مش كل من صف الصواني حلواني,Anyone can cook but not everyone can be a chef.,Anyone can cook but not everyone can be a chef.,False,wrong literal 1,Anyone can cook but not everyone can be a chef.,wrong literal 3,wrong literal 2,B,wrong literal 1,wrong literal 2,wrong literal 3,"مَن يُحِبّ البَخور يكون حلوآنيا: هذا الشعار من مُنافسة البخور العالمية, حيث الفائزين يستطيعون استخراج حلوى من بخورهم
من يَسقِ الصواني يتعرّف لَهُ حلواني من قبل الناس كَفى: وَمَن كان يَسقيه وَهوَ صامد وَراعٍ فَهوَ أَكثر حَميَةً
من يُضرب الطعام في الصواني يتعرّف أنه حلواني: حاسمة في هذا المُستوى من المُدربين في المطاعم
[""wrong literal 1"",""wrong literal 2"",""wrong literal 3""]",1.0,0.0,0.3,0.5,55.0
a,cot_xl,Arabic,MID0300,يا داخل بين البصلة وقشرتها ما ينوبك إلا ريحتها.,Don't go between the tree and the bark.,Don't go between the tree and the bark.,False,You might get scratched from the tree and the bark.,Don't go between the tree and the bark.,You might get trapped between the tree and the bark due to a narrow path.,You might get hit by falling branches from the tree and the bark.,B,You might get scratched from the tree and the bark.,You might get hit by falling branches from the tree and the bark.,You might get trapped between the tree and the bark due to a narrow path.,"The proverb warns against taking sides or being caught between different factions, and suggests that being neutral may lead to being influenced or deceived by their actions.

The reason for the literal interpretations to be wrong is that they focus only on the physical aspects of the tree and bark, without considering the metaphorical meaning.

[""You might get scratched from the tree and the bark.",1.0,1.0,1.58,0.58,87.4
a,cot_xl,Arabic,MID0301,  أكلب الكدرة أعلى فمها الطفلة تتبع أمها,"Like mother, like daughter.","Like mother, like daughter.",False,The older dog follows the younger one because the girl's mouth is above it.,"Like mother, like daughter.",The dog follows a donkey because the girl's mouth is above it.,The female dog follows the one with thorns because the girl's mouth is above it.,B,The female dog follows the one with thorns because the girl's mouth is above it.,The older dog follows the younger one because the girl's mouth is above it.,The dog follows a donkey because the girl's mouth is above it.,"The proverb ""أكلب الكدرة أعلى فمها الطفلة تتبع أمها"" implies that the daughter follows her mother in behavior or characteristics, but a wrong literal interpretation could be:

[""The female dog follows the one with thorns because the girl's mouth is above it."" , ""The older dog follows the younger one because the girl's mouth is above it."", ""The dog follows a donkey because the girl's mouth is above",1.0,1.0,3.42,0.36,80.8
a,cot_xl,Arabic,MID0302,"  المسلة ألا محبوكة ولا متروكة
","If a job is worth doing, it's worth doing well.","If a job is worth doing, it's worth doing well.",False,المسلة ألا محبوكة ولا متروكة,"If a job is worth doing, it's worth doing well.",") in different situations.

[",A pole should not be stuck nor abandoned,B,المسلة ألا محبوكة ولا متروكة,") in different situations.

[",A pole should not be stuck nor abandoned,"<reasoning> The proverb ""المسلة ألا محبوكة ولا متروكة"" implies that a well-done job deserves attention or care, but in a literal sense, it might be misinterpreted as instructions for dealing with a column or pillar (""مسلّة"") in different situations.

[""A pillar must neither be stuck nor left behind""]
[""A pole should not be stuck nor abandoned""]
[""A standing stone should neither be anchored nor lef",1.0,1.0,0.6,1.0,100.0
a,cot_xl,Arabic,MID0303, إلى مكْنَتْ كَال الزَّحَّاف,A bad workman blames his tools.,A bad workman blames his tools.,False,A bad workman blames his tools.,One might expect to get a good weave like birds' nests.,Weavers are expected to reach new heights just like humans do.,A skilled person expects others to reach perfection in knowledge like a weaver.,A,A skilled person expects others to reach perfection in knowledge like a weaver.,Weavers are expected to reach new heights just like humans do.,One might expect to get a good weave like birds' nests.,"مُتَوَقِّعًا أن يَنَالَ الرِجال الأُخَرَ كَمالَ المَعرفةِ كَالزَّحَّاف

[""A skilled person expects others to reach perfection in knowledge like a weaver."", ""Weavers are expected to reach new heights just like humans do."", ""One might expect to get a good weave like birds' nests.""]",1.0,1.0,1.94,0.87,96.1
a,cot_xl,Arabic,MID0304, اشوف الشيبانِ الْتَاكِ مَا شَافْ آفِكْراشْ الْوَاكِفْ.,An old dog is the best teacher.,An old dog is the best teacher.,False,An old dog's presence makes the teacher sleepy.,An old dog is the best teacher.,Watching old dogs makes a teacher's walk pleasant.,Looking at the old dog makes the teacher forget the standing position.,B,An old dog's presence makes the teacher sleepy.,Watching old dogs makes a teacher's walk pleasant.,Looking at the old dog makes the teacher forget the standing position.,"شوف الشيبانِ الْتَاكِ مَا شَافْ آفِكْراشْ الْوَاكِفْ means ""An old dog is the best teacher.""

Here are 3 plausible but wrong literal interpretations:

[""An old dog's presence makes the teacher sleepy."", ""Watching old dogs makes a teacher's walk pleasant."", ""Looking at the old dog makes the teacher forget the standing position.""]",1.0,1.0,1.33,0.82,94.6
a,cot_xl,Arabic,MID0305, ال أصبر يلحكو الظل,All things come to those who wait.,All things come to those who wait.,False,All things come to those who wait.,The one who wears the thickest clothing will be the one in the shade.,The one who climbs the tallest tree will be the one in the shade.,The one who stays in the house the longest will be the one in the shade.,A,The one who wears the thickest clothing will be the one in the shade.,The one who climbs the tallest tree will be the one in the shade.,The one who stays in the house the longest will be the one in the shade.,"[The one who waits the longest will be the one in the shade.]

[""The one who wears the thickest clothing will be the one in the shade."", 
""The one who climbs the tallest tree will be the one in the shade."", 
""The one who stays in the house the longest will be the one in the shade.""]",1.0,1.0,2.1,0.46,83.8
a,cot_xl,Arabic,MID0306, الدني ماجاهَ حواش,Do not spare anything in this life.,Do not spare anything in this life.,False,Do not spare anything in this life.,Don't eat this donkey food in the day,Spare nothing for these ashes,Don't feed the donkeys in this life,A,Don't feed the donkeys in this life,Spare nothing for these ashes,Don't eat this donkey food in the day,"""اللجواب ماجاهَ حواش"" translation: The answer lies in these patterns,  ""الدين ماجاهَ حواش"" translation: The religion lies in these patterns.

[""Don't feed the donkeys in this life"", ""Spare nothing for these ashes"", ""Don't eat this donkey food in the day""]",1.0,1.0,0.95,0.88,96.4
a,cot_xl,Arabic,MID0307, انكشحت بين امعاه لحشيشَ.,To break the ice.,To break the ice.,False,"{'reasoning': 'It could be interpreted as someone inserting hay between their testicles, which is a very uncomfortable and unpleasant sensation.'}",To break the ice.,"{'reasoning': 'The literal meaning of the words could be someone taking handfuls of hay (لحشيش) between their testicles (بين امعاه) - this is an absurd and violent action, which is the opposite of what the proverb means.'}","{'reasoning': 'The phrase might be describing someone who is taking handfuls of hay with their testicles, possibly in a humorous or sexual context, which is unrelated to the actual meaning.'}",B,"{'reasoning': 'The literal meaning of the words could be someone taking handfuls of hay (لحشيش) between their testicles (بين امعاه) - this is an absurd and violent action, which is the opposite of what the proverb means.'}","{'reasoning': 'It could be interpreted as someone inserting hay between their testicles, which is a very uncomfortable and unpleasant sensation.'}","{'reasoning': 'The phrase might be describing someone who is taking handfuls of hay with their testicles, possibly in a humorous or sexual context, which is unrelated to the actual meaning.'}","The proverb ""انكشحت بين امعاه لحشيش"" is a metaphorical expression that means ""To break the ice"" in English. Here are 3 plausible but wrong literal interpretations:

[{""reasoning"": ""The literal meaning of the words could be someone taking handfuls of hay (لحشيش) between their testicles (بين امعاه) - this is an absurd and violent action, which is the opposite of what the proverb means.""}, 
{""reasoni",1.0,1.0,7.25,0.76,92.8
a,cot_xl,Arabic,MID0308, ساعت التغژاژ ما ينعراو الدروص,Charity begins at home.,Charity begins at home.,False,Charity begins at home.,Charity is what grows in the garden of time,The clock of change is where the roots of kindness grow,The clock of transformation is where the roots are,A,The clock of transformation is where the roots are,Charity is what grows in the garden of time,The clock of change is where the roots of kindness grow,"""Since charity should start with the people you live with, it means that everyone in your household has to be kind to each other."" 
[""The clock of transformation is where the roots are"",""Charity is what grows in the garden of time"",""The clock of change is where the roots of kindness grow""]",1.0,1.0,2.42,0.68,90.4
a,cot_xl,Arabic,MID0309, يِمْشِ بِشُّورْ الْفَخْلاَكُ يِجْرِ.,Slow and steady wins the race.,Slow and steady wins the race.,False,A camel with slow-moving legs will win every desert race.,Slow and steady wins the race.,Slow walkers always beat fast runners in long-distance competitions.,"The slower the snail's pace, the faster it will deliver the mail.",B,A camel with slow-moving legs will win every desert race.,"The slower the snail's pace, the faster it will deliver the mail.",Slow walkers always beat fast runners in long-distance competitions.,"<reasoning>When we analyze this proverb, we see that it emphasizes the importance of being steady and consistent in one's actions. However, one might misinterpret the phrase ""يِمْشِ"" as referring to walking in the sense of physical movement, leading to incorrect literal readings.</reasoning>
[""A camel with slow-moving legs will win every desert race."", ""The slower the snail's pace, the faster it w",1.0,1.0,1.72,0.98,99.4
a,cot_xl,Arabic,MID0310,أحجار الشح يلتكتو فالرخا,Man needs money for the evil day.,Man needs money for the evil day.,False,evil day,The stones of greed come together at the bottom,Man needs money for the evil day.,the bottom,C,The stones of greed come together at the bottom,the bottom,evil day,"أحجار الشح يلتكتو فالرخا: 

* ""The stones of greed come together at the bottom"" (interpreting ""رخصا"" as ""the bottom"" instead of ""evil day"")
* ""The mountains of greed are crushed in the desert"" (interpreting ""شح"" as a type of mountain and ""رخصا"" as a desert)
* ""The rocks of greed stick together underwater"" (interpreting ""رخا"" as ""underwater"" instead of ""evil day"")",1.0,0.3333333333333333,0.62,0.92,77.6
a,cot_xl,Arabic,MID0311,أخديم الرجال سيدهم,He who serves leads.,He who serves leads.,False,{'reasoning': 'The phrase could be interpreted to mean that men should wear their leader as an accessory.'},"{'reasoning': ""The phrase could be interpreted to mean that men who are 'dheim' (a type of animal, in this context likely a donkey) are led by their leader.""}",He who serves leads.,"{'reasoning': ""The phrase could be interpreted to mean that men must take the 'si'ed' (a type of ancient coin) from their leader.""}",C,{'reasoning': 'The phrase could be interpreted to mean that men should wear their leader as an accessory.'},"{'reasoning': ""The phrase could be interpreted to mean that men must take the 'si'ed' (a type of ancient coin) from their leader.""}","{'reasoning': ""The phrase could be interpreted to mean that men who are 'dheim' (a type of animal, in this context likely a donkey) are led by their leader.""}","أخديم الرجال سيدهم translates to He who serves leads.
Here are three plausible but wrong literal interpretations:

[{""reasoning"": ""The phrase could be interpreted to mean that men should wear their leader as an accessory.""}, 
{""reasoning"": ""The phrase could be interpreted to mean that men must take the 'si'ed' (a type of ancient coin) from their leader.""}, 
{""reasoning"": ""The phrase could be inter",1.0,1.0,5.58,0.64,89.2
a,cot_xl,Arabic,MID0312,أخير الصكاطة صكاطة العلم,It is never too old to learn.,It is never too old to learn.,False,One should only learn during their last moments of life.,The validity of a document is guaranteed until the end of its lifespan.,It is never too old to learn.,A person should clear noise at the end of their learning.,C,A person should clear noise at the end of their learning.,The validity of a document is guaranteed until the end of its lifespan.,One should only learn during their last moments of life.,"(reasoning) Arabic proverb's word ""صكاطة"" can have multiple meanings, including noise or disturbance. Therefore, a wrong literal interpretation could be focusing on removing noise or disturbance in the end. 
(reasoning) Another possible misunderstanding is taking ""صكاطة"" as a noun related to a specific document, ""الصك"", and assuming the proverb is talking about the validity of the document at the ",1.0,1.0,1.62,0.85,95.5
a,cot_xl,Arabic,MID0313,إصَهْرَكْ هَمُّ الّ اصهْرُ اعْنادَكْ," While you want to build, others want to tear down."," While you want to build, others want to tear down.",False,wrong literal 1,wrong literal 2," While you want to build, others want to tear down.",wrong literal 3,C,wrong literal 1,wrong literal 2,wrong literal 3,"(reasoning)While trying to physically build or repair a person's damaged muscles, others may unintentionally make them worse through excessive exercise.
[""wrong literal 1"",""wrong literal 2"",""wrong literal 3""]",1.0,0.0,0.3,0.5,55.0
a,cot_xl,Arabic,MID0314,الدِّنيَ اسْلوفاتْ,What goes around comes around.,What goes around comes around.,False,Sloughing off refers to the act of intentionally removing unwanted materials from a den.,The den is a type of animal or object that sloughs off its skin.,The process of digging a den involves removing earthy layers.,What goes around comes around.,D,The den is a type of animal or object that sloughs off its skin.,The process of digging a den involves removing earthy layers.,Sloughing off refers to the act of intentionally removing unwanted materials from a den.,"""The den is sloughing off"" 

[""The den is a type of animal or object that sloughs off its skin."", ""The process of digging a den involves removing earthy layers."", ""Sloughing off refers to the act of intentionally removing unwanted materials from a den.""]",1.0,1.0,2.53,0.81,94.3
a,cot_xl,Arabic,MID0315,العيطة كبيرة و الميت فار,Too much ado about nothing.,Too much ado about nothing.,False," means gift, so ",Too much ado about nothing.," might refer to an old type of bread that is not very desirable. The phrase could be about a large amount of undesirable bread (wrong literal 2).
"," can be interpreted as giving gifts. The phrase could be about giving expensive gifts (wrong literal 1).
",B," can be interpreted as giving gifts. The phrase could be about giving expensive gifts (wrong literal 1).
"," might refer to an old type of bread that is not very desirable. The phrase could be about a large amount of undesirable bread (wrong literal 2).
"," means gift, so ","""عطي"" can be interpreted as giving gifts. The phrase could be about giving expensive gifts (wrong literal 1).
""عيطة"" might refer to an old type of bread that is not very desirable. The phrase could be about a large amount of undesirable bread (wrong literal 2).
""عطا"" means gift, so ""العطيّات"" could be interpreted as the gifted ones. The phrase could be about a group of special gifted people and a ",1.0,0.6666666666666666,3.13,0.93,87.9
a,cot_xl,Arabic,MID0316,العين الا تخطات حاجبها أخسر واجبها,Too much of a good thing is bad.,Too much of a good thing is bad.,False,"If you don't use an eyelid cover at night, you might lose your eyelids in sleep.",Eyelids will atrophy if you look at them too much.,"If you don't sleep with your eyes closed, you'll strain your eyelids.",Too much of a good thing is bad.,D,"If you don't sleep with your eyes closed, you'll strain your eyelids.","If you don't use an eyelid cover at night, you might lose your eyelids in sleep.",Eyelids will atrophy if you look at them too much.,"[The eye should not wander from its eyelid, for if it loses its eyelid, it loses its sight.]

[""If you don't sleep with your eyes closed, you'll strain your eyelids."", ""If you don't use an eyelid cover at night, you might lose your eyelids in sleep."", ""Eyelids will atrophy if you look at them too much.""]",1.0,1.0,1.58,0.84,95.2
a,cot_xl,Arabic,MID0317,اللي فات مات (ماتلا عليه التلفات),let bygones be bygones.,let bygones be bygones.,False,"{'reasoning': ""The phrase 'let bygones be bygones' may literally mean to ignore those who are already deceased."", 'wrong literal 1': 'ignore the dead'}",let bygones be bygones.,"{'reasoning': ""The phrase 'let bygones be bygones' may literally mean that everything that has passed has died."", 'wrong literal 3': 'everything that has passed is dead'}","{'reasoning': ""The phrase 'let bygones be bygones' may literally mean to stop mourning for the dead."", 'wrong literal 2': 'stop mourning the dead'}",B,"{'reasoning': ""The phrase 'let bygones be bygones' may literally mean to ignore those who are already deceased."", 'wrong literal 1': 'ignore the dead'}","{'reasoning': ""The phrase 'let bygones be bygones' may literally mean to stop mourning for the dead."", 'wrong literal 2': 'stop mourning the dead'}","{'reasoning': ""The phrase 'let bygones be bygones' may literally mean that everything that has passed has died."", 'wrong literal 3': 'everything that has passed is dead'}","""Let bygones be bygones"" is translated from the Arabic proverb اللي فات مات (ماتلا عليه التلفات).

Here are three plausible but wrong literal interpretations:

[{""reasoning"": ""The phrase 'let bygones be bygones' may literally mean to ignore those who are already deceased."", ""wrong literal 1"": ""ignore the dead""},
{""reasoning"": ""The phrase 'let bygones be bygones' may literally mean to stop mourning",1.0,1.0,6.0,0.54,86.2
a,cot_xl,Arabic,MID0318,الْمَاهُ وارِدْ امْعاكْ لا يْعَلَّكْلكْ.,People who don’t walk in your shoes can’t understand your journey.,People who don’t walk in your shoes can’t understand your journey.,False,Water enters your breast and does not boil you.,The moon enters your breast and does not burn you.,People who don’t walk in your shoes can’t understand your journey.,Wind enters your breast and does not freeze you.,C,Water enters your breast and does not boil you.,The moon enters your breast and does not burn you.,Wind enters your breast and does not freeze you.,"<reasoning>The proverb uses metaphorical language where ""walking in your shoes"" represents experiencing and understanding someone else's struggles or life. 

الْمَاهُ وارِدْ امْعاكْ لا يَعْلَلَّكْلكْ. can be literally interpreted as: 'Water enters your breast and does not boil you.' This interpretation doesn't make sense in the context of the proverb.

Another possible interpretation is ""The moon ",1.0,1.0,0.85,0.4,82.0
a,cot_xl,Arabic,MID0319,حَمْلْ اجماعً ريشْ,A burden shared is a burden halved.,A burden shared is a burden halved.,False,{'reasoning': 'حامِل أجماعاً ريش في هذا الخبر تعني أن الحامل يضيف أجنحة إلى طيور المجموعة.'},A burden shared is a burden halved.,{'reasoning': 'يحمل الجميع ريشاً لطرف من أفراد المجموعة.'},{'reasoning': 'حمل اجماعاً ريش يعني أن الأفراد يجمعون أجنحة الطيور وتعني بالتالي حمل الأجنحة.'},B,{'reasoning': 'حامِل أجماعاً ريش في هذا الخبر تعني أن الحامل يضيف أجنحة إلى طيور المجموعة.'},{'reasoning': 'يحمل الجميع ريشاً لطرف من أفراد المجموعة.'},{'reasoning': 'حمل اجماعاً ريش يعني أن الأفراد يجمعون أجنحة الطيور وتعني بالتالي حمل الأجنحة.'},"The proverb حَمْلْ اجماعً ريشْ can be interpreted in several incorrect ways. Here are 3 plausible but wrong literal interpretations:

[{""reasoning"": ""حامِل أجماعاً ريش في هذا الخبر تعني أن الحامل يضيف أجنحة إلى طيور المجموعة.""}, {""reasoning"": ""يحمل الجميع ريشاً لطرف من أفراد المجموعة.""}, {""reasoning"": ""حمل اجماعاً ريش يعني أن الأفراد يجمعون أجنحة الطيور وتعني بالتالي حمل الأجنحة.""}]",1.0,1.0,1.76,0.9,97.0
a,cot_xl,Arabic,MID0320,دِرْهَمْ في الكف أُلاميَّ في اتْلَفْ,Better an egg today than a hen tomorrow.,Better an egg today than a hen tomorrow.,False,Better an egg today than a hen tomorrow.,I will put my pain/affliction in someone's left hand.,The pain/affliction in my hand is from someone called Atlaaf.,I will put a Dirham coin in my hand and rub it for blessings.,A,I will put a Dirham coin in my hand and rub it for blessings.,I will put my pain/affliction in someone's left hand.,The pain/affliction in my hand is from someone called Atlaaf.,"<reasoning>The proverb's meaning is metaphorical, comparing the present benefit (an egg) to the potential future benefit (a hen that may produce more eggs). However, literal interpretations might focus on the physical objects or actions mentioned in the proverb.</reasoning>[""I will put a Dirham coin in my hand and rub it for blessings."", ""I will put my pain/affliction in someone's left hand."", ""Th",1.0,1.0,1.38,0.8,94.0
a,cot_xl,Arabic,MID0321,كل استاخيرة فيها خيرة,Good things come to those who wait.,Good things come to those who wait.,False,Good things come to those who wait.,The last in line gets a treasure,The last thing has treasure,The last thing you do is a treasure,A,The last thing has treasure,The last thing you do is a treasure,The last in line gets a treasure,"""كل استاخيرة فيها خيرة"" could mean ""every last thing has a treasure"" which is a wrong literal interpretation because it misses the implication of waiting.

""كل استاخيرة فيها خيرة"" could mean ""the last thing you do is always a treasure"" which is a wrong literal interpretation because it implies that the ""good things"" only come at the end, rather than being a reward for patience.

""كل استاخيرة فيها ",1.0,1.0,0.95,0.62,88.6
a,cot_xl,Arabic,MID0322,كل بخنوس افعين امو اغزال,"Beauty is in the eye of the beholder.
","Beauty is in the eye of the beholder.
",False,"Beauty is in the eye of the beholder.
",The beholder must be standing with one leg behind the knee to appreciate beauty.,One's beauty is determined by the size of their beholder's knee.,Beauty is lost when you sit behind the knee of a beholder.,A,One's beauty is determined by the size of their beholder's knee.,Beauty is lost when you sit behind the knee of a beholder.,The beholder must be standing with one leg behind the knee to appreciate beauty.,"<reasoning> 
This proverb is about the subjective nature of beauty and how it varies from person to person. It is often used to convey that beauty is not absolute and can be perceived differently by different people. It is a metaphorical expression and should not be taken literally. For example, it does not suggest that a beholder has an actual eye on their knee, which is the literal translation o",1.0,1.0,1.54,0.87,96.1
a,cot_xl,Arabic,MID0323,كل ديقة وراها صحبة ,After a storm comes a calm.,After a storm comes a calm.,False,A storm is like a strong woman who is followed by a group of people.,After a storm comes a calm.,"There is a storm that is a strong woman, and after her comes a group of people.",A group of people always follow a storm that is a strong woman.,B,A storm is like a strong woman who is followed by a group of people.,A group of people always follow a storm that is a strong woman.,"There is a storm that is a strong woman, and after her comes a group of people.","كل ديقة وراها صحبة 
After a storm comes a calm.

A storm is like a strong woman, and after her, there is a group of people.

[""A storm is like a strong woman who is followed by a group of people."", ""A group of people always follow a storm that is a strong woman."", ""There is a storm that is a strong woman, and after her comes a group of people.""]",1.0,1.0,2.5,0.63,88.9
a,cot_xl,Arabic,MID0324,لحديد يبتط الا حامي,strike while the iron is hot.,strike while the iron is hot.,False,wrong 2,strike while the iron is hot.,wrong 1,wrong 3,B,wrong 1,wrong 2,wrong 3,"""when the iron is in the middle of the road, it's easy to lift"" 
[""wrong 1"", ""wrong 2"", ""wrong 3""]
 
The proverb's original context is about taking advantage of a favorable situation, but one could mistakenly interpret the metal being ""in the middle of the road"" implying it's an obstacle and thus the action is about moving it out of the way.",1.0,0.0,0.33,0.67,60.1
a,cot_xl,Arabic,MID0325, العين الا تخطات حاجبها أخسر واجبها,"Abundance, like want, ruins many.","Abundance, like want, ruins many.",False,"Abundance, like want, ruins many.",The excess of water will destroy the dam that contains it,"If the person does not look away, they will lose their eyebrows","If the eye does not blink, it will damage its eyelid",A,"If the eye does not blink, it will damage its eyelid",The excess of water will destroy the dam that contains it,"If the person does not look away, they will lose their eyebrows","The proverb warns against the dangers of abundance and how it can lead to loss, much like want or scarcity. Here are 3 plausible but WRONG literal interpretations:

[""If the eye does not blink, it will damage its eyelid"", ""The excess of water will destroy the dam that contains it"", ""If the person does not look away, they will lose their eyebrows""]",1.0,1.0,2.27,0.82,94.6
a,cot_xl,Arabic,MID0326, أَجَت الحَزِينة تِفرَح ما لاَقَتَش لهَا مِطرَح.,Born to suffer.,Born to suffer.,False,She brought forth tears on a stage of joy.,Born to suffer.,A platform that was brought forth brought her happiness.,She brought forth a joyful platform.,B,She brought forth a joyful platform.,A platform that was brought forth brought her happiness.,She brought forth tears on a stage of joy.,"<reasoning>In Arabic, أَجَت (Ajat) can also mean 'she brought' or 'she brought forth', rather than just 'born to'. تِفرَح (Tafarih) can be a verb meaning 'to be joyful' or 'to be happy', but here it can also take the nuance of 'to rejoice upon' or 'to find pleasure in'. مِطرَح (Mitrah) typically means 'a platform' or 'a stage', but in this context, it can be misinterpreted as a place of encounter ",1.0,1.0,2.67,0.72,91.6
a,cot_xl,Arabic,MID0327, أَكَل العِنَب وأعطَانَا الحُصرُم,He took the lion's share,He took the lion's share,False,Eating grapes in the desert would have given us figs anyway,He ate grapes and gave us figs,He took the lion's share,Grapes were eaten and somehow our neighbor's fig trees started producing more,C,He ate grapes and gave us figs,Eating grapes in the desert would have given us figs anyway,Grapes were eaten and somehow our neighbor's fig trees started producing more,"<reasoning>Arabic proverb ""أَكَل العِنَب وأعطَانَا الحُصرُم"" literally means eating grapes and giving us figs. It would be a confusing phrase if interpreted literally, as grapes and figs are two different types of fruits with no connection to sharing or taking advantage.</reasoning>
[""He ate grapes and gave us figs"", ""Eating grapes in the desert would have given us figs anyway"", ""Grapes were eaten",1.0,1.0,2.0,0.88,96.4
a,cot_xl,Arabic,MID0328, اذا لَم تَكُن فَارِسًا كُنتَ الفَرِيسَة,Strike the first blow. / DO OR DIE.,Strike the first blow. / DO OR DIE.,False,"If you're not a king, then you'll be the queen of the palace guards.","If you're not a horse rider, then you're the one who takes care of the horses.",Strike the first blow. / DO OR DIE.,"If you're not the one who harvests the crops, then you'll be the one who carries the grain sacks.",C,"If you're not a horse rider, then you're the one who takes care of the horses.","If you're not a king, then you'll be the queen of the palace guards.","If you're not the one who harvests the crops, then you'll be the one who carries the grain sacks.","Reasoning arabic proverb: The phrase seems to be saying that if you're not a man, then you would be a woman who makes men weep - implying that if you're not the one to make the first move or strike, you'd be the one who gets hurt, thus encouraging bold action. 

[""If you're not a horse rider, then you're the one who takes care of the horses."", ""If you're not a king, then you'll be the queen of the",1.0,1.0,2.04,0.66,89.8
a,cot_xl,Arabic,MID0329, اِطعَم الفَم تِستَحي العَين,"A bribe works miracles. / A dog will not cry if you beat him with a bone.
","A bribe works miracles. / A dog will not cry if you beat him with a bone.
",False,Nourishing your mouth will prevent your eyes from getting tired,"A bribe works miracles. / A dog will not cry if you beat him with a bone.
",Satisfying a mouth will make a woman feel shy in your presence,Feeding a mouth will make your eye stop watering,B,Feeding a mouth will make your eye stop watering,Satisfying a mouth will make a woman feel shy in your presence,Nourishing your mouth will prevent your eyes from getting tired,"""إطعام الفم تستحي العين"" 
[
  ""Feeding a mouth will make your eye stop watering"",
  ""Satisfying a mouth will make a woman feel shy in your presence"",
  ""Nourishing your mouth will prevent your eyes from getting tired""
]",1.0,1.0,0.61,0.76,92.8
a,cot_xl,Arabic,MID0330, الاخرة الك يا فاخرة,He laughs best who laughs last.,He laughs best who laughs last.,False,The afterlife has an expensive fee,The afterlife is a type of high-end clothing,He laughs best who laughs last.,The afterlife is a type of luxury car,C,The afterlife has an expensive fee,The afterlife is a type of luxury car,The afterlife is a type of high-end clothing,"[الاخرة الك يا فاخرة] means the afterlife is for the noble.
[""The afterlife has an expensive fee"", ""The afterlife is a type of luxury car"", ""The afterlife is a type of high-end clothing""]",1.0,1.0,1.22,0.69,90.7
a,cot_xl,Arabic,MID0331, الجَمَل لو شَاف عوَجَة رقبته ما انعَوَج عن الناس,The pot calling the kettle black.,The pot calling the kettle black.,False,,,,,,,,,"""إن كانت الجمل تمتلك القدرة على الشفاء من العوَج، فإنه لو شاف عوجة رقبته، لم يعد ينعج عن الناس.
""لقد تم إحضار جمال ضخم من خارج المدينة، ولو شاف عوجة رقبته، ما كان يعتاد على أن تكون عوجة.
""لقد اكتشفت أسباباً جديدة لتلوين رؤوس الجمل، ولو شاف عوجة رقبته، ما كان يشعر بالحيرة.",0.0,0.0,0.0,0.0,0.0
a,cot_xl,Arabic,MID0332," الحال من بَعضُه
",We're all in the same boat.,We're all in the same boat.,False,The situation is getting better slowly,This crisis has some advantages,We're all in the same boat.,You're only in it for the good parts,C,You're only in it for the good parts,This crisis has some advantages,The situation is getting better slowly,"The proverb ""الحال من بَعضُه"" literally translates to ""the situation is from some of it.""

Here are three plausible but wrong literal interpretations:

[""You're only in it for the good parts"", ""This crisis has some advantages"", ""The situation is getting better slowly""]",1.0,1.0,1.06,0.97,99.1
a,cot_xl,Arabic,MID0333, الحِدَايِة ما بتِرمي كتَاكِيت,There's no such thing as a free lunch.,There's no such thing as a free lunch.,False,الحِدَايِة ما بتِرمي كتَاكِيت,There's no such thing as a free lunch.," wrong literal 2,","wrong literal 1,",B,الحِدَايِة ما بتِرمي كتَاكِيت,"wrong literal 1,"," wrong literal 2,","The proverb ""الحِدَايِة ما بتِرمي كتَاكِيت"" suggests that a gift horse can't be looked in the mouth.

Here are 3 plausible but WRONG literal interpretations:

[""wrong literal 1,"" a gift horse is too small to throw,"" wrong literal 2,"" the horse is too lazy to run,"" wrong literal 3,"" the horse has too many teeth for a small mouth""]",1.0,0.0,0.42,0.83,64.9
a,cot_xl,Arabic,MID0334, الخُنِفسَانِة شَافَت ابنَها على الحِيط قالت: يسلَم لِي بَيَاضَك على سَوادِ الحيط.,Beauty is in the eye of the beholder.,Beauty is in the eye of the beholder.,False,The color of the beholder's eyes changes the color of the shirt,A white shirt will be given to me in exchange for a black rock,Beauty is in the eye of the beholder.,Beauty is in the patches of a needlewoman's cloth,C,A white shirt will be given to me in exchange for a black rock,The color of the beholder's eyes changes the color of the shirt,Beauty is in the patches of a needlewoman's cloth,"""Beauty lies in the hands of a skilled tailor."" الخُنِفسَانِة شَافَت ابنَها على الحِيط قالت: يسلَم لِي بَيَاضَك على سَوادِ الحيط.
[""A white shirt will be given to me in exchange for a black rock"", ""The color of the beholder's eyes changes the color of the shirt"", ""Beauty is in the patches of a needlewoman's cloth""]",1.0,1.0,1.46,0.9,97.0
a,cot_xl,Arabic,MID0335,عادة بتغير عادة," Out with the old, in with the new."," Out with the old, in with the new.",False,,,,,,,,,"في الحقيقة بتغير المنزل
In reality, the house is changed

في البداية بتغير عادة
Initially, the habit changes

أو تريد عادة بتغير الساعة
Or do you want the habit to change the clock",0.0,0.0,0.0,0.0,0.0
a,cot_xl,Arabic,MID0336, بتعَايرُوا والعَار فِيكُو,People in glass houses should not throw stones.,People in glass houses should not throw stones.,False,People in glass houses should not throw stones.,you should build houses with many windows to reflect shame,"people in houses with windows should be careful with their belongings, they might get stolen",people with housemates should be ashamed if one of them has a bad smell,A,you should build houses with many windows to reflect shame,people with housemates should be ashamed if one of them has a bad smell,"people in houses with windows should be careful with their belongings, they might get stolen","<bearing windows in your house and the shame in it is in you</b> [""you should build houses with many windows to reflect shame"", ""people with housemates should be ashamed if one of them has a bad smell"", ""people in houses with windows should be careful with their belongings, they might get stolen""]",1.0,1.0,1.62,0.85,95.5
a,cot_xl,Arabic,MID0337, بَدَّلُوا غُزلانها بِقروُدها,A falling master makes a standing servant.,A falling master makes a standing servant.,False,A falling master makes a standing servant.,"They changed their soft, delicate gazelles for coarse, rough ones.",They replaced their pet gazelles with muddy ones.,The owners of gazelles traded their animals for grain.,A,They replaced their pet gazelles with muddy ones.,The owners of gazelles traded their animals for grain.,"They changed their soft, delicate gazelles for coarse, rough ones.","""Because this proverb is about master and servant relationships, the interpretation could be focused on change in social status rather than actions or skills."" 
بَدَّلُوا غُزلانها بِقروُدها
[""They replaced their pet gazelles with muddy ones."", ""The owners of gazelles traded their animals for grain."", ""They changed their soft, delicate gazelles for coarse, rough ones.""]",1.0,1.0,1.29,0.8,94.0
a,cot_xl,Arabic,MID0338, بعد ما انقرصت احترصت.,A burnt child dreads the fire.,A burnt child dreads the fire.,False,"after she cracks open a walnut, she starts to crack her knuckles","after the crack in the wall, it starts to crackle with static","after a car accident, the child cracks his head on the ground",A burnt child dreads the fire.,D,"after a car accident, the child cracks his head on the ground","after the crack in the wall, it starts to crackle with static","after she cracks open a walnut, she starts to crack her knuckles","""after the crack, I will crack""
[""after a car accident, the child cracks his head on the ground"", ""after the crack in the wall, it starts to crackle with static"", ""after she cracks open a walnut, she starts to crack her knuckles""]",1.0,1.0,2.0,0.84,95.2
a,cot_xl,Arabic,MID0339, بعَسَلكِي يَا نَحلَة وَلا تُقُرصِيِني,Neither fish nor fowl.,Neither fish nor fowl.,False,Neither fish nor fowl.,You'll ride a donkey and don't spin me,Neither a bird nor a tree,You'll be a snake and don't wrap me,A,You'll ride a donkey and don't spin me,Neither a bird nor a tree,You'll be a snake and don't wrap me,"""Because the proverb compares the speaker to something that is neither a fish nor fowl, I thought it might be about the taste of a type of exotic dish."" 
[""You'll ride a donkey and don't spin me"", ""Neither a bird nor a tree"", ""You'll be a snake and don't wrap me""]",1.0,1.0,1.83,0.79,93.7
a,cot_xl,Arabic,MID0340, بيَاكُل ما بيشبَع وبيخَرفُوه ما بيِسمَع.,A hungry stomach has no ears.,A hungry stomach has no ears.,False,A hungry tree has no roots.,A hungry dog has no feet.,A hungry stomach has no ears.,A hungry man can't see.,C,A hungry dog has no feet.,A hungry man can't see.,A hungry tree has no roots.,"بيَاكُل ما بيَشربُ وبيخَرفُوه ما بيسمَع، translations is actually ""A thirsty belly has no ears"", not ""A hungry stomach has no ears"" since ""بيَاكُل"" literally means ""a eating/belly"" and ""ما بيَشربُ"" means ""not it drinks/thirsty"". 

Here are 3 plausible but wrong literal interpretations:

[""A hungry dog has no feet."", ""A hungry man can't see."", ""A hungry tree has no roots."" ]",1.0,1.0,0.94,0.69,90.7
a,cot_xl,Arabic,MID0341, بِيت الاَسَد ما بِيخلَي مِن العظَام,A leopard can't change its spots.,A leopard can't change its spots.,False,The leopard's house has no walls to protect it from the great beast.,A leopard cannot afford to buy new fur due to its expensive spots.,Leopards cannot change their teeth because they are already made of spots.,A leopard can't change its spots.,D,The leopard's house has no walls to protect it from the great beast.,A leopard cannot afford to buy new fur due to its expensive spots.,Leopards cannot change their teeth because they are already made of spots.,"[""The leopard's house has no walls to protect it from the great beast."", ""A leopard cannot afford to buy new fur due to its expensive spots."", ""Leopards cannot change their teeth because they are already made of spots.""]",1.0,1.0,2.11,0.96,98.8
a,cot_xl,Arabic,MID0342, بيتيجي عَلَى أهوَن الاَسبَاب,"When the going gets tough, the tough get going.","When the going gets tough, the tough get going.",False,,,,,,,,,"[When going home, the easier paths are preferred for shorter distances. 
When going home, one prefers the lighter loads.
A man will build his house on easier terrain.]",0.0,0.0,0.0,0.0,0.0
a,cot_xl,Arabic,MID0343, بِيشتَري سَمَك في بَحَر ,Buy a pig in a poke.,Buy a pig in a poke.,False,A farmer purchases a bag of animal feed that he thinks is pig food but might be for a different animal.,A sailor buys a pig to eat on his ship.,Buy a pig in a poke.,You are hiring a fisherman to buy fish.,C,You are hiring a fisherman to buy fish.,A sailor buys a pig to eat on his ship.,A farmer purchases a bag of animal feed that he thinks is pig food but might be for a different animal.,"""Buying a pig in a poke"" is not buying a pig from a hole or bag, but rather buying something (in this case, a pig) when the buyer cannot see it. 

[""You are hiring a fisherman to buy fish."", ""A sailor buys a pig to eat on his ship."",""A farmer purchases a bag of animal feed that he thinks is pig food but might be for a different animal.""]",1.0,1.0,2.17,0.92,97.6
a,cot_xl,Arabic,MID0344,"""نفس الرجال بحيي الرجال"" ","United we stand, divided we fall.","United we stand, divided we fall.",False,A woman can live like a man,"United we stand, divided we fall.",The act of living as a person is a masculine trait,"If one person lives among men, they will live",B,A woman can live like a man,"If one person lives among men, they will live",The act of living as a person is a masculine trait,"""نفس الرجال بحيي الرجال"" can be broken down as follows: ""نفس"" means ""one (person)"", ""رجال"" means ""men"" (as in masculine people in general), ""بحي"" is a verb conjugation ""to live"" in the sense of being alive or surviving, and ""رجال"" again means ""men"".

With these components, here are 3 plausible but wrong literal interpretations:

[""A woman can live like a man"", ""If one person lives among men, they ",1.0,1.0,1.5,0.94,98.2
a,cot_xl,Arabic,MID0345,“إيد على إيد، ابترمي لبعيد”,Union is strength.,Union is strength.,False,Throwing far away a piece of bread in the hand of another person,Union is strength.,Removing an available faraway bird from another hand,Cutting the hands of a faraway person with an available hand,B,Cutting the hands of a faraway person with an available hand,Throwing far away a piece of bread in the hand of another person,Removing an available faraway bird from another hand,"""إيد على إيد، ابترمي لبعيد"" means ""Union is strength."" Here are three plausible but wrong literal interpretations:

[""Cutting the hands of a faraway person with an available hand"", ""Throwing far away a piece of bread in the hand of another person"", ""Removing an available faraway bird from another hand""]",1.0,1.0,3.56,0.78,93.4
a,cot_xl,Arabic,MID0346,“الكُثْرَة ابتغلب الشجاعة” ,There is safety in numbers.,There is safety in numbers.,False,"The more numerous the people, the more they will try to intimidate you into being brave.","If you're a coward, the more people you're with, the more likely you will find courage.","In a group of many people, physical strength becomes more important than bravery.",There is safety in numbers.,D,"If you're a coward, the more people you're with, the more likely you will find courage.","The more numerous the people, the more they will try to intimidate you into being brave.","In a group of many people, physical strength becomes more important than bravery.","Reasoning: Proverbs often have idiomatic expressions that require understanding the context and nuance behind the words. A wrong literal interpretation would take the phrase at face value without considering the idiomatic meaning.

[
  ""If you're a coward, the more people you're with, the more likely you will find courage."",
  ""The more numerous the people, the more they will try to intimidate you",1.0,1.0,3.0,0.88,96.4
a,cot_xl,Arabic,MID0347,"”أربعة شالوا الجمل؛ والجمل ما شالهم"".", Many hands make light work. , Many hands make light work. ,False,Four camels and some other animals helped to carry more camels.,Four animals assisted in lifting four camels.,Four camels were lifted by a group of other animals., Many hands make light work. ,D,Four camels and some other animals helped to carry more camels.,Four camels were lifted by a group of other animals.,Four animals assisted in lifting four camels.,"<reasoning>Because this proverb is in Arabic, it can be read in a variety of ways. The phrase ""أربعة"" actually translates to 4, which does not specify that the hands are necessarily human. Additionally, ""شالوا"" is in the third-person plural form, but the verb conjugation does not rule out the possibility of the subject being an animal. The word ""جمل"" can be interpreted as a plural form of camel, r",1.0,1.0,1.87,0.85,95.5
a,cot_xl,Arabic,MID0348,”إن اطعمت اشبع؛ وإن ظربت أوجِع”,Go big or go home.,Go big or go home.,False,وإن ظربت أوجِع,if you feed (a bird) it will eat;,إن اطعمت اشبع,Go big or go home.,D,إن اطعمت اشبع,if you feed (a bird) it will eat;,وإن ظربت أوجِع,"""إن اطعمت اشبع"" translates to ""if you feed (a bird) it will eat;"" 
""وإن ظربت أوجِع"" translates to ""and if you hunt, you will be injured.""

The original proverb is cautioning against overreach, but two plausible wrong interpretations could be:

[]",1.0,0.3333333333333333,0.93,1.0,80.0
a,cot_xl,Arabic,MID0349,”إيد على إيد بتعين”. , In unity there is strength., In unity there is strength.,False, In unity there is strength.,"If you have an arm on a hand, you will need both",Having an arm on top of the other arm is a sign of illness,Using one arm for one hand is not good,A,"If you have an arm on a hand, you will need both",Using one arm for one hand is not good,Having an arm on top of the other arm is a sign of illness,"""إيد على إيد بتعين"" literally translates to ""An arm on an arm means helping"".

Here are 3 plausible but incorrect literal interpretations:

[""If you have an arm on a hand, you will need both"",  ""Using one arm for one hand is not good"", ""Having an arm on top of the other arm is a sign of illness""]",1.0,1.0,2.33,0.87,96.1
a,cot_xl,Arabic,MID0350,”اظعيفين قتلوا قوي”.,Together we are stronger. ,Together we are stronger. ,False,Together we are stronger. ,the weak men killed a strong one,the two weak men were killed by a strong one,weak men killed the weak one as a strong one,A,weak men killed the weak one as a strong one,the two weak men were killed by a strong one,the weak men killed a strong one,"""اظعيفين قتلوا قوي"" can be broken down into ""ضعيفين"" (two weak ones), ""قتلوا"" (killed), and ""قوي"" (strong). 

""ضعيفين"": The word ""ضعيفين"" is in the accusative form. In Arabic, the accusative form is used for the object of a sentence. 
""قتلوا"": The verb ""قتلوا"" is in the third person masculine plural form, which indicates the subject performed the action.
""قوي"": The word ""قوي"" can be interpreted as",1.0,1.0,2.25,0.26,77.8
a,cot_xl,Arabic,MID0351,”البركة في الكُثْرَة., Strength in numbers., Strength in numbers.,False,A blessing is hidden in every forgotten item in storage,Blessings multiply in the presence of excessive clutter,There are blessings in the abundance of unused items in a room, Strength in numbers.,D,There are blessings in the abundance of unused items in a room,Blessings multiply in the presence of excessive clutter,A blessing is hidden in every forgotten item in storage,"""Because abundance means blessing; therefore, the blessing is in the number of things in a location that are not being used."" 
[""There are blessings in the abundance of unused items in a room"", ""Blessings multiply in the presence of excessive clutter"", ""A blessing is hidden in every forgotten item in storage""]",1.0,1.0,3.33,0.85,95.5
a,cot_xl,Arabic,MID0352,"”الدم ما بصير مَيِّة"".",Blood is thicker than water.,Blood is thicker than water.,False,A color of blood is more visible than a color of water.,Blood can see better than water.,Blood is thicker than water., التي تعني ,C, التي تعني ,A color of blood is more visible than a color of water.,Blood can see better than water.,"[Reasoning: في اللغة العربية، يمكن قراءة الجملة بشكل حرفي، ولكنها لا تعمل بشكل محايد. الجملة تحتوي على كلمة ""بصير"" التي تعني ""يشير"" أو ""يرى"".]

[""A color of blood is more visible than a color of water."", ""Blood can see better than water."", ""There is a type of blood called Mayyita which is more visible than water.""]",1.0,0.6666666666666666,1.33,0.92,87.6
a,cot_xl,Arabic,MID0353,أذكُر الكَلب وحَضِّر لَه العَصاة,Speak of the devil.,Speak of the devil.,False,,,,,,,,,"[reasoning]The proverb is warning about mentioning a specific individual (kلب, 'dog'), but it's better to prepare the stick (عصاة) in advance for a potential future scenario rather than speaking about the individual itself.[/reasoning]
[""wrong 1"", ""wrong 2"", ""wrong 3""]",0.0,0.0,0.0,0.0,0.0
a,cot_xl,Arabic,MID0354,أشهر من نار على علم,Well-known like wildfire.,Well-known like wildfire.,False,wrong literal 1,Well-known like wildfire.,wrong literal 2,wrong literal 3,B,wrong literal 1,wrong literal 2,wrong literal 3,"In the same language (Arabic), this proverb is likely cautioning against overestimating or becoming too proud of one's own knowledge, as it's as short-lived as wildfire. 

A wildfire is not something that you can easily control or contain. Therefore, this proverb may also suggest something else that burns quickly and out of control. 

[""wrong literal 1"", ""wrong literal 2"", ""wrong literal 3""]
 
 [""",1.0,0.0,1.0,0.5,55.0
a,cot_xl,Arabic,MID0355,إسال مجرب ولا تسأل طبيب.,Experience is the best teacher.,Experience is the best teacher.,False,urinate on a tested person,don't ask a doctor if you have tried excrement,"Experience teaches the incompetent, and one doesn't ask physicians for their incompetence.",Experience is the best teacher.,D,"Experience teaches the incompetent, and one doesn't ask physicians for their incompetence.",urinate on a tested person,don't ask a doctor if you have tried excrement,"""Experience teaches the incompetent, and one doesn't ask physicians for their incompetence."" [""urinate on a tested person"", ""don't ask a doctor if you have tried excrement""]",1.0,1.0,1.73,0.96,98.8
a,cot_xl,Arabic,MID0356,إصرف ما في الجيب يأتيك ما في الغيب.,Spend money to make money.,Spend money to make money.,False,Spend what's in your pants pocket to get the information hidden in the universe.,Spend what's in your jeans pocket to receive visions from your stomach.,Spend money to make money.,Spend the coins in your waistcoat pocket to receive what's in the unknown.,C,Spend what's in your jeans pocket to receive visions from your stomach.,Spend the coins in your waistcoat pocket to receive what's in the unknown.,Spend what's in your pants pocket to get the information hidden in the universe.,"إصرف ما في الجيب يأتيك ما في الغيب translates to 'Spend money to make money.'

Here are three plausible but wrong literal interpretations of the proverb:

[ ""Spend what's in your jeans pocket to receive visions from your stomach."" , ""Spend the coins in your waistcoat pocket to receive what's in the unknown."" , ""Spend what's in your pants pocket to get the information hidden in the universe."" ]",1.0,1.0,2.6,0.58,87.4
a,cot_xl,Arabic,MID0357,إقرع ونزَهي.,A beggar with a Havana.,A beggar with a Havana.,False,,,,,,,,,"[ إقرع ونزَهي. - Someone who rings the doorbell but runs away when answered. ]
[ إقرع ونزَهي. - A beggar in a place where people do not smoke, such as a non-smoking area. ]
[ إقرع ونزَهي. - Someone who asks for money but then uses it to buy cheap items. ]",0.0,0.0,0.0,0.0,0.0
a,cot_xl,Arabic,MID0358,الصديق وقت الضيق.,A friend in need is a friend indeed.,A friend in need is a friend indeed.,False,A friend of the narrow alley.,A friend who can enter a tight space.,A friend during dawn hours.,A friend in need is a friend indeed.,D,A friend during dawn hours.,A friend who can enter a tight space.,A friend of the narrow alley.,"<reasoning>The proverb's structure ""الصديق وقت الضيق"" can be broken down into ""الصديق"" meaning friend, ""وقت"" meaning time, and ""الضيق"" meaning the narrow or tight place. It's possible to misinterpret the word ""وقت"" (time) to relate more to time of day rather than a time of need, and ""ضيق"" (narrow) to a physical place rather than a period of difficulty.</reasoning>

[""A friend during dawn hours."", ",1.0,1.0,0.79,0.8,94.0
a,cot_xl,Arabic,MID0359,الغرقان بيتعلق بقشة.,Any port in a storm.,Any port in a storm.,False,"{'reasoning': ""The word 'بقشة' sounds identical to 'بقطعة شيشة', which means 'with a piece of glass'. So, a possible misinterpretation is that the proverb means 'one is saved with a piece of glass'."", 'wrong literal 3': 'One is saved with a piece of glass.'}","{'reasoning': ""The word 'الغرّكان' is similar to 'الغربان', which means 'vultures'. So, a possible misinterpretation is that the proverb means 'vultures are attracted to a piece of cloth'."", 'wrong literal 1': 'Vultures are attracted to a piece of cloth.'}",Any port in a storm.,"{'reasoning': ""The word 'بيتعلق' sounds similar to 'بتعقد', which means 'to be connected'. A possible misinterpretation is that the proverb means 'a rope is tied to a piece of cloth'."", 'wrong literal 2': 'A rope is tied to a piece of cloth.'}",C,"{'reasoning': ""The word 'الغرّكان' is similar to 'الغربان', which means 'vultures'. So, a possible misinterpretation is that the proverb means 'vultures are attracted to a piece of cloth'."", 'wrong literal 1': 'Vultures are attracted to a piece of cloth.'}","{'reasoning': ""The word 'بيتعلق' sounds similar to 'بتعقد', which means 'to be connected'. A possible misinterpretation is that the proverb means 'a rope is tied to a piece of cloth'."", 'wrong literal 2': 'A rope is tied to a piece of cloth.'}","{'reasoning': ""The word 'بقشة' sounds identical to 'بقطعة شيشة', which means 'with a piece of glass'. So, a possible misinterpretation is that the proverb means 'one is saved with a piece of glass'."", 'wrong literal 3': 'One is saved with a piece of glass.'}","In Arabic, the proverb ""الغرّكان بيتعلق بقشة"" can be misinterpreted in several ways. Here are three plausible but wrong literal interpretations:

[{""reasoning"": ""The word 'الغرّكان' is similar to 'الغربان', which means 'vultures'. So, a possible misinterpretation is that the proverb means 'vultures are attracted to a piece of cloth'."",""wrong literal 1"": ""Vultures are attracted to a piece of cloth.",1.0,1.0,8.33,0.54,86.2
a,cot_xl,Arabic,MID0360,بيعمل من الحبة قبة.,make a mountain out of a molehill.,make a mountain out of a molehill.,False,make a mountain out of a molehill.,wrong literal 3,wrong literal 1,wrong literal 2,A,wrong literal 1,wrong literal 2,wrong literal 3,"Here's a possible incorrect reasoning and three plausible but wrong literal interpretations:

يعني هذه القصة أن شخصًا يصنع قبة من حبة فلفس (wrong literal 1)
يعني إن هذا الشخص لديه قدرة خارقة على صنع القباب من كل الأشياء الصغيرة (wrong literal 2)
يعني إن هذا الشخص يضيف مواد بناء إلى حبة حتى يصبح لديه قبة (wrong literal 3)

[""wrong literal 1"", ""wrong literal 2"", ""wrong literal 3""]",1.0,0.0,0.43,0.5,55.0
a,cot_xl,Arabic,MID0361,دوام الحال من المحال,Nothing lasts forever.,Nothing lasts forever.,False,Nothing lasts forever.,reaching home is the goal,you will arrive at home,home delivery arrives,A,you will arrive at home,home delivery arrives,reaching home is the goal,"""وصل الحال إلى المنزل""
[""you will arrive at home"",""home delivery arrives"",""reaching home is the goal""]",1.0,0.6666666666666666,1.44,0.87,86.1
a,cot_xl,Arabic,MID0362,وجع ساعة ولا كل ساعة,Better a moment of pain than a lifetime of suffering.,Better a moment of pain than a lifetime of suffering.,False,The most painful part of a meal is only an hour long.,A person should always eat for an hour and not for more than an hour.,One should only stomach food that hurts for one hour at a time.,Better a moment of pain than a lifetime of suffering.,D,A person should always eat for an hour and not for more than an hour.,The most painful part of a meal is only an hour long.,One should only stomach food that hurts for one hour at a time.,"""وجع ساعة ولا كل ساعة"" is a proverb that emphasizes the value of temporary discomfort over prolonged misery.

وجع ساعة ولا كل ساعة translates to ""a stomachache for an hour and not for all hours.""

[ ""A person should always eat for an hour and not for more than an hour."", ""The most painful part of a meal is only an hour long."", ""One should only stomach food that hurts for one hour at a time."" ]",1.0,1.0,1.33,0.84,95.2
a,cot_xl,Arabic,MID0363,أنا باللقمة لفمو وهو بالمشهاب لعيني.,Biting the hand that feeds him.,Biting the hand that feeds him.,False,I take a bite of food in my hand and he is using a cloud to shade my eyes,He bites my hand while holding onto a cloud for my own good,Biting the hand that feeds him.,He takes a bite of my lunch while the storm clouds gather for my benefit,C,He takes a bite of my lunch while the storm clouds gather for my benefit,He bites my hand while holding onto a cloud for my own good,I take a bite of food in my hand and he is using a cloud to shade my eyes,"""أنا باللقمة لفمو وهو بالمشهاب لعيني"" translates to ""Biting the hand that feeds me and he is with the cloud for my eye"".

Here are 3 plausible but WRONG literal interpretations in English:
[""He takes a bite of my lunch while the storm clouds gather for my benefit"",
""He bites my hand while holding onto a cloud for my own good"",
""I take a bite of food in my hand and he is using a cloud to shade my e",1.0,1.0,2.61,0.79,93.7
a,cot_xl,Arabic,MID0364,إذا تخلطت الأديان شد في دينك,Stand firm in your own convictions.,Stand firm in your own convictions.,False,"When mixing religions, put your faith in a lock.",Mix religions and you will be charged with a crime.,Stand firm in your own convictions.,"When religions are mixed up, tie your faith in a knot.",C,Mix religions and you will be charged with a crime.,"When mixing religions, put your faith in a lock.","When religions are mixed up, tie your faith in a knot.","[إذا تخلطت الأديان شد في دينك](إذا أطبقت الأديان جعلت فيدينك)

[""Mix religions and you will be charged with a crime."", ""When mixing religions, put your faith in a lock."", ""When religions are mixed up, tie your faith in a knot.""]",1.0,1.0,1.67,0.84,95.2
a,cot_xl,Arabic,MID0365,اسمع للراي اللي يبكيك ولا تسمع للراي اللي يضحكك,Better to be slapped with the truth than kissed with a lie. / Bitter truth than sweet lies.,Better to be slapped with the truth than kissed with a lie. / Bitter truth than sweet lies.,False,Listen to people who will slap you when you're crying,Don't listen to people who will laugh at you when you're crying,Don't listen to people who will cry for you,Better to be slapped with the truth than kissed with a lie. / Bitter truth than sweet lies.,D,Don't listen to people who will cry for you,Listen to people who will slap you when you're crying,Don't listen to people who will laugh at you when you're crying,"[""Don't listen to people who will cry for you"", ""Listen to people who will slap you when you're crying"", ""Don't listen to people who will laugh at you when you're crying""]",1.0,1.0,0.57,0.45,83.5
a,cot_xl,Arabic,MID0366,الباب إلى يجيك منو الريح سدو واستريح,If you are always dwelling in trouble change the address.,If you are always dwelling in trouble change the address.,False,The door that follows the wind brings a lot of sand and rest,The door from which the wind comes is dirty and get some rest,If you are always dwelling in trouble change the address.,The door to which the wind blows is full of thorns and relax,C,The door to which the wind blows is full of thorns and relax,The door that follows the wind brings a lot of sand and rest,The door from which the wind comes is dirty and get some rest,"""ال باب إلى يجيك منو الريح سدو واستريح"" translates to ""If you are always dwelling in trouble change the address."" 

Here are three plausible but wrong literal interpretations:

[""The door to which the wind blows is full of thorns and relax"", ""The door that follows the wind brings a lot of sand and rest"", ""The door from which the wind comes is dirty and get some rest""]",1.0,1.0,1.3,0.71,91.3
a,cot_xl,Arabic,MID0367,الحجرة من عند لحبيب تفاحة.,A cheerful look makes a dish a feast,A cheerful look makes a dish a feast,False,"), or that the dish is a pear (instead of ",Lahabiib,A cheerful look makes a dish a feast,) from the beloved. It could also imply that a specific ,C,Lahabiib,"), or that the dish is a pear (instead of ",) from the beloved. It could also imply that a specific ,"The proverb states that a cheerful person (or look) makes a meal acceptable or enjoyable. However, there are some plausible but incorrect literal interpretations:

[reasoning]The proverb could imply that a dish is made from a loved one (person) called ""Lahabiib"" rather than referring to being loved or cherished (in Arabic, ""habib""), or that the dish is a pear (instead of ""habib"") from the beloved.",1.0,0.6666666666666666,0.92,0.94,88.2
a,cot_xl,Arabic,MID0368,الدار محلولة والمرأة مختولة ,Trouble never comes alone,Trouble never comes alone,False,The house will be the place of solution and the woman will be confused,The house will be dissolved and the woman will be turned upside down,Trouble never comes alone,The house is a solution and the woman is disheveled,C,The house will be dissolved and the woman will be turned upside down,The house is a solution and the woman is disheveled,The house will be the place of solution and the woman will be confused,"[""The house will be dissolved and the woman will be turned upside down"", ""The house is a solution and the woman is disheveled"", ""The house will be the place of solution and the woman will be confused""]",1.0,1.0,3.08,0.63,88.9
a,cot_xl,Arabic,MID0369,الذي خرج من داره قل مقداره,"east or west, home is best.","east or west, home is best.",False,"east or west, home is best.",The value of a person is determined by the distance from their house.,A person's worth is calculated based on the direction they exited their house in.,One's sense of direction is directly affected by their current location.,A,The value of a person is determined by the distance from their house.,One's sense of direction is directly affected by their current location.,A person's worth is calculated based on the direction they exited their house in.,"[""The value of a person is determined by the distance from their house."", ""One's sense of direction is directly affected by their current location."", ""A person's worth is calculated based on the direction they exited their house in.""]",1.0,1.0,2.11,0.82,94.6
a,cot_xl,Arabic,MID0370,الصحبة صحبة والنية مكاش.,A fair-weather friend.,A fair-weather friend.,False,A fair intention is made from nearby neighbors.,The neighborhood is a neighborhood and the intention is made of cash.,Being in close vicinity means your intentions are made of money.,A fair-weather friend.,D,The neighborhood is a neighborhood and the intention is made of cash.,Being in close vicinity means your intentions are made of money.,A fair intention is made from nearby neighbors.,"<reasoning>In Arabic, the word ""صحبة"" (sahba) literally means ""neighborhood"" or ""vicinity"", implying close physical proximity. ""الصحبة صحبة"" could be interpreted as being in a close neighborhood or being physically nearby. Furthermore, ""النية مكاش"" could be misinterpreted as the intention or plan being made of cash, implying the presence of money. This misunderstanding in word meanings and sentenc",1.0,1.0,3.44,0.84,95.2
a,cot_xl,Arabic,MID0371,العدوة مزاح.,There is an excess of familiarity at the root of all hostilities.,There is an excess of familiarity at the root of all hostilities.,False,There is an excess of familiarity at the root of all hostilities.,Familiarity is a species of small ants.,Small ants cause jests or laughter,The ant is a jest,A,The ant is a jest,Familiarity is a species of small ants.,Small ants cause jests or laughter,"The proverb ""العدوة مزاح"" can be broken down into two parts: ""العدوة"" and ""مزاح"". However, in this case, ""العدوة"" actually translates to ""excess"" or ""surplus"" and ""مزاح"" means ""familiarity"" or ""jesting"", but in this context, it could be interpreted as a common Arabic word "" مزاح"" meaning a type of ant ( species  ""Thasus nanus"") but that doesn't fit.

A wrong literal interpretation might be: ""The a",1.0,1.0,0.5,0.91,97.3
a,cot_xl,Arabic,MID0372,الفايدة والمايدة,Two birds with one stone,Two birds with one stone,False,To find two profits in one stone that you play a game with.,Two birds with one stone,You can use a small stone in a game to measure the weight of two birds.,The stone used in a pebble game can be used to represent two birds.,B,To find two profits in one stone that you play a game with.,The stone used in a pebble game can be used to represent two birds.,You can use a small stone in a game to measure the weight of two birds.,"<fayda means profit or benefit, and mayda is a type of a small stone or pebble in Arabic, often used in games for counting, however, mayda also can have a different meaning depending on the context.> 
[ ""To find two profits in one stone that you play a game with."", ""The stone used in a pebble game can be used to represent two birds."", ""You can use a small stone in a game to measure the weight of t",1.0,1.0,2.87,0.63,88.9
a,cot_xl,Arabic,MID0373,الكلام الزين يخلص الدين ,A soft answer turns away wrath ,A soft answer turns away wrath ,False,A soft answer finishes the meal,A soft answer completes the day,A soft answer finishes the argument,A soft answer turns away wrath ,D,A soft answer finishes the meal,A soft answer completes the day,A soft answer finishes the argument,"In Arabic, the proverb ""الكلام الزين"" is commonly associated with a gentle, pleasing, or flattering speech. The word ""يخلص"" can be misunderstood as meaning ""to finish"" or ""to complete"" instead of ""to turn away.""

[""A soft answer finishes the meal"", ""A soft answer completes the day"", ""A soft answer finishes the argument""]",1.0,1.0,1.0,0.43,82.9
a,cot_xl,Arabic,MID0374,اللي باعك بالفول بيعه بقشوره,Fight fire with fire.,Fight fire with fire.,False,Fight fire with fire.,"In a country where beans are sold with weight, the bean seller will sell you his entire weight including the shells.",He who sells you beans by weight will sell you its shells.,"A vendor of beans will sell you the whole bean by weight, along with its empty shells.",A,He who sells you beans by weight will sell you its shells.,"A vendor of beans will sell you the whole bean by weight, along with its empty shells.","In a country where beans are sold with weight, the bean seller will sell you his entire weight including the shells.","Fight fire with fire is a metaphorical expression. Here's a reason in Arabic why wrong literal readings are common with proverbs:

الماكيين بيستعملو المضاد الأعظم للفول يبيعه ببقشوره.

[""He who sells you beans by weight will sell you its shells."", ""A vendor of beans will sell you the whole bean by weight, along with its empty shells."", ""In a country where beans are sold with weight, the bean selle",1.0,1.0,4.17,0.69,90.7
a,cot_xl,Arabic,MID0375,اللي بغات الزين تضرب على تخراق الوذنن,"He who gathers honey, must suffer the stings","He who gathers honey, must suffer the stings",False,The person who gets stung by a bee will lose their teeth.,"He who gathers honey, must suffer the stings",A person gets hurt when they walk on a beehive.,Bees attack the person who breaks their nest.,B,Bees attack the person who breaks their nest.,A person gets hurt when they walk on a beehive.,The person who gets stung by a bee will lose their teeth.,"""اللي بغات الزين تضرب على تخراق الوذنن"" (He who gathers honey, must suffer the stings)

Plausible wrong literal interpretations:
 [""Bees attack the person who breaks their nest."", ""A person gets hurt when they walk on a beehive."", ""The person who gets stung by a bee will lose their teeth.""]",1.0,1.0,1.25,0.84,95.2
a,cot_xl,Arabic,MID0376,اللي بغاها قاع خلها قاع,"Grasp all, lose all","Grasp all, lose all",False,She who climbs to the bottom of the valley will get stuck in the mud,She who digs a hole will fall into a well,"Grasp all, lose all",He who grabs the rope will get tangled in it,C,She who digs a hole will fall into a well,He who grabs the rope will get tangled in it,She who climbs to the bottom of the valley will get stuck in the mud,"<reasoning>Arabic proverb ""اللي بغاها قاع خلها قاع"" suggests that overexerting oneself can lead to a loss in the end, but this proverb can be misinterpreted as referring to the literal consequences of physical actions, rather than the metaphorical consequences of greed or overreaching.</reasoning>
[""She who digs a hole will fall into a well"", ""He who grabs the rope will get tangled in it"", ""She wh",1.0,1.0,2.92,0.82,94.6
a,cot_xl,Arabic,MID0377,اللي حدى القدرة ينطلى بحمومها ,Bad company corrupts good character,Bad company corrupts good character,False,The one who walks ahead of strength is carried by its mood,"When a strong person leads, his emotions take over",The one who is led by a wild animal will be carried by its emotions,Bad company corrupts good character,D,The one who is led by a wild animal will be carried by its emotions,"When a strong person leads, his emotions take over",The one who walks ahead of strength is carried by its mood,"""اللي حدى القدرة ينطلى بحمومها"" means Bad company corrupts good character.

Here are 3 plausible but wrong literal interpretations in English:

[""The one who is led by a wild animal will be carried by its emotions"", ""When a strong person leads, his emotions take over"", ""The one who walks ahead of strength is carried by its mood""]",1.0,1.0,2.4,0.85,95.5
a,cot_xl,Arabic,MID0378,اللي عضو الحنش يخاف من الحبل,"Once bitten twice shy.
A burnt child dreads the fire","Once bitten twice shy.
A burnt child dreads the fire",False,A snake hiding in a rope is very scary.,"Once bitten twice shy.
A burnt child dreads the fire",Someone bitten by a snake will be very cautious with ropes.,The snake will hide in the rope and bite the person again.,B,A snake hiding in a rope is very scary.,Someone bitten by a snake will be very cautious with ropes.,The snake will hide in the rope and bite the person again.,"Once someone has been bitten by a snake, they are wary of the rope because the snake might be hiding in it 

[""A snake hiding in a rope is very scary."", ""Someone bitten by a snake will be very cautious with ropes."", ""The snake will hide in the rope and bite the person again.""]",1.0,1.0,1.07,0.84,95.2
a,cot_xl,Arabic,MID0379,اللي عندو الساقية يشرب من ماها ,Take benefit from what you have,Take benefit from what you have,False,Drinking directly from a container with a long spout is not recommended,"If someone has a leg injury, they should drink from an uninfected source",Take benefit from what you have,One must consume what is contained in an open-ended vessel,C,"If someone has a leg injury, they should drink from an uninfected source",Drinking directly from a container with a long spout is not recommended,One must consume what is contained in an open-ended vessel,"<reasoning>The proverb has a metaphorical meaning of utilizing the available resources, but if taken literally, it might be interpreted as something entirely different.</reasoning>[""If someone has a leg injury, they should drink from an uninfected source"", ""Drinking directly from a container with a long spout is not recommended"", ""One must consume what is contained in an open-ended vessel""]",1.0,1.0,1.94,0.94,98.2
a,cot_xl,Arabic,MID0380,اللي غزلناه ولى صوف,We lost all what we have done ,We lost all what we have done ,False,The wool we spun has been lost,We lost all what we have done ,We have lost what we have spun,The person we spun wool for has lost the wool,B,The person we spun wool for has lost the wool,The wool we spun has been lost,We have lost what we have spun,"اللي غزلناه ولى صوف 
reasoning: This proverb is about the loss of effort or resources due to someone else's actions, however a literal interpretation would be too focused on the materials used for weaving (like wool).

 [""The person we spun wool for has lost the wool"", ""The wool we spun has been lost"", ""We have lost what we have spun""]",1.0,1.0,1.14,0.57,87.1
a,cot_xl,Arabic,MID0381,اللي ما رضى خببزة يرضى بنصها ,Half a loaf is better than no bread,Half a loaf is better than no bread,False,Half a loaf is better than no bread,if you cut a loaf in half it will fall apart,if you eat half a loaf you'll get less fiber,you shouldn't cut a loaf in half because it might be bad for your posture,A,you shouldn't cut a loaf in half because it might be bad for your posture,if you eat half a loaf you'll get less fiber,if you cut a loaf in half it will fall apart,"""when you eat half a loaf, you will be hungry, but without it, you can starve""
[""you shouldn't cut a loaf in half because it might be bad for your posture"", ""if you eat half a loaf you'll get less fiber"", ""if you cut a loaf in half it will fall apart""]",1.0,1.0,1.5,0.71,91.3
a,cot_xl,Arabic,MID0382,اللي ما عندو فلوس كلامو مسوس ,A poor man’s tale cannot be heard,A poor man’s tale cannot be heard,False,A person who has money cannot tame a poor man,A poor man cannot tame an animal if he has money,A poor man cannot be called tame if he acquires money,A poor man’s tale cannot be heard,D,A poor man cannot be called tame if he acquires money,A poor man cannot tame an animal if he has money,A person who has money cannot tame a poor man,"لايمكن تسمية الفقير بحيوان مسوس إذا ما اكتسب فلوساً

 
 [""A poor man cannot be called tame if he acquires money"", ""A poor man cannot tame an animal if he has money"", ""A person who has money cannot tame a poor man""]",1.0,1.0,1.52,0.49,84.7
a,cot_xl,Arabic,MID0383,اللي مكتوب ما منو هروب,"What must be, must be","What must be, must be",False,What's written on paper cannot escape,"What must be, must be","If written, the author cannot flee",What's written will definitely be physically written on something,B,What's written on paper cannot escape,"If written, the author cannot flee",What's written will definitely be physically written on something,"<reasoning>This proverb is often used to convey the acceptance of fate or the inevitability of events. However, if taken literally, it might suggest that writing something on a piece of paper guarantees its inescapability.</reasoning>
[""What's written on paper cannot escape"", ""If written, the author cannot flee"", ""What's written will definitely be physically written on something""]",1.0,1.0,1.4,0.88,96.4
a,cot_xl,Arabic,MID0384,المحبة تجي بالكيف ماشي بالسيف,"True love comes from the heart, not from coercion.","True love comes from the heart, not from coercion.",False,"True love comes from the heart, not from coercion.",True love requires a companion to walk with a sword,People who walk with swords are more likely to find true love,"If you walk with a sword, you will find true love",A,True love requires a companion to walk with a sword,People who walk with swords are more likely to find true love,"If you walk with a sword, you will find true love","""true love comes from walking with a sword"" 
[""True love requires a companion to walk with a sword"", ""People who walk with swords are more likely to find true love"", ""If you walk with a sword, you will find true love""]",1.0,1.0,1.22,0.68,90.4
a,cot_xl,Arabic,MID0385,المرا بلا والد، كالخيمة بلا وتاد ,Sons are old age shelter,Sons are old age shelter,False,Sons are old age shelter,A family without a father's protection is like a tent without the support of the ridgepole,"Because children should be sheltered in a tent, a family's home should be without a tent pole in order to protect the children.",The absence of a father is like a missing tent rope,A,"Because children should be sheltered in a tent, a family's home should be without a tent pole in order to protect the children.",The absence of a father is like a missing tent rope,A family without a father's protection is like a tent without the support of the ridgepole,"""Because children should be sheltered in a tent, a family's home should be without a tent pole in order to protect the children.""

[""The absence of a father is like a missing tent rope""]
[""A family without a father's protection is like a tent without the support of the ridgepole""]
[""Sons are old age's protection against extreme cold weather, just like a tent with a fire in it""]",1.0,1.0,3.33,0.78,93.4
a,cot_xl,Arabic,MID0386,المرا تخاف من الشيب كيف النعجة تخاف من الديب,Woman fears age,Woman fears age,False,,,,,,,,,"[woman is afraid of the river because it's filled with snakes] 
[""The snake is terrified of the deep""]",0.0,0.0,0.0,0.0,0.0
a,cot_xl,Arabic,MID0387,المظاهر الخدّاعة,Looks can be deceiving.,Looks can be deceiving.,False,A person's faces can be used for deception,Looks can be deceiving.,The eyes have deception appearances,Appearances are being deceptively made,B,The eyes have deception appearances,A person's faces can be used for deception,Appearances are being deceptively made,"المظاهر الخدّاعة

The faces appear by deception. [""The eyes have deception appearances"",""A person's faces can be used for deception"",""Appearances are being deceptively made""]",1.0,1.0,1.5,0.94,98.2
a,cot_xl,Arabic,MID0388,المكسي بمتاع الناس، عريان ,He who depends on others' wealth is always poor.,He who depends on others' wealth is always poor.,False,He who depends on others' wealth is always poor.,He who keeps many items for other people is usually barefoot.,He who has many items belonging to others is always empty-handed.,He who accumulates many items for people is always in need.,A,He who has many items belonging to others is always empty-handed.,He who accumulates many items for people is always in need.,He who keeps many items for other people is usually barefoot.,"He who owns many items of people, is naked.

 [""He who has many items belonging to others is always empty-handed."", ""He who accumulates many items for people is always in need."", ""He who keeps many items for other people is usually barefoot.""]",1.0,1.0,1.22,0.62,88.6
a,cot_xl,Arabic,MID0389,"الهدرة بين اثنين والثالث بلا وذنين
",Don't poke your nose into others' affairs.,Don't poke your nose into others' affairs.,False,A mule that is between two people doesn't give them a second glance.,Don't poke your nose into others' affairs.,The person who is half-donkey is caught between two people and the third one doesn't have a nose.,"The stubborn animal is between two parties, and the third one is without a pair of socks.",B,The person who is half-donkey is caught between two people and the third one doesn't have a nose.,A mule that is between two people doesn't give them a second glance.,"The stubborn animal is between two parties, and the third one is without a pair of socks.","First, let's analyze the proverb in Arabic: الهدرة بين اثنين والثالث بلا وذنين

The word ""الهدرة"" can be interpreted in different ways, but its literal meaning is related to a ""donkey"" or a ""mule"", and in some contexts, it can also imply something that is stubborn or obstinate. 

Here are three plausible but wrong literal interpretations in English:

[""The person who is half-donkey is caught betwe",1.0,1.0,2.29,0.74,92.2
a,cot_xl,Arabic,MID0390,الي فاتو زمانو ما يطمع في زمان الناس,"Act your age, not your shoe size.","Act your age, not your shoe size.",False,"Since the past has been left behind, one should focus on the present rather than looking for opportunities in the future.",The time difference between the past and the present should be considered when planning new actions.,They will never be able to reach their goal because time has passed.,"Act your age, not your shoe size.",D,They will never be able to reach their goal because time has passed.,The time difference between the past and the present should be considered when planning new actions.,"Since the past has been left behind, one should focus on the present rather than looking for opportunities in the future.","[""They will never be able to reach their goal because time has passed."", ""The time difference between the past and the present should be considered when planning new actions."", ""Since the past has been left behind, one should focus on the present rather than looking for opportunities in the future.""]",1.0,1.0,2.38,0.92,97.6
a,cot_xl,Arabic,MID0391,بات في الغيظ ولا تبات في الندامة ,It is better to be in safe than sorry,It is better to be in safe than sorry,False,It is better to be in safe than sorry,The temperature in winter should be colder than in summer.,A winter night should be kept in the freezer and not a summer night.,Winter and summer nights should have different durations.,A,A winter night should be kept in the freezer and not a summer night.,The temperature in winter should be colder than in summer.,Winter and summer nights should have different durations.,"بات ليلة في الشتاء ولا تبات ليلة في الصيف
[  
  ""A winter night should be kept in the freezer and not a summer night."",
  ""The temperature in winter should be colder than in summer."",
  ""Winter and summer nights should have different durations.""
]",1.0,1.0,1.19,0.78,93.4
a,cot_xl,Arabic,MID0392,تبع الكذاب الى باب الدار,go along with a liar,go along with a liar,False,go along with a liar,A liar will lead you to the house's back door,Follow a liar to the garden door,"If you go to the liar's house, you'll find the door",A,Follow a liar to the garden door,A liar will lead you to the house's back door,"If you go to the liar's house, you'll find the door","تبع الكذاب الى باب الدار: 
If you follow a liar to the door of the house, you will get the key.

[""Follow a liar to the garden door"", ""A liar will lead you to the house's back door"", ""If you go to the liar's house, you'll find the door""]",1.0,1.0,1.87,0.71,91.3
a,cot_xl,Arabic,MID0393,جارك القريب خير من خوك البعيد,Give a hand to the nearest,Give a hand to the nearest,False,It's better to ask your close neighbor for help than your far-off mule,A closer neighbor is a better substitute for your far-off mule,Your neighbor's house is closer to your house than your far-off mule,Give a hand to the nearest,D,Your neighbor's house is closer to your house than your far-off mule,It's better to ask your close neighbor for help than your far-off mule,A closer neighbor is a better substitute for your far-off mule,"جارك القريب خير من خوك البعيد 
Your neighbor who is closer is better than your far-off mule.

[""Your neighbor's house is closer to your house than your far-off mule"", ""It's better to ask your close neighbor for help than your far-off mule"", ""A closer neighbor is a better substitute for your far-off mule""]",1.0,1.0,2.0,0.65,89.5
a,cot_xl,Arabic,MID0394,جوز على الواد الهادر ولا تجوز على الواد الساكت.,"Cross the loud river but don’t cross the silent one"".","Cross the loud river but don’t cross the silent one"".",False,Never cross a river when you can hear its sound but you can't see the water because it's hidden behind a waterfall.,"Cross the loud river but don’t cross the silent one"".",You should never swim in a river that has a calm surface but loud current.,Be careful when crossing a river that is loud due to heavy water flow but has a lot of floating debris.,B,You should never swim in a river that has a calm surface but loud current.,Be careful when crossing a river that is loud due to heavy water flow but has a lot of floating debris.,Never cross a river when you can hear its sound but you can't see the water because it's hidden behind a waterfall.,"[Reasoning in Arabic] عندما نسمع صوت الماء المتدفق في النهر يظن الإنسان أنه آمن للعبور بينما يكون الخطر أكبر. وعندما لا تسمع صوت الماء فهذا يعني انه جاف. وعندما نسمع صوت النهر الكبير لكنه يبدو هادئاً فهذا يعني انه يعتمد على قوة الرياح. وعندما نسمع صوت النهر الصامت فهذا يعني انه صاف وسهل للعبور.

[""You should never swim in a river that has a calm surface but loud current."", ""Be careful when crossin",1.0,1.0,1.93,0.82,94.6
a,cot_xl,Arabic,MID0395,حبيبك من يشاركك فالفرح والقرح. ,A friend is someone who shares your happiness and your pains.,A friend is someone who shares your happiness and your pains.,False,wrong literal interpretation 3: A friend is someone who accompanies you to parties and gatherings that are either joyful celebrations or funerals.,Wrong literal interpretation 2: A friend is someone who participates in activities that cause you both happiness or pain.,A friend is someone who shares your happiness and your pains.,"Wrong literal interpretation 1: A friend is someone who takes part in events with you, whether joyful or sorrowful.",C,"Wrong literal interpretation 1: A friend is someone who takes part in events with you, whether joyful or sorrowful.",Wrong literal interpretation 2: A friend is someone who participates in activities that cause you both happiness or pain.,wrong literal interpretation 3: A friend is someone who accompanies you to parties and gatherings that are either joyful celebrations or funerals.,"<reasoning>Arabic proverb حبيبك من يشاركك فالفرح والقرح translates to a friend is someone who shares your happiness and your pains, but it could be misinterpreted if one takes ""شارك"" to mean ""to take part in events"" rather than ""to share feelings.</reasoning>

[""Wrong literal interpretation 1: A friend is someone who takes part in events with you, whether joyful or sorrowful.""]
[""Wrong literal int",1.0,1.0,1.82,0.65,89.5
a,cot_xl,Arabic,MID0396,حريق بداني ولا فراق أوطاني,"East or west, home is the best","East or west, home is the best",False,I should be a fireman in the east or the west,The east or west wind is a wildfire,"East or west, home is the best",You should have a fire in either home or a place to sit down and rest,C,You should have a fire in either home or a place to sit down and rest,I should be a fireman in the east or the west,The east or west wind is a wildfire,"<reasoning>Given the structure and vocabulary of the proverb, we must avoid direct interpretations of the words. Instead, we need to consider the cultural and linguistic context in which it is used.</reasoning>
[""You should have a fire in either home or a place to sit down and rest"",  ""I should be a fireman in the east or the west"",  ""The east or west wind is a wildfire""]",1.0,1.0,1.67,0.78,93.4
a,cot_xl,Arabic,MID0397,حوتة ومطلية بالزيت,Cunning as a fox.,Cunning as a fox.,False,A camel is very good at traversing the desert with oil,Cunning as a fox.,A vehicle covered in oil,A camel covered in oil is a good conductor,B,A vehicle covered in oil,A camel is very good at traversing the desert with oil,A camel covered in oil is a good conductor,"A fox is often associated with the desert, so the literal meaning may be related to the desert environment. 

حوتة ومطلية بالزيت
A camel covered in oil, and a fox (حوتة in Arabic is camel). 

A camel covered in oil might be thought of as a vehicle for transporting oil, which could be misinterpreted as relating to transportation, not cunning.

[""A vehicle covered in oil"", ""A camel is very good at t",1.0,1.0,2.08,0.69,90.7
a,cot_xl,Arabic,MID0398,حوحو يشكر روحو ,Don't brag about yourself let others praise you,Don't brag about yourself let others praise you,False,The wind gives thanks to the spirit,Don't brag about yourself let others praise you,The ghost is grateful to its ghostly friend,The hyena is thankful to its soul,B,The hyena is thankful to its soul,The wind gives thanks to the spirit,The ghost is grateful to its ghostly friend,"<reasoning>Arabic proverb ""حوحو يشكر روحو"" is often misinterpreted in everyday life due to the literal translation of the words. For instance, the word ""حوحو"" has multiple meanings depending on the context, but when translated directly it might be misleading.</reasoning>
[""The hyena is thankful to its soul"", ""The wind gives thanks to the spirit"", ""The ghost is grateful to its ghostly friend""]",1.0,1.0,0.92,0.76,92.8
a,cot_xl,Arabic,MID0399,دفنوك بعيد يارسول الله.,My hands are tied,My hands are tied,False,My hands are tied,"If you're buried in a distant place, oh messenger of God, I'll be tied to my chair.","Someone will dig a hole at a far distance and bury you, oh messenger of God, and that's the state of my hands.","You will be buried in a distant place, and I hope it's not soon.",A,"You will be buried in a distant place, and I hope it's not soon.","Someone will dig a hole at a far distance and bury you, oh messenger of God, and that's the state of my hands.","If you're buried in a distant place, oh messenger of God, I'll be tied to my chair.","""you will be buried in a distant place, oh messenger of God""

[""You will be buried in a distant place, and I hope it's not soon."", ""Someone will dig a hole at a far distance and bury you, oh messenger of God, and that's the state of my hands."", ""If you're buried in a distant place, oh messenger of God, I'll be tied to my chair.""]",1.0,1.0,4.5,0.82,94.6
a,cot_xl,Arabic,MID0400,سر اتنين يعرفوه الفين,"A secret for two, soon a secret for nobody ""","A secret for two, soon a secret for nobody """,False,Secrets are meant to be kept only for the number two.,"For two weeks, a secret will be safe before it is revealed.","A secret for two, soon a secret for nobody """,Two people are the maximum number of people you should share a secret with.,C,Secrets are meant to be kept only for the number two.,Two people are the maximum number of people you should share a secret with.,"For two weeks, a secret will be safe before it is revealed.","""Secrets are meant to be kept for two people, then the whole neighborhood knows."" 
[""Secrets are meant to be kept only for the number two."", ""Two people are the maximum number of people you should share a secret with."", ""For two weeks, a secret will be safe before it is revealed.""]",1.0,1.0,1.23,0.88,96.4
a,cot_xl,Arabic,MID0401,شوف المرا واخطب بنتها,"like mother, like daughter ","like mother, like daughter ",False,"like mother, like daughter ",watch the mother and then knit her dress,"if you observe the mother, then build her house","when you see the mother, then marry her daughter",A,"when you see the mother, then marry her daughter","if you observe the mother, then build her house",watch the mother and then knit her dress,"""when you see the mother, then marry her daughter""
""if you observe the mother, then build her house""
""watch the mother and then knit her dress""",1.0,1.0,2.17,0.73,91.9
a,cot_xl,Arabic,MID0402,صام عام وفطر على جرادة,"The effort is big, but the reward none","The effort is big, but the reward none",False,{'reasoning': 'The phrase refers to someone who has been fasting for an entire year and breaking their fast with a cat.'},"The effort is big, but the reward none",{'reasoning': 'The phrase describes a farmer who saves water for a year and then uses it to irrigate a small patch of grass.'},{'reasoning': 'The phrase is about a person who goes on a year-long camping trip and decides to end it with a small picnic on a rocky outcrop.'},B,{'reasoning': 'The phrase refers to someone who has been fasting for an entire year and breaking their fast with a cat.'},{'reasoning': 'The phrase is about a person who goes on a year-long camping trip and decides to end it with a small picnic on a rocky outcrop.'},{'reasoning': 'The phrase describes a farmer who saves water for a year and then uses it to irrigate a small patch of grass.'},"The proverb ""صام عام وفطر على جرادة"" means that despite putting in a lot of effort, one may not receive any reward. Here are 3 plausible but wrong literal interpretations:

[{""reasoning"": ""The phrase refers to someone who has been fasting for an entire year and breaking their fast with a cat.""}, {""reasoning"": ""The phrase is about a person who goes on a year-long camping trip and decides to end it ",1.0,1.0,2.96,0.75,92.5
a,cot_xl,Arabic,MID0403,طاح الطبل في ضرابو,Birds of feather flock together ,Birds of feather flock together ,False,The drum fell because of the beating,The drum broke while being made,Birds of feather flock together ,The drummer fell asleep during the performance,C,The drum fell because of the beating,The drum broke while being made,The drummer fell asleep during the performance,"<reasoning> Arabic proverb طاع الطبل في ضرابو can be interpreted literally in many incorrect ways </reasoning>[""The drum fell because of the beating"", ""The drum broke while being made"", ""The drummer fell asleep during the performance""]",1.0,1.0,1.33,0.84,95.2
a,cot_xl,Arabic,MID0404,طوال الخيط ما هو خياط,Empty vessels make the most noise.,Empty vessels make the most noise.,False,Empty vessels make the most noise.,The length of a thread determines the quality of a tailor's work.,The length of a thread directly affects a tailor's skill level.,A tailor's thread is only as long as the task requires.,A,The length of a thread determines the quality of a tailor's work.,A tailor's thread is only as long as the task requires.,The length of a thread directly affects a tailor's skill level.,"طوال الخيط ما هو خياط: 

A long thread is not a tailor.

[""The length of a thread determines the quality of a tailor's work."", ""A tailor's thread is only as long as the task requires."", ""The length of a thread directly affects a tailor's skill level.""]",1.0,1.0,1.89,0.67,90.1
a,cot_xl,Arabic,MID0405,عدو عاقل خير من صاحب جاهل. ,A sensible enemy is better than a narrow-minded friend ,A sensible enemy is better than a narrow-minded friend ,False,wrong literal 2,A sensible enemy is better than a narrow-minded friend ,wrong literal 3,wrong literal 1,B,wrong literal 1,wrong literal 2,wrong literal 3,"عدو عاقل خير من صاحب جاهل.
A sensible enemy is better than a narrow-minded friend

""wrong literal 1"": A wise enemy is better than a blind owner.
""wrong literal 2"": An intelligent enemy is better than a foolish rich person.
""wrong literal 3"": A rational enemy is better than the owner of a lazy donkey.",1.0,0.0,0.33,0.5,55.0
a,cot_xl,Arabic,MID0406,علمته الصلاة فاتني في الجامع.,I taught him to swim he tried to drawn me.,I taught him to swim he tried to drawn me.,False,"I taught him to pray, but he tried to distract me at the university.",The prayer I taught him almost caused me to miss it when I went to the mosque.,The knowledge of prayer that I taught him almost made me late to the mosque when I went.,I taught him to swim he tried to drawn me.,D,"I taught him to pray, but he tried to distract me at the university.",The prayer I taught him almost caused me to miss it when I went to the mosque.,The knowledge of prayer that I taught him almost made me late to the mosque when I went.,"Here's the reasoning in Arabic: 
علمته الصلاة فاتني في الجامع يعني ""أنا الذي تعلمته كيفية الصلاة، ولكنني حينما ذهبت إلى الجامع لصلاة، فإنه كان هناك!""

And here are 3 plausible but wrong literal interpretations in English:
[""I taught him to pray, but he tried to distract me at the university."", ""The prayer I taught him almost caused me to miss it when I went to the mosque."", ""The knowledge of praye",1.0,1.0,1.63,0.67,90.1
a,cot_xl,Arabic,MID0407,قول كلام الخير ولا اسكت خير,Speak kindly or refrain from talking. ,Speak kindly or refrain from talking. ,False,Speak softly to avoid disturbing others,Only speak when you have a nice meal,Speak kindly or refrain from talking. ,Remain silent to avoid any conflicts,C,Only speak when you have a nice meal,Remain silent to avoid any conflicts,Speak softly to avoid disturbing others,"""Because the proverb is giving a choice between speaking kindly and refraining from talking, one might assume that it is promoting the idea of only speaking when one is feeling kind, and remaining completely silent otherwise.""

[""Only speak when you have a nice meal"", ""Remain silent to avoid any conflicts"", ""Speak softly to avoid disturbing others""]",1.0,1.0,1.11,0.91,97.3
a,cot_xl,Arabic,MID0408,قيس قبل ما تغيس , Look before you leap., Look before you leap.,False,Qais is before you take a bath,You must dress Qais before you dye, Look before you leap.,It is Qais who comes before you get married,C,You must dress Qais before you dye,Qais is before you take a bath,It is Qais who comes before you get married,"قيس قبل ما تغيس: 
When translating into English, we know it means ""Look before you leap."" Now, here are 3 plausible but wrong literal interpretations:

[""You must dress Qais before you dye"", ""Qais is before you take a bath"", ""It is Qais who comes before you get married""]",1.0,1.0,1.92,0.71,91.3
a,cot_xl,Arabic,MID0409,كل تعطيلة فيها خيرة. ,Good things come to those who wait.,Good things come to those who wait.,False,There is a treasure inside any trash can.,Every broken thing has its own value.,Good things come to those who wait.,A container with an opening is a good thing to have.,C,A container with an opening is a good thing to have.,There is a treasure inside any trash can.,Every broken thing has its own value.,"""كل تعطيلة فيها خيرة"" could be interpreted in the following wrong literal ways: 
[""A container with an opening is a good thing to have."", ""There is a treasure inside any trash can."", ""Every broken thing has its own value.""]",1.0,1.0,1.24,0.94,98.2
a,cot_xl,Arabic,MID0410,كل خنفوس في عين امه غزال,The beauty is in the eye of the beholder.,The beauty is in the eye of the beholder.,False,The beauty is in the eye of the beholder.,A woman's mother has a gazelle in her eye.,The gazelle that a woman's mother is looking at is in her own eye.,A gazelle is in the well of the woman who gave birth to her.,A,A gazelle is in the well of the woman who gave birth to her.,A woman's mother has a gazelle in her eye.,The gazelle that a woman's mother is looking at is in her own eye.,"<reasoning>In Arabic proverbs, ""خنفوس"" is often used to describe someone with a pleasant or beautiful face. ""عين"" can refer to the eye of a person, but it can also refer to a well or a source of water. ""ام"" can mean mother, but it can also be a possessive suffix. ""غزال"" is the word for gazelle, which is an animal known for its beauty and agility.

Given these possible interpretations, the followin",1.0,1.0,1.37,0.7,91.0
a,cot_xl,Arabic,MID0411,كي نشوف هم الناس ننسا همي. ,"When I think of the other’s misfortunes, I forget mine."" ","When I think of the other’s misfortunes, I forget mine."" ",False,"When I think of the other’s misfortunes, I forget mine."" ","When we look to see what people see, we forget our own eyes",To start to see people while forgetting food,"When we see the others' hands, we forget our own hair",A,To start to see people while forgetting food,"When we see the others' hands, we forget our own hair","When we look to see what people see, we forget our own eyes","When I start to see how people work, I start to forget my own skills.
 [""To start to see people while forgetting food"", ""When we see the others' hands, we forget our own hair"", ""When we look to see what people see, we forget our own eyes""]",1.0,1.0,1.07,0.79,93.7
a,cot_xl,Arabic,MID0412,لي خاف سلم. ,The one who shows his fears ensures his salvation.,The one who shows his fears ensures his salvation.,False,The one who is afraid of walking will find a staircase.,The one who shows his fears ensures his salvation.,The one who fears the lion will be safe from the lion's roar.,"If a man fears heights, he will find a ladder.",B,"If a man fears heights, he will find a ladder.",The one who fears the lion will be safe from the lion's roar.,The one who is afraid of walking will find a staircase.,"لي خاف سلم: 
The one who shows his fears ensures his salvation.

Here are 3 plausible but wrong literal interpretations:

- ""If a man fears heights, he will find a ladder.""
- ""The one who fears the lion will be safe from the lion's roar.""
- ""The one who is afraid of walking will find a staircase.""",1.0,1.0,1.26,0.83,94.9
a,cot_xl,Arabic,MID0413,مالقاوش في الذهب عيب قالو كي يلمع يوجع العينين,One would find a fault with a fat goose.,One would find a fault with a fat goose.,False,One would find a fault with a fat goose.,People who find a flaw in gold will claim that its brilliance will irritate their eyes.,"If someone finds a fault in the brightness of gold, they will eventually strain their eyes to make it shine.",One would find a cure for gold fever by rubbing their eyes.,A,One would find a cure for gold fever by rubbing their eyes.,"If someone finds a fault in the brightness of gold, they will eventually strain their eyes to make it shine.",People who find a flaw in gold will claim that its brilliance will irritate their eyes.,"""Someone who goes in search of defects in something valuable says that even a beautiful sight will cause eye discomfort.""
[""One would find a cure for gold fever by rubbing their eyes."", ""If someone finds a fault in the brightness of gold, they will eventually strain their eyes to make it shine."", ""People who find a flaw in gold will claim that its brilliance will irritate their eyes.""]",1.0,1.0,1.78,0.86,95.8
a,cot_xl,Arabic,MID0414,مع من شتك شبهتك ,A man is known by the company he keeps,A man is known by the company he keeps,False,{'wrong literal 1': 'A man is known by his snoring sound'},{'wrong literal 3': 'A person is characterized by the noises he makes while sleeping'},{'wrong literal 2': 'People judge someone by his sleep habits'},A man is known by the company he keeps,D,{'wrong literal 1': 'A man is known by his snoring sound'},{'wrong literal 2': 'People judge someone by his sleep habits'},{'wrong literal 3': 'A person is characterized by the noises he makes while sleeping'},"مع من شتك شبهتك: A man is known by the company he keeps 

Reasoning:
In Arabic, the word ""شتك"" (shatak) is a verb which literally means to snore or sleep. 

Here are 3 plausible but wrong literal interpretations:

[{""wrong literal 1"": ""A man is known by his snoring sound""},
{""wrong literal 2"": ""People judge someone by his sleep habits""},
{""wrong literal 3"": ""A person is characterized by the noises",1.0,1.0,1.3,0.79,93.7
a,cot_xl,Arabic,MID0415,مو كل خضرة حشيش,All that glitters is not gold.,All that glitters is not gold.,False,All that glitters is not gold.,Any plant with a good smell is banned.,All green things are intoxicating.,All plants are illegal.,A,All plants are illegal.,All green things are intoxicating.,Any plant with a good smell is banned.,""" مو كل خضرة حشيش"" 
All plants are marijuana. 

[""All plants are illegal."", ""All green things are intoxicating."", ""Any plant with a good smell is banned."" ]",1.0,0.6666666666666666,0.94,0.9,87.0
a,cot_xl,Arabic,MID0416,هرَبْت من قطّاع الرّيوس طحت في وكّال ابن آدم,Out of the frying pan into the fire.,Out of the frying pan into the fire.,False,I traded a sheep for a goat and the new animal's owner has a son.,Out of the frying pan into the fire.,A man jumped off the pan of a baker and landed on a farmer who was selling his crops.,I left a job where I had to carry heavy pans and started working at a charcoal vendor.,B,I traded a sheep for a goat and the new animal's owner has a son.,A man jumped off the pan of a baker and landed on a farmer who was selling his crops.,I left a job where I had to carry heavy pans and started working at a charcoal vendor.,"""Herabt min qattaa al-riyus thahht fi waqalabin ibn Adam"" 

The Arabic proverb suggests avoiding going from a bad situation to a worse one, like transferring from a frying pan to a fire. Here are three plausible but wrong literal interpretations:

[""I traded a sheep for a goat and the new animal's owner has a son."",
""A man jumped off the pan of a baker and landed on a farmer who was selling his cr",1.0,1.0,2.17,0.9,97.0
a,cot_xl,Arabic,MID0417,وقيّة زهر خير من قنطار فهامة ,Better to be lucky than smart.,Better to be lucky than smart.,False,A quiet night is better than a large amount of noisy items that are worthless,A bouquet of flowers is better than one hundredweight of flowers that are wilted,It's better to have a quiet and elegant person (qiyya means quiet/elegant in some contexts) who has flowers for good omen than a heavy amount of useless items,Better to be lucky than smart.,D,A bouquet of flowers is better than one hundredweight of flowers that are wilted,It's better to have a quiet and elegant person (qiyya means quiet/elegant in some contexts) who has flowers for good omen than a heavy amount of useless items,A quiet night is better than a large amount of noisy items that are worthless,"[The reasoning is that the proverb refers to the value of luck over intelligence, and people are prone to misinterpreting it due to wordplay or lack of cultural knowledge.]

[""A bouquet of flowers is better than one hundredweight of flowers that are wilted""]
[""It's better to have a quiet and elegant person (qiyya means quiet/elegant in some contexts) who has flowers for good omen than a heavy amou",1.0,1.0,3.17,0.76,92.8
a,cot_xl,Arabic,MID0418,وين يبان خيطك في البردعة.,A fool's errand.,A fool's errand.,False,Your thread will be visible in the freezer.,A fool's errand.,Your thread will be visible in the bait of a frozen fish.,Your thread will be visible in an icy lake.,B,Your thread will be visible in the freezer.,Your thread will be visible in an icy lake.,Your thread will be visible in the bait of a frozen fish.,"وين يبان خيطك في البردعة. 
Your thread (or a single thread) will be visible in the (fish) bait.

[""Your thread will be visible in the freezer."", ""Your thread will be visible in an icy lake."", ""Your thread will be visible in the bait of a frozen fish.""]",1.0,1.0,3.22,0.51,85.3
a,cot_xl,Arabic,MID0419,يد واحدة ماتصفق, It takes two to tango. , It takes two to tango. ,False, It takes two to tango. ,one-handed clapping causes death,one-handed clapping results in hand exhaustion,one hand can't clap itself,A,one hand can't clap itself,one-handed clapping causes death,one-handed clapping results in hand exhaustion,"يد واحدة ماتصفق translates to ""One hand dies, it claps"" - A possible wrong literal interpretation is that one person's clapping hand can't clap by itself.

يد واحدة ماتصفق translates to ""One hand dies, it claps"" - A possible wrong literal interpretation is that if one person uses only one hand, their action of clapping will result in death.

يد واحدة ماتصفق translates to ""One hand dies, it claps"" ",1.0,0.6666666666666666,1.0,0.88,86.4
a,cot_xl,Arabic,MID0420,يربى فم الجرح، ما يربى فم العار,Many words hurt more than swords,Many words hurt more than swords,False,injury can be fed a type of meal,the mouth of a wound is a type of farm plot to be cultivated,a wound is a type of pet that needs to be fed,Many words hurt more than swords,D,a wound is a type of pet that needs to be fed,the mouth of a wound is a type of farm plot to be cultivated,injury can be fed a type of meal,"""Many things can be fed or nourished in the mouth of a wound. Therefore, some things can be fed in the mouth of shame.""

 [""a wound is a type of pet that needs to be fed"", ""the mouth of a wound is a type of farm plot to be cultivated"", ""injury can be fed a type of meal""]",1.0,1.0,1.89,0.65,89.5
a,cot_xl,Arabic,MID0421,يرقد بعين واحد كي الذيب,Sleeping with one eye open.,Sleeping with one eye open.,False,A cave where animals sleep with only one eye visible.,Someone who only sleeps in one corner of the room.,A person who has a one-eyed animal as a pet.,Sleeping with one eye open.,D,Someone who only sleeps in one corner of the room.,A person who has a one-eyed animal as a pet.,A cave where animals sleep with only one eye visible.,"""يرقد بعين واحد كي الذيب"" could be interpreted as:
[""Someone who only sleeps in one corner of the room."", ""A person who has a one-eyed animal as a pet."", ""A cave where animals sleep with only one eye visible.""]",1.0,1.0,2.0,0.92,97.6
a,cot_xl,Arabic,MID0422,أنا ويّاك والزمن طويل,There's no getting away from me.,There's no getting away from me.,False,wrong literal 2,There's no getting away from me.,wrong literal 3,wrong literal 1,B,wrong literal 1,wrong literal 2,wrong literal 3,"أنا ويّاك والزمن طويل (I am with you and time is long).

[ 
""wrong literal 1"": The time between us is too long.
""wrong literal 2"": Time and I are with you.
""wrong literal 3"": The long time I am with you (implying a time of shared companionship, possibly romantic)
]",1.0,0.0,0.5,0.5,55.0
a,cot_xl,Arabic,MID0423,إذا في خير، ما كان تركه الطير.,Good things don't get left behind.,Good things don't get left behind.,False,Birds won't leave if food is available,The good things in life are not left behind by birds,Good things don't get left behind.,"If there's good weather, birds won't leave",C,Birds won't leave if food is available,"If there's good weather, birds won't leave",The good things in life are not left behind by birds,"إذا في خير، ما كان تركه الطير translates to Good things don't get left behind.

Here are three plausible but wrong literal interpretations:
[""Birds won't leave if food is available"", ""If there's good weather, birds won't leave"", ""The good things in life are not left behind by birds""]",1.0,1.0,1.39,0.81,94.3
a,cot_xl,Arabic,MID0424,إذن من طين وإذن من عجين.,Turn deaf ear.,Turn deaf ear.,False,You turn into clay and you turn into dough,The earth is clay and the flour is made of clay,The clay is allowed and the dough is also allowed,Turn deaf ear.,D,The earth is clay and the flour is made of clay,The clay is allowed and the dough is also allowed,You turn into clay and you turn into dough,"إذا أردنا تفسيرها خطأ، يمكننا القول أنه يخبرنا عن:

[""The earth is clay and the flour is made of clay"", ""The clay is allowed and the dough is also allowed"", ""You turn into clay and you turn into dough""]",1.0,1.0,3.33,0.72,91.6
a,cot_xl,Arabic,MID0425,ابن الحرام بيساويها وابن الحلال بيوقع فيها,Sometimes the innocent suffer with the guilty.,Sometimes the innocent suffer with the guilty.,False,,,,,,,,,"ابن الحرام بيساويها وابن الحلال بيوقع فيها (Sometimes the innocent suffer with the guilty.)

wrong literal 1: The son of the forbidden will equalize it and the son of the lawful will fall into it.
wrong literal 2: The child of the forbidden act will be equal to it and the child of the law will get into trouble because of it.
wrong literal 3: The son of the forbidden thing will be equivalent to it ",0.0,0.0,0.0,0.0,0.0
a,cot_xl,Arabic,MID0426,ابن الديب ما بيتربّى,The apple doesn't fall far from the tree.,The apple doesn't fall far from the tree.,False,,,,,,,,,"أبو الديب يصنع الثعبان.
The son of the hedgehog makes a snake.

The tree in the proverb is being replaced with a hedgehog, and the idea of the snake implies something deceitful or cunning. 

أبناء الضب عنصار الجبل.
The sons of the hyrax are bearers of the mountain.

The son and the tree are being replaced with the hyrax, a small animal, and the bearers of the mountain is a misunderstanding of the ",0.0,0.0,0.0,0.0,0.0
a,cot_xl,Arabic,MID0427,اختلط الحابل بالنابل,It's like a circus.,It's like a circus.,False,The flax plants are intertwined with the papyrus plants,The linen got mixed with the reed fibers,The linens are being wrapped inside the papyrus bundles,It's like a circus.,D,The linen got mixed with the reed fibers,The flax plants are intertwined with the papyrus plants,The linens are being wrapped inside the papyrus bundles,"The Arabic proverb ""اختلط الحابل بالنابل"" can be broken down into two words: ""الحابل"" meaning ""the flax"" or ""the linen"", and ""البنابل"" meaning ""the papyrus"" or ""the reed"". 

Here are three plausible but WRONG literal interpretations:

[""The linen got mixed with the reed fibers"", ""The flax plants are intertwined with the papyrus plants"", ""The linens are being wrapped inside the papyrus bundles""]",1.0,1.0,2.17,0.84,95.2
a,cot_xl,Arabic,MID0428,الأعور بين العميان ملك,"in the land of the blind, the one-eyed man is king","in the land of the blind, the one-eyed man is king",False,A person with one eye is the king of a physical space between two blind people.,"In a land where only one of the inhabitants has a single eye, the one-eyed person holds the throne.",The one-eyed man is the ruler of a land where the inhabitants have no eyesight.,"in the land of the blind, the one-eyed man is king",D,The one-eyed man is the ruler of a land where the inhabitants have no eyesight.,A person with one eye is the king of a physical space between two blind people.,"In a land where only one of the inhabitants has a single eye, the one-eyed person holds the throne.","<reasoning>The Arabic proverb ""الأعور بين العميان ملك"" is an idiomatic expression that means someone who has a slight advantage or a unique perspective can gain power or recognition in a setting where everyone else is lacking. This expression is not meant to be taken literally. However, we can generate plausible but incorrect literal interpretations. One possibility is to consider the physical asp",1.0,1.0,1.52,0.77,93.1
a,cot_xl,Arabic,MID0429,الإنسان حكيم نفسه,Knowing yourself is the beginning of all wisdom.,Knowing yourself is the beginning of all wisdom.,False,Knowing yourself is the beginning of all wisdom.,The human is so wise that they can solve world hunger by themselves.,Humans have a special organ that provides them with infinite wisdom.,Humans have an inbuilt calculator that provides them with all the wisdom they need.,A,The human is so wise that they can solve world hunger by themselves.,Humans have an inbuilt calculator that provides them with all the wisdom they need.,Humans have a special organ that provides them with infinite wisdom.,"الإنسان حكيم نفسه: 
The human is wise about themselves, which implies the human has a vast knowledge about themselves, like having an advanced degree in self-knowledge.

[""The human is so wise that they can solve world hunger by themselves."", ""Humans have an inbuilt calculator that provides them with all the wisdom they need."", ""Humans have a special organ that provides them with infinite wisdom.""",1.0,1.0,1.58,0.84,95.2
a,cot_xl,Arabic,MID0430,الله خلق الدنية بسبع أيام, Rome wasn't built in a day., Rome wasn't built in a day.,False,Rome was built using seven different architectural styles,Rome has seven major historical events within its founding days, Rome wasn't built in a day.,Rome has seven days of tourist attractions,C,Rome was built using seven different architectural styles,Rome has seven days of tourist attractions,Rome has seven major historical events within its founding days,"""God created Rome in seven days.""

[""Rome was built using seven different architectural styles"", ""Rome has seven days of tourist attractions"", ""Rome has seven major historical events within its founding days""]",1.0,1.0,1.39,0.8,94.0
a,cot_xl,Arabic,MID0431,المية -الماء- بتكذّب الغطّاس:,The proof of the pudding is in the eating.,The proof of the pudding is in the eating.,False,The proof of the pudding is in the eating.,Some people think the water is fake,Water is deceiving the diver,Dives can't jump in water,A,Dives can't jump in water,Some people think the water is fake,Water is deceiving the diver,"""المياه"" بتكذب الغطّاس: يعتقد البعض أن هذا القول يدل على أن المياه بتكذب الغطّاس لصعوبة الغطس في الماء.

[""Dives can't jump in water"", ""Some people think the water is fake"", ""Water is deceiving the diver""]",1.0,1.0,0.63,0.82,94.6
a,cot_xl,Arabic,MID0432,باب النجّار مخلّع,The shoemaker's wife is ill shod ,The shoemaker's wife is ill shod ,False,wrong literal 3,wrong literal 1,wrong literal 2,The shoemaker's wife is ill shod ,D,wrong literal 1,wrong literal 2,wrong literal 3,"The proverb means that even the shoemaker's wife is not well-cared for her footwear, implying that they themselves may not be skilled or may have poor quality products.

""wrong literal 1"": The shoemaker's wife has a habit of kicking the door.
""wrong literal 2"": The shoemaker has a wooden shoe.
""wrong literal 3"": The shoemaker's wife is a skilled dancer.",1.0,0.0,0.5,0.5,55.0
a,cot_xl,Arabic,MID0433,بات مظلوم ولا تبات ظالم,"Better suffer ill, than do ill.","Better suffer ill, than do ill.",False,"After being a victim of the festivities, don't be cruel during Eid.","The rain has been unjust to you, don't be unjust while driving in the rain.","Better suffer ill, than do ill.","While eating fava beans, don't be the victim of injustice.",C,"The rain has been unjust to you, don't be unjust while driving in the rain.","After being a victim of the festivities, don't be cruel during Eid.","While eating fava beans, don't be the victim of injustice.","[أثناء السفر على طريق ماطرة المطر] بات مظلوم ولا تبات ظالم 
[""The rain has been unjust to you, don't be unjust while driving in the rain.""]
[وكان في يوم عيد] بات مظلوم ولا تبات ظالم
[""After being a victim of the festivities, don't be cruel during Eid.""]
[عندما تأكل الفول] بات مظلوم ولا تبات ظالم
[""While eating fava beans, don't be the victim of injustice.""]",1.0,1.0,2.06,0.79,93.7
a,cot_xl,Arabic,MID0434,باردة مبرّدة,Gift horse in the mouth.,Gift horse in the mouth.,False,A cold refreshing drink,A frosty soothing ice pack,Gift horse in the mouth.,A frozen cooling breeze,C,A cold refreshing drink,A frozen cooling breeze,A frosty soothing ice pack,"""Gift horse in the mouth"" is a translation of the Arabic proverb ""باردة مبرّدة"", which is actually a idiomatic expression. The correct idiom is ""don't look a gift horse in the mouth"".

Here are three plausible but wrong literal interpretations:

[""A cold refreshing drink"", ""A frozen cooling breeze"", ""A frosty soothing ice pack""]",1.0,0.3333333333333333,0.87,0.87,76.1
a,cot_xl,Arabic,MID0435,بدّه من الدواق رطل وأربع واق,Give him an inch and he take a mile.,Give him an inch and he take a mile.,False,He took a pipe (as a gift) and he gave him four flutes.,Give him an inch and he take a mile.,He sold him a flute for a pound and four more for an extra cost.,He borrowed a flute and took four more as a loan.,B,He took a pipe (as a gift) and he gave him four flutes.,He borrowed a flute and took four more as a loan.,He sold him a flute for a pound and four more for an extra cost.,"بدّه من الدواق رطل وأربع واق 
reasoning: The Arabic phrase ""بدّه من الدواق"" literally means ""from a flute"" or ""from a pipe"", suggesting that the proverb is actually about someone taking musical instruments rather than taking more power or advantage than given.

[""He took a pipe (as a gift) and he gave him four flutes."", ""He borrowed a flute and took four more as a loan."", ""He sold him a flute for ",1.0,1.0,1.44,0.69,90.7
a,cot_xl,Arabic,MID0436,بكينا لعمينا ومشينا لحفينا,The path to success is paved with difficulty.,The path to success is paved with difficulty.,False,Difficulty causes us to cry and run to funerals.,The path to success is paved with eye growths.,We cry and run to funerals when someone's old age becomes difficult.,The path to success is paved with difficulty.,D,The path to success is paved with eye growths.,Difficulty causes us to cry and run to funerals.,We cry and run to funerals when someone's old age becomes difficult.,"[When someone grows an eye in their side and someone else gets older with difficulty, we cry on their behalf, and we run to their funeral.]
[
  ""The path to success is paved with eye growths."",
  ""Difficulty causes us to cry and run to funerals."",
  ""We cry and run to funerals when someone's old age becomes difficult.""
]",1.0,1.0,1.25,0.88,96.4
a,cot_xl,Arabic,MID0437,بندوراية ممخمخة بتنزع سحّارة,One bad apple spoils the whole bunch.,One bad apple spoils the whole bunch.,False,A bird picks thorns to spoil a garden,A thorn hurts the bird and spoils its nest,A bird removes a thorn to cure its feathers,One bad apple spoils the whole bunch.,D,A bird picks thorns to spoil a garden,A thorn hurts the bird and spoils its nest,A bird removes a thorn to cure its feathers,"""Since the proverb mentions a 'panduraya' (a type of bird) removing a 'suhhara' (a type of thorn), one could mistakenly assume that the proverb is saying the bird is the one who picks the thorn, or that the thorn is the problem and not the bad apple.""

[""A bird picks thorns to spoil a garden"", ""A thorn hurts the bird and spoils its nest"", ""A bird removes a thorn to cure its feathers""]",1.0,1.0,1.24,0.77,93.1
a,cot_xl,Arabic,MID0438,تغدّى فيه قبل ما يتعشّى فيك,Get your blow in first.,Get your blow in first.,False,"To use the device, you have to feed it with materials before it can be used for eating.",Get your blow in first.,You need to eat food before you can eat it from a container.,The device must be fed power before it can provide power to a device.,B,You need to eat food before you can eat it from a container.,The device must be fed power before it can provide power to a device.,"To use the device, you have to feed it with materials before it can be used for eating.","""Before you can eat in it, you feed in it.""

[""You need to eat food before you can eat it from a container."", ""The device must be fed power before it can provide power to a device."", ""To use the device, you have to feed it with materials before it can be used for eating.""]",1.0,1.0,3.0,0.75,92.5
a,cot_xl,Arabic,MID0439,تيتي تيتي متل ما رحتي متل ما جيتي,Came back empty-handed.,Came back empty-handed.,False,Titi is a type of bird that migrates in large numbers,Empty-handed means a person has no hands,The phrase is a mathematical formula used to calculate distances traveled,Came back empty-handed.,D,Titi is a type of bird that migrates in large numbers,Empty-handed means a person has no hands,The phrase is a mathematical formula used to calculate distances traveled,"[""Titi is a type of bird that migrates in large numbers"", ""Empty-handed means a person has no hands"", ""The phrase is a mathematical formula used to calculate distances traveled""]",1.0,1.0,3.22,0.93,97.9
a,cot_xl,Arabic,MID0440,حبل الكذب قصير,A lie has no legs.,A lie has no legs.,False,A lie has no legs.,The rope of lies has little material,The rope of lies has short fibers,The rope of lies is lightweight,A,The rope of lies has little material,The rope of lies has short fibers,The rope of lies is lightweight,"حبل الكذب قصير - In this proverb, the truth is that a lie is something that can be short-lived (like a short rope) but the phrase literally implies that a lie is physically short or has short length because of the physical property of a rope. 

[""The rope of lies has little material"", ""The rope of lies has short fibers"", ""The rope of lies is lightweight""]",1.0,1.0,1.33,0.52,85.6
a,cot_xl,Arabic,MID0441,شو بتعمل الماشطه بهالوش العكر.,Putting lipstick on a pig.,Putting lipstick on a pig.,False,The act of making a pig is an act of beauty,Putting lipstick on a pig.,Lipstick is the cause of a pig's corruption,Making a pig into a lipstick container,B,Making a pig into a lipstick container,Lipstick is the cause of a pig's corruption,The act of making a pig is an act of beauty,"<reasoning>Arabic proverb is advising against cosmetic changes to a flawed system or idea rather than the actual object (in this case, a pig).</reasoning>
[""Making a pig into a lipstick container"", ""Lipstick is the cause of a pig's corruption"", ""The act of making a pig is an act of beauty""]",1.0,1.0,1.73,0.76,92.8
a,cot_xl,Arabic,MID0442,طنجرة ولقت غطاها,birds of a feather flock together.,birds of a feather flock together.,False,birds of a feather flock together.,A tanjira has a lid that matches its shape.,A tanjira (earthenware pot) is filled with its matching lid.,A tanjira is found with its matching cover.,A,A tanjira (earthenware pot) is filled with its matching lid.,A tanjira is found with its matching cover.,A tanjira has a lid that matches its shape.,"<reasoning>In Arabic proverbs, ""طنجرة"" (tanjira) refers to a pot, but here it's used metaphorically to mean a group or community, similar to how ""flock"" is used in the English translation. However, if taken literally, a tanjira is actually a type of earthenware pot. This distinction allows us to generate wrong literal interpretations.</reasoning>

[""A tanjira (earthenware pot) is filled with its m",1.0,1.0,1.5,0.69,90.7
a,cot_xl,Arabic,MID0443,عصافير بطني عم تزقزق ,Hungry enough to eat a horse.,Hungry enough to eat a horse.,False,Hungry enough to eat a horse.,A stomach full of songbirds will cause you to shake.,My belly full of weavers causes me to tremble.,"If my waist is full of sparrows, I am getting anxious.",A,A stomach full of songbirds will cause you to shake.,"If my waist is full of sparrows, I am getting anxious.",My belly full of weavers causes me to tremble.,"""because it contains an idiom of eating a horse"" عصافير بطني عم تزقزق 

[""A stomach full of songbirds will cause you to shake."", ""If my waist is full of sparrows, I am getting anxious."", ""My belly full of weavers causes me to tremble.""]",1.0,1.0,1.67,0.84,95.2
a,cot_xl,Arabic,MID0444,فولة وانقسمت نصين,As like a two peas in a pod.,As like a two peas in a pod.,False,As like a two peas in a pod.,{'wrong literal 3': 'A pod that was previously whole is now divided into two halves.'},"{'wrong literal 1': 'As like a split pea, one half is left alone.'}",{'wrong literal 2': 'Two peas split into two different types.'},A,"{'wrong literal 1': 'As like a split pea, one half is left alone.'}",{'wrong literal 2': 'Two peas split into two different types.'},{'wrong literal 3': 'A pod that was previously whole is now divided into two halves.'},"""فولة وانقسمت نصين"" is an Arabic proverb that translates to ""As like a two peas in a pod."" The proverb is about how two people are very close and inseparable, much like two peas in a pod.

Here are 3 plausible but wrong literal interpretations:

[{""wrong literal 1"": ""As like a split pea, one half is left alone.""}, {""wrong literal 2"": ""Two peas split into two different types.""}, {""wrong literal 3"":",1.0,1.0,1.58,0.85,95.5
a,cot_xl,Arabic,MID0445,كترة الأيادي بتحرق الطبخة,Too many cooks spoil the broth,Too many cooks spoil the broth,False,Many hands cause a pot to burn,Excessive hand movement ignites a dish,A large number of hands causes a saucepan to overheat,Too many cooks spoil the broth,D,Many hands cause a pot to burn,Excessive hand movement ignites a dish,A large number of hands causes a saucepan to overheat,"<reasoning>The proverb's literal translation does not imply the involvement of cooks in a kitchen setting, which is a common misconception.</reasoning>
[""Many hands cause a pot to burn"", ""Excessive hand movement ignites a dish"", ""A large number of hands causes a saucepan to overheat""]",1.0,1.0,1.28,0.87,96.1
a,cot_xl,Arabic,MID0446,كترة المال بتشغل البال,"More money, more problems.","More money, more problems.",False,"More money, more problems.",A lot of money causes the head to rotate continuously,A large amount of money is spinning the brain,Much wealth spins and confuses the mind,A,A lot of money causes the head to rotate continuously,Much wealth spins and confuses the mind,A large amount of money is spinning the brain,"""كترة المال بتشغل البال"" translates to ""A lot of money makes the brain spin"" or ""More money, more problems"" in English. 

Here are 3 plausible but wrong literal interpretations:

[""A lot of money causes the head to rotate continuously"", ""Much wealth spins and confuses the mind"", ""A large amount of money is spinning the brain""]",1.0,1.0,2.17,0.87,96.1
a,cot_xl,Arabic,MID0447,كل الطرق بتودي للطاحون,All roads lead to Rome.,All roads lead to Rome.,False,All roads are suitable for someone who loves to hear the sound of the mill,The wind blows all roads to the mill,All roads are suitable for grinders,All roads lead to Rome.,D,The wind blows all roads to the mill,All roads are suitable for grinders,All roads are suitable for someone who loves to hear the sound of the mill,"""كل الطرق بتودي للطاحون"" is not the exact Arabic translation of the English proverb, the correct proverb should be ""كُلُ الطَرِيقِ يَدُودُ لِلطَاهون"", but we will use the provided proverb for this task:

If we take the proverb at face value and literally interpret the words, we can come up with the following incorrect meanings:

[""The wind blows all roads to the mill"", ""All roads are suitable for ",1.0,1.0,1.93,0.72,91.6
a,cot_xl,Arabic,MID0448,كل شي ممنوع مرغوب,Forbidden fruit is sweet.,Forbidden fruit is sweet.,False,Forbidden fruit is sweet.,"In a world where all things are prohibited, sweetness is preferred","If everything is forbidden, then a specific type of fruit is most wanted",Forbidden items are only desirable when they are of the fruit category,A,"In a world where all things are prohibited, sweetness is preferred","If everything is forbidden, then a specific type of fruit is most wanted",Forbidden items are only desirable when they are of the fruit category,"[""In a world where all things are prohibited, sweetness is preferred"", ""If everything is forbidden, then a specific type of fruit is most wanted"", ""Forbidden items are only desirable when they are of the fruit category""]",1.0,1.0,3.0,0.92,97.6
a,cot_xl,Arabic,MID0449,كل عقدة وإلها حلاَّل,Every problem has a solution.,Every problem has a solution.,False,A node on a rope is allowed.,Every problem has a solution.,Every knot is halal (allowed) in terms of rope use.,The problem of every knotted rope has a solution.,B,A node on a rope is allowed.,The problem of every knotted rope has a solution.,Every knot is halal (allowed) in terms of rope use.,"""كل عقدة وإلها حلاَّل"" could be interpreted in multiple ways. Here are three plausible but wrong literal interpretations:

[""A node on a rope is allowed."", ""The problem of every knotted rope has a solution."", ""Every knot is halal (allowed) in terms of rope use.""]",1.0,1.0,1.73,0.84,95.2
a,cot_xl,Arabic,MID0450,كلنا بالهوى سوى,We're on the same page.,We're on the same page.,False,We're on the same page.,All of us are at the beach because of a fish,We're all wearing perfume except for one of us,Everyone carries a fan everywhere they go except for one person,A,All of us are at the beach because of a fish,Everyone carries a fan everywhere they go except for one person,We're all wearing perfume except for one of us,"<reasoning>Arabic proverbs often use poetic language to convey a deeper meaning</reasoning>
[""All of us are at the beach because of a fish"", ""Everyone carries a fan everywhere they go except for one person"", ""We're all wearing perfume except for one of us""]",1.0,1.0,2.07,0.86,95.8
a,cot_xl,Arabic,MID0451,ما في دخان بلا نار,There is no smoke without fire.,There is no smoke without fire.,False,This new coffee maker creates a smoke without actually burning anything.,The smoke is a sign of an evil spirit.,There is no smoke without fire.,There is a new law that prohibits smoking without owning a fire.,C,The smoke is a sign of an evil spirit.,There is a new law that prohibits smoking without owning a fire.,This new coffee maker creates a smoke without actually burning anything.,"There is no smoke without fire. 
This proverb warns people of potential danger or deceit, but is it talking about an actual literal fire with smoke or maybe an actual smoke without any fire in a different context?

[""The smoke is a sign of an evil spirit."", ""There is a new law that prohibits smoking without owning a fire."", ""This new coffee maker creates a smoke without actually burning anything.""",1.0,1.0,1.78,0.87,96.1
a,cot_xl,Arabic,MID0452,متل أمل ابليس بالجنِّة,When pigs fly!,When pigs fly!,False,When pigs fly!,Pigs are similar to those who have a similar liking to the place where jinn live in paradise as Satan does,The flying of pigs is compared to the Satan's wish for the place where jinn live in paradise,Pigs have a similar liking to a place where jinn live as they like Hell,A,Pigs have a similar liking to a place where jinn live as they like Hell,The flying of pigs is compared to the Satan's wish for the place where jinn live in paradise,Pigs are similar to those who have a similar liking to the place where jinn live in paradise as Satan does,"<reasoning>In Arabic proverbs, ""ابليس"" can also refer to 'Satan' and here ' الجنَّة' can be misunderstood as 'the place where jinn live'. Also, 'متل' in its most literal form can be understood as a comparative conjunction.</reasoning>
[""Pigs have a similar liking to a place where jinn live as they like Hell"", ""The flying of pigs is compared to the Satan's wish for the place where jinn live in para",1.0,1.0,6.0,0.63,88.9
a,cot_xl,Arabic,MID0453,مثل الهم عالقلب,a drug on the market.,a drug on the market.,False,a type of medication that's commonly sold,a market stall selling homemade remedies,a drug on the market.,a drugstore or pharmacy on the main street,C,a type of medication that's commonly sold,a drugstore or pharmacy on the main street,a market stall selling homemade remedies,"مثل الهم عالقلب  translates to ""a drug on the market"" because a ""هم"" (hamm) refers to a 'drug' in some contexts and 'القلب' (al-qalb)  means 'market'. However, this is a metaphor as it is actually referring to something that is pleasing or enjoyable rather than a literal market or a product on sale.

Here's a JSON list of plausible but wrong literal interpretations:

[
  ""a type of medication that",1.0,1.0,1.4,0.92,97.6
a,cot_xl,Arabic,MID0454,يلّي فات مات,Let bygones be bygones.,Let bygones be bygones.,False,camel forgets past and dies,a camel forgets its past and then dies,camel's past death is forgotten,Let bygones be bygones.,D,camel forgets past and dies,camel's past death is forgotten,a camel forgets its past and then dies,"يلّي فات مات
""when the camel forgets its past, it dies.""

 [""camel forgets past and dies"", ""camel's past death is forgotten"", ""a camel forgets its past and then dies""]",1.0,1.0,1.5,0.73,91.9
a,cot_xl,Arabic,MID0455,أعور ببلاد العميين ملك,"in the land of the blind, the one-eyed man is king","in the land of the blind, the one-eyed man is king",False,"A one-eyed person is able to rule due to their ability to see more than others in the land, but their one eye is a separate entity.",A person who is literally blind cannot rule a land of people with different levels of blindness.,One-eyed individuals are more fit to rule in a place with a high rate of blindness due to their physical uniqueness being a result of their past life choices.,"in the land of the blind, the one-eyed man is king",D,A person who is literally blind cannot rule a land of people with different levels of blindness.,"A one-eyed person is able to rule due to their ability to see more than others in the land, but their one eye is a separate entity.",One-eyed individuals are more fit to rule in a place with a high rate of blindness due to their physical uniqueness being a result of their past life choices.,"A person who is literally blind cannot be a king because they wouldn't be able to see or rule properly. But a person with one eye might be more capable but still have a physical limitation that would hinder their ability to rule a land of blind people, however, the actual translation suggests that a partially sighted individual is actually the one who holds authority in a place where many are comp",1.0,1.0,2.21,0.85,95.5
a,cot_xl,Arabic,MID0456,ألماينوش العنب يكول عنه حصرم,They would find a fault with a fat goose.,They would find a fault with a fat goose.,False,They would find a fault with a fat goose.,The grapes had to be carefully transported to avoid breaking.,They tried to harvest the grapes before they were ripe.,Someone thought the grapes were being used in a special dish.,A,They tried to harvest the grapes before they were ripe.,Someone thought the grapes were being used in a special dish.,The grapes had to be carefully transported to avoid breaking.,"""ألماينوش العنب يكول عنه حصرم"" (They would find a fault with a fat goose.)

They are using grapes ( العنب ) which is often confused with the phrase for grapes being confused with the phrase for fault ( عنب ). Thus making an incorrect assumption of it referring to a type of fruit, not the word for fault itself.

[""They tried to harvest the grapes before they were ripe."", ""Someone thought the grapes",1.0,1.0,1.15,0.84,95.2
a,cot_xl,Arabic,MID0457,إجاك الموت یا تارك الصلاة,Your sins have caught up with you ,Your sins have caught up with you ,False,Your sins have caught up with you ,your death,إجاك الموت,Your sins have caught up with you,A,Your sins have caught up with you,إجاك الموت,your death,"[إجاك الموت یا تارك الصلاة translates to ""Your sins have caught up with you"" in English. Here are 3 plausible but wrong literal interpretations.]

[The reason: The phrase ""إجاك الموت"" literally means ""your death"" and ""یا تارك الصلاة"" means ""or the one who abandons prayer"" (i.e. someone who doesn't pray).]

[""You will die if you abandon prayer"", ""Death is a consequence of not praying"", ""Your demise",1.0,0.3333333333333333,0.52,0.96,78.8
a,cot_xl,Arabic,MID0458,اجفي الجرّة على ثمها والبنية على ذيل أمها,Like mother like daughter,Like mother like daughter,False,Like mother like daughter,Don't put the jar on the grapes and the female camel on the tail of its mother while riding,Place the jar on the cluster of grapes and stand the young girl on the tail of her mother like a seesaw,Hang the jar on the grapes and support the young female on the tail of her mother as a swing,A,Don't put the jar on the grapes and the female camel on the tail of its mother while riding,Hang the jar on the grapes and support the young female on the tail of her mother as a swing,Place the jar on the cluster of grapes and stand the young girl on the tail of her mother like a seesaw,"اجفي الجرّة على ثمها والبنية على ذيل أمها (English translation: Like mother like daughter)

Here are 3 plausible but wrong literal interpretations:

[""Don't put the jar on the grapes and the female camel on the tail of its mother while riding""]
[""Hang the jar on the grapes and support the young female on the tail of her mother as a swing""]
[""Place the jar on the cluster of grapes and stand the you",1.0,1.0,5.08,0.59,87.7
a,cot_xl,Arabic,MID0459,اجه يكحلها عماها,Gild the lily.,Gild the lily.,False,the aunt is a goldsmith,the aunt is gilding her own foot,Gild the lily.,aunt is a type of precious flower,C,the aunt is a goldsmith,aunt is a type of precious flower,the aunt is gilding her own foot,"اجة يَكحلها عماها 
""Because the aunt gilds her aunt.""

 [""the aunt is a goldsmith"", ""aunt is a type of precious flower"", ""the aunt is gilding her own foot""]",1.0,1.0,2.11,0.72,91.6
a,cot_xl,Arabic,MID0460,اصبر عالحصرم تاكل عنب.,Good things come to those who wait.,Good things come to those who wait.,False,One must eat the grapevine to be patient.,The pomegranate is being eaten while being patient.,wrong literal 1,Good things come to those who wait.,D,wrong literal 1,The pomegranate is being eaten while being patient.,One must eat the grapevine to be patient.,"The proverb ""اصبر عالحصرم تاكل عنب"" can be broken down as follows: ""اصبر"" means to be patient or forbearing, ""الحصرم"" means the pomegranate tree or the pomegranate's arils, and ""تاكل"" means to eat. However, the word ""عنب"" (which is the direct object of ""تاكل"") actually means grapes.

<reasoning>Given the word ""عنب"" means grapes, not pomegranates, one could reason that the proverb is actually advis",1.0,0.6666666666666666,0.9,0.95,88.5
a,cot_xl,Arabic,MID0461,اكسر البصله واشتمّها والبنيه على ذيل أمها,Like mother like daughter.,Like mother like daughter.,False,Smashing reeds and smelling them will result in being born with a mother's tail.,The body will literally be on the tail of its biological mother after someone breaks a reed and sniffs it.,Like mother like daughter.,"Breaking reeds and sniffing them leads to giving birth on a tail, possibly the tail of the mother.",C,Smashing reeds and smelling them will result in being born with a mother's tail.,The body will literally be on the tail of its biological mother after someone breaks a reed and sniffs it.,"Breaking reeds and sniffing them leads to giving birth on a tail, possibly the tail of the mother.","اكسر البصله واشتمّها والبنيه على ذيل أمها translates to ""Break the reed and sniff it, and the body will be on the tail of its mother.""

[""Smashing reeds and smelling them will result in being born with a mother's tail."", ""The body will literally be on the tail of its biological mother after someone breaks a reed and sniffs it."", ""Breaking reeds and sniffing them leads to giving birth on a tail, po",1.0,1.0,4.33,0.85,95.5
a,cot_xl,Arabic,MID0462,"الغايب عذره وياه
",The absent party is not faulty.,The absent party is not faulty.,False,,,,,,,,,"The absent party is not faulty.

The absent party's excuse is its fault.
The absent party's absence is a punishment.
A party that is absent should be held accountable.",0.0,0.0,0.0,0.0,0.0
a,cot_xl,Arabic,MID0463,"الغركان يجلب بالحشيش
",A drowing man will catch at a straw.,A drowing man will catch at a straw.,False,A drowing man will catch at a straw.,The man will bring a crane to hashish,A crane will bring a man with hashish,A man with a crane will sell hashish,A,A crane will bring a man with hashish,The man will bring a crane to hashish,A man with a crane will sell hashish,"[A man will bring a crane with a straw] 
[""A crane will bring a man with hashish"", ""The man will bring a crane to hashish"", ""A man with a crane will sell hashish""]",1.0,1.0,1.0,0.36,80.8
a,cot_xl,Arabic,MID0464,القرد بعين أمة غزال,"Beauty is in the eye of the beholder.
","Beauty is in the eye of the beholder.
",False,The beholder's eye must be like a gazelle's eye to behold beauty,The monkey has a specific type of eye that is used to behold gazelles,One can behold beauty with a monkey's eye,"Beauty is in the eye of the beholder.
",D,The monkey has a specific type of eye that is used to behold gazelles,The beholder's eye must be like a gazelle's eye to behold beauty,One can behold beauty with a monkey's eye,"<reasoning>The Arabic proverb ""القرد بعين أمة غزال"" is often mistakenly translated to convey a sense of the beauty being physically present within the beholder's eye itself, or that a specific type of eye is responsible for perceiving beauty. However, the original proverb is a metaphorical expression indicating that beauty is subjective and dependent on individual perception.</reasoning>

[""The mo",1.0,1.0,1.42,0.78,93.4
a,cot_xl,Arabic,MID0465,اللي تلدغة الحية يخاف من جرد الحبل.,"Once bitten, twice shy.","Once bitten, twice shy.",False,Someone who has been bitten by a mosquito will be cautious of threads made of grass.,A person who has been bitten by a wasp will be wary of woolen threads.,"Once bitten, twice shy.",A snake that has been bitten will be afraid of the thread that holds its prey.,C,A snake that has been bitten will be afraid of the thread that holds its prey.,Someone who has been bitten by a mosquito will be cautious of threads made of grass.,A person who has been bitten by a wasp will be wary of woolen threads.,"Once bitten, twice shy means that someone becomes cautious or hesitant after experiencing something unpleasant, often to the point of being overly cautious.

Here are 3 plausible but wrong literal interpretations:

[ ""A snake that has been bitten will be afraid of the thread that holds its prey."", ""Someone who has been bitten by a mosquito will be cautious of threads made of grass."", ""A person who",1.0,1.0,3.92,0.64,89.2
a,cot_xl,Arabic,MID0466,الما يعرف يرگص يگول الگاع عوجة.,Poor craftsman blames his tools.,Poor craftsman blames his tools.,False,"When a poor person is in love, he will blame everyone else for being in the way of his happiness.",Poor craftsman blames his tools.,A man who dances in the rain will blame the rain for his clothes being wet.,A poor man who is a good singer will blame the whole world for being off-key.,B,A man who dances in the rain will blame the rain for his clothes being wet.,"When a poor person is in love, he will blame everyone else for being in the way of his happiness.",A poor man who is a good singer will blame the whole world for being off-key.,"""The poor one who is aware will dance and blame the whole world for his wrongness.""

[""A man who dances in the rain will blame the rain for his clothes being wet."", ""When a poor person is in love, he will blame everyone else for being in the way of his happiness."", ""A poor man who is a good singer will blame the whole world for being off-key.""]",1.0,1.0,3.47,0.66,89.8
a,cot_xl,Arabic,MID0467,المسامح كريم,"Forgiveness is the attribute of the strong. / To err is human, to forgive is divine","Forgiveness is the attribute of the strong. / To err is human, to forgive is divine",False,"Forgiveness is the attribute of the strong. / To err is human, to forgive is divine",{'reasoning': 'The proverb suggests that strong people have a lot of samam (scales) on their heads'},"{'reasoning': 'The word ""مسامح"" has a similar sound to ""مسامح"" which means ""scales"", therefore the proverb is talking about weighing forgiveness'}","{'reasoning': ""The strong (or 'kareem') people have a lot of hair on their body which is also referred as 'masamih'""}",A,{'reasoning': 'The proverb suggests that strong people have a lot of samam (scales) on their heads'},"{'reasoning': 'The word ""مسامح"" has a similar sound to ""مسامح"" which means ""scales"", therefore the proverb is talking about weighing forgiveness'}","{'reasoning': ""The strong (or 'kareem') people have a lot of hair on their body which is also referred as 'masamih'""}","The proverb ""المسامح كريم"" in Arabic translates to ""Forgiveness is the attribute of the strong"" or ""To err is human, to forgive is divine"" in English.

Here are 3 plausible but incorrect literal interpretations:

[{""reasoning"": ""The proverb suggests that strong people have a lot of samam (scales) on their heads""}, {""reasoning"": ""The word \""مسامح\"" has a similar sound to \""مسامح\"" which means \""sca",1.0,1.0,1.19,0.81,94.3
a,cot_xl,Arabic,MID0468,الي ما یلوح العنب یگول حامض,He/ She would find a fault with a fat goose. ,He/ She would find a fault with a fat goose. ,False,You must go to the beach to find a goose.,"If you're looking for a fat friend, you'll find a problem.",He/ She would find a fault with a fat goose. ,This phrase is only used for people with goosebumps.,C,You must go to the beach to find a goose.,"If you're looking for a fat friend, you'll find a problem.",This phrase is only used for people with goosebumps.,"Here are the reasons in Arabic and the incorrect literal interpretations in English:

العكس صحيح، فالقول في هذا العبارة يجب أن يكون باللغة الأصلية، لأن المعنى يختلف باختلاف اللغة.

[""You must go to the beach to find a goose."", ""If you're looking for a fat friend, you'll find a problem."", ""This phrase is only used for people with goosebumps.""]",1.0,1.0,1.0,0.94,98.2
a,cot_xl,Arabic,MID0469,اليدري يدري والمايدري گضبة (قبضة) عدس.,One half of the world doesn’t know how the other half lives.,One half of the world doesn’t know how the other half lives.,False,The wise person's hand knows the other half and the stupid person's hand is a fist of lentils.,One half of the world knows the other half knows and that half is a bag of lentils.,One half of the world doesn’t know how the other half lives.,"When one half of the world is asleep, the other half is a clenched fist holding lentils.",C,One half of the world knows the other half knows and that half is a bag of lentils.,The wise person's hand knows the other half and the stupid person's hand is a fist of lentils.,"When one half of the world is asleep, the other half is a clenched fist holding lentils.","[One half of the world knows the other half and the other half is a fist of lentils.]

[""One half of the world knows the other half knows and that half is a bag of lentils.""]
[""The wise person's hand knows the other half and the stupid person's hand is a fist of lentils.""]
[""When one half of the world is asleep, the other half is a clenched fist holding lentils.""]",1.0,1.0,1.47,0.53,85.9
a,cot_xl,Arabic,MID0470,بزونه أم سبع ترواح,A cat has nine lives.,A cat has nine lives.,False,A cat has nine lives.,"The cat is made of nine parts, hence the phrase.",The cat's lifespan is not being referred to here but rather its nine distinctive colors.,"There are exactly nine cats in the proverb, not lives.",A,"The cat is made of nine parts, hence the phrase.","There are exactly nine cats in the proverb, not lives.",The cat's lifespan is not being referred to here but rather its nine distinctive colors.,"<reasoning>This proverb is not directly related to the literal lifespan of cats. Its meaning can be misconstrued if taken out of context.</reasoning>
[""The cat is made of nine parts, hence the phrase."", ""There are exactly nine cats in the proverb, not lives."", ""The cat's lifespan is not being referred to here but rather its nine distinctive colors.""]",1.0,1.0,2.33,0.87,96.1
a,cot_xl,Arabic,MID0471,تيتي تيتي مثل ما رحتي جيتي.,Came empty-handed.,Came empty-handed.,False,"just like I walked the same distance, I returned",my journey was the same in both directions,the traveler returned exactly as they left,Came empty-handed.,D,the traveler returned exactly as they left,"just like I walked the same distance, I returned",my journey was the same in both directions,"تيتي تيتي مثل ما رحتي جيتي 
""came empty-handed"" means literally, ""just like my trip I returned"".

[ 
""the traveler returned exactly as they left"",
""just like I walked the same distance, I returned"",
""my journey was the same in both directions""
]",1.0,1.0,4.0,0.88,96.4
a,cot_xl,Arabic,MID0472,رجع أيد من وره وأيد من كدام,Came away empty-handed.,Came away empty-handed.,False,Came back to help someone from a hole,Returned from a location with someone,Came back with someone from one place to another,Came away empty-handed.,D,Came back to help someone from a hole,Returned from a location with someone,Came back with someone from one place to another,"""رجع أيد من وره وأيد من كدام"" translates to ""Came away empty-handed."" The reasoning is as follows: 

- The phrase is suggesting that someone returned from their endeavor, possibly a business transaction, but was unsuccessful in obtaining anything, hence ""empty-handed."" However, a wrong interpretation could be focusing on the physical act of returning rather than the outcome. 
- Another plausible b",1.0,1.0,2.56,0.69,90.7
a,cot_xl,Arabic,MID0473,عبد يكول لعبد وجهك اسود,The pot calling the kettle black.,The pot calling the kettle black.,False,wrong literal 1,wrong literal 2,The pot calling the kettle black.,wrong literal 3,C,wrong literal 1,wrong literal 2,wrong literal 3,"عبد يكول لعبد وجهك اسود (English translation: The pot calling the kettle black.)

""wrong literal 1"": The servant calling the other servant to paint your face black. 
""wrong literal 2"": The pot is commanding the slave to paint the master's face black. 
""wrong literal 3"": The servant is yelling at the other servant because the latter's face turned black after being burned.",1.0,0.0,0.5,0.5,55.0
a,cot_xl,Arabic,MID0474,كل ما جاله يمشي ليوره مثل بول البعير,"One step forward, two steps back.","One step forward, two steps back.",False,"He gives him everything, but his gift resembles the smell of a donkey's sweat.","Whatever he gives, it moves towards him like a camel's dung.","Whatever he gives, he walks for him like a camel's calf.","One step forward, two steps back.",D,"He gives him everything, but his gift resembles the smell of a donkey's sweat.","Whatever he gives, he walks for him like a camel's calf.","Whatever he gives, it moves towards him like a camel's dung.","كل ما جاله يمشي ليوره مثل بول البعير 

- He gives him everything, but his gift resembles the smell of a donkey's sweat.
- Whatever he gives, he walks for him like a camel's calf.
- Whatever he gives, it moves towards him like a camel's dung.",1.0,1.0,2.0,0.74,92.2
a,cot_xl,Arabic,MID0475,لا تبيع السمجه و هيه بلشط,Don't sell the skin before you've caught the bear.,Don't sell the skin before you've caught the bear.,False,"The washing machine is not designed to handle bear skin, and it will get damaged.","The bear is allergic to soap, and if you wash its skin before catching it, it will have a severe reaction.",Don't sell the skin before you've caught the bear.,"The bear's skin is too valuable, and you will be charged for the washing fee.",C,"The bear is allergic to soap, and if you wash its skin before catching it, it will have a severe reaction.","The bear's skin is too valuable, and you will be charged for the washing fee.","The washing machine is not designed to handle bear skin, and it will get damaged.","لا تبيع السمجه و هيه بلشط  
You should not sell the bear skin before it is washed.

[""The bear is allergic to soap, and if you wash its skin before catching it, it will have a severe reaction."", ""The bear's skin is too valuable, and you will be charged for the washing fee."", ""The washing machine is not designed to handle bear skin, and it will get damaged.""]",1.0,1.0,1.89,0.78,93.4
a,cot_xl,Arabic,MID0476,لنار تخلف رماد,Fire could leave ashes behind.,Fire could leave ashes behind.,False,Fire could only leave behind embers.,Fire would be followed by smoke.,Fire was a result of ashes.,Fire could leave ashes behind.,D,Fire could only leave behind embers.,Fire would be followed by smoke.,Fire was a result of ashes.,"<reasoning> Arabic proverbs often use metaphors and allusions to convey deeper meanings. A literal interpretation may misrepresent the intended message.</reasoning>
[""Fire could only leave behind embers."", ""Fire would be followed by smoke."", ""Fire was a result of ashes.""]",1.0,1.0,1.2,0.91,97.3
a,cot_xl,Arabic,MID0477,مثل بلاع الموس, Between a rock and a hard place., Between a rock and a hard place.,False,A type of rock in between,A musical instrument played in a rock formation,A place between two rocks, Between a rock and a hard place.,D,A place between two rocks,A type of rock in between,A musical instrument played in a rock formation,"مثل بلاع الموس: بين صخرة وكاسة عيدان.

[""A place between two rocks"", ""A type of rock in between"", ""A musical instrument played in a rock formation""]",1.0,1.0,0.9,0.8,94.0
a,cot_xl,Arabic,MID0478,مو كل عصفور ينكال لحمه,All flesh is not venison,All flesh is not venison,False,All humans will become deers eventually,All birds can eat deer flesh,All flesh is not venison,Deer meat is not suitable for all people,C,All birds can eat deer flesh,Deer meat is not suitable for all people,All humans will become deers eventually,"[""All birds can eat deer flesh"" , ""Deer meat is not suitable for all people"" , ""All humans will become deers eventually""]",1.0,1.0,1.33,0.89,96.7
a,cot_xl,Arabic,MID0479,يتعلّم الحجامة بروس اليتامة.,A burnt child dreads the fire.,A burnt child dreads the fire.,False,People with scars are very skilled at playing a lute,A burnt child dreads the fire.,A haircut is a required skill for someone who is very poor,Someone with dark skin learns more from experience,B,A haircut is a required skill for someone who is very poor,Someone with dark skin learns more from experience,People with scars are very skilled at playing a lute,"يتعلّم الحجامة بروس اليتامة

A child who has been burned is very skilled at learning through touch

[""A haircut is a required skill for someone who is very poor"", ""Someone with dark skin learns more from experience"", ""People with scars are very skilled at playing a lute""]",1.0,1.0,1.67,0.92,97.6
a,cot_xl,Arabic,MID0480,بياكل أكل الوحوش,Eats like a pig.,Eats like a pig.,False,He eats with his hands like a wild boar,He is eating a wild boar,He eats slowly like a wild boar,Eats like a pig.,D,He is eating a wild boar,He eats with his hands like a wild boar,He eats slowly like a wild boar,"بياكل أكل الوحوش 
Because this proverb is used to say that someone eats a lot, this person might be eating an animal called a ""wahsh"" which is a type of wild boar, but the literal meaning of ""eats like a wild boar"" is not the correct interpretation. Here are three plausible but wrong literal interpretations in English:
[""He is eating a wild boar"", ""He eats with his hands like a wild boar"", ""He eat",1.0,1.0,1.83,0.53,85.9
a,cot_xl,Arabic,MID0481,أبوه بصل وأمه توم، ومنين بدها تجي الريحة الطيبة,The apple doesn't fall far from the tree. ,The apple doesn't fall far from the tree. ,False,"The father is a garlic farmer, and the smell of the onions is coming from the farm.",The apple doesn't fall far from the tree. ,The mother must be washing her clothes with a fragrance that comes from her father's garden.,The mother must be eating onions to have a good smell coming from her.,B,The mother must be eating onions to have a good smell coming from her.,"The father is a garlic farmer, and the smell of the onions is coming from the farm.",The mother must be washing her clothes with a fragrance that comes from her father's garden.,"""أبوه بصل وأمه توم، ومنين بدها تجي الريحة الطيبة""

Meaning that one must take care of the trees (parents) to receive the good fragrance (good qualities) from them. This proverb emphasizes the idea that children often learn from and inherit their parents' characteristics.

[""The mother must be eating onions to have a good smell coming from her."", ""The father is a garlic farmer, and the smell of the",1.0,1.0,1.96,0.78,93.4
a,cot_xl,Arabic,MID0482,أكل الأخْضَر واليابس,Devoured everything ,Devoured everything ,False,Eating a mix of green salad and crackers,Drinking a green smoothie and a glass of water with a small amount of dry ice for a fun effect,Consuming dried green tea leaves and then immediately eating a dry wheat cracker,Devoured everything ,D,Eating a mix of green salad and crackers,Drinking a green smoothie and a glass of water with a small amount of dry ice for a fun effect,Consuming dried green tea leaves and then immediately eating a dry wheat cracker,"<reasoning>Arabic ""أكل الأخْضَر واليابس"" can be misunderstood as describing a scene of literal feeding or eating where green and dry foods are consumed in a single go. This kind of interpretation is plausible in a moment where it's unclear whether we're speaking about a person or a larger entity, and in certain contexts where ""green"" and ""dry"" foods aren't unusual to be consumed together, leading ",1.0,1.0,6.83,0.8,94.0
a,cot_xl,Arabic,MID0483,أكلا عَ بارد المستريح (أو باردة، أو عَ البارد).,Lucky breaks.,Lucky breaks.,False,Sipping on iced tea after a chilly hike,Taking a cold shower to boost mood,Eating ice cream for stress relief,Lucky breaks.,D,Eating ice cream for stress relief,Taking a cold shower to boost mood,Sipping on iced tea after a chilly hike,"اكلا عَ بارد المستريح (أو باردة، أو عَ البارد) translates to ""Lucky breaks"" but can be interpreted literally as eating something cold while in a state of relief (or the person experiencing relief is cold), this could lead to three misleading interpretations:

[""Eating ice cream for stress relief"", ""Taking a cold shower to boost mood"", ""Sipping on iced tea after a chilly hike""]",1.0,1.0,3.5,0.98,99.4
a,cot_xl,Arabic,MID0484,الدم ما بيصير مي.,Blood is thicker than water.,Blood is thicker than water.,False,Blood is less likely to freeze compared to water,The blood will always be a liquid compared to water,Blood is thicker than water.,Blood can be transformed into water,C,Blood can be transformed into water,The blood will always be a liquid compared to water,Blood is less likely to freeze compared to water,"الدم ما بيصير مي: This proverb is about the idea that family relationships are more significant than any other relationship. One possible misinterpretation may be that it implies that blood itself has the ability to transform into water.

[""Blood can be transformed into water"", ""The blood will always be a liquid compared to water"", ""Blood is less likely to freeze compared to water""]",1.0,1.0,1.67,0.77,93.1
a,cot_xl,Arabic,MID0485,حَدا بيشتري سمك ببحر؟,Buy a pig in a poke.,Buy a pig in a poke.,False,Why buy more fish in the sea to feed your pet?,Buy a pig in a poke.,You should be cautious because you are buying more fish to put in a larger aquarium in the sea.,This phrase suggests that it is better to buy fish from a store instead of catching them from the sea.,B,Why buy more fish in the sea to feed your pet?,You should be cautious because you are buying more fish to put in a larger aquarium in the sea.,This phrase suggests that it is better to buy fish from a store instead of catching them from the sea.,"حَدَ بيشتري سمك ببحر؟ translates to ""Why buy more fish in the sea?""

Wrong literal interpretations:
[""Why buy more fish in the sea to feed your pet?"", ""You should be cautious because you are buying more fish to put in a larger aquarium in the sea."", ""This phrase suggests that it is better to buy fish from a store instead of catching them from the sea.""]",1.0,1.0,2.78,0.82,94.6
a,cot_xl,Arabic,MID0486,غِيب عن العَيْن تِحلا,Absence makes the heart grow fonder,Absence makes the heart grow fonder,False,,,,,,,,,"غِيب عن العَيْن تِحلا ( غِب = to hide, عَيْن = eye, تِحلا = to grow fonder )  
<reasoning> If you hide your eye (e.g., from an injury), then your fonder feelings will grow.",0.0,0.0,0.0,0.0,0.0
a,cot_xl,Arabic,MID0487,وِجّو بيقطع الرزق,a jinx on the house,a jinx on the house,False,He uses an axe to cut the furniture,a jinx on the house,The jinx is a knife that cuts the bread,وِجّو بيقطع الرزق,B,وِجّو بيقطع الرزق,He uses an axe to cut the furniture,The jinx is a knife that cuts the bread,"The proverb ""وِجّو بيقطع الرزق"" can be broken down as follows:
- وِجّو: This refers to a jinx, but in this context, it is more about a person or object that brings bad luck.
- بيقطع: This verb means to cut or to interrupt.
- الرزق: This means wealth or provision.

Here are three plausible but wrong literal interpretations:

- [""He uses an axe to cut the furniture""] 
- [""The jinx is a knife that cu",1.0,0.6666666666666666,1.33,0.98,89.4
a,cot_xl,Arabic,MID0488,يلي بيتو من زاز ما بيرشيء الناس حجارة.,People who live in glass houses shouldn't throw stones ,People who live in glass houses shouldn't throw stones ,False,Those who live in houses made of glass should throw stones at people who live in houses made of stone.,People who live in glass houses shouldn't throw stones ,People who live in houses with windows should give people who live in houses with stones something to drink.,"They should throw stones, not the people who live in houses with broken doors.",B,"They should throw stones, not the people who live in houses with broken doors.",Those who live in houses made of glass should throw stones at people who live in houses made of stone.,People who live in houses with windows should give people who live in houses with stones something to drink.,"<reasoning>Arabic proverb يلي بيتو من زاز ما بيرشيء الناس حجارة</reasoning>[""They should throw stones, not the people who live in houses with broken doors."", ""Those who live in houses made of glass should throw stones at people who live in houses made of stone."", ""People who live in houses with windows should give people who live in houses with stones something to drink.""]",1.0,1.0,1.96,0.66,89.8
a,cot_xl,Arabic,MID0489,أرقد دافي تصبح متعافي.,A stitch in time saves nine.,A stitch in time saves nine.,False,A stitch in time saves nine.,A stitch in time will make the fabric become warmer,A cold person will become healthier,"If you sleep on a cold bed, you will have fewer fevers",A,"If you sleep on a cold bed, you will have fewer fevers",A cold person will become healthier,A stitch in time will make the fabric become warmer,"<reasoning>Arabic proverbs often use metaphors and exaggerations to convey moral lessons.</reasoning> [""If you sleep on a cold bed, you will have fewer fevers"", ""A cold person will become healthier"", ""A stitch in time will make the fabric become warmer""]",1.0,1.0,1.56,0.82,94.6
a,cot_xl,Arabic,MID0490,أش خاصك ألعريان خاتم أمولاي.,Don't put the cart before the horse.,Don't put the cart before the horse.,False,They ride donkeys before horses.,The farmers are planting their seeds before the horses are given food.,Don't put the cart before the horse.,The camel traders are selling before the horses are fed.,C,They ride donkeys before horses.,The camel traders are selling before the horses are fed.,The farmers are planting their seeds before the horses are given food.,"أشخاص ألعريان خاتم أمولاي يعني: يركبون البغال قبل خيولهم.
[ ""They ride donkeys before horses."", ""The camel traders are selling before the horses are fed."", ""The farmers are planting their seeds before the horses are given food."" ]",1.0,1.0,1.29,0.85,95.5
a,cot_xl,Arabic,MID0491,أكل ونوم وجعله بالقوم.,Filling tummy and spending money.,Filling tummy and spending money.,False,Filling tummy and spending money.,sleeping in public causes stomach pains,eating a lot before sleeping causes public disputes,going to sleep causes people to feel stomach pain,A,sleeping in public causes stomach pains,eating a lot before sleeping causes public disputes,going to sleep causes people to feel stomach pain,"""كنا نعتقد أن المقال يعني أن الأكل والاستراحة يسببان الجدل في الأماكن العامة.""

[""sleeping in public causes stomach pains"", ""eating a lot before sleeping causes public disputes"", ""going to sleep causes people to feel stomach pain""]",1.0,1.0,1.53,0.83,94.9
a,cot_xl,Arabic,MID0492,ألمزوق من برا أشخبارك من داخل؟,All that glitters is not gold.,All that glitters is not gold.,False,A person with a different surname is better informed about you than a stranger from another country.,All that glitters is not gold.,A person with a different nationality is more familiar with your local customs than someone from another province.,A person from a different village is more knowledgeable about your family history than a stranger from a different city.,B,A person with a different surname is better informed about you than a stranger from another country.,A person with a different nationality is more familiar with your local customs than someone from another province.,A person from a different village is more knowledgeable about your family history than a stranger from a different city.,"<reasoning>Arabic proverbs often emphasize the importance of looking beyond surface-level appearances to find truth.</reasoning>
[""A person with a different surname is better informed about you than a stranger from another country."", ""A person with a different nationality is more familiar with your local customs than someone from another province."", ""A person from a different village is more knowl",1.0,1.0,3.06,0.65,89.5
a,cot_xl,Arabic,MID0493,أمارت الدار على بابها.,You can tell a book from its cover.,You can tell a book from its cover.,False,The woman at the door is the owner of the house.,You can tell a book from its cover.,The entrance of the house is what characterizes it as a mansion.,The book's cover is a warning signal of its content.,B,The woman at the door is the owner of the house.,The book's cover is a warning signal of its content.,The entrance of the house is what characterizes it as a mansion.,"""Since the proverb is referring to a book, a wrong literal interpretation would be focusing on the physical structure of a book rather than its content or nature.""

[""The woman at the door is the owner of the house."", ""The book's cover is a warning signal of its content."", ""The entrance of the house is what characterizes it as a mansion.""]",1.0,1.0,1.38,0.79,93.7
a,cot_xl,Arabic,MID0494,إيلا كان حبيبك عسل، لاتلعقوش كامل.,Don’t abuse the kindness of a friend.,Don’t abuse the kindness of a friend.,False," literally, you might think ",Don’t abuse the kindness of a friend.,لا تُعقش,don't spoil,B,لا تُعقش,don't spoil," literally, you might think ","[إلا كان حبيبك عسل، لاتلعقوش كامل. translates to] Don’t abuse the kindness of a friend.

The phrase ""لا تُعقش"" can be taken literally as ""don't spoil"" (in the context of fruits, for example).
 
[reasoning] If you were to take the phrase ""عسل"" and ""عش"" literally, you might think ""if your friend is honey"" is talking about having a sweet-scented friend. 
[reasoning] ""حبيبك"" can also be translated to ",1.0,0.0,0.38,1.0,70.0
a,cot_xl,Arabic,MID0495,اشتري العقار من وارث ملاقيه ولا تشتريه من مالك بانيه.,Something for nothing.,Something for nothing.,False,"You should buy real estate from the heir who is a traveler, but not from the home builder owner.","Don't buy property from someone who is an heir but going to meet someone, also not from the owner who is constructing a building.",Something for nothing.,"When buying land, only buy from a heir who is going to meet another, but not from the owner of the land who is building it.",C,"You should buy real estate from the heir who is a traveler, but not from the home builder owner.","Don't buy property from someone who is an heir but going to meet someone, also not from the owner who is constructing a building.","When buying land, only buy from a heir who is going to meet another, but not from the owner of the land who is building it.","اشتري العقار من وارث ملاقيه ولا تشتريه من مالك بانيه.

""Purchase real estate from the heir who is traveling, but do not purchase it from the owner who is building it.""

[""You should buy real estate from the heir who is a traveler, but not from the home builder owner."" , ""Don't buy property from someone who is an heir but going to meet someone, also not from the owner who is constructing a building",1.0,1.0,7.67,0.65,89.5
a,cot_xl,Arabic,MID0496,اصبر لكل مصيبة وتجلًّدِ واعلم بأن الدهر غير مُخَلدِ., Good things come to those who wait., Good things come to those who wait.,False, Good things come to those who wait.,Wait for the package to be handed to you,Wait for the gift to be couriered to you,Wait for the goods to be delivered to your doorstep,A,Wait for the goods to be delivered to your doorstep,Wait for the package to be handed to you,Wait for the gift to be couriered to you,"""Because the Arabic proverb refers to good things coming to those who wait, one might mistakenly believe that it means to wait for good things to be carried or transported to you by others, especially since the word 'wait' in this context is often used in a more passive sense.

اصبر لكل مصيبة وتجلًّدِ واعلم بأن الدهر غير مُخَلدِ
['Wait for the goods to be delivered to your doorstep', 'Wait for the",1.0,1.0,1.33,0.52,85.6
a,cot_xl,Arabic,MID0497,البكا ورا الميت خسارة.,Don't cry over spilled milk.,Don't cry over spilled milk.,False,"The more you cry over a corpse, the more expensive your funeral will be",Don't cry over spilled milk.,"If a milk carton is dead, then crying over it is a waste of time",Crying over the dead will cause you to miss your milk,B,"The more you cry over a corpse, the more expensive your funeral will be",Crying over the dead will cause you to miss your milk,"If a milk carton is dead, then crying over it is a waste of time","""If a cow is crying over a dead person, then it will be a loss."" 
[""The more you cry over a corpse, the more expensive your funeral will be"", ""Crying over the dead will cause you to miss your milk"", ""If a milk carton is dead, then crying over it is a waste of time""]",1.0,1.0,2.67,0.83,94.9
a,cot_xl,Arabic,MID0498,الدي مليح والسكات أحسن منو.,"Speech is of time, silence is of eternity.","Speech is of time, silence is of eternity.",False,"Speech is of quality, and silence is of quantity.",Fish is a better chef than a silence,"Speech is of time, silence is of eternity.",The quality of speech is better than the quantity of a person,C,"Speech is of quality, and silence is of quantity.",Fish is a better chef than a silence,The quality of speech is better than the quantity of a person,"[الدي مليح والسكوت أحسن منو] means ""Speech is of quality, and silence is of quantity.""

[""Fish is a better chef than a silence"", ""The quality of speech is better than the quantity of a person"", ""Speech quality is better than a person in silence""]",1.0,1.0,1.21,0.77,93.1
a,cot_xl,Arabic,MID0499,العين بالعين والسن بالسن,A life for a life.,A life for a life.,False,You will be given an eye if you give one,"When you trade an eye, you will receive an eye that is better",The one who gives an eye will be given an eye made of the thing we created for the ones we created in their place.,A life for a life.,D,The one who gives an eye will be given an eye made of the thing we created for the ones we created in their place.,"When you trade an eye, you will receive an eye that is better",You will be given an eye if you give one,"""وَلَو كُنتَ تُبَدِّلُ هَذِهِ بِعَينٍ مِنَ الَّذِينَ خَلَقْنَا لَهُم مِن شَيْءٍ بَدَلًا ذَلِكُمُ الْعَادِيُ الَّذِي بَدَلَتْهُ أَيُّمَا الْأَيُّهِمِ يُعَادُ"" - 

[""The one who gives an eye will be given an eye made of the thing we created for the ones we created in their place."" , ""When you trade an eye, you will receive an eye that is better"", ""You will be given an eye if you give one""]",1.0,1.0,3.2,0.79,93.7
a,cot_xl,Arabic,MID0500,الفقيه اللي عملناه إقابل الجامع عاد فالحصاير طامع.,Give him an inch and he'll take a mile.,Give him an inch and he'll take a mile.,False,"Don't lend him a wheelbarrow, he'll start building a mile-long wall.","If you give him a small stone, he'll try to take an entire mile-long mountain.",Give him a single grain of rice and he'll demand a mile-long harvest.,Give him an inch and he'll take a mile.,D,"Don't lend him a wheelbarrow, he'll start building a mile-long wall.","If you give him a small stone, he'll try to take an entire mile-long mountain.",Give him a single grain of rice and he'll demand a mile-long harvest.,"In the same language as the proverb, a wrong literal reading might be:

لا تقدم له ذراعاً من الماء فيشرب ثلثة أميال من الفياضانات.

This means ""don't give him even a small amount of water and he'll drink three miles worth of floods,"" which is a nonsensical and incorrect literal interpretation of the proverb.

[""Don't lend him a wheelbarrow, he'll start building a mile-long wall."", ""If you give him",1.0,1.0,1.44,0.79,93.7
a,cot_xl,Arabic,MID0501,الكوكه تعايب على أم زِرْ,Let he who is without sin cast the first stone.,Let he who is without sin cast the first stone.,False,Let he who is without sin cast the first stone.,Cocks start throwing stones at a hen's mother,A bird is trained to throw stones at a specific woman,"A bird (Cuckoo) starts stoning a woman named Zar or Zar is a type, of cock",A,A bird is trained to throw stones at a specific woman,Cocks start throwing stones at a hen's mother,"A bird (Cuckoo) starts stoning a woman named Zar or Zar is a type, of cock","The proverb refers to someone who is perfect in their behavior and skills, and is therefore allowed to start a competition or a test of skills.

The phrase ""كوكه"" is often misunderstood and has been interpreted in various ways, including as a literal bird. 

[""A bird is trained to throw stones at a specific woman"", ""Cocks start throwing stones at a hen's mother"", "" A bird (Cuckoo) starts stoning a",1.0,1.0,1.17,0.85,95.5
a,cot_xl,Arabic,MID0502,اللسان مافيه عظم.,Think before you speak.,Think before you speak.,False,the tongue always contains bone in some cases,some tongues have more bone than others,Think before you speak.,it is a medical fact that some tongues contain bone,C,the tongue always contains bone in some cases,some tongues have more bone than others,it is a medical fact that some tongues contain bone,"The proverb ""اللسان مافيه عظم"" can be broken down as follows: اللسان (the tongue) مافيه (has no) عظم (bone).

<reasoning> في اللغة العربية اللسان يحتوي على عظم في بعض الأحيان لبعض النخاع العظمي </reasoning>
[""the tongue always contains bone in some cases"", ""some tongues have more bone than others"", ""it is a medical fact that some tongues contain bone""]",1.0,1.0,2.08,0.84,95.2
a,cot_xl,Arabic,MID0503,اللي أمه في الدار قرصه حار.,A mother's love is the best care.,A mother's love is the best care.,False,The one born in a house with a lot of fire will be hot,The one born in a village near the sea will be good at swimming,A mother's love is the best care.,The one born in a city with many birds will be good at singing,C,The one born in a house with a lot of fire will be hot,The one born in a village near the sea will be good at swimming,The one born in a city with many birds will be good at singing,"""Because the phrase is not about mother's love, but rather the environment someone is born in"" 
[""The one born in a house with a lot of fire will be hot"", ""The one born in a village near the sea will be good at swimming"", ""The one born in a city with many birds will be good at singing""]",1.0,1.0,2.0,0.57,87.1
a,cot_xl,Arabic,MID0504,اللي رجله في المويه ما هو زي اللي رجله في النار,It's easier to give advice than to take it.,It's easier to give advice than to take it.,False,It's easier to give advice than to take it.,Someone who places their foot on a stone marker is not like someone who places their foot on flames.,Someone who walks barefoot in a sandy area is not like someone who walks barefoot near flames.,Someone who walks with their feet in stone or concrete is not like someone who walks with their feet in fire.,A,Someone who walks barefoot in a sandy area is not like someone who walks barefoot near flames.,Someone who places their foot on a stone marker is not like someone who places their foot on flames.,Someone who walks with their feet in stone or concrete is not like someone who walks with their feet in fire.,"The first reason for the wrong literal reading in the proverb's original language is that people typically walk in places like villages or towns rather than in a fire.

The second reason is that a moai (مويه) usually refers to a type of stone used as a marker rather than anything related to walking.

The third reason for the wrong interpretation is that walking might be understood in the literal s",1.0,1.0,2.11,0.64,89.2
a,cot_xl,Arabic,MID0505,اللي ما يطول العنب حامضًا عنه يقول.,Sour grapes.,Sour grapes.,False,The one who can't reach the bunch of grapes is saying it's spoiled.,Sour grapes.,The man who can't reach the grapes is complaining about their sourness.,You can't have the bunch of grapes so now you're saying it's bad to eat.,B,The man who can't reach the grapes is complaining about their sourness.,The one who can't reach the bunch of grapes is saying it's spoiled.,You can't have the bunch of grapes so now you're saying it's bad to eat.,"Reasoning: The Arabic proverb is not directly related to grapes being sour in taste, but rather describes someone who complains or criticizes something they can't have or achieve. This is a metaphorical expression meaning that when someone can't get something they want, they will often criticize or belittle it.

[""The man who can't reach the grapes is complaining about their sourness."", ""The one w",1.0,1.0,6.67,0.72,91.6
a,cot_xl,Arabic,MID0506,اللي ما يقنع ما يشبع.,A greedy man is always in want.,A greedy man is always in want.,False,The one who doesn't build a house can't live in it.,The one who doesn't drink water doesn't get thirsty.,A greedy man is always in want.,A person who doesn't accept a gift doesn't receive it.,C,The one who doesn't drink water doesn't get thirsty.,A person who doesn't accept a gift doesn't receive it.,The one who doesn't build a house can't live in it.,"The Arabic proverb اللي ما يقنع ما يشبع is a metaphorical expression suggesting that greediness or overindulgence can lead to dissatisfaction or lack of fulfillment. However, literal interpretations might be:

- ""The one who doesn't drink water doesn't get thirsty.""
- ""A person who doesn't accept a gift doesn't receive it.""
- ""The one who doesn't build a house can't live in it.""",1.0,1.0,1.43,0.77,93.1
a,cot_xl,Arabic,MID0507,النار ما تورِّث إلا الرماد., A black sheep of the family., A black sheep of the family.,False,"{'reasoning': 'It states that the only thing a fire will pass on is ash.', 'wrong 3': 'The Law of Ash Inheritance'}","{'reasoning': 'This proverb suggests that fire can only bequeath or inherit ash.', 'wrong 1': 'Inheritance Law of Fire'}", A black sheep of the family.,"{'reasoning': 'It implies that ash is the only type of inheritance after a fire.', 'wrong 2': 'Ash Inheritance Laws'}",C,"{'reasoning': 'This proverb suggests that fire can only bequeath or inherit ash.', 'wrong 1': 'Inheritance Law of Fire'}","{'reasoning': 'It implies that ash is the only type of inheritance after a fire.', 'wrong 2': 'Ash Inheritance Laws'}","{'reasoning': 'It states that the only thing a fire will pass on is ash.', 'wrong 3': 'The Law of Ash Inheritance'}","The proverb ""النار ما تورّث إلا الرماد"" means that a black sheep of the family (i.e., someone who doesn't conform to the norms of the family) is all that is left after a fire.

However, here are 3 plausible but wrong literal interpretations:

[{""reasoning"": ""This proverb suggests that fire can only bequeath or inherit ash."", ""wrong 1"": ""Inheritance Law of Fire""}, {""reasoning"": ""It implies that ash",1.0,1.0,3.22,0.75,92.5
a,cot_xl,Arabic,MID0508,امدح صاحبك مع الناس، ولومو الراس فالراس.,"Praise publicly, criticize privately.","Praise publicly, criticize privately.",False,"You decorate your friend in front of the people, and your head is the decoration.","You praise your friend with the people, and blame the head with your face.","You praise your friend with your hands, and scold him with your head.","Praise publicly, criticize privately.",D,"You praise your friend with your hands, and scold him with your head.","You decorate your friend in front of the people, and your head is the decoration.","You praise your friend with the people, and blame the head with your face.","امدح صاحبك مع الناس، ولومو الراس Fallon على راسك، 
[""You praise your friend with your hands, and scold him with your head."", ""You decorate your friend in front of the people, and your head is the decoration."", ""You praise your friend with the people, and blame the head with your face.""]",1.0,1.0,3.5,0.66,89.8
a,cot_xl,Arabic,MID0509,بصلة الحبيب عند المحب خروف,A cheerful look makes a dish a feast,A cheerful look makes a dish a feast,False,A cheerful look makes a dish a feast,Onion of the loaf at the baker's is a ram,A specific type of onion served at the baker's is what makes a feast,a type of onion used by the baker when a lover is present,A,Onion of the loaf at the baker's is a ram,a type of onion used by the baker when a lover is present,A specific type of onion served at the baker's is what makes a feast,"""when interpreting this proverb literally, one might think: 
بصلة الحبيب عند المحب خروف. Here, 'basala' refers to an onion rather than a cheerful look, 'houb' translates to 'loaf' instead of 'beloved', and 'mahb' translates to 'the baker' rather than 'the lover'.
[""Onion of the loaf at the baker's is a ram"", ""a type of onion used by the baker when a lover is present"", ""A specific type of onion ser",1.0,1.0,1.54,0.64,89.2
a,cot_xl,Arabic,MID0510,تحلف لي أصدقك أشوف افعالك استعجب,Better to see something once than to hear about it a thousand times.,Better to see something once than to hear about it a thousand times.,False,I'd rather see you a thousand times than trust your friend,Better to see something once than to hear about it a thousand times.,"If I see your actions, I'll believe your friend","To be convinced, I want to see your thousand complaints",B,"If I see your actions, I'll believe your friend","To be convinced, I want to see your thousand complaints",I'd rather see you a thousand times than trust your friend,"<reasoning>Arabic proverb is not asking for visual evidence but rather emphasizing the reliability of the information. This proverb is not about watching actions, but rather it is emphasizing the importance of firsthand experience over second-hand information.</reasoning>
[""If I see your actions, I'll believe your friend"", ""To be convinced, I want to see your thousand complaints"", ""I'd rather see ",1.0,1.0,0.77,0.81,94.3
a,cot_xl,Arabic,MID0511,جاور السعيد تسعد.,Happiness is contagious.,Happiness is contagious.,False,If you live with the person Sa'id you will be happy,Happiness is contagious.,To live near the place Sa'id,The happiness of a person named Sa'id will spread,B,The happiness of a person named Sa'id will spread,To live near the place Sa'id,If you live with the person Sa'id you will be happy,"""Because the proverb implies that happiness is spreading, it might be taken that the speaker needs to live near the 'sa'id' or the happy one. ""

[""The happiness of a person named Sa'id will spread"", ""To live near the place Sa'id"", ""If you live with the person Sa'id you will be happy""]",1.0,1.0,2.89,0.78,93.4
a,cot_xl,Arabic,MID0512,جيت نعاونو فقبر باه هرب لي بالفاس.,Bite the hand that feeds him.,Bite the hand that feeds him.,False,Bite the hand that feeds him.,"I went to help him dig his grave, and he escaped with a fake passport.",The one who helped me dig my grave is now running away with my fake ID.,"While helping him dig a grave, he escaped to the other side of the fence.",A,"I went to help him dig his grave, and he escaped with a fake passport.",The one who helped me dig my grave is now running away with my fake ID.,"While helping him dig a grave, he escaped to the other side of the fence.","جيت نعاونو فقبر باه هرب لي بالفاس means ""to help someone dig a grave so they can escape"" not ""Bite the hand that feeds him"" but as per requested wrong readings:

[""I went to help him dig his grave, and he escaped with a fake passport."", ""The one who helped me dig my grave is now running away with my fake ID."", ""While helping him dig a grave, he escaped to the other side of the fence.""]",1.0,1.0,2.56,0.83,94.9
a,cot_xl,Arabic,MID0513,خدم باطل ولا تبقى عاطل.,Half a loaf is better than none.,Half a loaf is better than none.,False,Half a loaf is better than none.,A loaf made of bad flour is better than a loaf that has been eaten by moths.,A servant who performs his duties for a shorter period is better than one who is completely idle.,Half of an invalid's income is better than a complete absence of income.,A,A loaf made of bad flour is better than a loaf that has been eaten by moths.,Half of an invalid's income is better than a complete absence of income.,A servant who performs his duties for a shorter period is better than one who is completely idle.,"خدم باطل ولا تبقى عاطل.
A servant does bad work but remains employed.

[""A loaf made of bad flour is better than a loaf that has been eaten by moths."",
""Half of an invalid's income is better than a complete absence of income."",
""A servant who performs his duties for a shorter period is better than one who is completely idle.""]",1.0,1.0,2.29,0.81,94.3
a,cot_xl,Arabic,MID0514,خيرها في غيرها.,The best is yet to come.,The best is yet to come.,False,The best part of the journey is through other lands.,The best feature of this device is in another room.,"In good company, she is the best.",The best is yet to come.,D,"In good company, she is the best.",The best part of the journey is through other lands.,The best feature of this device is in another room.,"""خيرها في غيرها"" literally means what is good or beneficial in something else. 

Here are some plausible but incorrect literal interpretations:
[""In good company, she is the best."", ""The best part of the journey is through other lands."", ""The best feature of this device is in another room.""]",1.0,1.0,1.5,0.79,93.7
a,cot_xl,Arabic,MID0515,ذيل الكلب ما ينعدل.,A leopard can't change its spots.,A leopard can't change its spots.,False,A dog's tail will never change its shape.,You can't change the color of a dog's tail.,A leopard can't change its spots.,Leopards never get new tails.,C,You can't change the color of a dog's tail.,Leopards never get new tails.,A dog's tail will never change its shape.,"The proverb ""ذيل الكلب ما ينعدل"" means that a leopard can't change its spots, symbolizing that some people's inherent nature cannot be changed.

Here are 3 plausible but wrong literal interpretations:

[ ""You can't change the color of a dog's tail."", ""Leopards never get new tails."", ""A dog's tail will never change its shape."" ]",1.0,1.0,1.22,0.9,97.0
a,cot_xl,Arabic,MID0516,شْحَال مَا طَالْ اللِّيلْ كَيْطْلَعْ النّهار.,The darkest hour is just before the dawn.,The darkest hour is just before the dawn.,False,"The more pillows you have at night, the more sun you will see in the morning.",The darkest hour is just before the dawn.,It takes a very long dark night to wake up very early in the morning.,A long period of darkness is necessary to see the sun's rays in the morning.,B,"The more pillows you have at night, the more sun you will see in the morning.",A long period of darkness is necessary to see the sun's rays in the morning.,It takes a very long dark night to wake up very early in the morning.,"The proverb is warning against the dangers of misinterpreting time or situation.

شْحَال مَا طَالْ اللِّيلْ كَيْطْلَعْ النّهار
A very dark (but short) night is necessary to wake up early in the morning.

[""The more pillows you have at night, the more sun you will see in the morning."", ""A long period of darkness is necessary to see the sun's rays in the morning."", ""It takes a very long dark night t",1.0,1.0,1.92,0.81,94.3
a,cot_xl,Arabic,MID0517,ضرب الحديد ما حدو سخون.,Strike while the iron is hot,Strike while the iron is hot,False,wrong literal 1,wrong literal 2,wrong literal 3,Strike while the iron is hot,D,wrong literal 1,wrong literal 2,wrong literal 3,"ضرب الحديد ما حدو سخون. 
This proverb means you should take advantage of a favorable situation, i.e., seize the opportunity when you have the upper hand, or while you are most capable of doing something.

However, the literal meaning could be interpreted as follows:

[""wrong literal 1"", ""wrong literal 2"", ""wrong literal 3""]",1.0,0.0,0.5,0.5,55.0
a,cot_xl,Arabic,MID0518,طاح الفاس بالرأس.,The die is cast.,The die is cast.,False,,,,,,,,,"The die is cast. 

The die falling on its head (meaning the person's head).
The head of the die has fallen on something.
A person with the name Die is running away with his head.",0.0,0.0,0.0,0.0,0.0
a,cot_xl,Arabic,MID0519,عند رخصو تخلي نصو.,You get what you pay for.,You get what you pay for.,False,"When the wind is gentle, the trees forget to grow","When the sea is calm, the fish forget to swim.",You get what you pay for.,"when stars are visible, birds leave their nests.",C,"when stars are visible, birds leave their nests.","When the sea is calm, the fish forget to swim.","When the wind is gentle, the trees forget to grow","""when prices go down, people get careless.""
[""when stars are visible, birds leave their nests."",
""When the sea is calm, the fish forget to swim."",
""When the wind is gentle, the trees forget to grow""]",1.0,1.0,1.56,0.83,94.9
a,cot_xl,Arabic,MID0520,غبر يا ثور على قرنك.,Cutting off one's nose to spite one's face.,Cutting off one's nose to spite one's face.,False,You're a bull that needs to get a horn transplant.,You're trying to cut your nose to make a fashion statement.,You're about to cut your nose accidentally with a sharp object while being angry.,Cutting off one's nose to spite one's face.,D,You're about to cut your nose accidentally with a sharp object while being angry.,You're a bull that needs to get a horn transplant.,You're trying to cut your nose to make a fashion statement.,"reasoning: This Arabic proverb is saying one should not be harsh to oneself due to anger or frustration.
[""You're about to cut your nose accidentally with a sharp object while being angry."", ""You're a bull that needs to get a horn transplant."", ""You're trying to cut your nose to make a fashion statement.""]",1.0,1.0,1.46,0.78,93.4
a,cot_xl,Arabic,MID0521,غشيم ومتعافي.,A bull in a china shop.,A bull in a china shop.,False,A bull with a china vase as its companion.,A bull in a china shop.,A shop for selling bull china.,A china shop where the owner is a bull.,B,A bull with a china vase as its companion.,A shop for selling bull china.,A china shop where the owner is a bull.,"غشيم ومتعافي translates to ""A bull in a china shop."" The proverb is used to describe someone who is clumsy or careless, especially in a delicate or sensitive situation.

Here are three plausible but wrong literal interpretations:
[""A bull with a china vase as its companion."", ""A shop for selling bull china."", ""A china shop where the owner is a bull.""]",1.0,1.0,1.33,0.84,95.2
a,cot_xl,Arabic,MID0522,فود عوجان.,He who goes out in search of wool often comes home shorn.,He who goes out in search of wool often comes home shorn.,False,He who ventures out to buy expensive clothes often returns home with an empty wallet,He who goes out to find a nice sweater is often left with a credit card debt,He who goes out in search of wool often comes home shorn.,He who searches for a job in a remote town often comes home without a job,C,He who goes out to find a nice sweater is often left with a credit card debt,He who searches for a job in a remote town often comes home without a job,He who ventures out to buy expensive clothes often returns home with an empty wallet,"Reasoning in Arabic: إنّ هذه المقولة لا تشير إلى العثور على ثوب جيدًا بل تشير إلى المخاطرة بمعاقرة خسائر مالية.

[""He who goes out to find a nice sweater is often left with a credit card debt"", ""He who searches for a job in a remote town often comes home without a job"", ""He who ventures out to buy expensive clothes often returns home with an empty wallet""]",1.0,1.0,1.33,0.81,94.3
a,cot_xl,Arabic,MID0523,قرصه في ناره وعينه على جاره.,The grass is always greener on the other side,The grass is always greener on the other side,False,The grass is always greener on the other side,The neighbor's cat is always looking at their neighbor,The cat is always looking at a firework,The cat is always eating more grass,A,The cat is always eating more grass,The cat is always looking at a firework,The neighbor's cat is always looking at their neighbor," قرصه في ناره وعينه على جاره. 
The grass is always greener on the other side.

<reasoning>When someone says that their neighbor has a better garden, they are not implying that they have a better cat.</reasoning>
[""The cat is always eating more grass"", ""The cat is always looking at a firework"", ""The neighbor's cat is always looking at their neighbor""]",1.0,1.0,0.89,0.59,87.7
a,cot_xl,Arabic,MID0524,قطرة قطرة تيحمل الواد.,A journey of a thousand miles begins with a single step.,A journey of a thousand miles begins with a single step.,False,The phrase is about a single tear of a woman carrying a big river as a sign of her grief.,A journey of a thousand miles begins with a single step.,The phrase is about a drop of medicine carrying a valley as a treatment.,The phrase is literally about a bucket of water carrying a river.,B,The phrase is literally about a bucket of water carrying a river.,The phrase is about a drop of medicine carrying a valley as a treatment.,The phrase is about a single tear of a woman carrying a big river as a sign of her grief.,"السبب في قراءة هذا القول بشكل حرفي هو أن القطرة التي تحمل الوادي هي في الواقع قطرة دلو الماء التي تحمل الوادي كعنوان سد مائي كبير. 

[ ""The phrase is literally about a bucket of water carrying a river."" , ""The phrase is about a drop of medicine carrying a valley as a treatment."" , ""The phrase is about a single tear of a woman carrying a big river as a sign of her grief."" ]",1.0,1.0,1.39,0.6,88.0
a,cot_xl,Arabic,MID0525,قلبت جلايلها فوق راسها.,She dug her own grave.,She dug her own grave.,False,She placed her glass shades above her head.,She turned on the ceiling fans above her head.,She dug her own grave.,She flipped her umbrella over her head.,C,She turned on the ceiling fans above her head.,She flipped her umbrella over her head.,She placed her glass shades above her head.,"[""She turned on the ceiling fans above her head."", ""She flipped her umbrella over her head."", ""She placed her glass shades above her head.""]",1.0,1.0,1.6,0.71,91.3
a,cot_xl,Arabic,MID0526,قليل مداوم ولاكثير ومقطوع.,Consistency is the key to success.,Consistency is the key to success.,False,Consistency is the key to success.,"Someone who eats a little consistently will eventually stop eating, and those who eat a lot can never achieve success.","You will never succeed if you are not persistent in your actions, and you are not successful in cutting down the number of people.","A small amount of water is consistently flowing, but a large amount of water that has been cut off is not a key to success.",A,"Someone who eats a little consistently will eventually stop eating, and those who eat a lot can never achieve success.","A small amount of water is consistently flowing, but a large amount of water that has been cut off is not a key to success.","You will never succeed if you are not persistent in your actions, and you are not successful in cutting down the number of people.","أنهى مداومة الشخص في الأكل ولا يمكن للشخص الذين يأكلون الكثير أن يصل إلى النجاح
[
  ""Someone who eats a little consistently will eventually stop eating, and those who eat a lot can never achieve success."",
  ""A small amount of water is consistently flowing, but a large amount of water that has been cut off is not a key to success."",
  ""You will never succeed if you are not persistent in your actio",1.0,1.0,3.83,0.92,97.6
a,cot_xl,Arabic,MID0527,كلٍ يرى الناس بعين طبعه.,You see the world as you are.,You see the world as you are.,False,You see the world as you are.,Everyone sees people with their own pair of glasses,Each person sees the physical eyes of others with their own eye,Each person sees the human face with the eye of their own craftmanship,A,Each person sees the physical eyes of others with their own eye,Everyone sees people with their own pair of glasses,Each person sees the human face with the eye of their own craftmanship,"""كلٍ يرى الناس بعين طبعه"" is about how one's perspective is shaped by their character, but here are 3 plausible but wrong literal interpretations:

[""Each person sees the physical eyes of others with their own eye"", ""Everyone sees people with their own pair of glasses"", ""Each person sees the human face with the eye of their own craftmanship""]",1.0,1.0,1.62,0.59,87.7
a,cot_xl,Arabic,MID0528,لا تشري حتى تقلب ولا تصاحب حتى تجرب., Look before you leap., Look before you leap.,False,you don't eat until your stomach has turned,you don't buy something until you've spun it around, Look before you leap.,you shouldn't sit with someone until they've experienced it,C,you don't buy something until you've spun it around,you shouldn't sit with someone until they've experienced it,you don't eat until your stomach has turned,"[""you don't buy something until you've spun it around"",""you shouldn't sit with someone until they've experienced it"",""you don't eat until your stomach has turned""]",1.0,1.0,2.17,0.82,94.6
a,cot_xl,Arabic,MID0529,لا ينقل أخبارك إلا من داخل دارك., Beware of Greeks bearing gifts., Beware of Greeks bearing gifts.,False,All news about your home can only be told by someone inside your house if that someone is Greek.,Only news about Greeks is transferred from within your house., Beware of Greeks bearing gifts.,You can only enter a Greek person's house from inside your own house.,C,Only news about Greeks is transferred from within your house.,You can only enter a Greek person's house from inside your own house.,All news about your home can only be told by someone inside your house if that someone is Greek.,"لا ينقل أخبارك إلا من داخل دارك

wrong literal 1: ""Only news about Greeks is transferred from within your house.""
wrong literal 2: ""You can only enter a Greek person's house from inside your own house.""
wrong literal 3: ""All news about your home can only be told by someone inside your house if that someone is Greek.""",1.0,1.0,2.8,0.79,93.7
a,cot_xl,Arabic,MID0530,لاشفت خطاها كبار فعرف انها رباضة.,All talk and no action.,All talk and no action.,False,All talk and no action.,"The woman's father was a tall, skilled blacksmith, so people assume she's a skilled weaver.","She has poor vision in her left eye, so people assume she's a blind person.","She has a short right hand, so people assume she's a flexible dancer.",A,"She has poor vision in her left eye, so people assume she's a blind person.","The woman's father was a tall, skilled blacksmith, so people assume she's a skilled weaver.","She has a short right hand, so people assume she's a flexible dancer.","""لاشفت خطاها كبار فعرف انها رباضة."" can be interpreted in several incorrect ways:

[""She has poor vision in her left eye, so people assume she's a blind person."",
""The woman's father was a tall, skilled blacksmith, so people assume she's a skilled weaver."",
""She has a short right hand, so people assume she's a flexible dancer.""]",1.0,1.0,2.87,0.73,91.9
a,cot_xl,Arabic,MID0531,لبس قدك ايواتيك.,Stay in your lane.,Stay in your lane.,False,,,,,,,,,"""أنهى سوارك ثم قمت على قدميك""
[""Wearing your oversized pants then stand on your own feet""]",0.0,0.0,0.0,0.0,0.0
a,cot_xl,Arabic,MID0532,لكرش غرارة ورباطها عقل.,"Use your head, not your heart.","Use your head, not your heart.",False,wrong literal 1,"Use your head, not your heart.",wrong literal 2,wrong literal 3,B,wrong literal 1,wrong literal 2,wrong literal 3,"الغرض من أن تكون النظريات الخاطئة صحيحة بشكل معقول في اللغة الأصلية.

لكرش غرارة ورباطها عقل: 

- في اللغة الأصلية، الغرض من الكرش هو لتخزين الغراء والرباطات والأدوات الأخرى، لذلك النظريات الخاطئة هي: 
- wrong literal 1: Keep your tools and ropes in your head.
- wrong literal 2: Use your storage container for glue, not for tying your ropes.
- wrong literal 3: Don't put your intellect in a containe",1.0,0.0,0.5,0.5,55.0
a,cot_xl,Arabic,MID0533,للي غلب يعف.,Strength lies in forgiveness.,Strength lies in forgiveness.,False,للي غلب يعف. is related to a person's height being indicative of their wisdom (wrong literal 2),للي غلب يعف. is used for finding the best location to place a house (wrong literal 1),للي غلب يعف. is a method for identifying the most suitable candidate for a particular task (wrong literal 3),Strength lies in forgiveness.,D,للي غلب يعف. is used for finding the best location to place a house (wrong literal 1),للي غلب يعف. is related to a person's height being indicative of their wisdom (wrong literal 2),للي غلب يعف. is a method for identifying the most suitable candidate for a particular task (wrong literal 3),"للي غلب يعف. translates as ""Strength lies in forgiveness"".

Plausible but wrong literal interpretations:

- للي غلب يعف. is used for finding the best location to place a house (wrong literal 1)
- للي غلب يعف. is related to a person's height being indicative of their wisdom (wrong literal 2)
- للي غلب يعف. is a method for identifying the most suitable candidate for a particular task (wrong literal ",1.0,1.0,4.42,0.69,90.7
a,cot_xl,Arabic,MID0534,للي فاتك بليلة فاتك بحيلة.,Listen to your elders' advice.,Listen to your elders' advice.,False,A person is trying to trick someone who missed a night of sleep.,Listen to your elders' advice.,A thief is using trickery to avoid getting caught.,A person who missed a night of vigil is now using trickery to gain advantage.,B,A thief is using trickery to avoid getting caught.,A person is trying to trick someone who missed a night of sleep.,A person who missed a night of vigil is now using trickery to gain advantage.,"[للي فاتك بليلة فاتك بحيلة]
Someone who missed you last night is now using trickery.

[""A thief is using trickery to avoid getting caught."", ""A person is trying to trick someone who missed a night of sleep."", ""A person who missed a night of vigil is now using trickery to gain advantage.""]",1.0,1.0,2.47,0.7,91.0
a,cot_xl,Arabic,MID0535,"لمعايرة فلوجه صابون, وفظهر طاعون.","A candle for God, a stump for the devil.","A candle for God, a stump for the devil.",False,,,,,,,,,"لمعايرة فلوجه صابون, وفظهر طاعون.
 
A candle for God, a stump for the devil.

A person uses soap when they are near a man they wish to befriend God with, but they find the man suffering from the plague.",0.0,0.0,0.0,0.0,0.0
a,cot_xl,Arabic,MID0536,ما عنده إلا الخرطي.,He is a phony.,He is a phony.,False,He has only crooked feet.,He is a phony.,He is holding nothing but a piece of cloth.,He has nothing but a rope.,B,He is holding nothing but a piece of cloth.,He has only crooked feet.,He has nothing but a rope.,"ما عنده إلا الخرطي.
 
He is a phony.

[wrong literal 1] ""He is holding nothing but a piece of cloth."" 
[wrong literal 2] ""He has only crooked feet."" 
[wrong literal 3] ""He has nothing but a rope.""",1.0,1.0,1.67,0.78,93.4
a,cot_xl,Arabic,MID0537,ما كل مرة تسلم الجرة.,You cannot tempt providence and always triumph. / Don't push your luck.,You cannot tempt providence and always triumph. / Don't push your luck.,False,wrong literal 2 refers to the difficulty of storing liquid in a clay jar.,wrong literal 1 means not every time one receives a clay jar as a gift.,You cannot tempt providence and always triumph. / Don't push your luck.,wrong literal 3 implies that people rarely have the opportunity to take a clay jar home.,C,wrong literal 1 means not every time one receives a clay jar as a gift.,wrong literal 2 refers to the difficulty of storing liquid in a clay jar.,wrong literal 3 implies that people rarely have the opportunity to take a clay jar home.,"ما كل مرة تسلم الجرة. 
- Literally it means ""Not every time one receives the clay jar"" (or ""jerrycan""). 

[""wrong literal 1 means not every time one receives a clay jar as a gift."", 
""wrong literal 2 refers to the difficulty of storing liquid in a clay jar."", 
""wrong literal 3 implies that people rarely have the opportunity to take a clay jar home.""]",1.0,1.0,1.25,0.79,93.7
a,cot_xl,Arabic,MID0538,ما يسوى قشر بصلة.,A real dog.,A real dog.,False,A dog whose fur is as tough as an onion skin is a good fighter.,There is no onion that is as thick-skinned as a really tough dog.,A man with a onion's peel is an expert in peeling onions.,A real dog.,D,A dog whose fur is as tough as an onion skin is a good fighter.,A man with a onion's peel is an expert in peeling onions.,There is no onion that is as thick-skinned as a really tough dog.,"<reasoning> في اللغة العربية، يقصد هنا ب""قشر بصلة"" الكلب المتساوي للقشة، أي الكلب الذي يخاف، بينما في المثل يقصد من كان قوياً. </reasoning>
[""A dog whose fur is as tough as an onion skin is a good fighter."",
""A man with a onion's peel is an expert in peeling onions."",
""There is no onion that is as thick-skinned as a really tough dog.""]",1.0,1.0,4.44,0.82,94.6
a,cot_xl,Arabic,MID0539,مع من شفتك شبهتك.,Show me your friends and I'll tell you who you are.,Show me your friends and I'll tell you who you are.,False,Show me your friends and I'll tell you who you are.,Compare your face with the faces of people to see if you resemble them.,The people you look at will determine your facial similarity.,You should compare your face with that of people you see.,A,You should compare your face with that of people you see.,The people you look at will determine your facial similarity.,Compare your face with the faces of people to see if you resemble them.,"<reasoning>Arabic proverb 'مع من شفتك شبهتك' literally suggests that you are describing the people your face looks similar to.</reasoning>
[""You should compare your face with that of people you see."", ""The people you look at will determine your facial similarity."", ""Compare your face with the faces of people to see if you resemble them.""]",1.0,1.0,1.06,0.74,92.2
a,cot_xl,Arabic,MID0540,نفسه في رأس خشمه.,He flies off the handle,He flies off the handle,False,wrong literal 1,wrong literal 3,He flies off the handle,wrong literal 2,C,wrong literal 1,wrong literal 2,wrong literal 3,"نفسيه في رأس خشمه يمكن أن تترجم إلى:

""wrong literal 1"": His soul is in his head, showing a possible incorrect translation of the noun 'نفس' as 'soul', and 'رأس' as 'head'

""wrong literal 2"": The self is on the head, indicating a misinterpretation of 'نفس' to 'the self' and 'رأس' to an actual 'head' location, which may be physically on the upper body

""wrong literal 3"": It has a face of anger, as ",1.0,0.0,0.6,0.5,55.0
a,cot_xl,Arabic,MID0541, أكيل شارب في زعمة الله ,Makes a fuss over nothing.,Makes a fuss over nothing.,False,Makes a fuss over nothing.,Eats poisonous plants for food,Someone who hunts sharp-edged creatures,A person who eats metal for sustenance,A,Eats poisonous plants for food,Someone who hunts sharp-edged creatures,A person who eats metal for sustenance,"أكيل شارب في زعمة الله 
A person who eats the sharp edges of God's creation.

[""Eats poisonous plants for food"", ""Someone who hunts sharp-edged creatures"", ""A person who eats metal for sustenance""]",1.0,1.0,1.13,0.9,97.0
a,cot_xl,Arabic,MID0542, إذا كدر الطباخين فَسَّدَ الحم ,Too many cooks spoil the broth.,Too many cooks spoil the broth.,False,"If the cooks are too lazy to stir, their ham becomes spoiled.","If many cooks have cataracts, the ham is ruined.","If the cooks are too greasy, they'll spoil the ham.",Too many cooks spoil the broth.,D,"If many cooks have cataracts, the ham is ruined.","If the cooks are too greasy, they'll spoil the ham.","If the cooks are too lazy to stir, their ham becomes spoiled.","إذا كدر الطباخين فَسَّدَ الحم 

- If many cooks have cataracts, the ham is ruined.
- If the cooks are too greasy, they'll spoil the ham.
- If the cooks are too lazy to stir, their ham becomes spoiled.",1.0,1.0,1.72,0.75,92.5
a,cot_xl,Arabic,MID0543,أَحْس المَطارِح البَيْتْ ,Out of the frying pan and into the fire.,Out of the frying pan and into the fire.,False,He is leaving his home to go to his house.,They are moving the stove to the living room.,Out of the frying pan and into the fire.,She is escaping the frying pan to get the fish from the house.,C,He is leaving his home to go to his house.,She is escaping the frying pan to get the fish from the house.,They are moving the stove to the living room.,"""أَحْس المَطارِح البَيْتْ"" is often translated to ""Out of the frying pan and into the fire"". However, the correct literal interpretation of the phrase is that a person who tries to escape a minor problem (matarich, which refers to a pan of shallow oil for frying fish or other small pieces of food) might end up in a worse situation (bayt, meaning house).

Here are three plausible but wrong literal ",1.0,1.0,1.19,0.88,96.4
a,cot_xl,Arabic,MID0544,أنا واخي على ابن عمي، وأنا وابن عمي على الغريب.,Blood is thicker than water.,Blood is thicker than water.,False,أنا واخي على ابن عمي، وأنا وابن عمي على الغريب.,Blood is thicker than water.,Blood is thicker than water.,wrong literal 1,B,Blood is thicker than water.,أنا واخي على ابن عمي، وأنا وابن عمي على الغريب.,wrong literal 1,"The proverb suggests that familial bonds are stronger than relationships with acquaintances. Here are 3 plausible but wrong literal interpretations:

""Blood is thicker than water."" 
""أنا واخي على ابن عمي، وأنا وابن عمي على الغريب.""

""wrong literal 1"": You can only trust your brother when you're with your cousin's son.
""wrong literal 2"": It's warmer near your cousin's son than near a stranger.
""wro",1.0,0.6666666666666666,1.2,1.0,90.0
a,cot_xl,Arabic,MID0545,الحلاقين يتعلمون برؤوس الايتام.,A burnt child dreads the fire.,A burnt child dreads the fire.,False,Barbers acquire skills by collecting the heads of orphans.,Orphans are responsible for teaching barbers.,A barber gains knowledge using the heads of orphans.,A burnt child dreads the fire.,D,A barber gains knowledge using the heads of orphans.,Orphans are responsible for teaching barbers.,Barbers acquire skills by collecting the heads of orphans.,"الحلاقين يتعلمون برؤوس الايتام.

The phrase ""الحلاقين"" (alhālīqīn) refers to barbers, not burnt children. The phrase ""برؤوس الايتام"" (birūs al-aytām) literally means ""with the heads of orphans"".

Here are three plausible but incorrect literal interpretations:

[""A barber gains knowledge using the heads of orphans."", ""Orphans are responsible for teaching barbers."", ""Barbers acquire skills by collec",1.0,1.0,1.33,0.9,97.0
a,cot_xl,Arabic,MID0546,الصابر ظافر والمستعجل عاثر.,Haste makes waste.,Haste makes waste.,False, both mean to win/achieve but , implies destruction or chaos. ," can also imply a victory over an opponent by chasing them, and ",Haste makes waste.,D, both mean to win/achieve but ," can also imply a victory over an opponent by chasing them, and ", implies destruction or chaos. ,"[Reason: In Arabic, ""طاف"" and ""عاث"" both mean to win/achieve but ""طاف"" can also imply a victory over an opponent by chasing them, and ""عاث"" implies destruction or chaos. ""الصابر"" is the one who endures/patient. Therefore, these words can suggest that patience leads to winning the chase, but haste can lead to destruction or chaos. ]

[""wrong literal 1"", ""wrong literal 2"", ""wrong literal 3""]",1.0,0.6666666666666666,2.33,1.0,90.0
a,cot_xl,Arabic,MID0547,العال في ثمنه,You get what you pay for.,You get what you pay for.,False,"{'reasoning': 'Because the proverb states عال في ثمنَه', 'wrong 1': 'expensive items are often large in size'}","{'reasoning': 'Because the proverb states عال في ثمنَه', 'wrong 2': 'high-value goods are often found on top of something'}",You get what you pay for.,"{'reasoning': 'Because the proverb states عال في ثمنَه', 'wrong 3': 'the value of an item decreases with its size'}",C,"{'reasoning': 'Because the proverb states عال في ثمنَه', 'wrong 1': 'expensive items are often large in size'}","{'reasoning': 'Because the proverb states عال في ثمنَه', 'wrong 2': 'high-value goods are often found on top of something'}","{'reasoning': 'Because the proverb states عال في ثمنَه', 'wrong 3': 'the value of an item decreases with its size'}","""Because the proverb states 'the elephant in price of it,' an incorrect interpretation could be that expensive items are often large in size.""

[{""reasoning"": ""Because the proverb states \u0639\u0627\u0644 \u0641\u064a \u062b\u0645\u0646\u064e\u0647"", ""wrong 1"": ""expensive items are often large in size""}, 
{""reasoning"": ""Because the proverb states \u0639\u0627\u0644 \u0641\u064a \u062b\u0645\u0646",1.0,1.0,3.06,0.61,88.3
a,cot_xl,Arabic,MID0548,العرق دساس,The apple does not fall far from the tree.,The apple does not fall far from the tree.,False,The apple does not fall far from the tree.,The origin of a disease remains close to its original site,A disease's roots don't move far,The disease doesn't spread far from its origin,A,The disease doesn't spread far from its origin,The origin of a disease remains close to its original site,A disease's roots don't move far,"العرق دساس - The apple does not fall far from the tree.

The apple refers to someone's child, and ""العرق"" (arq) means the origin or ancestry.

<reasoning> Arabic phrase can be misinterpreted to mean ""the origin of the disease does not move far from the original disease site"" </reasoning>
[""The disease doesn't spread far from its origin"", ""The origin of a disease remains close to its original site""",1.0,1.0,0.93,0.86,95.8
a,cot_xl,Arabic,MID0549,بتقول للقمر غيبي وأنا مكانش.,A rose among thorns.,A rose among thorns.,False,A rose among thorns.,You'd tell the moon to hide and I wasn't here,I'd tell the moon to hide and I wouldn't be here,You're telling the moon to hide and I'm not here,A,I'd tell the moon to hide and I wouldn't be here,You'd tell the moon to hide and I wasn't here,You're telling the moon to hide and I'm not here,"The proverb ""بتقول للقمر غيبي وأنا مكانش"" literally means ""You say the moon is hidden and I'm not here.""

Here are 3 plausible but wrong literal interpretations:

[""I'd tell the moon to hide and I wouldn't be here"", ""You'd tell the moon to hide and I wasn't here"", ""You're telling the moon to hide and I'm not here""]",1.0,1.0,2.58,0.52,85.6
a,cot_xl,Arabic,MID0550,بيت النجار بلا باب,The shoemaker's wife is ill shod ,The shoemaker's wife is ill shod ,False,The wife of a carpenter is not a carpenter,The shoemaker's house has no roof,The shoemaker has no children,The shoemaker's wife is ill shod ,D,The shoemaker's house has no roof,The wife of a carpenter is not a carpenter,The shoemaker has no children,"""Because a house belonging to a carpenter (not shoemaker) might not have doors due to its open nature. 
The wife of a blacksmith lives in a place without windows""

[""The shoemaker's house has no roof"", ""The wife of a carpenter is not a carpenter"", ""The shoemaker has no children""]",1.0,1.0,1.11,0.82,94.6
a,cot_xl,Arabic,MID0551,تزين بالخلاخل، والبلا من داخل.,Beauty is only skin deep.,Beauty is only skin deep.,False,Beauty is only skin deep.,You put the wrinkles on your face outside because the body is on the outside,The beauty issues are coming from outside because it seems like they are on the outside,You can see beauty from the wrinkles that you put on the outside of your body,A,You put the wrinkles on your face outside because the body is on the outside,The beauty issues are coming from outside because it seems like they are on the outside,You can see beauty from the wrinkles that you put on the outside of your body,"تظن أن الشخص تزين بهذا الخلاخله في خارج الجسد، لأن الجسد هو الخارج. وربما تظن أن البلا يؤثر من الخرج، لأنها تبدو من عند الخلاخله.
[""You put the wrinkles on your face outside because the body is on the outside"", ""The beauty issues are coming from outside because it seems like they are on the outside"", ""You can see beauty from the wrinkles that you put on the outside of your body""]",1.0,1.0,3.13,0.7,91.0
a,cot_xl,Arabic,MID0552,جمل يعصر وجمل ياكل العصارة:,Climbing the ladder of success by stepping on others.,Climbing the ladder of success by stepping on others.,False,Climbing the ladder of success by stepping on others.,A group of camels are squeezing oranges and eating their juice.,"A farmer is pressing olives with a donkey, and another donkey is eating the oil that's left.",Sheep are getting their hair trimmed and eating the oil that's left over.,A,A group of camels are squeezing oranges and eating their juice.,Sheep are getting their hair trimmed and eating the oil that's left over.,"A farmer is pressing olives with a donkey, and another donkey is eating the oil that's left.","جمل يعصر وجمل ياكل العصارة:
[""A group of camels are squeezing oranges and eating their juice."", ""Sheep are getting their hair trimmed and eating the oil that's left over."", ""A farmer is pressing olives with a donkey, and another donkey is eating the oil that's left.""]",1.0,1.0,1.52,0.82,94.6
a,cot_xl,Arabic,MID0553,خزق وربك يرزق,Spend and god will send.,Spend and god will send.,False,Spend and god will send.,Spend and the Lord will make the earth quake,Spend and rub the back of God,Spend and your Lord will be rich,A,Spend and rub the back of God,Spend and your Lord will be rich,Spend and the Lord will make the earth quake,"""خزق وربك يرزق"" is a proverb with a specific meaning, but here are three plausible but incorrect literal interpretations:

[""Spend and rub the back of God"", ""Spend and your Lord will be rich"", ""Spend and the Lord will make the earth quake""]",1.0,1.0,1.53,0.74,92.2
a,cot_xl,Arabic,MID0554,ذا جيت بلاد العوران صيرن عين ,"When in Rome, do as the Romans do.","When in Rome, do as the Romans do.",False,{'wrong literal 1': 'The person who travels must blind themselves'},{'wrong literal 3': 'This proverb is about the act of giving birth in Rome'},"When in Rome, do as the Romans do.","{'wrong literal 2': ""Only the Romans' eyes are to be considered""}",C,{'wrong literal 1': 'The person who travels must blind themselves'},"{'wrong literal 2': ""Only the Romans' eyes are to be considered""}",{'wrong literal 3': 'This proverb is about the act of giving birth in Rome'},"""وَهَذِهِ المَقالَة بِاللُغَة الِارَبِيَّة وَما تَعَرَّفَها بِالتَعْرِيبِ وَهَذِهِ المَعانِي يَومَذاتِ عِنَوانِها وَهَذِهِ الَّتي تَفيدُ أَنَّهُ لِذاتِ الحالِ يَفعلُ ما يَفعلُ بِهِ اِبنُ البَلَدِ وَلَو قيلَ ذاكَ لَم يَكُن لَهُ نَفسَة بِتَرَجُّعِهِ إِلى مَن تَعَرَّفَ بِهِ وَكَيفَ يَكُونُ لِمَن وَجَدَهُ في غَيرِ بَلَدِهِ وَكَيفَ يَكُونُ لِمَن وَجَدَهُ في عَينِهِ وَلا شَكَ أَنَّهُ يُعَنّى بِذَلِكَ اِ",1.0,1.0,1.46,0.89,96.7
a,cot_xl,Arabic,MID0555,سارق ومبيبهرر,Bold as brass.,Bold as brass.,False,A thief who becomes a sound engineer,A person who steals and wears berets,Bold as brass.,A thief who uses a firework,C,A person who steals and wears berets,A thief who uses a firework,A thief who becomes a sound engineer,"<reasoning>This proverb in Arabic, ""سارق ومبيبرر"" (Sariq wa mubibhirr), is translated to English as ""Bold as brass."" The word ""مبيبرر"" (mubibhirr) is derived from the root ""ب-ب-ر"" which means to be loud, harsh, and bold. However, a wrong literal interpretation can be derived if one does not understand the root of the word or the context in which it is used.</reasoning>

[""A person who steals and w",1.0,1.0,2.22,0.75,92.5
a,cot_xl,Arabic,MID0556,صاحب الحاجة معنى بالطلب,"If you don't ask, you don't get.","If you don't ask, you don't get.",False,"If you don't ask, you don't get.",The meaning of a need is in the asking for one,To ask for something means it's already available,The owner of a need is a person who sells requests,A,To ask for something means it's already available,The owner of a need is a person who sells requests,The meaning of a need is in the asking for one,"Here are three plausible but wrong literal interpretations:

[""To ask for something means it's already available"", ""The owner of a need is a person who sells requests"", ""The meaning of a need is in the asking for one""]",1.0,1.0,1.43,0.87,96.1
a,cot_xl,Arabic,MID0557,عز القبيلي بلاده ولو تجرع وباها,East or west home is the best.,East or west home is the best.,False,East or west home is the best.,My cousin loves his family homeland and if he drinks a glass of water from it.,"A strong tribe's drink is its land, and if it swallows the glass.",The head of the family loves his country and if he is forced to drink from it.,A,"A strong tribe's drink is its land, and if it swallows the glass.",The head of the family loves his country and if he is forced to drink from it.,My cousin loves his family homeland and if he drinks a glass of water from it.," عز القبيلي بلاده ولو تجرع وباها translation in English is 'East or West home is the best.'

Here are three plausible but wrong literal interpretations:

[1]""A strong tribe's drink is its land, and if it swallows the glass.""

[2]""The head of the family loves his country and if he is forced to drink from it.""

[3]""My cousin loves his family homeland and if he drinks a glass of water from it.""",1.0,1.0,2.19,0.76,92.8
a,cot_xl,Arabic,MID0558,عيش رجب ترى عجب / أطلب عمر تنظر عجب,"Who lives, sees much.","Who lives, sees much.",False,You will see more rabbits if you eat in the month of Rajab,The lifespan of a person will be shorter if you ask for a longer life,"Who lives, sees much.","If you are a camel, you will see wonders if you live during the month of Rajab",C,You will see more rabbits if you eat in the month of Rajab,The lifespan of a person will be shorter if you ask for a longer life,"If you are a camel, you will see wonders if you live during the month of Rajab","[""You will see more rabbits if you eat in the month of Rajab"", ""The lifespan of a person will be shorter if you ask for a longer life"", ""If you are a camel, you will see wonders if you live during the month of Rajab""]",1.0,1.0,3.75,0.68,90.4
a,cot_xl,Arabic,MID0559,فرس بني مخاشي يعرف طريق حوره,The locals know best.,The locals know best.,False,The horse that the sons of Makhashi own is skilled at navigating through deserts.,A horse that belongs to the sons of Makhashi is familiar with its owner's route.,The horse of the sons of Makhashi has knowledge of the local terrain.,The locals know best.,D,A horse that belongs to the sons of Makhashi is familiar with its owner's route.,The horse that the sons of Makhashi own is skilled at navigating through deserts.,The horse of the sons of Makhashi has knowledge of the local terrain.,"The locals know best.

In this proverb, 'فرس بني مخاشي' (Fars bani Makhashi) refers to the local inhabitants of a particular region. However, 'فرس بني مخاشي' may literally translate to 'the horse of the sons of Makhashi', which might be misunderstood.

[""A horse that belongs to the sons of Makhashi is familiar with its owner's route."", ""The horse that the sons of Makhashi own is skilled at navigat",1.0,1.0,3.5,0.7,91.0
a,cot_xl,Arabic,MID0560,قارب الخوف تأمن, Face your fears., Face your fears.,False, Face your fears.,"If you're in a boat, fear is what holds the rudder steady","If you're on a boat, being afraid will keep it afloat",Fears are what keep your boat from sinking,A,"If you're on a boat, being afraid will keep it afloat",Fears are what keep your boat from sinking,"If you're in a boat, fear is what holds the rudder steady","""because this is a metaphorical expression, it suggests overcoming fear by being brave rather than avoiding it""
[ ""If you're on a boat, being afraid will keep it afloat"", ""Fears are what keep your boat from sinking"", ""If you're in a boat, fear is what holds the rudder steady"" ]",1.0,1.0,3.44,0.89,96.7
a,cot_xl,Arabic,MID0561,قربعة في تنك,His mouth is writing checks his body can't cash.,His mouth is writing checks his body can't cash.,False,His mouth is holding four water skins.,His mouth is writing checks his body can't cash.,Four people are arguing inside his mouth.,He has four pens in his mouth.,B,He has four pens in his mouth.,His mouth is holding four water skins.,Four people are arguing inside his mouth.,"""His mouth is wearing four tunics."" 
[
  ""He has four pens in his mouth."",
  ""His mouth is holding four water skins."",
  ""Four people are arguing inside his mouth.""
]",1.0,1.0,0.78,0.8,94.0
a,cot_xl,Arabic,MID0562,ما حد يعطي المغروم نضف,Don’t give a fool a tool.,Don’t give a fool a tool.,False,Don't give a person with glasses a magnifying glass,Don’t give a fool a tool.,Don't give a person with a broken arm a dumbbell,Don't give a blind person a mirror,B,Don't give a person with glasses a magnifying glass,Don't give a blind person a mirror,Don't give a person with a broken arm a dumbbell,"""ما حد يعطي المغروم نضف translates to 'What person will give someone with a thorn a pruning shears?'""
[""Don't give a person with glasses a magnifying glass"", ""Don't give a blind person a mirror"", ""Don't give a person with a broken arm a dumbbell""]",1.0,1.0,1.44,0.58,87.4
a,cot_xl,Arabic,MID0563,ما يخمج الماء إلاّ خس البقر.,Don't burn your bridges behind you.,Don't burn your bridges behind you.,False,The act of burning water results in cattle losing its coat.,"A body of water is ruined, leading to hair loss in cattle.","Water is set ablaze, causing the cows to shed their hair.",Don't burn your bridges behind you.,D,The act of burning water results in cattle losing its coat.,"Water is set ablaze, causing the cows to shed their hair.","A body of water is ruined, leading to hair loss in cattle.","ما يخمج الماء إلاّ خس البقر.

A bridge being ""خمج"" (burnt or ruined), in incorrect literal interpretation, one might consider this to mean:

[""The act of burning water results in cattle losing its coat."", ""Water is set ablaze, causing the cows to shed their hair."", ""A body of water is ruined, leading to hair loss in cattle.""]",1.0,1.0,1.89,0.87,96.1
a,cot_xl,Arabic,MID0564,من أكل بالثنتين اختنق,You can't have your cake and eat it too.,You can't have your cake and eat it too.,False,Someone who eats with two hands will choke,You can't have your cake and eat it too.,You will suffocate if you eat something with two bites,"If you eat food with two spoons, you'll choke",B,Someone who eats with two hands will choke,"If you eat food with two spoons, you'll choke",You will suffocate if you eat something with two bites,"In the same language as the proverb, a wrong literal reading could be: 
من أكل بالثنتين اختنق يمكن أن يفهم من يقرأ القول حرفياً أنه إذا أكل شخص طعاماً به ثناً (ثمرة) ختنق.

[""Someone who eats with two hands will choke"", ""If you eat food with two spoons, you'll choke"", ""You will suffocate if you eat something with two bites""]",1.0,1.0,1.0,0.73,91.9
a,cot_xl,Arabic,MID0565,من تحزم بك صبح مخلوس,you are an empty suit.,you are an empty suit.,False,The person you're addressing is being held by the neck by a morning packer.,you are an empty suit.,You are tying up your belongings with the morning packer.,You are a type of bird known as a Khilous that packs up early in the morning.,B,You are a type of bird known as a Khilous that packs up early in the morning.,The person you're addressing is being held by the neck by a morning packer.,You are tying up your belongings with the morning packer.,"من تحزم بك صبح مخلوس - You are an untamed horse in the morning.

[""You are a type of bird known as a Khilous that packs up early in the morning."", 
""The person you're addressing is being held by the neck by a morning packer."", 
""You are tying up your belongings with the morning packer.""]",1.0,1.0,2.73,0.86,95.8
a,cot_xl,Arabic,MID0566,من طلب الجن ركضوه,Speak of the devil and he will appear.,Speak of the devil and he will appear.,False,The devil is a good runner and will run away,Speak of the devil and he will appear.,"If someone is a good runner, they'll be able to run away from the devil","If you try to buy the devil, he'll run away",B,The devil is a good runner and will run away,"If you try to buy the devil, he'll run away","If someone is a good runner, they'll be able to run away from the devil","من طلب الجن ركضوه
- Someone who is running away from the devil will get away.

[""The devil is a good runner and will run away"", ""If you try to buy the devil, he'll run away"", ""If someone is a good runner, they'll be able to run away from the devil""]",1.0,1.0,1.46,0.73,91.9
a,cot_xl,Arabic,MID0567,من قارب الحداد يصبر على الشرار,"If you lie down with dogs, you’ll get up with fleas.","If you lie down with dogs, you’ll get up with fleas.",False,"If you lie down with dogs, you’ll get up with fleas.",The mourners in a boat will tolerate the mosquitoes.,"If you're in a coffin, you'll have to deal with the heat.",The people carrying a coffin will suffer from the intense sunlight.,A,The mourners in a boat will tolerate the mosquitoes.,"If you're in a coffin, you'll have to deal with the heat.",The people carrying a coffin will suffer from the intense sunlight.,"""من قارب الحداد يصبر على الشرار"" does not literally translate to ""If you lie down with dogs, you’ll get up with fleas."" A more accurate translation of this Arabic proverb would be ""When you travel in a funeral boat, you'll have to endure the scorching sun.""

Here are 3 plausible but wrong literal interpretations:

[""The mourners in a boat will tolerate the mosquitoes."", ""If you're in a coffin, you",1.0,1.0,0.97,0.84,95.2
a,cot_xl,Arabic,MID0568,نصح ياثور وها هي على قرنك,The shortest distance between two points is a straight line.,The shortest distance between two points is a straight line.,False,The shortest distance will give you arthritis,Going in a straight line will result in a broken collarbone,The shortest distance between two points is a straight line.,A straight line will cause a rock to fall on your arm,C,A straight line will cause a rock to fall on your arm,The shortest distance will give you arthritis,Going in a straight line will result in a broken collarbone,"<reasoning>The proverb is about the most efficient path between two points, but a literal reading could misinterpret its meaning.</reasoning>
[""A straight line will cause a rock to fall on your arm"", ""The shortest distance will give you arthritis"", ""Going in a straight line will result in a broken collarbone""]",1.0,1.0,1.0,0.87,96.1
a,cot_xl,Arabic,MID0569,نهاية المحنش للحنش:,Greed is the root of all evil.,Greed is the root of all evil.,False,The last thing a cobra eats is for a cobra.,Greed is the root of all evil.,The final meal of a horned viper is for a viper.,"The end of the snake's meal, is for a snake.",B,The final meal of a horned viper is for a viper.,"The end of the snake's meal, is for a snake.",The last thing a cobra eats is for a cobra.,"نهاية المحنش للحنش: 

- The final meal of a horned viper is for a viper.
- The end of the snake's meal, is for a snake.
- The last thing a cobra eats is for a cobra.

[""The final meal of a horned viper is for a viper."", ""The end of the snake's meal, is for a snake."", ""The last thing a cobra eats is for a cobra.""]",1.0,1.0,1.48,0.7,91.0
a,cot_xl,Arabic,MID0570,يدي في فمه واصبعه في عيني.,Biting the hand that feeds him.,Biting the hand that feeds him.,False,He is using his hands and fingers to make someone's mouth and eye.,He is putting his hand in someone's mouth and his finger in their eye.,Biting the hand that feeds him.,He is having his hand in a fish's mouth and his finger in its eye.,C,He is putting his hand in someone's mouth and his finger in their eye.,He is using his hands and fingers to make someone's mouth and eye.,He is having his hand in a fish's mouth and his finger in its eye.,"يدي في فمه واصبعه في عيني translates to ""Biting the hand that feeds him.""

Here are 3 plausible but wrong literal interpretations:
 [""He is putting his hand in someone's mouth and his finger in their eye."", ""He is using his hands and fingers to make someone's mouth and eye."", ""He is having his hand in a fish's mouth and his finger in its eye.""]",1.0,1.0,2.33,0.57,87.1
a,cot_xl,Arabic,MID0571, البيض اللى وقع على بيض فقشه.,The rotten apple injures its neighbour.,The rotten apple injures its neighbour.,False,A rotten egg that falls on top of another egg will make it smell bad,An egg that falls on another egg will make it rotten,The rotten apple injures its neighbour.,Eggs that fall on a rotten egg will get broken,C,An egg that falls on another egg will make it rotten,Eggs that fall on a rotten egg will get broken,A rotten egg that falls on top of another egg will make it smell bad,"<reasoning>The proverb ""البيض اللى وقع على بيض فقشه"" is a metaphorical expression that means a rotten or flawed thing can have a negative impact on those around it. However, the literal interpretation of the phrase could lead to misunderstandings.</reasoning>
[
""An egg that falls on another egg will make it rotten"",
""Eggs that fall on a rotten egg will get broken"",
""A rotten egg that falls on top ",1.0,1.0,2.0,0.58,87.4
a,cot_xl,Arabic,MID0572, اللى فات الفوت ما ينفع الصوت.,"Grasp all, lose all.","Grasp all, lose all.",False,A person who has missed their appointment is not helped by making a loud noise.,"Grasp all, lose all.",The sound of a bird will not help a person who has passed by.,A dead person cannot be helped by a loud cry.,B,A dead person cannot be helped by a loud cry.,The sound of a bird will not help a person who has passed by.,A person who has missed their appointment is not helped by making a loud noise.,"The proverb states: ""اللى فات الفوت ما ينفع الصوت.""

Here are three plausible but incorrect literal interpretations:

[""A dead person cannot be helped by a loud cry."", ""The sound of a bird will not help a person who has passed by."", ""A person who has missed their appointment is not helped by making a loud noise.""]",1.0,1.0,3.25,0.8,94.0
a,cot_xl,Arabic,MID0573,أبو اعليم,Spill the beans,Spill the beans,False,Spill the beans,Spill the beans,أبو اعليم,أبو اعليم,A,أبو اعليم,Spill the beans,أبو اعليم,"The proverb ""أبو اعليم"" in Arabic means ""Spill the beans"". Here are three plausible but wrong literal interpretations:

""أبو اعليم"" could mean ""The father of illumination"" because ""أبو"" means father, ""ع"" and ""إ"" together form a word that sounds like ""il"" which can mean light, and ""لام"" is a common suffix in Arabic meaning ""of the"" or ""belonging to"". 

""أبو اعليم"" could mean ""The father of a specif",1.0,0.0,0.78,0.67,60.1
a,cot_xl,Arabic,MID0574,أبو وجهين.,Talking out of both sides of one's mouth.,Talking out of both sides of one's mouth.,False,A person who has two faces,A city with two gateways,A type of tree with two main branches,Talking out of both sides of one's mouth.,D,A person who has two faces,A city with two gateways,A type of tree with two main branches,"أبو وجهين.
A person with two fathers.

[""A person who has two faces"", ""A city with two gateways"", ""A type of tree with two main branches""]",1.0,1.0,0.79,0.77,93.1
a,cot_xl,Arabic,MID0575,أمن ولا اتخون,"Trust, but verify.","Trust, but verify.",False,You must be safe to conquer,"Trust, but verify.",Conquer the one you trust,Trust the person you have conquered,B,You must be safe to conquer,Conquer the one you trust,Trust the person you have conquered,"""لا"" can be mistaken for ""لا"" meaning ""no"" in a different context, but here it is a part of ""أمن"".
""أمن"" being ""safe"" can lead to an interpretation where ""أمن"" is considered as a name for a trusted person, and ""ولا"" is a suffix suggesting someone else.
""اتخون"" being a word that can be confused with ""تخون"" which means to betray, can be mistaken as a verb meaning to ""conquer"".
[""You must be safe to ",1.0,1.0,1.89,0.77,93.1
a,cot_xl,Arabic,MID0576,إذا زاد الشيء عن حده انقلب ضده,Too much of a good thing is a bad thing.,Too much of a good thing is a bad thing.,False,An extremely tall clock will fall over because of its own height,A large container of liquid will be destroyed if its lid is removed,Too much of a good thing is a bad thing.,A heavy object will flip over when placed on a trampoline,C,A heavy object will flip over when placed on a trampoline,An extremely tall clock will fall over because of its own height,A large container of liquid will be destroyed if its lid is removed,"إذا زاد الشيء عن حده انقلب ضده: If the amount of water in a container exceeds its handle, it will turn upside down against it.

[""A heavy object will flip over when placed on a trampoline"", ""An extremely tall clock will fall over because of its own height"", ""A large container of liquid will be destroyed if its lid is removed""]",1.0,1.0,1.2,0.89,96.7
a,cot_xl,Arabic,MID0577,الباب اللي ايجيك منه الريح سده واستريح,If you are always dwelling in trouble change the address.,If you are always dwelling in trouble change the address.,False,You must seal the door that the wind is pushing against to relax.,Close the door that the wind is knocking on and get some rest.,If you are always dwelling in trouble change the address.,"To calm down, close the door that the wind is pushing you in or out of.",C,Close the door that the wind is knocking on and get some rest.,You must seal the door that the wind is pushing against to relax.,"To calm down, close the door that the wind is pushing you in or out of.","<reasoning> Arabic proverb is advising to change one's environment to escape troubles, but if considered literally, it might refer to physical structures like doors.</reasoning>
[""Close the door that the wind is knocking on and get some rest."", ""You must seal the door that the wind is pushing against to relax."", ""To calm down, close the door that the wind is pushing you in or out of.""]",1.0,1.0,1.4,0.68,90.4
a,cot_xl,Arabic,MID0578,التجدي ولا العمى,Half a loaf is better than no bread.,Half a loaf is better than no bread.,False,Staying awake is better than going blind,Half a loaf is better than no bread.,التجدي ولا العمى,It's better to be awake than to have poor eyesight,B,التجدي ولا العمى,Staying awake is better than going blind,It's better to be awake than to have poor eyesight,"[The phrase ""التجدي ولا العمى"" literally means that to stay awake and not to become blind, rather than the idiomatic translation of half a loaf being better than nothing.]

[""Staying awake is better than going blind"", ""It's better to be awake than to have poor eyesight"", ""Waking up is safer than losing one's sight""]",1.0,0.6666666666666666,0.83,0.92,87.6
a,cot_xl,Arabic,MID0579,التيس في ديرة هله نطوح.,Preaching to the choir.,Preaching to the choir.,False,Preaching to the choir.,The monkeys in a sleep place start swinging.,There's a monkey that loves swinging in a place where people sleep.,The sound of monkeys sleeping in a swing is annoying.,A,The monkeys in a sleep place start swinging.,There's a monkey that loves swinging in a place where people sleep.,The sound of monkeys sleeping in a swing is annoying.,"<reasoning> In Arabic, ""التيس"" translates to ""monkey"", ""ديرة هله"" means ""a place of sleep"" or more specifically, ""a place of slumber"", and ""نطوح"" is often translated to ""we swing"". However, the English translation of ""preaching to the choir"" implies that the speaker is addressing people who have already agreed with them. Therefore, a literal reading would misinterpret the idiom as the monkeys at a",1.0,1.0,2.5,0.81,94.3
a,cot_xl,Arabic,MID0580,الحب يظهر على بذره,Like father like son. ,Like father like son. ,False,love is shown through seed sprouting,love can be seen on seeds of trees,seeds can reveal love at first sight,Like father like son. ,D,seeds can reveal love at first sight,love can be seen on seeds of trees,love is shown through seed sprouting,"الحب يظهر على بذره: It means that the characteristics and traits of a person are determined by their ancestors, but a more wrong literal interpretation would be related to seeds.

[""seeds can reveal love at first sight"", ""love can be seen on seeds of trees"", ""love is shown through seed sprouting""]",1.0,1.0,1.75,0.86,95.8
a,cot_xl,Arabic,MID0581,اللي ما يخسر ما يربح," No pain, no gain."," No pain, no gain.",False,A person who never gets sick will never visit a doctor,A team that never gets penalized will never win a penalty shootout," No pain, no gain.",Someone who never pays taxes will never pay rent,C,Someone who never pays taxes will never pay rent,A person who never gets sick will never visit a doctor,A team that never gets penalized will never win a penalty shootout,"اللي ما يخسر ما يربح
Someone who never loses a battle will never be victorious.

[""Someone who never pays taxes will never pay rent"", ""A person who never gets sick will never visit a doctor"", ""A team that never gets penalized will never win a penalty shootout""]",1.0,1.0,2.67,0.8,94.0
a,cot_xl,Arabic,MID0582,اللي ياكل على ضرسه يشبع نفسه, Every man for himself., Every man for himself.,False, Every man for himself.,Someone who eats on their wisdom teeth will become full,The one who eats a meal with their incisors will be content,The person who eats on their molars will be satisfied,A,Someone who eats on their wisdom teeth will become full,The person who eats on their molars will be satisfied,The one who eats a meal with their incisors will be content,"<reasoning>As a proverb, ""اللي ياكل على ضرسه يشبع نفسه"" implies a metaphorical or figurative meaning, warning against an overly self-centered attitude. A literal interpretation could lead to misguided understanding.</reasoning>

[""Someone who eats on their wisdom teeth will become full"", ""The person who eats on their molars will be satisfied"", ""The one who eats a meal with their incisors will be c",1.0,1.0,2.67,0.69,90.7
a,cot_xl,Arabic,MID0583,برمة الشرك ما تفور,Too many cooks spoil the broth.,Too many cooks spoil the broth.,False,"The more cooks you have, the more the broth is likely to overflow","The more people you add to the broth, the spicier it becomes","If you put too many stones in the pot, the broth will not flow",Too many cooks spoil the broth.,D,"The more cooks you have, the more the broth is likely to overflow","The more people you add to the broth, the spicier it becomes","If you put too many stones in the pot, the broth will not flow","برمة الشرك ما تفور: If a person is extremely pious, the gods become offended.

[""The more cooks you have, the more the broth is likely to overflow"", ""The more people you add to the broth, the spicier it becomes"", ""If you put too many stones in the pot, the broth will not flow""]",1.0,1.0,2.17,0.83,94.9
a,cot_xl,Arabic,MID0584,بغى يكحلها وعماها,gild the lily.,gild the lily.,False,He wanted to give her gold for her eyes and make her deaf.,He wanted to build her a house and make her cook.,He wanted to buy her a gold ring and give her a haircut.,gild the lily.,D,He wanted to buy her a gold ring and give her a haircut.,He wanted to build her a house and make her cook.,He wanted to give her gold for her eyes and make her deaf.,"بقيت يكحلها وعماها  
He wanted to marry her and blind her.

[""He wanted to buy her a gold ring and give her a haircut."", ""He wanted to build her a house and make her cook."", ""He wanted to give her gold for her eyes and make her deaf.""]",1.0,1.0,4.11,0.58,87.4
a,cot_xl,Arabic,MID0585,تيش في ريش,Words with no actions.,Words with no actions.,False,a person with feathers on their arms,a bird that is trembling,Words with no actions.,a chicken is shaking its wings,C,a chicken is shaking its wings,a person with feathers on their arms,a bird that is trembling,"[أي شخص يهز في أجنحة طائر]

[""a chicken is shaking its wings"", ""a person with feathers on their arms"", ""a bird that is trembling""]",1.0,1.0,1.5,0.87,96.1
a,cot_xl,Arabic,MID0586,حد تعرفه ولا احد ا تخبط فيه,Better the devil you know,Better the devil you know,False,The devil is a known entity,"If you're hit by someone, you become known",Better the devil you know,A person who's never been hit is never known,C,The devil is a known entity,"If you're hit by someone, you become known",A person who's never been hit is never known,"""Someone who has not been hit by anyone is not known to any"" 
[""The devil is a known entity"", ""If you're hit by someone, you become known"", ""A person who's never been hit is never known""]",1.0,1.0,1.53,0.84,95.2
a,cot_xl,Arabic,MID0587,حلة الثوب رقعته منه وفيه, Cut from the same cloth., Cut from the same cloth.,False, Cut from the same cloth.,You cut from the top of the cloth and it's from the same one,Someone else cut a piece of cloth from the same one and you were left with that,The cloth is so damaged it's cut from the same one and there are rips in it,A,You cut from the top of the cloth and it's from the same one,Someone else cut a piece of cloth from the same one and you were left with that,The cloth is so damaged it's cut from the same one and there are rips in it,"حلة الثوب رقعته منه وفيه (Arabic proverb) suggests that someone cut a piece from their own cloth, implying similarity or shared origin. Here are 3 plausible but wrong literal interpretations:

[""You cut from the top of the cloth and it's from the same one"", ""Someone else cut a piece of cloth from the same one and you were left with that"", ""The cloth is so damaged it's cut from the same one and the",1.0,1.0,3.2,0.61,88.3
a,cot_xl,Arabic,MID0588,خل القرعة ترعى,keep your nose out of other people's business.,keep your nose out of other people's business.,False,A goat is being fed through an hourglass.,keep your nose out of other people's business.,An hourglass is the preferred feeding trough for goats.,An hourglass is being used to milk a goat.,B,An hourglass is being used to milk a goat.,A goat is being fed through an hourglass.,An hourglass is the preferred feeding trough for goats.," Khal al-qur'ah tar'aa 
""An hourglass feeds a goat.""

[
  ""An hourglass is being used to milk a goat."",
  ""A goat is being fed through an hourglass."",
  ""An hourglass is the preferred feeding trough for goats.""
]",1.0,1.0,1.08,0.79,93.7
a,cot_xl,Arabic,MID0589,خله على عماه,keep him in the dark,keep him in the dark,False,wrong literal 1,keep him in the dark,wrong literal 2,wrong literal 3,B,wrong literal 1,wrong literal 2,wrong literal 3,"The proverb means to keep someone ignorant or uninformed. Here are three plausible but wrong literal interpretations:

<reasoning>This proverb should be interpreted literally as the speaker is storing something in the home of his maternal uncle.</reasoning>
[""wrong literal 1"", ""wrong literal 2"", ""wrong literal 3""]
<reasoning>This proverb means leaving the paternal uncle outside in the sun for a wh",1.0,0.0,0.6,0.5,55.0
a,cot_xl,Arabic,MID0590,ذيل الكلب ما يعتدل,An ape’s an ape a varlet’s a varlet; though they be clad in silk or scarlet.,An ape’s an ape a varlet’s a varlet; though they be clad in silk or scarlet.,False,An ape’s an ape a varlet’s a varlet; though they be clad in silk or scarlet.,The tail of a dog is always unstable.,The tail of a dog can't be balanced on a tightrope.,A dog's tail will always lean to one side.,A,The tail of a dog can't be balanced on a tightrope.,A dog's tail will always lean to one side.,The tail of a dog is always unstable.,"[""The tail of a dog can't be balanced on a tightrope."", ""A dog's tail will always lean to one side."", ""The tail of a dog is always unstable.""]",1.0,1.0,0.58,0.76,92.8
a,cot_xl,Arabic,MID0591,رمية من غير رامي,A flash in a pan.,A flash in a pan.,False,The man is making a single throw without a ball,A flash in a pan.,A stone was cast into a river without it being thrown,A rock thrown without a target,B,The man is making a single throw without a ball,A rock thrown without a target,A stone was cast into a river without it being thrown,"[""The man is making a single throw without a ball"", ""A rock thrown without a target"", ""A stone was cast into a river without it being thrown""]",1.0,1.0,1.8,0.82,94.6
a,cot_xl,Arabic,MID0592,على الكراك,A narrow margin ,A narrow margin ,False,wrong literal 1,A narrow margin ,wrong literal 3,wrong literal 2,B,wrong literal 1,wrong literal 2,wrong literal 3,"على الكراك means A narrow margin. However, a wrong literal reading could be:

- On the croak: This interpretation suggests a connection to sounds, like a frog's croak, which doesn't fit the 'margin' concept.
- At the crack: This interpretation could suggest a scene of something breaking or opening, which also doesn't align with the concept of margin.
- In the crack: This interpretation might imply",1.0,0.0,1.0,0.5,55.0
a,cot_xl,Arabic,MID0593,كنك تنفخ في قربة مبطوطة,flog a dead horse ,flog a dead horse ,False,flog a dead horse ,You are trying to make a water bottle float by blowing air into it.,You are inflating a deflated balloon by repeatedly hitting it.,You are trying to make a sealed container float in water by repeatedly hitting it with a stick.,A,You are inflating a deflated balloon by repeatedly hitting it.,You are trying to make a water bottle float by blowing air into it.,You are trying to make a sealed container float in water by repeatedly hitting it with a stick.,"[كنك تنفخ في قربة مبطوطة]
You are blowing into a sealed water bottle to try and make it float.

[""You are inflating a deflated balloon by repeatedly hitting it."", ""You are trying to make a water bottle float by blowing air into it."", ""You are trying to make a sealed container float in water by repeatedly hitting it with a stick.""]",1.0,1.0,3.5,0.68,90.4
a,cot_xl,Arabic,MID0594,أبيض جناح اسود مراح,"All is not gold that glitters All. 
Fine feathers do not make fine birds","All is not gold that glitters All. 
Fine feathers do not make fine birds",False,"A white-winged bird can only fly at night, making its white wings useless during the day.","The color of the bird's wings changes when it is born, and the white-winged bird may be older than the others.","All is not gold that glitters All. 
Fine feathers do not make fine birds","A bird with black wings can have white tail feathers, making it more valuable.",C,"A bird with black wings can have white tail feathers, making it more valuable.","The color of the bird's wings changes when it is born, and the white-winged bird may be older than the others.","A white-winged bird can only fly at night, making its white wings useless during the day.","<reasoning>Given the structure of the proverb, it seems to be describing a comparison between two birds, one with white wings and one with black wings. It warns that the bird with white wings may not be as valuable as it appears, implying that physical appearance does not always determine worth or quality.</reasoning>
[""A bird with black wings can have white tail feathers, making it more valuable.",1.0,1.0,1.21,0.84,95.2
a,cot_xl,Arabic,MID0595,أن جادت عليك بخيط العنكبوت تنقاد وان حرنت تقطع سلسل الحداد,you win some you lose some.,you win some you lose some.,False,you win some you lose some.,A spider thread will cause a person to physically cut a series of funeral-related items,You will break under the weight of a spider web,A spider will cause a funeral procession to be interrupted and its participants to be cut,A,You will break under the weight of a spider web,A spider will cause a funeral procession to be interrupted and its participants to be cut,A spider thread will cause a person to physically cut a series of funeral-related items,"""if a spider's thread falls on you, you will bend over and cut the mourning procession's strings""

[""You will break under the weight of a spider web"", ""A spider will cause a funeral procession to be interrupted and its participants to be cut"", ""A spider thread will cause a person to physically cut a series of funeral-related items""]",1.0,1.0,2.28,0.78,93.4
a,cot_xl,Arabic,MID0596,إن ضاق بيك الأمر، اشرب زجاجة خمر,Let them drink and forget their poverty and remember their misery no more.,Let them drink and forget their poverty and remember their misery no more.,False,They should drink wine and forget their responsibilities,Let them drink and forget their poverty and remember their misery no more.,Drink a bottle of wine to make the room look smaller,They should drink wine so much that their poverty seems narrow,B,They should drink wine and forget their responsibilities,Drink a bottle of wine to make the room look smaller,They should drink wine so much that their poverty seems narrow,"السبب: يتوقع بعض الناس أن هذا النص يقترح أن الأشخاص الذين يعانون من نقص، يجب أن يشربوا خمرًا للاستغراق في الحظور، بدلاً من أنهم يحتاجون أن ينسوا عجزهم.

[""They should drink wine and forget their responsibilities"", ""Drink a bottle of wine to make the room look smaller"", ""They should drink wine so much that their poverty seems narrow""]",1.0,1.0,0.77,0.81,94.3
a,cot_xl,Arabic,MID0597,إن غلبك سدها، وسع قدها,"In for a penny, in for a pound.","In for a penny, in for a pound.",False,"If you close a container, the seal will be extended.","If you're overpowered, the opponent's vessel will be shrunk.","In for a penny, in for a pound.","If water enters you, its vessel will also be capped.",C,"If water enters you, its vessel will also be capped.","If you close a container, the seal will be extended.","If you're overpowered, the opponent's vessel will be shrunk.","In Arabic, the proverb ""إن غلبك سدها، وسع قدها"" can be broken down as follows:
- ""غلبك"" means ""you have been overpowered"" or ""you have surrendered"", but here it seems to be used to mean ""it has come to or entered you"" - not a direct match for English translations.
- ""سدها"" means ""to be sealed"" or ""to be closed"", implying a seal on something. In the Arabic proverb, it might refer to a vessel or con",1.0,1.0,1.21,0.76,92.8
a,cot_xl,Arabic,MID0598,اب سن يضحك على اب سنين,People in glass houses should not throw stones.,People in glass houses should not throw stones.,False,wrong literal 1,People in glass houses should not throw stones.,wrong literal 2,Glass houses are homes that should be built with a large amount of ice.,B,wrong literal 1,Glass houses are homes that should be built with a large amount of ice.,wrong literal 2,"اب سن يضحك على اب سنين translates to 'People in glass houses should not throw stones.'

The proverb warns people in vulnerable positions to refrain from actions that may cause harm to themselves.

Here are 3 plausible but wrong literal interpretations:

[
""wrong literal 1"", 
""Glass houses are homes that should be built with a large amount of ice."",
""wrong literal 2"", 
""People who wear glass as jew",1.0,0.3333333333333333,0.83,0.83,74.9
a,cot_xl,Arabic,MID0599,ابن العبدة منه الخير جبدة، ومنه الشر يبدا.,"You cannot gather grapes from thorns, nor figs from thistles","You cannot gather grapes from thorns, nor figs from thistles",False,You cannot pick thistles to get grapes.,You cannot plant grapes near thorns.,"You cannot gather grapes from thorns, nor figs from thistles",You cannot harvest thorns to get figs.,C,You cannot plant grapes near thorns.,You cannot harvest thorns to get figs.,You cannot pick thistles to get grapes.,"[""You cannot plant grapes near thorns."", ""You cannot harvest thorns to get figs."", ""You cannot pick thistles to get grapes.""]",1.0,1.0,0.67,0.75,92.5
a,cot_xl,Arabic,MID0600,اسمع كلام الكبير و لو كان ,"Older than you by a day, wiser than you by a year","Older than you by a day, wiser than you by a year",False,"If you hear the sound of someone who is a day older than you, even if they are not speaking",If you hear the words of an older person even if they are false,"Older than you by a day, wiser than you by a year","Listen to any old item, even if it's outdated",C,If you hear the words of an older person even if they are false,"Listen to any old item, even if it's outdated","If you hear the sound of someone who is a day older than you, even if they are not speaking","اسمع كلام الكبير و لو كان - This proverb suggests that age brings wisdom, but a wrong literal interpretation might lead to the following:

[""If you hear the words of an older person even if they are false"", ""Listen to any old item, even if it's outdated"", ""If you hear the sound of someone who is a day older than you, even if they are not speaking""]",1.0,1.0,1.19,0.81,94.3
a,cot_xl,Arabic,MID0601,اضان الحامل طرشه,Turn a blind eye.,Turn a blind eye.,False,Turn a blind eye.,The pregnant woman ignores her food poisoning,A pregnant camel ignores the bad smell of a nearby dumpster,The blind man pretends not to see a stinky trash can,A,The pregnant woman ignores her food poisoning,The blind man pretends not to see a stinky trash can,A pregnant camel ignores the bad smell of a nearby dumpster,"اضان الحامل طرشه: This proverb means ignoring or pretending not to see a problem. The literal interpretation could involve a person ignoring a smell. 

[""The pregnant woman ignores her food poisoning"", ""The blind man pretends not to see a stinky trash can"", ""A pregnant camel ignores the bad smell of a nearby dumpster""]",1.0,1.0,2.42,0.87,96.1
a,cot_xl,Arabic,MID0602,اقولو تيس تقولوا يحلبوه, Don't confuse me with facts!, Don't confuse me with facts!,False,Donkeys are arguing about their food,Donkeys are fighting over who gets to slaughter what, Don't confuse me with facts!,The donkeys are discussing their ability to slaughter,C,Donkeys are arguing about their food,The donkeys are discussing their ability to slaughter,Donkeys are fighting over who gets to slaughter what,"""donkeys argue that they slaughter it"" 
[""Donkeys are arguing about their food"", ""The donkeys are discussing their ability to slaughter"", ""Donkeys are fighting over who gets to slaughter what""]",1.0,1.0,1.53,0.76,92.8
a,cot_xl,Arabic,MID0603,الأمو عريانة، ما يكسي خالته,Charity begins at home,Charity begins at home,False,A bare camel is not charitable to its cousin,An aunt who is barefoot is a sign of no charity at home,"Sheep are bare, so there is no charity at home",Charity begins at home,D,An aunt who is barefoot is a sign of no charity at home,"Sheep are bare, so there is no charity at home",A bare camel is not charitable to its cousin,"<reasoning>This proverb is urging a literal interpretation which focuses on personal or family aspects, leading to the following incorrect assumptions.</reasoning>
[""An aunt who is barefoot is a sign of no charity at home"", ""Sheep are bare, so there is no charity at home"", ""A bare camel is not charitable to its cousin""]",1.0,1.0,2.67,0.85,95.5
a,cot_xl,Arabic,MID0604,التسوي بـ ايدك يغلب اجاويدك ,"you made your bed, now you have to lie in it.","you made your bed, now you have to lie in it.",False,The size of your bed will determine the size of your hands.,"If you use your hand to weigh something, it will be heavier than usual.","you made your bed, now you have to lie in it.",You need to use your hand to weigh the number of your grandchildren.,C,You need to use your hand to weigh the number of your grandchildren.,The size of your bed will determine the size of your hands.,"If you use your hand to weigh something, it will be heavier than usual.","<reasoning>Arabic proverb often uses metaphors and idiomatic expressions, so it's essential to consider the cultural and historical context to avoid literal interpretations</reasoning>
[""You need to use your hand to weigh the number of your grandchildren."", ""The size of your bed will determine the size of your hands."", ""If you use your hand to weigh something, it will be heavier than usual.""]",1.0,1.0,1.18,0.8,94.0
a,cot_xl,Arabic,MID0605,التسوي كريت تلقى في جلدها.,What goes around comes around.,What goes around comes around.,False,What goes around comes around.,A person who receives a tattoo will get a new tattoo.,A person who buys a sweater will receive in their skin.,"If a person gets a cut on their skin, they will receive another cut.",A,A person who buys a sweater will receive in their skin.,"If a person gets a cut on their skin, they will receive another cut.",A person who receives a tattoo will get a new tattoo.,"التسوي كريت تلقى في جلدها هي مثل تقول إن كل عمل يعود لصاحبه بشكل مباشر، وليست مثل تقول إن ما يعود إليه له علاقة بالجلد أو الجسد.

[""A person who buys a sweater will receive in their skin."", ""If a person gets a cut on their skin, they will receive another cut."", ""A person who receives a tattoo will get a new tattoo.""]",1.0,1.0,2.4,0.77,93.1
a,cot_xl,Arabic,MID0606,التعيس تكته بتعتر ليه,Remove an old tree and it will wither to death.,Remove an old tree and it will wither to death.,False,"If you cut down a palm tree on a hot summer day, it will dry out.","If you remove the dead branches from a tree, it will die.",Remove an old tree and it will wither to death.,"If you remove an old man with a beard from his home, he will wither away.",C,"If you remove the dead branches from a tree, it will die.","If you remove an old man with a beard from his home, he will wither away.","If you cut down a palm tree on a hot summer day, it will dry out.","<reasoning>Arabic proverb "" التعيس تكته بتعتر ليه"" is warning of consequences of removing an existing structure or system, but here are 3 plausible but wrong literal interpretations:</reasoning>
[""If you remove the dead branches from a tree, it will die."", ""If you remove an old man with a beard from his home, he will wither away."", ""If you cut down a palm tree on a hot summer day, it will dry out.",1.0,1.0,1.47,0.78,93.4
a,cot_xl,Arabic,MID0607,التور أن وقع كترت سكاكينوا.,"When the tree is fallen, every one runs to it with his axe.","When the tree is fallen, every one runs to it with his axe.",False,"When a tree falls, everyone starts a chopping competition.","When the tree is fallen, every one runs to it with his axe.","When a tree falls, everyone tries to find an axe that belongs to them.","When a tree falls, people rush to split the wood into pieces.",B,"When a tree falls, people rush to split the wood into pieces.","When a tree falls, everyone tries to find an axe that belongs to them.","When a tree falls, everyone starts a chopping competition.","When the tree is fallen, every one runs to it with his axe. 

This proverb is often used to describe that when a person falls in a difficult situation, many of those who were previously unwilling to help start showing up and pretending to assist, often with their own agendas or interests.

Here are 3 plausible but wrong literal interpretations:
[""When a tree falls, people rush to split the wood in",1.0,1.0,0.9,0.73,91.9
a,cot_xl,Arabic,MID0608,الجاياك ما بتختاك.,What is meant to be will always find its way.,What is meant to be will always find its way.,False,"If you try to stop something from coming towards you, it will always reach you.",What is meant to be will always find its way.,Something that you're trying to catch will always hit you.,What you're looking for is always on its way to hit you.,B,Something that you're trying to catch will always hit you.,"If you try to stop something from coming towards you, it will always reach you.",What you're looking for is always on its way to hit you.,"The proverb ""الجاياك ما بتختاك"" is not a literal instruction to grab something coming towards you.

[""Something that you're trying to catch will always hit you."",""If you try to stop something from coming towards you, it will always reach you."",""What you're looking for is always on its way to hit you.""].",1.0,1.0,1.23,0.78,93.4
a,cot_xl,Arabic,MID0609,الحسنه في المنعول شي الشره في القندول.,For every good deed comes evil. ,For every good deed comes evil. ,False,The vase will break in the thorn bush.,For every good deed comes evil. ,"If you place something of value on a vase, the thorns will damage it.",A valuable vase will be placed in a location containing thorns.,B,The vase will break in the thorn bush.,A valuable vase will be placed in a location containing thorns.,"If you place something of value on a vase, the thorns will damage it.","For every good deed comes evil.

الحسنه في المنعول شي الشره في القندول

The proverb is stating that if something is placed on a good or valuable vase, it will eventually be destroyed in a place that contains thorns. This reasoning assumes the literal meaning of ""منعول"" as ""on a vase"" rather than the actual meaning of being in a place that one has control over or has been favored by fate.

[""The va",1.0,1.0,1.83,0.86,95.8
a,cot_xl,Arabic,MID0610,الخلاء ولا الرفيق الفسل,Better to be alone than in a bad company. ,Better to be alone than in a bad company. ,False,Better to be near a distant grave than with someone bad,Better to be in a place close to spirits than a bad companion,Better to be near the dead than with a bad person,Better to be alone than in a bad company. ,D,Better to be near the dead than with a bad person,Better to be near a distant grave than with someone bad,Better to be in a place close to spirits than a bad companion,"أفضل أن تكون بمكان قريب من الأرواح الميتة من أي شخص سيء 

[""Better to be near the dead than with a bad person"", ""Better to be near a distant grave than with someone bad"", ""Better to be in a place close to spirits than a bad companion""]",1.0,1.0,1.3,0.56,86.8
a,cot_xl,Arabic,MID0611,الطشاش في بلد العمي شوف ,"In the land of the blind, the one-eyed man is king.","In the land of the blind, the one-eyed man is king.",False,"{'reasoning': 'In this case, the phrase would imply that the one-eyed man is physically present in a land where everyone else is blind.', 'wrong literal 1': 'a blind man is king in a land without one-eyed men'}","In the land of the blind, the one-eyed man is king.","{'reasoning': 'This could suggest that the one-eyed man has exclusive access to a land where only the blind reside.', 'wrong literal 2': 'all one-eyed men have their own country'}","{'reasoning': 'The phrase could be interpreted as the one-eyed man being superior to those who are blind in a land where the only inhabitants are blind people.', 'wrong literal 3': 'in a country with a high population of blind people, the one-eyed man is more skilled at seeing'}",B,"{'reasoning': 'In this case, the phrase would imply that the one-eyed man is physically present in a land where everyone else is blind.', 'wrong literal 1': 'a blind man is king in a land without one-eyed men'}","{'reasoning': 'This could suggest that the one-eyed man has exclusive access to a land where only the blind reside.', 'wrong literal 2': 'all one-eyed men have their own country'}","{'reasoning': 'The phrase could be interpreted as the one-eyed man being superior to those who are blind in a land where the only inhabitants are blind people.', 'wrong literal 3': 'in a country with a high population of blind people, the one-eyed man is more skilled at seeing'}","In the proverb "" الطشاش في بلد العمي شوف"", if taken literally, it could imply that the blind people are in the land of the blind, which would make it confusing. Here are 3 plausible but incorrect literal interpretations:

[{""reasoning"": ""In this case, the phrase would imply that the one-eyed man is physically present in a land where everyone else is blind."", ""wrong literal 1"": ""a blind man is king",1.0,1.0,3.45,0.75,92.5
a,cot_xl,Arabic,MID0612,القرد الكبير ما بيتعلم الرقيص,You cannot teach an old dog new trick.,You cannot teach an old dog new trick.,False,The big monkey cannot learn another dancer's moves.,The big monkey does not learn the dancer,القرد الكبير ما بيتعلم الرقيص,You cannot teach an old dog new trick.,D,القرد الكبير ما بيتعلم الرقيص,The big monkey does not learn the dancer,The big monkey cannot learn another dancer's moves.,"The Arabic proverb ""القرد الكبير ما بيتعلم الرقيص"" literally means ""The big monkey does not learn the dancer"".

Here are three plausible but wrong literal interpretations:
[""The big monkey cannot learn another dancer's moves."", ""A large monkey who is a dancer cannot be taught."", ""The big monkey does not learn to dance.""",1.0,1.0,0.88,0.88,96.4
a,cot_xl,Arabic,MID0613,القرماضه ولا الرقاده, A living dog is better than a dead lion., A living dog is better than a dead lion.,False,,,,,,,,,"Here are 3 plausible but wrong literal interpretations for the Arabic proverb ""القرماضه ولا الرقاده"":

A person who eats grilled meats is not the same as a person who wears silk clothes.
A living dog is better than a type of lion that dies at birth.
A living dog's hair is better than a lion's hair after it has died for years.",0.0,0.0,0.0,0.0,0.0
a,cot_xl,Arabic,MID0614,القُفه ام اضنين بشيلوها نفرين.,It takes two to tango.,It takes two to tango.,False,The pillow has two people who throw it away when they disagree.,Two pillows are thrown away if the owners disagree about something.,A bed is either empty or has two people who will scare it away.,It takes two to tango.,D,A bed is either empty or has two people who will scare it away.,The pillow has two people who throw it away when they disagree.,Two pillows are thrown away if the owners disagree about something.,"<reasoning> The proverb ""القوله ام اضنين بشيلوها نفرين"" is often misunderstood due to its literal translation. It's a common mistake to take the phrase ""القُفه"" and ""شيلوها"" as physical objects or actions, rather than idiomatic expressions. It's essential to consider the context and the idiomatic nature of the words when interpreting this proverb.

[""A bed is either empty or has two people who wil",1.0,1.0,2.47,0.86,95.8
a,cot_xl,Arabic,MID0615,الكلب ينبح والجمل يفوت.,Progress cannot be stopped by the criticisms of scoundrels.,Progress cannot be stopped by the criticisms of scoundrels.,False,Progress cannot be stopped by the criticisms of scoundrels.,A dog's howl causes a camel to run away because it scared it.,"The dog is barking because it got injured from eating camel meat, as a result the camel runs away.","The dog bites the camel, causing the camel to flee.",A,"The dog is barking because it got injured from eating camel meat, as a result the camel runs away.","The dog bites the camel, causing the camel to flee.",A dog's howl causes a camel to run away because it scared it.,"كلب ينبح بسبب جراء أكل لحم جمل، ونتيجة ذاك الجروح يفوت الجمل.

[""The dog is barking because it got injured from eating camel meat, as a result the camel runs away."", ""The dog bites the camel, causing the camel to flee."", ""A dog's howl causes a camel to run away because it scared it.""]",1.0,1.0,1.56,0.86,95.8
a,cot_xl,Arabic,MID0616,الما بتاكلو ما بيخنقك,If the shoe fits wear it.,If the shoe fits wear it.,False,,,,,,,,,"[The shoe fits your feet, but it was meant for a bird.] 
[The more shoes you wear, the harder life becomes for you to breathe.] 
[Water is what you use to clean shoes.]",0.0,0.0,0.0,0.0,0.0
a,cot_xl,Arabic,MID0617,الما بتلحقه جدعه,"If you can't beat them, join them.","If you can't beat them, join them.",False,"If you can't beat them, join them.",The emotional pain will mix with the water.,Their tears will cause the water to overflow.,The water will amplify their emotional distress.,A,Their tears will cause the water to overflow.,The emotional pain will mix with the water.,The water will amplify their emotional distress.,"الما بتلحقه جدعه

If someone's emotional turmoil (جدا') is connected to a body of water (الماء), then it will become worse.

[""Their tears will cause the water to overflow."", ""The emotional pain will mix with the water."", ""The water will amplify their emotional distress.""]",1.0,1.0,1.1,0.74,92.2
a,cot_xl,Arabic,MID0618,الما يخدم ضراعه لمن النهار يحمر، يخدموه الرجال لمن يعمى.,Heaven helps those who help themselves,Heaven helps those who help themselves,False,"{'reasoning': 'This phrase might be instructing a group to help the person who causes the sunrise to have a reddish glow, because that person is somehow connected to the clouds.', 'wrong literal 1': 'Help the person causing the sunrise to glow reddish.'}","{'reasoning': ""The phrase seems to be suggesting that a group should serve men who are blind, because they're somehow related to the cloud's shadow."", 'wrong literal 2': 'Serving the blind men is a priority.'}","{'reasoning': ""This proverb could mean that the group should help men who are experiencing a phenomenon called 'the day being reddening', which might be like a solar eclipse."", 'wrong literal 3': 'Prepare for a solar eclipse'}",Heaven helps those who help themselves,D,"{'reasoning': 'This phrase might be instructing a group to help the person who causes the sunrise to have a reddish glow, because that person is somehow connected to the clouds.', 'wrong literal 1': 'Help the person causing the sunrise to glow reddish.'}","{'reasoning': ""The phrase seems to be suggesting that a group should serve men who are blind, because they're somehow related to the cloud's shadow."", 'wrong literal 2': 'Serving the blind men is a priority.'}","{'reasoning': ""This proverb could mean that the group should help men who are experiencing a phenomenon called 'the day being reddening', which might be like a solar eclipse."", 'wrong literal 3': 'Prepare for a solar eclipse'}","The proverb ""الما يخدم ضراعه لمن النهار يحمر، يخدموه الرجال لمن يعمى"" is not a direct translation of ""Heaven helps those who help themselves."" A correct translation would be ""The cloud serves its shadow to whoever the day is reddening for, it serves men to whoever is blind.""

Here are 3 plausible but wrong literal interpretations:

[{""reasoning"": ""This phrase might be instructing a group to help t",1.0,1.0,6.22,0.75,92.5
a,cot_xl,Arabic,MID0619,ايد لي ايد تجده بعيييد,Unique is strength.,Unique is strength.,False, instead of ,Your hand will find my hand in the mountains, to mean ,Unique is strength.,D,Your hand will find my hand in the mountains, to mean , instead of ,"""Your hand will find my hand in the mountains"" is an example of a wrong literal interpretation because it takes the phrase ""ايد لي"" to mean ""your hand"" instead of ""you will find"" it as in ""you will find it"".

 ""If you tie my hands together, you'll find a big bunch of hands"" is another example of a wrong literal interpretation because it takes the phrase ""ايد لي"" to mean ""you'll find"" but also assu",1.0,0.3333333333333333,1.44,1.0,80.0
a,cot_xl,Arabic,MID0620,بجاه الملوك نلوك.,Living in the shadow of others.,Living in the shadow of others.,False,Living in the shadow of others.,wrong literal 1,wrong literal 3,wrong literal 2,A,wrong literal 1,wrong literal 2,wrong literal 3,"بإمكاننا أن نستخلص النموذج التالي للإجابة على السؤال:
""نظرا للتشابه بين المادة 'ملوك' و 'ملحوكات' (ملحوكات الخط)، يمكن تفسير الجملة بأنها تعني أن الحياة في ظل كتابة الخطوط على الكتابة. 
من الممكن كذلك أن نعتبر الجملة تعني تحتهما لوك (لوك أرضي) للعثور على الملوك تحت الأرض، أو لوك كحجر تحت لوك الحجر.
بمعنى آخر، يمكننا أن نعتبرها تعني أن هناك لوك (لوك عالي) فوق أرض الملك"".

[""wrong literal 1"",""wrong ",1.0,0.0,0.5,0.5,55.0
a,cot_xl,Arabic,MID0621,بحرا ما فيهو تمساح يقدل فيه الورل,"When the cat's away, the mice will play.","When the cat's away, the mice will play.",False,"When the cat's away, the mice will play.",wrong literal 1,wrong literal 3,wrong literal 2,A,wrong literal 1,wrong literal 2,wrong literal 3,"When the cat's away, the mice will play. translates literally from the Arabic proverb بحرا ما فيهو تمساح يقدل فيه الورل.

A river isn't just a body of water; in some contexts, ""بحرا"" means 'at sea' or 'on a journey by sea'. So a plausible but wrong literal interpretation could be: 

""When at sea, there's a crocodile whose waves are in motion.""

Another incorrect literal interpretation might be: 

",1.0,0.0,0.38,0.5,55.0
a,cot_xl,Arabic,MID0622,بليلة المباشر ولا ضبيحة (طبيخة) المكاشر,"
Better is a dinner of herbs where love is, than a stalled ox and hatred therewith.","
Better is a dinner of herbs where love is, than a stalled ox and hatred therewith.",False,"
Better is a dinner of herbs where love is, than a stalled ox and hatred therewith.","wrong literal 1 doesn't make sense, The king is described as being alone. The proverb compares a dinner shared with love to a dinner with an ox but no love.","wrong literal 2 doesn't make sense, The servant is eating no meat because the king is having dinner alone with no meat for his servant.","wrong literal 3 doesn't make sense, The ox is implied to be a large amount of meat, but the servant isn't eating the ox, so the servant isn't being compared to the ox.",A,"wrong literal 1 doesn't make sense, The king is described as being alone. The proverb compares a dinner shared with love to a dinner with an ox but no love.","wrong literal 2 doesn't make sense, The servant is eating no meat because the king is having dinner alone with no meat for his servant.","wrong literal 3 doesn't make sense, The ox is implied to be a large amount of meat, but the servant isn't eating the ox, so the servant isn't being compared to the ox.","بليلة المباشر ولا ضبيحة (طبيخة) المكاشر 
The king has dinner alone every night and his servant eats no meat.

[""wrong literal 1 doesn't make sense, The king is described as being alone. The proverb compares a dinner shared with love to a dinner with an ox but no love."",
 ""wrong literal 2 doesn't make sense, The servant is eating no meat because the king is having dinner alone with no meat for his ",1.0,1.0,1.83,0.72,91.6
a,cot_xl,Arabic,MID0623,تاكل اكل السوسة.. والعافية مسدوسة,"Eat like a bird, but never gain a pound.","Eat like a bird, but never gain a pound.",False,you should literally eat only foods that birds eat.. and the remedy is a type of bird,"Eat like a bird, but never gain a pound.",Eating too much can make you grow a beak like a bird,"The solution to weight gain is to eat a type of bird, the bird is the remedy",B,you should literally eat only foods that birds eat.. and the remedy is a type of bird,Eating too much can make you grow a beak like a bird,"The solution to weight gain is to eat a type of bird, the bird is the remedy","""you should literally eat only foods that birds eat.. and the remedy is a type of bird"".
""Eating too much can make you grow a beak like a bird"".
""The solution to weight gain is to eat a type of bird, the bird is the remedy"".",1.0,1.0,1.7,0.81,94.3
a,cot_xl,Arabic,MID0624,جبل الكُحل هدنوا المراويد ,Constant dropping wears away a stone,Constant dropping wears away a stone,False,"A camel is too weak to move a mountain, so it just knocks down the nearby poles.","When a camel eats the leaves of a mountain, it knocks down the nearby wooden sticks.",Constant dropping wears away a stone,"When a group of camels march, they accidentally knock down the nearby poles.",C,"A camel is too weak to move a mountain, so it just knocks down the nearby poles.","When a camel eats the leaves of a mountain, it knocks down the nearby wooden sticks.","When a group of camels march, they accidentally knock down the nearby poles.","جبل الكُحل هدنوا المراويد: 
When a camel passes by a mountain, it knocks down the nearby poles.

[""A camel is too weak to move a mountain, so it just knocks down the nearby poles."", ""When a camel eats the leaves of a mountain, it knocks down the nearby wooden sticks."", ""When a group of camels march, they accidentally knock down the nearby poles.""]",1.0,1.0,2.56,0.71,91.3
a,cot_xl,Arabic,MID0625,جزا المعروف أربعة كفوف.,Evil in return for good deed.,Evil in return for good deed.,False,Four types of cloth given in return for a good deed,A four-cubit long reward for goodness,The evil is given in four buckets as payment,Evil in return for good deed.,D,A four-cubit long reward for goodness,Four types of cloth given in return for a good deed,The evil is given in four buckets as payment,"Reasoning: The proverb is about consequences and reciprocity, not a specific unit of measurement or material reward.

[""A four-cubit long reward for goodness"", ""Four types of cloth given in return for a good deed"", ""The evil is given in four buckets as payment""]",1.0,1.0,1.44,0.9,97.0
a,cot_xl,Arabic,MID0626,ذاد الحِبان ليهو مكان أو ذاد الحِبان له مكان,The company makes the feast.,The company makes the feast.,False,It takes a whole village of honey producers to make a celebration. There is an entire village of honey producers making preparations.,"When bees multiply, a place for them will be made. And when bees multiply, a place will be made for them.","When bees become many, they have a location, and when bees become many, they have a place.",The company makes the feast.,D,"When bees multiply, a place for them will be made. And when bees multiply, a place will be made for them.",It takes a whole village of honey producers to make a celebration. There is an entire village of honey producers making preparations.,"When bees become many, they have a location, and when bees become many, they have a place.","[""When bees multiply, a place for them will be made. And when bees multiply, a place will be made for them."", ""It takes a whole village of honey producers to make a celebration. There is an entire village of honey producers making preparations."", ""When bees become many, they have a location, and when bees become many, they have a place.""]",1.0,1.0,4.0,0.91,97.3
a,cot_xl,Arabic,MID0627,شجر الدوم برمي ضلوا بعيد.,March to a different drummer.,March to a different drummer.,False,March to a different drummer.,The people of the village of dom will rebel against the ruling government.,Those who plant dom trees are likely to be thrown from a great height.,A tree of dom will create a storm that drives people away.,A,Those who plant dom trees are likely to be thrown from a great height.,A tree of dom will create a storm that drives people away.,The people of the village of dom will rebel against the ruling government.,"""Those who plant a 'dom' tree may end up far away from the city.""
[""Those who plant dom trees are likely to be thrown from a great height."",""A tree of dom will create a storm that drives people away."",""The people of the village of dom will rebel against the ruling government.""]",1.0,1.0,2.6,0.88,96.4
a,cot_xl,Arabic,MID0628,ضربني وبكي وسبقني اشتكي ,Wrong and strong.,Wrong and strong.,False,Wrong and strong.,You are crying and I hit you with a strong smell.,You hit the ground with your feet and then you complain.,You are so strong that you can hit the walls and cry afterwards.,A,You hit the ground with your feet and then you complain.,You are crying and I hit you with a strong smell.,You are so strong that you can hit the walls and cry afterwards.,"ضربني وبكي وسبقني اشتكي 
I hit you and you cry, and you precede me in complaining

[""You hit the ground with your feet and then you complain."", ""You are crying and I hit you with a strong smell."", ""You are so strong that you can hit the walls and cry afterwards.""]",1.0,1.0,3.89,0.74,92.2
a,cot_xl,Arabic,MID0629,لالوب بلدنا ولا تمر الناس ,Better the devil you know.,Better the devil you know.,False,,,,,,,,,"""لا لوب بلدنا ولا تمر الناس"" means ""Don't let the wolf (a known threat) into our country, nor let the people (the people within) pass.""",0.0,0.0,0.0,0.0,0.0
a,cot_xl,Arabic,MID0630,لحقتهن أمات طه,Searching for a needle in a haystack.,Searching for a needle in a haystack.,False,The haystack was the grandmother of the women.,The women's mother found a needle.,Searching for a needle in a haystack.,The women's grandmother is making a stew.,C,The women's grandmother is making a stew.,The haystack was the grandmother of the women.,The women's mother found a needle.,"""Searching for a needle in a haystack means looking for something rare amidst many mundane things.""

[""The women's grandmother is making a stew."", ""The haystack was the grandmother of the women."", ""The women's mother found a needle.""]",1.0,1.0,1.0,0.81,94.3
a,cot_xl,Arabic,MID0631,مد رجليك قدر لحافك,Cut your coat according to your cloth.,Cut your coat according to your cloth.,False,,,,,,,,,"فقط لتخزين حقيقتها: 
إذا قمت بإعادة تصميم لوحة لوفر في غرفتك، فستكون قيد الرقابة من قوات الجدار.",0.0,0.0,0.0,0.0,0.0
a,cot_xl,Arabic,MID0632,مسيك دربين ضهيب وركيب سرجين وقيع,A Jack of all trades is master of none. ,A Jack of all trades is master of none. ,False,A Jack of all trades is master of none. ,He wears luxurious shoes made of gold,He rides between two stars,He is a blacksmith who repairs cart wheels,A,He rides between two stars,He is a blacksmith who repairs cart wheels,He wears luxurious shoes made of gold,"<reasoning>A proverb is a saying that carries a deeper meaning, and literal interpretations may not always be accurate.</reasoning>
[""He rides between two stars"", ""He is a blacksmith who repairs cart wheels"", ""He wears luxurious shoes made of gold""]",1.0,1.0,0.74,0.92,97.6
a,cot_xl,Arabic,MID0633,مصيروا الضفر ما بطلع من اللحم ,Blood is thicker than water.,Blood is thicker than water.,False,Blood is thicker than water.,You should grind your nail if something comes out of your flesh as a wound or cut.,Grinding a nail is more painful than getting a cut in the flesh.,"If you find a nail that accidentally comes out from your flesh, be sure to grind it to avoid infection.",A,You should grind your nail if something comes out of your flesh as a wound or cut.,Grinding a nail is more painful than getting a cut in the flesh.,"If you find a nail that accidentally comes out from your flesh, be sure to grind it to avoid infection.","The proverb ""مصيروا الضفر ما بطلع من اللحم"" literally means ""Grind the nail what comes out from the flesh."" 

This is misleading because it suggests that one should cause harm or injury to their nail in order to get something from their flesh, which contradicts the intended meaning that ""blood is thicker than water,"" implying that family ties are stronger than other relationships. Here are 3 plaus",1.0,1.0,3.33,0.85,95.5
a,cot_xl,Arabic,MID0634,ملكين (مكين) فوق كركر، كان دا غاب، داك حضر,The sun never sets upon the British Empire,The sun never sets upon the British Empire,False,"The king sat on a beam and the other king was late, so this one came early instead.",The sun never sets upon the British Empire,The British Empire is literally built on wooden beams.,A king sits on top of a specific wooden beam called Krkr.,B,The British Empire is literally built on wooden beams.,A king sits on top of a specific wooden beam called Krkr.,"The king sat on a beam and the other king was late, so this one came early instead.","A king sits on top of a wooden beam, another is absent, so this one arrives

[""The British Empire is literally built on wooden beams."", ""A king sits on top of a specific wooden beam called Krkr."", ""The king sat on a beam and the other king was late, so this one came early instead.""]",1.0,1.0,1.62,0.88,96.4
a,cot_xl,Arabic,MID0635,من بره هلا هلا ومن جوه يفتح الله,A fair face may hide a foul heart.,A fair face may hide a foul heart.,False,A fair face may hide a foul heart.,A hole in the window may let in the sunlight,"If you throw an egg from afar, it will crack from inside","If you throw a pebble from above, it will open a cave below",A,"If you throw an egg from afar, it will crack from inside",A hole in the window may let in the sunlight,"If you throw a pebble from above, it will open a cave below","من بره هلا هلا ومن جوه يفتح الله means that the outer appearance of something is pleasant and inviting, but the inner workings or the hidden truth may be very different and even revealing or showing one's inner nature.

[""If you throw an egg from afar, it will crack from inside"", ""A hole in the window may let in the sunlight"", ""If you throw a pebble from above, it will open a cave below""]",1.0,1.0,1.46,0.86,95.8
a,cot_xl,Arabic,MID0636,منشان عين تكرم ألف عين.,"Love me, love my dog.","Love me, love my dog.",False,The eye is more important than a thousand eyes if it is loved,"If you love one eye, you must love a thousand","For an eye to be beautiful, a thousand eyes must love it","Love me, love my dog.",D,The eye is more important than a thousand eyes if it is loved,"If you love one eye, you must love a thousand","For an eye to be beautiful, a thousand eyes must love it","""منشان عين تكرم ألف عين"" is a proverb with a figurative meaning, not a literal one. Here are 3 plausible but wrong literal interpretations:

[ ""The eye is more important than a thousand eyes if it is loved"", ""If you love one eye, you must love a thousand"", ""For an eye to be beautiful, a thousand eyes must love it"" ]",1.0,1.0,2.33,0.77,93.1
a,cot_xl,Arabic,MID0637,وذاد الطين بله ,Add fuel to the flames.,Add fuel to the flames.,False,mix clay with water,pour sand into fire,add salt to bread,Add fuel to the flames.,D,mix clay with water,add salt to bread,pour sand into fire,"وذاد الطين بله translates to 'Add fuel to the flames'. 

Here are 3 plausible but wrong literal interpretations:

[""mix clay with water"", ""add salt to bread"", ""pour sand into fire""]",1.0,0.0,0.8,1.0,70.0
a,cot_xl,Arabic,MID0638,وطني ولا ملو بطني.,There is no place like home,There is no place like home,False,"My country, no ruler of my belly",My nation's king does not own my nation,There is no place like home,There is no king like my belly,C,"My country, no ruler of my belly",My nation's king does not own my nation,There is no king like my belly,"There is no place like home (Arabic: وطني ولا ملو بطني)

In a more literal interpretation, you might be thinking of your country and its king. However, considering Arabic's nuances:

This proverb is actually a play on words where 'وطني' (watni) means 'my nation' but also sounds like 'my belly', while 'ملو' is an archaic word for 'king' but sounds similar to 'full'. 

The correct interpretation is ",1.0,1.0,1.22,0.82,94.6
a,cot_xl,Arabic,MID0639,يجي الخريف.. واللواري بتقيف,Every dog has its day.,Every dog has its day.,False,"When autumn comes, dogs need to pack",The end of harvest season affects dogs,The changing weather forces dogs to prepare for winter,Every dog has its day.,D,"When autumn comes, dogs need to pack",The end of harvest season affects dogs,The changing weather forces dogs to prepare for winter,"<reasoning>This proverb is often misunderstood as a warning not to get too comfortable or complacent because the seasons change and the comfortable conditions will be disrupted, similar to how the arrival of autumn might disrupt a dog's cozy living situation.</reasoning>

[""When autumn comes, dogs need to pack"", ""The end of harvest season affects dogs"", ""The changing weather forces dogs to prepare",1.0,1.0,1.53,0.88,96.4
a,cot_xl,Arabic,MID0640,أبركها ساعة,Glad it is over! I shall send you a sympathy card.,Glad it is over! I shall send you a sympathy card.,False,Glad it is over! I shall send you a sympathy card.,A minute is for her,You will give her an umbrella for a minute.,She will need an umbrella for one minute,A,You will give her an umbrella for a minute.,A minute is for her,She will need an umbrella for one minute,"[Reasoning in Arabic] لأنها تعني إسعاف شخص يغادر مكانًا، والاستعارة تحيل بينما الشخص يغادر مكانًا لآخر يمر عليه الوقت ساعة (في هذه الحالة).
[""You will give her an umbrella for a minute."", ""A minute is for her"", ""She will need an umbrella for one minute""]",1.0,1.0,0.67,0.75,92.5
a,cot_xl,Arabic,MID0641,أكل و راحه ونومه في البراحه,filling tummy and spending money,filling tummy and spending money,False,"He eats, relaxes, and sleeps in the pastures of a green meadow",Eating and relaxation and sleep during camping,"His stomach, wallet, and bed are all located in the desert",filling tummy and spending money,D,Eating and relaxation and sleep during camping,"His stomach, wallet, and bed are all located in the desert","He eats, relaxes, and sleeps in the pastures of a green meadow","<reasoning>Arabic proverbs often use metaphorical language to convey moral lessons. In ""أكل و راحه ونومه في البراحه"", the words may seem literal, but in the context of the proverb, ""أكل و راحه"" refers to excessive spending and ""نومه في البراحه"" means to sleep peacefully without worries. However, to create wrong literal interpretations, we need to separate the words from the proverb's context. Here",1.0,1.0,2.0,0.91,97.3
a,cot_xl,Arabic,MID0642,إنفخ يا شريم قال ماكو برطم.,Born to suffer. / You can not escape bad luck,Born to suffer. / You can not escape bad luck,False,you must blow up the house because there is no brick,blowing a trumpet to check if there is anyone nearby,Born to suffer. / You can not escape bad luck,when you blow air on a shrimps it will disappear,C,you must blow up the house because there is no brick,blowing a trumpet to check if there is anyone nearby,when you blow air on a shrimps it will disappear,"""you must blow up the house because there is no brick""
""blowing a trumpet to check if there is anyone nearby""
""when you blow air on a shrimps it will disappear""",1.0,1.0,1.03,0.91,97.3
a,cot_xl,Arabic,MID0643,الباب اللي يجيك منه الريح سده واستريح.,If you are always dwelling in trouble change the address.,If you are always dwelling in trouble change the address.,False,Close the door that the wind passes through and take a break,The door that lets the wind in is locked and you're resting,The door to the wind is closed and you're calm,If you are always dwelling in trouble change the address.,D,The door that lets the wind in is locked and you're resting,The door to the wind is closed and you're calm,Close the door that the wind passes through and take a break,"""The door from which the breeze comes, close it and relax."" 
[""The door that lets the wind in is locked and you're resting"", ""The door to the wind is closed and you're calm"", ""Close the door that the wind passes through and take a break""]",1.0,1.0,1.13,0.68,90.4
a,cot_xl,Arabic,MID0644,الباب يوسع جمل,Good riddance.,Good riddance.,False,"When the door opens, the beauty multiplies.",A door opens up to a herd of camels.,Good riddance.,The door that opens leads to many beautiful things.,C,A door opens up to a herd of camels.,"When the door opens, the beauty multiplies.",The door that opens leads to many beautiful things.,"The proverb ""الباب يوسع جمل"" can be broken down as ""bab yusa' jumal"". In Arabic, ""bab"" means door, ""yusa'"" means opens, ""jumal"" is the plural of ""jamal"", which means beauty or camel. Here are 3 plausible but wrong literal interpretations:

[""A door opens up to a herd of camels."", ""When the door opens, the beauty multiplies."", ""The door that opens leads to many beautiful things.""]",1.0,1.0,4.17,0.85,95.5
a,cot_xl,Arabic,MID0645,الروس نامت والعصاعص قامت,A fooling master makes a standing servant.,A fooling master makes a standing servant.,False,The Russian nights are longer than the Ottoman nights,A fooling master makes a standing servant.,The master of Russian dolls makes a standing Ottoman soldier,A fooling master is someone who has made a standing servant laugh,B,The Russian nights are longer than the Ottoman nights,A fooling master is someone who has made a standing servant laugh,The master of Russian dolls makes a standing Ottoman soldier,"الروس نامت والعصاعص قامت 
Translation: A fooling master makes a standing servant.

Reasoning: This proverb is cautioning against the idea of trying to fool someone in a position of authority, as it may lead to unforeseen consequences. It highlights the importance of honesty and authenticity in our interactions, especially with those who have power over us.

Here are 3 plausible but WRONG literal i",1.0,1.0,1.48,0.87,96.1
a,cot_xl,Arabic,MID0646,الشيفه شيفه والمعاني ضعيفه,still waters run deep.,still waters run deep.,False,"The kitchen utensils are weak, but the chef remains skilled.","The chef is physically weak, but their culinary skills are still sharp.","The chef's muscles are weak, but their dishes are still delicious.",still waters run deep.,D,"The chef's muscles are weak, but their dishes are still delicious.","The kitchen utensils are weak, but the chef remains skilled.","The chef is physically weak, but their culinary skills are still sharp.","""المعاني ضعيفه"" can be misinterpreted as referring to weak muscles rather than weak meanings. 

[""The chef's muscles are weak, but their dishes are still delicious."", 
""The kitchen utensils are weak, but the chef remains skilled."", 
""The chef is physically weak, but their culinary skills are still sharp.""]",1.0,1.0,2.75,0.68,90.4
a,cot_xl,Arabic,MID0647,الغيم يحوم والرب رحوم,Every cloud has a silver lining.,Every cloud has a silver lining.,False,A cloud is moving in a circular motion and is said to have mercy.,The cloud is moving in a circle while God shows mercy to the people under it.,Every cloud has a silver lining.,Clouds circle around to find mercy from a higher power.,C,The cloud is moving in a circle while God shows mercy to the people under it.,Clouds circle around to find mercy from a higher power.,A cloud is moving in a circular motion and is said to have mercy.,"<reasoning>Arabic proverb ""الغيم يحوم والرب رحوم"" literally means the cloud is circling and God is merciful. It should be interpreted as every cloud has a silver lining, not literally taken as a physical cloud circling with a merciful God. The word ""حوم"" means to move or flow around something, not just circling in a literal sense, and ""رحوم"" is a form of the word for mercy, not the name of a speci",1.0,1.0,2.22,0.81,94.3
a,cot_xl,Arabic,MID0648,القلوب شواهد,The heart knows what the heart wants.,The heart knows what the heart wants.,False,wrong literal 2,wrong literal 1,The heart knows what the heart wants.,A group of people's hearts serve as evidence.,C,wrong literal 1,A group of people's hearts serve as evidence.,wrong literal 2,"<reasoning>In Arabic, ""القلوب"" can refer to the hearts of a group of people, not just an individual's heart. This could lead to misinterpretation of the proverb as referring to the collective desires of a group, rather than individual desires.</reasoning>
[""wrong literal 1"", ""A group of people's hearts serve as evidence."", ""wrong literal 2"", ""The hearts of a crowd are the witnesses."", ""wrong liter",1.0,0.3333333333333333,0.67,0.83,74.9
a,cot_xl,Arabic,MID0649,اللي ما يطول العنب حامضٍ عنه يقول.,They would find a fault with a fat goose.,They would find a fault with a fat goose.,False,"If the goose is fat, they will say it's unripe.",They would find a fault with a fat goose.,People tend to criticize grapes for their acidity.,"The longer the grapevine, the more acid it will be.",B,"The longer the grapevine, the more acid it will be.","If the goose is fat, they will say it's unripe.",People tend to criticize grapes for their acidity.,"<reasoning>Some proverbs are culturally specific and require knowledge of the local customs and idioms to understand the intended meaning.</reasoning>
[""The longer the grapevine, the more acid it will be."", ""If the goose is fat, they will say it's unripe."", ""People tend to criticize grapes for their acidity.""]",1.0,1.0,1.04,0.96,98.8
a,cot_xl,Arabic,MID0650,انطر يا حمار على ما يجيك الربيع.,You have to wait donkey's years.,You have to wait donkey's years.,False,You have to wait on a donkey that's carrying spring flowers.,You have to feed a donkey only in spring.,You have to wait donkey's years.,Donkeys are only productive during the spring season.,C,You have to feed a donkey only in spring.,Donkeys are only productive during the spring season.,You have to wait on a donkey that's carrying spring flowers.,"You have to wait on the donkey what the spring brings.

[[""You have to feed a donkey only in spring.""],[""Donkeys are only productive during the spring season.""],[""You have to wait on a donkey that's carrying spring flowers.""]]",1.0,1.0,1.56,0.85,95.5
a,cot_xl,Arabic,MID0651,بغى يكحلها عماها,gild the lily.,gild the lily.,False,"His aunt is secretly a gold miner, and he wants to exploit her resources.",gild the lily.,He plans to use his aunt's gold to pay off a debt.,"His aunt is getting married, and he wants to help her family financially by gifting gold.",B,"His aunt is secretly a gold miner, and he wants to exploit her resources.",He plans to use his aunt's gold to pay off a debt.,"His aunt is getting married, and he wants to help her family financially by gifting gold.","""because his aunt wants it to be gold"" بغى عماها يكحلها

[""His aunt is secretly a gold miner, and he wants to exploit her resources."", ""He plans to use his aunt's gold to pay off a debt."", ""His aunt is getting married, and he wants to help her family financially by gifting gold.""]",1.0,1.0,4.67,0.75,92.5
a,cot_xl,Arabic,MID0652,بغيناه عون صار فرعون,A wolf in sheep's clothing.,A wolf in sheep's clothing.,False,The river flows under a bridge and the bridge becomes the sea,A wolf in sheep's clothing.,They built a strong wall and now the wall is a mountain.,We need a lion to help us build a castle and the lion becomes a pharaoh.,B,The river flows under a bridge and the bridge becomes the sea,We need a lion to help us build a castle and the lion becomes a pharaoh.,They built a strong wall and now the wall is a mountain.,"بغيناه عون صار فرعون means A wolf in sheep's clothing.
 
Wrong literal interpretations: 
[""The river flows under a bridge and the bridge becomes the sea"", ""We need a lion to help us build a castle and the lion becomes a pharaoh."", ""They built a strong wall and now the wall is a mountain.""]",1.0,1.0,2.67,0.81,94.3
a,cot_xl,Arabic,MID0653,بوطبيع ما يجور عن طبعه,Old habits die hard.,Old habits die hard.,False,what is old will become harder,hard materials that are old will die,Old habits die hard.,"if one gets old, hard things happen to them",C,what is old will become harder,"if one gets old, hard things happen to them",hard materials that are old will die,"""Old habits die hard"" can be interpreted as ""what is old will become harder"" based on the word ""طبيع"" meaning nature but also sounding like ""yata'ajja"" meaning to become harder.

[""what is old will become harder"", ""if one gets old, hard things happen to them"", ""hard materials that are old will die""]",1.0,1.0,1.83,0.92,97.6
a,cot_xl,Arabic,MID0654,جاك الموت يا تارك الصلاه,Your sins have caught up with you.,Your sins have caught up with you.,False,You will be killed because you didn't go to the prayer,The one who never prays will face death at your doorstep,Your sins have caught up with you.,Death is coming to find you because you left your morning prayer,C,You will be killed because you didn't go to the prayer,Death is coming to find you because you left your morning prayer,The one who never prays will face death at your doorstep,"<reasoning>Arabic has a poetic nature, and proverbs often rely on idiomatic expressions and metaphors, rather than literal translations. This proverb is a great example, where the phrase ""جاك الموت يا تارك الصلاه"" literally translates to ""The death is to you, the one who abandons prayer"" but has deeper meaning, indicating consequences of neglecting one's faith.</reasoning>
[""You will be killed bec",1.0,1.0,1.62,0.85,95.5
a,cot_xl,Arabic,MID0655,حاط دوبَه دُوبي, he picks on me, he picks on me,False,He's measuring the length of two pieces of wood., he picks on me,He's decorating my house with two branches.,He's picking up two sticks and using them to chop wood.,B,He's picking up two sticks and using them to chop wood.,He's decorating my house with two branches.,He's measuring the length of two pieces of wood.,"<reasoning>Arabic proverbs often rely on metaphors and wordplay, but when taken literally, they may yield unexpected or inaccurate interpretations.</reasoning>
[
  ""He's picking up two sticks and using them to chop wood."",
  ""He's decorating my house with two branches."",
  ""He's measuring the length of two pieces of wood.""
]",1.0,1.0,2.25,0.84,95.2
a,cot_xl,Arabic,MID0656,حلات الثوب رقعته منه وفيه,Cut from the same cloth.,Cut from the same cloth.,False,Cut from the same cloth.,Cut a piece of meat from the clothes of an animal.,You can cut fabric while it's being worn.,Cut the clothes of the person sleeping next to you.,A,You can cut fabric while it's being worn.,Cut the clothes of the person sleeping next to you.,Cut a piece of meat from the clothes of an animal.,"حلات الثوب رقعته منه وفيه
He tried to cut his clothes while they were still being sewn and there was a piece left over.

[""You can cut fabric while it's being worn."", ""Cut the clothes of the person sleeping next to you."", ""Cut a piece of meat from the clothes of an animal.""]",1.0,1.0,1.93,0.87,96.1
a,cot_xl,Arabic,MID0657,خبز خبزتيه يا الرفله إكليه.," You made your bed, now lie in it."," You made your bed, now lie in it.",False,"bread, you have baked for the shelf, eat it."," You made your bed, now lie in it.","You baked bread for the shelf, so now you have to eat it.","The shelf is filled with your baked bread, now it's time to eat it.",B,"bread, you have baked for the shelf, eat it.","You baked bread for the shelf, so now you have to eat it.","The shelf is filled with your baked bread, now it's time to eat it.","[reasoning]The proverb is about being responsible for one's actions and their consequences, but the Arabic sentence literally translates to ""bread, you have baked for the shelf, eat it."" This implies that the speaker is talking about a physical action of baking bread and eating it, rather than the idiom's intended meaning.[/reasoning]
[""You baked bread for the shelf, so now you have to eat it."", """,1.0,1.0,1.5,0.6,88.0
a,cot_xl,Arabic,MID0658,راحت السكرة وجات الفكرة,The idea came after the drunkness passed.,The idea came after the drunkness passed.,False,The drinker found a key,"After the mountain slope was cleared, the tree branch came",The idea came after the drunkness passed.,Drunkness was a type of fabric that came in a new style,C,The drinker found a key,Drunkness was a type of fabric that came in a new style,"After the mountain slope was cleared, the tree branch came","<reasoning>The proverb is describing the relationship between the timing of a realization or an idea and the passage of a state of being.</reasoning>
[""The drinker found a key"", ""Drunkness was a type of fabric that came in a new style"", ""After the mountain slope was cleared, the tree branch came""]",1.0,1.0,1.29,0.92,97.6
a,cot_xl,Arabic,MID0659,ردت حليمه لعادتها القديمه,Old habits die hard,Old habits die hard,False,The habit of a female dog is an old one,Old habits die hard,Old clothes are the best match for the old habits,A grandmother would return her old jewelry,B,A grandmother would return her old jewelry,The habit of a female dog is an old one,Old clothes are the best match for the old habits,"ردت حليمة لعادتها القديمة
[""A grandmother would return her old jewelry"", ""The habit of a female dog is an old one"", ""Old clothes are the best match for the old habits""]",1.0,1.0,2.25,0.89,96.7
a,cot_xl,Arabic,MID0660,سو خير وقطه بحر.,Do good and cast it into the sea.,Do good and cast it into the sea.,False,cast good waves into the ocean,pour good saltwater into the lake,Do good and cast it into the sea.,throw good fish into the sea,C,throw good fish into the sea,cast good waves into the ocean,pour good saltwater into the lake,"""Because this proverb seems to suggest performing good deeds over water."" 
سو خير وقطه بحر

[""throw good fish into the sea"", ""cast good waves into the ocean"", ""pour good saltwater into the lake""]",1.0,1.0,0.75,0.67,90.1
a,cot_xl,Arabic,MID0661,سيل ما يبلك ما يهمك,"Not my circus, not my monkeys.","Not my circus, not my monkeys.",False,"Not my circus, not my monkeys.",You can't catch a flood that isn't affecting you.,The sea itself has no concern for the one standing on the shore.,A rainstorm in a different town doesn't concern you.,A,You can't catch a flood that isn't affecting you.,A rainstorm in a different town doesn't concern you.,The sea itself has no concern for the one standing on the shore.,"[""You can't catch a flood that isn't affecting you."",
""A rainstorm in a different town doesn't concern you."",
""The sea itself has no concern for the one standing on the shore."" ]",1.0,1.0,1.72,0.94,98.2
a,cot_xl,Arabic,MID0662,طرار ويتشرط,Beggars can't be choosers.,Beggars can't be choosers.,False,One who flees will not be picky,A person fleeing will have no options,Beggars can't be choosers.,Those who flee cannot afford to be choosy,C,A person fleeing will have no options,One who flees will not be picky,Those who flee cannot afford to be choosy,"<reasoning>In Arabic, 'طرار' (tarr) literally means 'to flee'. Thus, a literal interpretation might focus on the act of fleeing rather than the state of being a beggar.</reasoning>[""A person fleeing will have no options"", ""One who flees will not be picky"", ""Those who flee cannot afford to be choosy""]",1.0,1.0,1.83,0.92,97.6
a,cot_xl,Arabic,MID0663,طق واطمر,Strike while the iron is hot.,Strike while the iron is hot.,False,"To make a hot meal, you must strike the iron to heat it up.",The best way to polish a hot metallic surface is to strike it with the iron.,The ironworker should strike the metal immediately after it has been heated.,Strike while the iron is hot.,D,The ironworker should strike the metal immediately after it has been heated.,"To make a hot meal, you must strike the iron to heat it up.",The best way to polish a hot metallic surface is to strike it with the iron.,"""طق واطمر""  means that one should act quickly when opportunities are available, but the phrase has nothing to do with physical metals or heat. Here are 3 plausible but wrong literal interpretations:

 [""The ironworker should strike the metal immediately after it has been heated."", ""To make a hot meal, you must strike the iron to heat it up."", ""The best way to polish a hot metallic surface is to st",1.0,1.0,2.33,0.81,94.3
a,cot_xl,Arabic,MID0664,عباس فوق دباس,Like a madhouse,Like a madhouse,False,The height of Abbas is greater than Dbaas,Abbas is above the quantity of Dbaas,The man Abbas is above the place Dbaas,Like a madhouse,D,The man Abbas is above the place Dbaas,Abbas is above the quantity of Dbaas,The height of Abbas is greater than Dbaas,""" عباس فوق دباس"" means ""Like a madhouse"" in English. 

Here are three plausible but wrong literal interpretations in English:

""['The man Abbas is above the place Dbaas', 'Abbas is above the quantity of Dbaas', 'The height of Abbas is greater than Dbaas']""",1.0,1.0,2.56,0.53,85.9
a,cot_xl,Arabic,MID0665,كثر الدق يفك اللحام.,Constant dripping wears away the stone,Constant dripping wears away the stone,False,Constant dripping wears away the stone,many drips on an ironworker's feet might make them slip and fall,drips of molten metal onto an ironworker's protective gloves could lead to their deterioration,drips of water falling on an ironworker's hammer might weaken its edge,A,many drips on an ironworker's feet might make them slip and fall,drips of water falling on an ironworker's hammer might weaken its edge,drips of molten metal onto an ironworker's protective gloves could lead to their deterioration,"""Many drips can break the ironworker."" [""many drips on an ironworker's feet might make them slip and fall"", ""drips of water falling on an ironworker's hammer might weaken its edge"", ""drips of molten metal onto an ironworker's protective gloves could lead to their deterioration""]",1.0,1.0,2.11,0.81,94.3
a,cot_xl,Arabic,MID0666,كل يرى الناس بعين طبعه,"People see the world not as it is, but as they are.","People see the world not as it is, but as they are.",False,"People see the world not as it is, but as they are.",People use people as eye wear,People in the world are made of eyes,The eye part of a person is people,A,People in the world are made of eyes,People use people as eye wear,The eye part of a person is people,"كل يرى الناس بعين طبعه
- Everyone wears people's eyes as glasses.
- Everyone sees people with the eyes of their character.
- People see each other's people with the eye of the body part that you can use to see with.

[""People in the world are made of eyes"",""People use people as eye wear"",""The eye part of a person is people""]",1.0,1.0,0.61,0.83,94.9
a,cot_xl,Arabic,MID0667,كلوا كده وسبوا يده,Biting the hand that feeds you.,Biting the hand that feeds you.,False,Biting the hand that feeds you.,Consuming food that tastes so good and verbally disrespecting someone whose hand is involved in serving it.,Eating this specific dish and criticizing the chef's hand movements.,Ingesting something and slandering someone based on their physical ability to extend their hand.,A,Eating this specific dish and criticizing the chef's hand movements.,Consuming food that tastes so good and verbally disrespecting someone whose hand is involved in serving it.,Ingesting something and slandering someone based on their physical ability to extend their hand.,"""كلوا كده وسبوا يده"" roughly translates to ""Eating this and insulting his hand."" A proverb like ""Biting the hand that feeds you"" generally conveys the idea of harming someone who is providing for you. Here are 3 plausible but wrong literal interpretations:

[""Eating this specific dish and criticizing the chef's hand movements."", ""Consuming food that tastes so good and verbally disrespecting someon",1.0,1.0,2.28,0.93,97.9
a,cot_xl,Arabic,MID0668,لا تدخل عصك بشى مايخصك.,Don't poke your nose into others' affairs.,Don't poke your nose into others' affairs.,False,You shouldn't use a stick to pick your nose when it's not your business.,Don't poke your nose into others' affairs.,You shouldn't use a stick to make holes where it doesn't belong.,You shouldn't use your nose to sniff out food that doesn't belong to you.,B,You shouldn't use a stick to make holes where it doesn't belong.,You shouldn't use your nose to sniff out food that doesn't belong to you.,You shouldn't use a stick to pick your nose when it's not your business.,"لا تدخل عصك بشى مايخصك.

The nose (عصك) is not the actual instrument, but a metaphor. 
Here are 3 plausible but wrong literal interpretations:

[""You shouldn't use a stick to make holes where it doesn't belong."",
 ""You shouldn't use your nose to sniff out food that doesn't belong to you."",
 ""You shouldn't use a stick to pick your nose when it's not your business.""]",1.0,1.0,1.9,0.71,91.3
a,cot_xl,Arabic,MID0669,لا تودع الفار شحمه,Don't let the fox guard the henhouse.,Don't let the fox guard the henhouse.,False,لا تودع الفار شحمه إذا كان منزلك يحتاج إلى إصلاحات طارئة,Don't let the fox guard the henhouse.,لا تودع الفار شحمه عندما يكون في حاجة إلى الطعام,لا تودع الفار شحمه إذا كنت تريد منع الأضواء,B,لا تودع الفار شحمه عندما يكون في حاجة إلى الطعام,لا تودع الفار شحمه إذا كنت تريد منع الأضواء,لا تودع الفار شحمه إذا كان منزلك يحتاج إلى إصلاحات طارئة,"تذكر أن لا تودع الفار شحمه ينص على ألا تترك الفار حارساً لحمام الدجاجة، وبالتالي، هنا ثلاث تفسيرات خاطئة على شكل لITERAL interpretations:

[  
    ""لا تودع الفار شحمه عندما يكون في حاجة إلى الطعام"",
    ""لا تودع الفار شحمه إذا كنت تريد منع الأضواء"",
    ""لا تودع الفار شحمه إذا كان منزلك يحتاج إلى إصلاحات طارئة""
]",1.0,1.0,1.43,0.7,91.0
a,cot_xl,Arabic,MID0670,لي فات الفوت ما ينفع الصوت.,"Grasp all, lose all.","Grasp all, lose all.",False,You can never speak at the moment you're going to miss a bus because the sound of your voice won't help you catch it.,"Grasp all, lose all.","You need to speak loudly to grasp something, but if you miss the moment, the loudness of your voice won't help you.","The sound of your voice will benefit you if you can speak before you miss the moment, but if you miss the moment, it won't help you.",B,You can never speak at the moment you're going to miss a bus because the sound of your voice won't help you catch it.,"You need to speak loudly to grasp something, but if you miss the moment, the loudness of your voice won't help you.","The sound of your voice will benefit you if you can speak before you miss the moment, but if you miss the moment, it won't help you.","لي فات الفوت ما ينفع الصوت.
[ ""You can never speak at the moment you're going to miss a bus because the sound of your voice won't help you catch it."", 
""You need to speak loudly to grasp something, but if you miss the moment, the loudness of your voice won't help you."", 
""The sound of your voice will benefit you if you can speak before you miss the moment, but if you miss the moment, it won't help",1.0,1.0,6.08,0.6,88.0
a,cot_xl,Arabic,MID0671,مايعرف رأسه من كرياسه,Can't tell his head from his tail.,Can't tell his head from his tail.,False,He is unable to distinguish between his own head and his tail because they are attached.,Can't tell his head from his tail.,She cannot tell her own head from her tail because of her bad haircut and uneven hair length.,This phrase refers to a condition where a person's head and tail grow together.,B,He is unable to distinguish between his own head and his tail because they are attached.,This phrase refers to a condition where a person's head and tail grow together.,She cannot tell her own head from her tail because of her bad haircut and uneven hair length.,"Can't tell his head from his tail means that someone is unable to distinguish between two things that are very different.

A possible reason for a wrong literal interpretation in Arabic is the phrase's origin in the biblical verse Deuteronomy 28:41 ""Thou shalt beget sons and daughters, but thou shalt not enjoy them; for they shall go into captivity. And all that thou hast shall be taken in captivi",1.0,1.0,2.29,0.84,95.2
a,cot_xl,Arabic,MID0672,مد رجولك على قد لحافك.,Live within your means.,Live within your means.,False,You should increase your masculine energy to match the length of your blanket.,It is crucial to extend your masculinity to cover the length of your blanket.,Live within your means.,Make sure your masculine abilities can support the weight of your blanket.,C,You should increase your masculine energy to match the length of your blanket.,Make sure your masculine abilities can support the weight of your blanket.,It is crucial to extend your masculinity to cover the length of your blanket.,"<reasoning>In Arabic, the phrase ""مد رجولك"" can also mean to extend or lengthen your masculinity, which might lead to the following incorrect interpretations.</reasoning>
[""You should increase your masculine energy to match the length of your blanket."", ""Make sure your masculine abilities can support the weight of your blanket."", ""It is crucial to extend your masculinity to cover the length of you",1.0,1.0,3.25,0.73,91.9
a,cot_xl,Arabic,MID0673,من طلع من داره قل مقداره.,"East or west, home is best ","East or west, home is best ",False,"East or west, home is best ",Whoever leaves his house will be lucky from there.,He who leaves his home will make a good fortune there.,Someone who leaves their house will gain a wealth from it.,A,He who leaves his home will make a good fortune there.,Whoever leaves his house will be lucky from there.,Someone who leaves their house will gain a wealth from it.,"من طلع من داره قل مقداره (Arabic proverb)
Reasoning: The proverb suggests that no matter where someone goes, their home is still the best place. However, if we take the proverb literally, we might interpret it as an instruction or a prediction.

[""He who leaves his home will make a good fortune there."", ""Whoever leaves his house will be lucky from there."", ""Someone who leaves their house will gain",1.0,1.0,1.72,0.76,92.8
a,cot_xl,Arabic,MID0674,نام مظلوم ولا تنام ظالم.,"Better suffer ill, than do ill.","Better suffer ill, than do ill.",False,"Better suffer ill, than do ill.",Only those who are wronged should sleep,Take a sleeping pill if you're suffering unjustly,You'll always be a good sleeper if you're wronged,A,Take a sleeping pill if you're suffering unjustly,You'll always be a good sleeper if you're wronged,Only those who are wronged should sleep,"""Never suffer injustice, so you can sleep peacefully, and always harm those who did injustice to you.""

[""Take a sleeping pill if you're suffering unjustly"", ""You'll always be a good sleeper if you're wronged"", ""Only those who are wronged should sleep""]",1.0,1.0,1.33,0.91,97.3
a,cot_xl,Arabic,MID0675,نوم الظالم عباده.,Let sleeping dogs lie.,Let sleeping dogs lie.,False,Let sleeping dogs lie.,wrong literal 1,Let sleeping dogs lie.,نوم الظالم عباده,A,نوم الظالم عباده,Let sleeping dogs lie.,wrong literal 1,"""نوم الظالم عباده"" translates to ""Let sleeping dogs lie."" The proverb warns that meddling with past grievances can lead to more problems.

Here are three plausible but wrong literal interpretations:

[
""wrong literal 1"": ""The oppressed will fall asleep while their oppressor is awake."",
""wrong literal 2"": ""The owner will sleep with their dog as their pet."",
""wrong literal 3"": ""The tyrant's subjects",1.0,0.0,0.83,1.0,70.0
a,cot_xl,Arabic,MID0676, إذا فات الفرصة لا ينفع الندم, It's no use crying over spilt milk., It's no use crying over spilt milk.,False,Milk is beneficial when you regret,Regretting misses the benefit of milk, It's no use crying over spilt milk.,The milk regrets being spilled,C,The milk regrets being spilled,Milk is beneficial when you regret,Regretting misses the benefit of milk,"""when the opportunity missed, regret doesn't benefit the milk"" 
[""The milk regrets being spilled"", ""Milk is beneficial when you regret"", ""Regretting misses the benefit of milk""]",1.0,1.0,0.81,0.86,95.8
a,cot_xl,Arabic,MID0677, برمة الشرك لا تثور,Two cooks spoil the cook,Two cooks spoil the cook,False,Two people who are literally cooking food can make it spoiled.,Two people who are literally in a bedroom can make it chaotic.,Having two cooks on a boat can be a disaster.,Two cooks spoil the cook,D,Two people who are literally cooking food can make it spoiled.,Having two cooks on a boat can be a disaster.,Two people who are literally in a bedroom can make it chaotic.,"reasoning: The proverb doesn't refer to two people who are cooks, but rather implies that having two individuals with the same flawed beliefs or behaviors can lead to a corrupted outcome.

[""Two people who are literally cooking food can make it spoiled."", ""Having two cooks on a boat can be a disaster."", ""Two people who are literally in a bedroom can make it chaotic.""]",1.0,1.0,2.2,0.73,91.9
a,cot_xl,Arabic,MID0678, خدم فشمس وكل فظله.,Hard work pays off.,Hard work pays off.,False,Working with a sunflower will pay off,A small bird served the sun and benefited,Hard work pays off.,Every drop of water will serve the sun,C,Working with a sunflower will pay off,Every drop of water will serve the sun,A small bird served the sun and benefited,"خدم فشمس وكل فظله - This proverb actually means to serve during the day (work hard) and enjoy the shade (relax) at night, as the literal interpretation. 

However, here are 3 plausible but incorrect literal interpretations:
[""Working with a sunflower will pay off"", ""Every drop of water will serve the sun"", ""A small bird served the sun and benefited""]",1.0,1.0,1.92,0.9,97.0
a,cot_xl,Arabic,MID0679, دافع النقم باللقم, Giving is receiving., Giving is receiving.,False,Giving is receiving, Giving is receiving.,you give food to your enemy,eating food makes you strong,B,Giving is receiving,you give food to your enemy,eating food makes you strong,"[دافع النقم باللقم] means ""Giving is receiving"" because of giving food (لقم) to someone in need can bring you good fortune and blessings (نقم).

[""you give food to your enemy"", ""eating food makes you strong"", ""giving food to a snake""]",1.0,0.6666666666666666,1.56,0.93,87.9
a,cot_xl,Arabic,MID0680,أنا أقول جمل وانته تقول جبل.,Like talking to a brick wall.,Like talking to a brick wall.,False,Like talking to a brick wall.,You only build mountains with words,A mountain's height is a wall to my voice,My words are falling on a mountain of bricks,A,My words are falling on a mountain of bricks,You only build mountains with words,A mountain's height is a wall to my voice,"إني أقول جمل وانته تقول جبل

Like talking to a brick wall translates to talking to someone who can't hear you over the sound of a mountain being named (جبل is a mountain in Arabic and can mean a brick wall in some contexts in a more literal translation).

[""My words are falling on a mountain of bricks"", ""You only build mountains with words"", ""A mountain's height is a wall to my voice""]",1.0,1.0,1.33,0.93,97.9
a,cot_xl,Arabic,MID0681,إذا فات الفوت ما ينفع الصوت, It's no use crying over spilt milk., It's no use crying over spilt milk.,False, It's no use crying over spilt milk.,"The voice is of no use after the bird has flown away, because it won't come back.","The sound of a cry is of no use after the wind has gone, because it can't blow anything back.",The sound of crying is useless after the milk has gone bad because it can't be used.,A,The sound of crying is useless after the milk has gone bad because it can't be used.,"The voice is of no use after the bird has flown away, because it won't come back.","The sound of a cry is of no use after the wind has gone, because it can't blow anything back.","إذا فات الفوت ما ينفع الصوت - This proverb means that there's no point in trying to undo something after it's already done.

[""The sound of crying is useless after the milk has gone bad because it can't be used."", 
""The voice is of no use after the bird has flown away, because it won't come back."", 
""The sound of a cry is of no use after the wind has gone, because it can't blow anything back.""]",1.0,1.0,2.57,0.65,89.5
a,cot_xl,Arabic,MID0682,اتجمعها الغزالة وتاكلها السبالة,To take the credit for someone else's work.,To take the credit for someone else's work.,False,It's better to pick fruits in the area where the gazelle grazes,The gazelle gathers the (unripe) fruits and the jackal eats them,"If the gazelle gathers them and the jackal eats them, it's a sign of a strong food chain",To take the credit for someone else's work.,D,The gazelle gathers the (unripe) fruits and the jackal eats them,It's better to pick fruits in the area where the gazelle grazes,"If the gazelle gathers them and the jackal eats them, it's a sign of a strong food chain","""إذا اجمعها الغزالة وتاكلها السبالة، فإنه يُفضل جمع الفواكه في المكان الذي ترعى الغزالة فيه""
[""The gazelle gathers the (unripe) fruits and the jackal eats them"", ""It's better to pick fruits in the area where the gazelle grazes"", ""If the gazelle gathers them and the jackal eats them, it's a sign of a strong food chain""]",1.0,1.0,1.71,0.77,93.1
a,cot_xl,Arabic,MID0683,احابي حمد من اجل عيون محمد,"Love me, love my dog.","Love me, love my dog.",False,You should love your dog as much as you love the beauty that is Muhammad,"Love me, love my dog.",Mohammed's eyes are so beautiful that they deserve appreciation as a result of someone's love,Someone who loves Muhammad should also love his possessions,B,Mohammed's eyes are so beautiful that they deserve appreciation as a result of someone's love,You should love your dog as much as you love the beauty that is Muhammad,Someone who loves Muhammad should also love his possessions,"Reasoning in Arabic: 
تطبيق هذه العبارة بشكل حرفي قد يؤدي إلى فهم خاطئ للعبارة. على سبيل المثال, قد يفهم بعض الأشخاص أن من يحب محمد، يجب عليه أيضًا حبه لأحاديته (الكلاب). 

[""Mohammed's eyes are so beautiful that they deserve appreciation as a result of someone's love"", ""You should love your dog as much as you love the beauty that is Muhammad"", ""Someone who loves Muhammad should also love his poss",1.0,1.0,2.6,0.89,96.7
a,cot_xl,Arabic,MID0684,اذا ما طاعك الدهر طيعه حتى تكون ربيعه,Adapt or perish.,Adapt or perish.,False,"If the clock tells you to obey, obey until it becomes a hair clip.","If the river respects you, it will become your shoe size.",Adapt or perish.,اذا ما طاعك الدهر طيعه حتى تكون ربيعه,C,اذا ما طاعك الدهر طيعه حتى تكون ربيعه,"If the clock tells you to obey, obey until it becomes a hair clip.","If the river respects you, it will become your shoe size.","If we take the Arabic proverb ""اذا ما طاعك الدهر طيعه حتى تكون ربيعه"" literally, here are three plausible but wrong interpretations:

- ""If the clock tells you to obey, obey until it becomes a hair clip.""
- ""If the river respects you, it will become your shoe size.""
- ""If the wind is obedient to you, it will become a quarter of your profit.""",1.0,1.0,3.67,0.95,98.5
a,cot_xl,Arabic,MID0685,اركب الهزيله حتى تلحق السمينه, Slow and steady wins the race., Slow and steady wins the race.,False,,,,,,,,,"اركب الهزيله حتى تلحق السمينه: 
You can ride a wobbly donkey to catch a wild horse.",0.0,0.0,0.0,0.0,0.0
a,cot_xl,Arabic,MID0686,الأعور على العميان باشا,"in the land of the blind, the one-eyed man is king","in the land of the blind, the one-eyed man is king",False,A king is considered the most powerful person in a land where the majority of the population consists of people who have lost one of their eyes,"in the land of the blind, the one-eyed man is king","In the land of the blind, the physically handicapped but sighted individual serves as a leader,","The one-eyed man is the ruler of the land of the blind due to his exceptional ability to see,",B,"The one-eyed man is the ruler of the land of the blind due to his exceptional ability to see,","In the land of the blind, the physically handicapped but sighted individual serves as a leader,",A king is considered the most powerful person in a land where the majority of the population consists of people who have lost one of their eyes,"<reasoning>Proverbs often rely on metaphors and figurative language. This proverb is meant to convey the idea that someone who has some knowledge or advantage can excel in an environment where everyone else is lacking. However, in a literal sense, it can be misinterpreted as a commentary on physical sight.</reasoning>
[""The one-eyed man is the ruler of the land of the blind due to his exceptional ",1.0,1.0,1.88,0.86,95.8
a,cot_xl,Arabic,MID0687,الاسم شايع والبطن جايع,A good name is better than riches,A good name is better than riches,False, can mean ,A good name is better than riches, in Arabic can also mean ,الاسم شايع والبطن جايع,B,الاسم شايع والبطن جايع, in Arabic can also mean , can mean ,"The proverb ""الاسم شايع والبطن جايع"" might literally be interpreted as:

A name that is common (popular) and a stomach that is inflamed.

This is because ""شايع"" in Arabic can also mean ""common/popular"", and ""جايع"" can mean ""inflamed"".",1.0,0.3333333333333333,0.52,0.87,76.1
a,cot_xl,Arabic,MID0688,البجمة اروح من الغلفة,Better something than nothing.,Better something than nothing.,False,A person will leave their weighing device if it's covered with a thin cloth,"If a weight is wrapped in a thin sheet, I will leave it",A heavy object will leave someone who is wrapped in a cloth,Better something than nothing.,D,"If a weight is wrapped in a thin sheet, I will leave it",A heavy object will leave someone who is wrapped in a cloth,A person will leave their weighing device if it's covered with a thin cloth,"The proverb ""البجمة اروح من الغلفة"" can be broken down as follows: ""البظمة"" refers to the weight or heaviness of something, ""إروح"" means to leave or abandon, and "" الغلفة"" refers to the wrapping or covering of something with a thin layer (usually referring to a cloth or a sheet). These can lead to the following plausible but wrong literal interpretations:

[""If a weight is wrapped in a thin sheet,",1.0,1.0,3.25,0.73,91.9
a,cot_xl,Arabic,MID0689,البيت يُدْخَل من بابه ,"Do it right, or don't do it at all.","Do it right, or don't do it at all.",False,you must always use the front gate when entering a home,"to enter a house, go through its main entrance","Do it right, or don't do it at all.",one must enter through the main door for a house,C,one must enter through the main door for a house,you must always use the front gate when entering a home,"to enter a house, go through its main entrance","The house is entered from its gate. 

It is possible to enter a house from its front gate, however the proverb is not describing the physical act of entering a house but rather the idea that there is a specific method or way to do something.

A more literal interpretation of the proverb is: [""one must enter through the main door for a house"", ""you must always use the front gate when entering a hom",1.0,1.0,1.11,0.84,95.2
a,cot_xl,Arabic,MID0690,الخساره مع بعض الناس عيد,One man's meat is another man's poison.,One man's meat is another man's poison.,False,,,,,,,,,"One man's meat is another man's poison. (arabic: ""الخساره مع بعض الناس عيد"")

[One man's meat is made of another man's poison] 
[If you do not cut an onion near some people, they will cry]
[The loss with some people is a holiday, because they are all losing]",0.0,0.0,0.0,0.0,0.0
a,cot_xl,Arabic,MID0691,الشيفة شيفة والمعاني ضعيفة.,still waters run deep.,still waters run deep.,False,The water is too shallow for fish.,This water is too cold for normal fish.,The fish is too weak to swim in deep waters.,still waters run deep.,D,The water is too shallow for fish.,The fish is too weak to swim in deep waters.,This water is too cold for normal fish.,"Reasoning: 
The proverb "" الشيفة شيفة والمعاني ضعيفة"" warns that still waters may appear peaceful but can be misleading because they may hide strong and significant meanings, similar to how a calm waterbody may hide powerful currents underneath.

[""The water is too shallow for fish."", ""The fish is too weak to swim in deep waters."", ""This water is too cold for normal fish.""]",1.0,1.0,2.08,0.72,91.6
a,cot_xl,Arabic,MID0692,العرق دساس ضارب إلى الأساس.,Blood will tell.,Blood will tell.,False,A strong person will hit the ground when they start to run,A dark-skinned person is a good liar and will reach the foundation first,Blood will tell.,A person with a pale complexion is a skilled fighter who will reach the basis,C,A dark-skinned person is a good liar and will reach the foundation first,A strong person will hit the ground when they start to run,A person with a pale complexion is a skilled fighter who will reach the basis,"The proverb is about how one's true nature or character will eventually be revealed. A wrong literal reading could be interpreted as:
[""A dark-skinned person is a good liar and will reach the foundation first"", ""A strong person will hit the ground when they start to run"", ""A person with a pale complexion is a skilled fighter who will reach the basis""]",1.0,1.0,4.44,0.76,92.8
a,cot_xl,Arabic,MID0693,اللي يبغي السح ما يقول أح,Nothing worth having comes easy.,Nothing worth having comes easy.,False,The one who desires a nighttime sleep must remain silent.,The person who wants to sleep at night must never speak.,Nothing worth having comes easy.,You must not speak if you want to sleep through the night.,C,The person who wants to sleep at night must never speak.,The one who desires a nighttime sleep must remain silent.,You must not speak if you want to sleep through the night.,"The proverb implies that if someone wants a night's sleep (""السح""), they shouldn't say anything.

[""The person who wants to sleep at night must never speak."",
""The one who desires a nighttime sleep must remain silent."",
""You must not speak if you want to sleep through the night.""]",1.0,1.0,2.2,0.79,93.7
a,cot_xl,Arabic,MID0694,اما جلس وهجع واما اضرب ووجع,Do it right or don’t do it at all.,Do it right or don’t do it at all.,False,"If you sit or hit someone, you will take a nap and feel pain.","If you don't hit someone, you either sit and then take a nap or you will feel pain.","If you hit someone and then sit down, either you will take a nap or you will feel pain.",Do it right or don’t do it at all.,D,"If you sit or hit someone, you will take a nap and feel pain.","If you don't hit someone, you either sit and then take a nap or you will feel pain.","If you hit someone and then sit down, either you will take a nap or you will feel pain.","The Arabic proverb ""اما جلس وهجع واما اضرب ووجع"" can be broken down as:
- "" جلس"" meaning to sit
- ""وَهَجَع"" meaning to take a nap
- ""اضرب"" meaning to hit
- ""وجع"" meaning pain

Here are 3 plausible but wrong literal interpretations in English:

[""If you sit or hit someone, you will take a nap and feel pain."", 
""If you don't hit someone, you either sit and then take a nap or you will feel pain."",
""I",1.0,1.0,1.89,0.23,76.9
a,cot_xl,Arabic,MID0695,انا اقول جمل وانت تقول جبل,Like talking to a brick wall.,Like talking to a brick wall.,False,I am speaking at a high volume and you are a large stone structure.,We are engaged in a conversation where I say words and you make an offer to move a mountain.,You are speaking words into a hill.,Like talking to a brick wall.,D,You are speaking words into a hill.,We are engaged in a conversation where I say words and you make an offer to move a mountain.,I am speaking at a high volume and you are a large stone structure.,"""I am talking words and you are saying mountain.""

[""You are speaking words into a hill."", ""We are engaged in a conversation where I say words and you make an offer to move a mountain."", ""I am speaking at a high volume and you are a large stone structure.""]",1.0,1.0,2.22,0.79,93.7
a,cot_xl,Arabic,MID0696,انتظر يا حمار لين ما يرجع الربيع.,When pigs fly.,When pigs fly.,False,"The pigs are actually waiting for the return of spring, because they have become expert navigators.","When a particular type of pig is trained to fly, then we will see the return of spring.",When pigs fly.,"It takes a long time for pigs to fly, especially during times of conflict.",C,"When a particular type of pig is trained to fly, then we will see the return of spring.","It takes a long time for pigs to fly, especially during times of conflict.","The pigs are actually waiting for the return of spring, because they have become expert navigators.","When pigs fly is an idiomatic expression that translates to ""انتظر يا حمار لين ما يرجع الربيع"". Here are 3 plausible but wrong literal interpretations in English:

[""When a particular type of pig is trained to fly, then we will see the return of spring."", ""It takes a long time for pigs to fly, especially during times of conflict."", ""The pigs are actually waiting for the return of spring, because t",1.0,1.0,5.33,0.88,96.4
a,cot_xl,Arabic,MID0697,بو ياكل حلواها يصبر على بلواها,"No pain, no gain.","No pain, no gain.",False,"No pain, no gain.","If a fruit tastes sweet, it must be rotten","To get a cavity, one should wait for toothache",The pain of being bitten by a bee is a sign of the sweetness of honey,A,"To get a cavity, one should wait for toothache",The pain of being bitten by a bee is a sign of the sweetness of honey,"If a fruit tastes sweet, it must be rotten","<reasoning>Arabic proverb implies that experiencing bitter consequences (""بلواها"") after tasting sweet benefits (""حلوى"") is necessary for progress.</reasoning>
[""To get a cavity, one should wait for toothache"", ""The pain of being bitten by a bee is a sign of the sweetness of honey"", ""If a fruit tastes sweet, it must be rotten""]",1.0,1.0,2.83,0.95,98.5
a,cot_xl,Arabic,MID0698,تيتي تيتي كما رحتي جيتي.,Came empty-handed.,Came empty-handed.,False,My shadow walked the same as the path I traveled,Came empty-handed.,The sea was calm as my journey's end,The bird sang like its flight was its arrival,B,The bird sang like its flight was its arrival,The sea was calm as my journey's end,My shadow walked the same as the path I traveled,"The proverb تيتي تيتي كما رحتي جيتي roughly translates to ""Come in peace as you came empty-handed."" or ""Came empty-handed.""  The word تيتي (titi) means ""come"" in a more poetic sense, and is often translated as ""peacefully"" or ""with an empty hand."" Here are three plausible but wrong literal interpretations:

[""The bird sang like its flight was its arrival"",""The sea was calm as my journey's end"",""My",1.0,1.0,4.5,0.86,95.8
a,cot_xl,Arabic,MID0699,سير بعيد وتعال سالم,Better safe than sorry.,Better safe than sorry.,False,Better safe than sorry.,"If you're near a mountain, it's safer to take the long route",You need a lot of salt to travel safely,A long journey requires a lot of food,A,A long journey requires a lot of food,"If you're near a mountain, it's safer to take the long route",You need a lot of salt to travel safely,"<reasoning>A safe traveler has a long journey</reasoning>
[""A long journey requires a lot of food"", ""If you're near a mountain, it's safer to take the long route"", ""You need a lot of salt to travel safely""]",1.0,1.0,2.42,0.85,95.5
a,cot_xl,Arabic,MID0700,واللي فات مات,Let bygones be bygones,Let bygones be bygones,False,"If you miss a deadline, the entire project will die",Anyone who fails to attend school will miss out on an important skill that will eventually lead to their downfall,"If you keep missing your workout schedule, your physical progress will eventually be finished",Let bygones be bygones,D,"If you miss a deadline, the entire project will die",Anyone who fails to attend school will miss out on an important skill that will eventually lead to their downfall,"If you keep missing your workout schedule, your physical progress will eventually be finished","<reasoning>In Arabic, 'واللي' can be used as a particle to emphasize a past action or situation, 'فات' can be interpreted as a verb meaning 'to miss or fail to attend to something', and 'مات' typically means 'to die' or 'to be finished'. However, in this context, it is idiomatic and means 'to leave in the past'. However, if taken literally and without the idiomatic context, one could interpret it ",1.0,1.0,3.67,0.9,97.0
a,cot_xl,Arabic,MID0701,يوم ما عرفت تلعب قالت الملعب ضيق,A bad workman blames his tools.,A bad workman blames his tools.,False,A bad workman blames his tools.,"When I came to know, I playfully constrict the one playing with the ground.",The one being intimate with the field says it's too tight.,"When I came to know, I was in an intimate relationship with the ground which said it was constricted.",A,"When I came to know, I playfully constrict the one playing with the ground.",The one being intimate with the field says it's too tight.,"When I came to know, I was in an intimate relationship with the ground which said it was constricted.","""يوم ما عرفت تلعب قالت الملعب ضيق"" can be broken down into its core meaning in a literal sense. However, one must understand that the proverb is actually conveying a message of a lazy person blaming their tools as an excuse for their bad work. 

 ""يوم ما عرفت"" translates to ""When I came to know"", implying a moment of realization.
 ""تلعب"" is not just any play but also means to play with or to be in",1.0,1.0,2.44,0.8,94.0
a,cot_xl,Arabic,MID0702,أحييني اليوم واقتلني غدوه.,You only live once.,You only live once.,False,kill me today,save me today and bring death to me tomorrow,You only live once.,bring poison to me tomorrow,C,bring poison to me tomorrow,kill me today,save me today and bring death to me tomorrow,"""واقتلني"" can be read as ""kill me"" because of the verb قتلك and the pronounني, which means ""me"".
""أحييني"" can be read as ""keep me alive"". 
""غدوه"" can be read as ""tomorrow"". 

 [""bring poison to me tomorrow"", ""kill me today"", ""save me today and bring death to me tomorrow""]",1.0,0.6666666666666666,1.42,0.73,81.9
a,cot_xl,Arabic,MID0703,أضرب القطوسة، تتربى العروسة.,kill the chicken to scare the monkey.,kill the chicken to scare the monkey.,False,killing chickens will keep the kids from playing outside,kill the chicken to scare the monkey.,the loud noise of chopping the chicken will keep the neighboring dogs from barking,if you kill the chicken it will scare the tourists away from the beach,B,killing chickens will keep the kids from playing outside,if you kill the chicken it will scare the tourists away from the beach,the loud noise of chopping the chicken will keep the neighboring dogs from barking,"""قتل القطوسة لتخيف الطفل الصغير، فلا يجب أن ننكر الأخطاء الصغيرة حتى لا تتراكم.""

[""killing chickens will keep the kids from playing outside"", ""if you kill the chicken it will scare the tourists away from the beach"", ""the loud noise of chopping the chicken will keep the neighboring dogs from barking""]",1.0,1.0,1.76,0.8,94.0
a,cot_xl,Arabic,MID0704,إذا كان الكلام من فضّة، السّكات من ذهب.,"Speech is silver, silence is golden","Speech is silver, silence is golden",False,,,,,,,,,"""if words are made of silver, then the quiet ones are from gold.""

[""the quiet ones are made entirely of gold"",",0.0,0.0,0.0,0.0,0.0
a,cot_xl,Arabic,MID0705,إطعم الفم تستحى العين.,A bribe works miracles.,A bribe works miracles.,False,A bribe works miracles.,Feed the mouth to make the eyes sleepy,Feed the mouth and the eye will be hungry,Feed the mouth to make the eye happy,A,Feed the mouth to make the eyes sleepy,Feed the mouth and the eye will be hungry,Feed the mouth to make the eye happy," إطعم الفم تستحى العين (A bribe works miracles).

A bribe works miracles.

This proverb is actually referring to the idea that offering a bribe can lead to undeserved benefits, but that's a separate interpretation.

A more direct, but wrong, interpretation could be:

[""Feed the mouth to make the eyes sleepy"", ""Feed the mouth and the eye will be hungry"", ""Feed the mouth to make the eye happy""]",1.0,1.0,2.08,0.61,88.3
a,cot_xl,Arabic,MID0706,إلي تحسبو موسى يطلع فرعون,A wolf in sheep's clothing.,A wolf in sheep's clothing.,False,You will calculate Moses' departure,Moses leaves Pharaoh,You will count Moses and Pharaoh will leave,A wolf in sheep's clothing.,D,Moses leaves Pharaoh,You will count Moses and Pharaoh will leave,You will calculate Moses' departure,""" إلي تحسبو موسى يطلع فرعون"" can be translated to English as ""A wolf in sheep's clothing"". Here are 3 plausible but wrong literal interpretations:

[""Moses leaves Pharaoh"", ""You will count Moses and Pharaoh will leave"", ""You will calculate Moses' departure""]",1.0,0.6666666666666666,1.07,0.85,85.5
a,cot_xl,Arabic,MID0707,ابعد ع الشر/البلا وغنيلو.,Dont wake a sleeping lion.,Dont wake a sleeping lion.,False,Dont wake a sleeping lion.,Don't feed a sleeping elephant with bread,Wake lions in a field of flowers,Avoid waking up a lion in a sleeping house,A,Wake lions in a field of flowers,Don't feed a sleeping elephant with bread,Avoid waking up a lion in a sleeping house,"ابعد ع الشر/البلا وغنيلو: Don't wake a sleeping lion.

Here are three plausible but wrong literal interpretations:

[""Wake lions in a field of flowers"", ""Don't feed a sleeping elephant with bread"", ""Avoid waking up a lion in a sleeping house""]",1.0,1.0,1.53,0.87,96.1
a,cot_xl,Arabic,MID0708,اضرب الحديد وهو سخون,Strike while the iron is hot,Strike while the iron is hot,False,اضرب الحديد وهو سخون,Hit the metal while it's being eaten,Strike while the iron is hot," which means being eaten)
- ",C,اضرب الحديد وهو سخون,Hit the metal while it's being eaten," which means being eaten)
- ","[اضرب الحديد وهو سخون] 
""اضرب الحديد وهو سخون"" can be interpreted as:
- ""Hit the metal while it's being eaten"" (incorrect literal interpretation based on the word ""سخون"" which means being eaten)
- ""Beat the iron with food"" (incorrect literal interpretation based on the word ""سخون"" which can be related to food in Arabic)
- ""Smash the iron while it's happy"" (incorrect literal interpretation based on",1.0,0.6666666666666666,0.89,0.97,89.1
a,cot_xl,Arabic,MID0709,الثالثة ثابتة.,Third time is the charm.,Third time is the charm.,False,The charm is a fraction of the third time,The charm is one-third of the total charm,The charm lasts for one-third of the time,Third time is the charm.,D,The charm lasts for one-third of the time,The charm is one-third of the total charm,The charm is a fraction of the third time,"third time is the charm 
In Arabic, the word ""ثالثة"" (third) and ""ثابتة"" (stable or fixed) are close in meaning but not identical. However, ""ثالثة"" can also be read as ""a third"" or ""one-third"", implying a fraction of something rather than the sequence of events in the proverb.

[""The charm lasts for one-third of the time"", ""The charm is one-third of the total charm"", ""The charm is a fraction of th",1.0,1.0,1.67,0.6,88.0
a,cot_xl,Arabic,MID0710,الجنازة حامية والميت كلب.,Much bran and little meal.,Much bran and little meal.,False,The deceased was a dog.,A funeral procession is carrying a lot of bread.,Much bran and little meal.,The deceased person has a dog.,C,The deceased person has a dog.,A funeral procession is carrying a lot of bread.,The deceased was a dog.,"The proverb is saying that there are many signs or indications (much bran) but a small effect or result (little meal). 

The proverb is not literally about food. It is using the imagery of bread to convey the idea of there being many signals or indicators pointing to a specific outcome, but the outcome itself is minimal.

Here are 3 plausible but wrong literal interpretations:
[""The deceased perso",1.0,1.0,1.33,0.76,92.8
a,cot_xl,Arabic,MID0711,الحنضلة ما تولي تفاحة والخرشي ما تبان فيه ملاحة ,You can't make a silk purse out of a sow's ear.,You can't make a silk purse out of a sow's ear.,False,the silk purse,wrong literal 1,You can't make a silk purse out of a sow's ear.,the sow's ear,C,the sow's ear,the silk purse,wrong literal 1,"You can't make a silk purse out of a sow's ear. 

Reasoning: This proverb is cautioning about the futility of trying to achieve something of high quality or refinement from something of low quality or coarse nature.

The two proper components are:
- الحنضلة meaning ""the sow's ear""
- والخرشي meaning ""the silk purse""

One might get the following wrong interpretations:

- ""wrong literal 1"" - The prov",1.0,0.0,0.27,0.93,67.9
a,cot_xl,Arabic,MID0712,اللي خاف نجى.,Better safe than sorry.,Better safe than sorry.,False,Better safe than sorry.,"{'reasoning': ""Perhaps one should always be near a safe in case of an emergency, so اللي خاف نجى means 'stay near a safe.'""}","{'reasoning': ""In this interpretation, اللي خاف means being afraid of one's own strength or emotions, so اللي خاف نجى could mean 'fear your own strength, and you'll be saved'.""}","{'reasoning': ""The phrase might be referring to a type of bird or animal that is considered safe to be near, so اللي خاف نجى means 'fear nothing but birds.'""}",A,"{'reasoning': ""Perhaps one should always be near a safe in case of an emergency, so اللي خاف نجى means 'stay near a safe.'""}","{'reasoning': ""The phrase might be referring to a type of bird or animal that is considered safe to be near, so اللي خاف نجى means 'fear nothing but birds.'""}","{'reasoning': ""In this interpretation, اللي خاف means being afraid of one's own strength or emotions, so اللي خاف نجى could mean 'fear your own strength, and you'll be saved'.""}","اللي خاف نجى translates to ""Better safe than sorry"" because the phrase implies that it's often better to be cautious and take precautions to avoid risks, rather than taking a risk and potentially facing negative consequences.

Here are 3 plausible but incorrect literal interpretations:

[{""reasoning"": ""Perhaps one should always be near a safe in case of an emergency, so اللي خاف نجى means 'stay ne",1.0,1.0,6.75,0.77,93.1
a,cot_xl,Arabic,MID0713,اللي في القلب في القلب.,Deep in the heart.,Deep in the heart.,False,A man with a wooden chest has a heart in the same location as his friend.,The person who is on a boat has a heart deep within the heart of the ocean.,A person with a heart of gold is located inside a cardiovascular system.,Deep in the heart.,D,A person with a heart of gold is located inside a cardiovascular system.,A man with a wooden chest has a heart in the same location as his friend.,The person who is on a boat has a heart deep within the heart of the ocean.,"""Someone who is at home has the same heart as someone else who is at home.""
[""A person with a heart of gold is located inside a cardiovascular system."", 
""A man with a wooden chest has a heart in the same location as his friend."", 
""The person who is on a boat has a heart deep within the heart of the ocean.""]",1.0,1.0,3.83,0.81,94.3
a,cot_xl,Arabic,MID0714,اللي ما تعرفش تشطح اتقول الأرض عوجة.,A bad workman always blames his tools.,A bad workman always blames his tools.,False,"If a person is unwell, they will claim the earth is unbalanced.","If someone doesn't know how to dance, they will say the ground is curved.","If you don't know how to fix something, you will say the tools are bad.",A bad workman always blames his tools.,D,"If someone doesn't know how to dance, they will say the ground is curved.","If you don't know how to fix something, you will say the tools are bad.","If a person is unwell, they will claim the earth is unbalanced.","<reasoning>This proverb is an idiomatic expression used to convey that a person who is not competent or skilled in their field tends to find excuses and blame external factors rather than taking responsibility for their mistakes.</reasoning>
[""If someone doesn't know how to dance, they will say the ground is curved."", ""If you don't know how to fix something, you will say the tools are bad."", ""If a",1.0,1.0,1.95,0.76,92.8
a,cot_xl,Arabic,MID0715,اللي ما تفرقو المنية تفرقو الثنية. , All good things must come to an end., All good things must come to an end.,False,Those who can't differentiate between a valley and a mountain will get lost., All good things must come to an end.,People who don't know that the sky will soon be cloudy won't know that the river will soon be swollen.,It's those who can't distinguish between a cemetery and a mountain pass.,B,It's those who can't distinguish between a cemetery and a mountain pass.,People who don't know that the sky will soon be cloudy won't know that the river will soon be swollen.,Those who can't differentiate between a valley and a mountain will get lost.,"<reasoning>اللي ما تفرقو المنية تفرقو الثنية</reasoning>[""It's those who can't distinguish between a cemetery and a mountain pass."", ""People who don't know that the sky will soon be cloudy won't know that the river will soon be swollen."", ""Those who can't differentiate between a valley and a mountain will get lost.""]",1.0,1.0,1.88,0.81,94.3
a,cot_xl,Arabic,MID0716,اللي ما يدري يقول سبول.,One half of the world doesn’t know how the other half lives.,One half of the world doesn’t know how the other half lives.,False,One who doesn't know how to spin yarn says 'spool'.,A person who doesn't know how to harvest says 'spool'.,One half of the world doesn’t know how the other half lives.,He who doesn't know how to split wood says 'spool'.,C,He who doesn't know how to split wood says 'spool'.,One who doesn't know how to spin yarn says 'spool'.,A person who doesn't know how to harvest says 'spool'.,"[""He who doesn't know how to split wood says 'spool'."", ""One who doesn't know how to spin yarn says 'spool'."", ""A person who doesn't know how to harvest says 'spool'.""]",1.0,1.0,0.83,0.46,83.8
a,cot_xl,Arabic,MID0717,اللي يتبع الحمام الجالي يروّح للمغاغر ,You are the company you keep.,You are the company you keep.,False,"When you follow the flock of pigeons, you will get a nice flight of birds.",You are the company you keep.,"If you follow the group of birds into the big house, you will find the main chamber.","You follow the crowd of birds into the crowded place, so you will enjoy the beautiful scenery.",B,"When you follow the flock of pigeons, you will get a nice flight of birds.","If you follow the group of birds into the big house, you will find the main chamber.","You follow the crowd of birds into the crowded place, so you will enjoy the beautiful scenery.","[You are following the crowd of birds into the house, so you must be ready to relieve yourself in the corner.]

[""When you follow the flock of pigeons, you will get a nice flight of birds."", ""If you follow the group of birds into the big house, you will find the main chamber."", ""You follow the crowd of birds into the crowded place, so you will enjoy the beautiful scenery.""]",1.0,1.0,2.72,0.74,92.2
a,cot_xl,Arabic,MID0718,اللي يحب الللو يسهر الليل بكله ,He deserves not the sweet that will not taste the sour.,He deserves not the sweet that will not taste the sour.,False,Someone who is always up at night will fall in love with a type of fruit that has an extremely sour taste.,He deserves not the sweet that will not taste the sour.,The night owl is someone who loves to eat lemons because they are sour.,A person who loves to sleep all day will not deserve to taste anything sweet.,B,Someone who is always up at night will fall in love with a type of fruit that has an extremely sour taste.,A person who loves to sleep all day will not deserve to taste anything sweet.,The night owl is someone who loves to eat lemons because they are sour.,"""Because the proverb's wording doesn't match its translation literally, some people might be confused about its meaning.

The phrase 'اللي يحب الللو' is not referring to someone's love for something that tastes sour, or someone who is always tired because they only sleep during the night, but rather it is implying that in order to truly appreciate the sweetness in life you have to put up with the ",1.0,1.0,1.55,0.89,96.7
a,cot_xl,Arabic,MID0719,اللي يخالط المسعدين يسعد.,Happiness is contagious.,Happiness is contagious.,False,Someone who is around people who are constantly taking pills will take pills.,The one who is in close proximity to the person who is being awarded a prize will win the prize.,The person who is standing in a crowded area will get lucky.,Happiness is contagious.,D,Someone who is around people who are constantly taking pills will take pills.,The person who is standing in a crowded area will get lucky.,The one who is in close proximity to the person who is being awarded a prize will win the prize.,"The proverb ""اللي يخالط المسعدين يسعد"" is saying that being around happy people will make you happier.

<reasoning>Arabic proverb reasoning</reasoning>[""Someone who is around people who are constantly taking pills will take pills."", ""The person who is standing in a crowded area will get lucky."", ""The one who is in close proximity to the person who is being awarded a prize will win the prize.""]",1.0,1.0,5.0,0.8,94.0
a,cot_xl,Arabic,MID0720,اللي يعمل الخير ما يْشاورْش ,Good deeds speak for themselves.,Good deeds speak for themselves.,False,You don't need to consult a doctor when you're feeling good,Good deeds speak for themselves.,"The more good deeds you do, the less you have to talk to others",You shouldn't ask for help when you're already doing good things,B,You don't need to consult a doctor when you're feeling good,"The more good deeds you do, the less you have to talk to others",You shouldn't ask for help when you're already doing good things,"The literal interpretation of the proverb in Arabic is: 'Allyi ya'mal al-khair ma yashurush' means 'Whoever does good deeds will not consult (with others)' which could be taken to mean that good deeds are a replacement for seeking advice.

[""You don't need to consult a doctor when you're feeling good"", ""The more good deeds you do, the less you have to talk to others"", ""You shouldn't ask for help w",1.0,1.0,2.4,0.84,95.2
a,cot_xl,Arabic,MID0721,المكتوب على الجبين لازم تراه العين.,What's meant to be will be.,What's meant to be will be.,False,You need to read the notes on your forehead to see what's meant.,The writing on the forehead must be seen by the eye.,What's meant to be will be.,"To understand what's meant to be, one needs to read the writing on one's forehead.",C,The writing on the forehead must be seen by the eye.,You need to read the notes on your forehead to see what's meant.,"To understand what's meant to be, one needs to read the writing on one's forehead.","<reasoning>Arabic proverb is often interpreted in a more abstract sense, focusing on the idea that fate or destiny will unfold as intended.</reasoning>
[""The writing on the forehead must be seen by the eye."", ""You need to read the notes on your forehead to see what's meant."", ""To understand what's meant to be, one needs to read the writing on one's forehead.""]",1.0,1.0,2.17,0.81,94.3
a,cot_xl,Arabic,MID0722,ايد واحدة ماتصفقش,It takes two to tango.,It takes two to tango.,False,It takes two to tango.,No sound is produced if one hand is closed.,"If one hand is placed under cold water, it will die.",The hand will die if it does not move.,A,"If one hand is placed under cold water, it will die.",No sound is produced if one hand is closed.,The hand will die if it does not move.,"One hand cannot make a sound without clapping.

[""If one hand is placed under cold water, it will die."", 
""No sound is produced if one hand is closed."", 
""The hand will die if it does not move.""]",1.0,1.0,1.93,0.78,93.4
a,cot_xl,Arabic,MID0723,باب النجار محطم.,The shoemaker's wife is ill shod.,The shoemaker's wife is ill shod.,False,The shoemaker's door is broken.,The shoemaker's wife is ill shod.,The shoemaker's work is incomplete.,The shoemaker's tool is destroyed.,B,The shoemaker's door is broken.,The shoemaker's tool is destroyed.,The shoemaker's work is incomplete.,"The shoemaker's wife is ill shod means, the literal translation is wrong.

The original proverb is criticizing the shoemaker who is not taking care of his own family. In this case, the 'ill shod' refers to the family, not a shoe.

Here are 3 plausible but wrong literal interpretations:

[""The shoemaker's door is broken."", ""The shoemaker's tool is destroyed."", ""The shoemaker's work is incomplete."" ",1.0,1.0,0.83,0.57,87.1
a,cot_xl,Arabic,MID0724,بات ليلة حذا الجران صبح يقرقر ,"Who keeps company with the wolves, will learn to howl.","Who keeps company with the wolves, will learn to howl.",False,I slept for a night in the desert and the stones (or sand dunes) started making a howling sound early in the morning.,"I walked for a night in the forest and I had a night, after which stones (or pebbles) started early in the morning making a howling sound.","Who keeps company with the wolves, will learn to howl.","I stood for a night in the forest that the stones (or pebbles) imitated the sound of morning roosters on one dawn, so I learned how to make a rooster sound.",C,"I stood for a night in the forest that the stones (or pebbles) imitated the sound of morning roosters on one dawn, so I learned how to make a rooster sound.",I slept for a night in the desert and the stones (or sand dunes) started making a howling sound early in the morning.,"I walked for a night in the forest and I had a night, after which stones (or pebbles) started early in the morning making a howling sound.","""وقفت ليلة في الغابة وأنا بات ليلة حذا الجران صبح يقرقر""
[ ""I stood for a night in the forest that the stones (or pebbles) imitated the sound of morning roosters on one dawn, so I learned how to make a rooster sound."", ""I slept for a night in the desert and the stones (or sand dunes) started making a howling sound early in the morning."", ""I walked for a night in the forest and I had a night, after",1.0,1.0,2.7,0.66,89.8
a,cot_xl,Arabic,MID0725,بعد ما شاب هزوه (ادّاوه) للكتاب ,You can't teach an old dog new tricks.,You can't teach an old dog new tricks.,False,wrong literal 2,You can't teach an old dog new tricks.,wrong literal 1,بعد ما شاب هزوه (ادّاوه) للكتاب,B,بعد ما شاب هزوه (ادّاوه) للكتاب,wrong literal 1,wrong literal 2,"""بعد ما شاب هزوه (ادّاوه) للكتاب"" 
You can't teach an old dog new tricks.

[ 
""wrong literal 1"": The dog's owner threw a book at the dog, and now it's old, 
""wrong literal 2"": After the dog started using a book as a toy, the dog got old, 
""wrong literal 3"": The dog, who has been old for a while, has been hit with a book many times 
]",1.0,0.3333333333333333,0.5,0.83,74.9
a,cot_xl,Arabic,MID0726,بين البايع والشاري يفتح الله.,Take it or leave it.,Take it or leave it.,False,The space between the house and the street is blessed by Allah.,The door between the house and the street is left ajar by Allah.,Take it or leave it.,between the bayt (house) and the shari (street) Allah opens [something].,C,between the bayt (house) and the shari (street) Allah opens [something].,The door between the house and the street is left ajar by Allah.,The space between the house and the street is blessed by Allah.,"""between the bayt (house) and the shari (street) Allah opens [something]."" 

[""The door between the house and the street is left ajar by Allah."", 
""The space between the house and the street is blessed by Allah."", 
""The area between the house and the street is protected by Allah's intervention.""]",1.0,1.0,2.4,0.68,90.4
a,cot_xl,Arabic,MID0727,تعطيهم عينيك يطمعوا في حواجبك.,"Give them an inch, and they'll take a mile.","Give them an inch, and they'll take a mile.",False,the distance between your eyes,your eyes themselves,"Give them an inch, and they'll take a mile.",your eyebrows themselves,C,your eyes themselves,your eyebrows themselves,the distance between your eyes,"If we take them literally, they might be after: 
[ 
  ""your eyes themselves"",
  ""your eyebrows themselves"",
  ""the distance between your eyes""
]",1.0,0.3333333333333333,0.41,0.67,70.1
a,cot_xl,Arabic,MID0728,تمشي أيام الحرويدة وتجي أيام النجيح نوادروحصيدة وتناجر مليانة بالعيش ,After the rain comes the rainbow.,After the rain comes the rainbow.,False,The rain will walk after the difficult times and beautiful days will come with full pockets of coins.,After the rain comes the rainbow.,The difficult times will dance to the tune of the rain and the beautiful days will sing with full lungs.,The rain will be the companion of the hard times and the beautiful days will be the ones with a full stomach.,B,The rain will walk after the difficult times and beautiful days will come with full pockets of coins.,The difficult times will dance to the tune of the rain and the beautiful days will sing with full lungs.,The rain will be the companion of the hard times and the beautiful days will be the ones with a full stomach.,"تمشي أيام الحرويدة وتجي أيام النجيح نوادروحصيدة وتناجر مليانة بالعيش 

Translation: After the rain comes the time of hard work and the gardens are full of life.

[""The rain will walk after the difficult times and beautiful days will come with full pockets of coins."", ""The difficult times will dance to the tune of the rain and the beautiful days will sing with full lungs."", ""The rain will be the co",1.0,1.0,3.33,0.52,85.6
a,cot_xl,Arabic,MID0729,جاب الصيد من وذنه.,He hits the nail on the head.,He hits the nail on the head.,False,He hits the nail on the head.,He brought hunting from his nose.,He gathered game from his breath.,He brought hunting from his nose breath.,A,He brought hunting from his nose.,He gathered game from his breath.,He brought hunting from his nose breath.,"""جاب الصيد من وذنه"" can be broken down into parts that could lead to incorrect literal interpretations. 

""جاب"" can mean ""to bring"" or ""to gather"", 
""الصيد"" can mean ""hunting"" or ""game"", 
""من"" means ""from"", 
""وذنه"" can mean ""his nose"" or ""breath"".

Here are three plausible but wrong literal interpretations in English:

 [""He brought hunting from his nose."", ""He gathered game from his breath."", ""He",1.0,1.0,0.9,0.53,85.9
a,cot_xl,Arabic,MID0730,جابها لروحو.,Make a rod for one’s own back.,Make a rod for one’s own back.,False,They took it to be delighted in.,Make a rod for one’s own back.,He carried it to be delighted.,They brought a thing to be pleased with their spirits.,B,They brought a thing to be pleased with their spirits.,He carried it to be delighted.,They took it to be delighted in.,"<reasoning>In Arabic, 'jabaha' means 'carried' or 'brought', 'ha' is a pronoun for 'it', and 'rohuhu' seems like a noun or word but is interpreted as a verb here, meaning 'to be pleased with' or 'to be delighted'. However, it's an example of a more common usage where a noun becomes a verb. This verb in this proverb would actually mean 'to be pleased' with something.

</reasoning>
[""They brought a ",1.0,1.0,1.1,0.78,93.4
a,cot_xl,Arabic,MID0731,جاك الموت يا تارك الصلاة.,Your sins have caught up with you ,Your sins have caught up with you ,False,"Death is a type of jack, specifically for people who skip prayer.",Mortality is a type of Jack for a person who does not pray.,"The Jack is death, because of the one who leaves the prayer.",Your sins have caught up with you ,D,"The Jack is death, because of the one who leaves the prayer.",Mortality is a type of Jack for a person who does not pray.,"Death is a type of jack, specifically for people who skip prayer.","جاك الموت يا تارك الصلاة: Your sins have caught up with you.

Here are 3 plausible but wrong literal interpretations:

[""The Jack is death, because of the one who leaves the prayer."", ""Mortality is a type of Jack for a person who does not pray."", ""Death is a type of jack, specifically for people who skip prayer.""]",1.0,1.0,1.76,0.74,92.2
a,cot_xl,Arabic,MID0732,حمل الجماعة ريش ,Many hands make light work.,Many hands make light work.,False,The crowd's weight causes the bird to fly,Many hands make the carriage lighter,The flock of birds carries the weight of the burden,Many hands make light work.,D,The crowd's weight causes the bird to fly,Many hands make the carriage lighter,The flock of birds carries the weight of the burden,"حمل الجماعة ريش: هذا المقولة تقول في الأصل أن حمل الجملة أو العدد الكبير من الحمل ينتج عنه انخفاض وزنه.

[""The crowd's weight causes the bird to fly"", ""Many hands make the carriage lighter"", ""The flock of birds carries the weight of the burden""]",1.0,1.0,1.6,0.89,96.7
a,cot_xl,Arabic,MID0733,دوام الحال مالمحال.,Nothing stays the same.,Nothing stays the same.,False,A permanent resident will always stay unless there's an exception.,Nothing stays the same.,The moon's phase stays the same in case it's not visible.,"Nothing stays the same,",B,"Nothing stays the same,",The moon's phase stays the same in case it's not visible.,A permanent resident will always stay unless there's an exception.,"[دوام الحال مالمحال.] translates to ""Nothing stays the same,"" but here are 3 plausible but wrong literal interpretations:

[""The moon's phase stays the same in case it's not visible."", ""A permanent resident will always stay unless there's an exception."", ""The duration of a fixed holiday will remain the same as long as it's not cancelled.""]",1.0,0.6666666666666666,2.08,0.94,88.2
a,cot_xl,Arabic,MID0734,ذيل الكلب حطوه 100 سنة في قصبة طلع أعوج ,A leopard doesn't change its spots.,A leopard doesn't change its spots.,False,"For 100 years, a wolf's tail was held in place and it became twisted.",A tail has been tied for 100 years and a cat emerged crooked.,"If a dog's tail is tied for 100 years, it will come out bent.",A leopard doesn't change its spots.,D,A tail has been tied for 100 years and a cat emerged crooked.,"For 100 years, a wolf's tail was held in place and it became twisted.","If a dog's tail is tied for 100 years, it will come out bent.","<reasoning>The proverb is discussing the change in physical appearance of an animal over time.</reasoning>[""A tail has been tied for 100 years and a cat emerged crooked."", ""For 100 years, a wolf's tail was held in place and it became twisted."", ""If a dog's tail is tied for 100 years, it will come out bent.""]",1.0,1.0,2.28,0.75,92.5
a,cot_xl,Arabic,MID0735,ريتوشي عيشة في سوق الوزر ,Looking for a needle in a haystack.,Looking for a needle in a haystack.,False,To be hunting for a type of insect that typically resides in a store of grains,To be searching for a type of bird that only resides on a mountain of wheat,Looking for a needle in a haystack.,To find a type of food that only lives in a market of goods,C,To find a type of food that only lives in a market of goods,To be searching for a type of bird that only resides on a mountain of wheat,To be hunting for a type of insect that typically resides in a store of grains,"ريتوشي عيشة في سوق الوزر (Looking for a needle in a haystack) is an idiom meaning to search for something within a large amount of unrelated or trivial information.

[wrong literal 1, ""To find a type of food that only lives in a market of goods""]
[wrong literal 2, ""To be searching for a type of bird that only resides on a mountain of wheat""]
[wrong literal 3, ""To be hunting for a type of insect th",1.0,1.0,2.19,0.67,90.1
a,cot_xl,Arabic,MID0736,ريين خير من راي ,Two heads are better than one.,Two heads are better than one.,False,Two heads being better than one refers to a person who can see from two perspectives.,"If someone has two heads, it would be better than having one.",It is a comparison between the benefits of having two identical heads and one unique head.,Two heads are better than one.,D,"If someone has two heads, it would be better than having one.",Two heads being better than one refers to a person who can see from two perspectives.,It is a comparison between the benefits of having two identical heads and one unique head.,"ريين خير من راي (Two heads are better than one) in Arabic actually refers to the benefits of having two people with different perspectives, skills, or expertise working together.

Here are three plausible but WRONG literal interpretations:

[""If someone has two heads, it would be better than having one."", ""Two heads being better than one refers to a person who can see from two perspectives."", ""It ",1.0,1.0,2.44,0.87,96.1
a,cot_xl,Arabic,MID0737,سَبِّقْ الخِير تَلْقى الخِير ,Hope for the best.,Hope for the best.,False,Run before the good to meet the good,"Before good things, run ahead",Hope for the best.,Run quickly to reach good places,C,Run before the good to meet the good,Run quickly to reach good places,"Before good things, run ahead","""because the proverb warns against expecting bad outcomes and then facing good ones""

['Run before the good to meet the good', 'Run quickly to reach good places', 'Before good things, run ahead']",1.0,1.0,1.58,0.69,90.7
a,cot_xl,Arabic,MID0738,سكّر تلقى ما تحل ,Look before you leap.,Look before you leap.,False,Look before you leap.,wrong literal 3,wrong literal 1,wrong literal 2,A,wrong literal 1,wrong literal 2,wrong literal 3,"<reasoning>Arabic proverb ""سكّر تلقى ما تحل"" is suggesting a sweetener is received if one leaps.</reasoning>[""wrong literal 1"", ""wrong literal 2"", ""wrong literal 3""]",1.0,0.0,0.75,0.5,55.0
a,cot_xl,Arabic,MID0739,ضرب عصفورين بحجرة وحدة.,Kill two birds with one stone.,Kill two birds with one stone.,False,The act of striking a single stone with two bird bodies.,The act of pounding two feathers with a single stone box.,Kill two birds with one stone.,The act of hitting two birds that are inside a single cave with a stone.,C,The act of pounding two feathers with a single stone box.,The act of hitting two birds that are inside a single cave with a stone.,The act of striking a single stone with two bird bodies.,"ضرب عصفورين بحجرة وحدة translates to ""Kill two birds with one stone.""
A plausible but wrong literal interpretation could be:
The act of pounding two feathers with a single stone box.
Another plausible but wrong literal interpretation could be:
The act of hitting two birds that are inside a single cave with a stone.
A third plausible but wrong literal interpretation could be:
The act of striking a ",1.0,1.0,2.06,0.55,86.5
a,cot_xl,Arabic,MID0740,ضربني وبكى سبقني وشكى ,Wrong and strong.,Wrong and strong.,False,He is beating me with a faster cry,Wrong and strong.,Wrong and strong.,"He struck me, cried out faster, and complained",B,"He struck me, cried out faster, and complained",Wrong and strong.,He is beating me with a faster cry,"[ضربني وبكى سبقني وشكى] translates to ""He struck me, cried out faster, and complained"" which doesn't fit the given English translation ""Wrong and strong."" Here are three plausible but wrong literal interpretations:

[[""He is beating me with a faster cry"", ""He hit me before I cried"", ""I complained first but he hit me first""]]",1.0,0.6666666666666666,2.11,0.94,88.2
a,cot_xl,Arabic,MID0741,كسكسلو يرجع لأصلو ,Remove an old tree and it will wither to death.,Remove an old tree and it will wither to death.,False,wrong literal 2,Remove an old tree and it will wither to death.,wrong literal 1,wrong literal 3,B,wrong literal 1,wrong literal 2,wrong literal 3,"reasoning: Arabic proverb ""كسكسلو يرجع لأصلو"" warns about the consequences of removing something familiar, so literal interpretations might revolve around actions or objects that could be seen as familiar or comforting. 

[""wrong literal 1"", ""wrong literal 2"", ""wrong literal 3""]",1.0,0.0,0.3,0.5,55.0
a,cot_xl,Arabic,MID0742,كل توخيرة فيها خير.,Every cloud has a silver lining.,Every cloud has a silver lining.,False,Clouds naturally contain metallic silver,Every cloud has a silver lining.,Silver is a metal found in clouds,Clouds are known to have minerals,B,Clouds are known to have minerals,Silver is a metal found in clouds,Clouds naturally contain metallic silver,"كل توخيرة فيها خير: Every cloud has silver (metals) inside it.

[""Clouds are known to have minerals"", ""Silver is a metal found in clouds"", ""Clouds naturally contain metallic silver""]",1.0,1.0,1.0,0.87,96.1
a,cot_xl,Arabic,MID0743,كل زير يلقى غطاه., Birds of a feather flock together., Birds of a feather flock together.,False,Birds of the same material are thrown together by an angel.,All birds have feathers which they use as covers.,Each bird has a physical cover that an angel gives them., Birds of a feather flock together.,D,Birds of the same material are thrown together by an angel.,All birds have feathers which they use as covers.,Each bird has a physical cover that an angel gives them.,"[خداؤنا يرسل الطيور من نفس الطابع إلى الأرض لتعيش معاً]
[""Birds of the same material are thrown together by an angel."", ""All birds have feathers which they use as covers."", ""Each bird has a physical cover that an angel gives them.""]",1.0,1.0,1.72,0.97,99.1
a,cot_xl,Arabic,MID0744,كل من كان عالي وطى كل من كان سارح بالشياه هطى,Pride goes before a fall.,Pride goes before a fall.,False,Pride goes before a fall.,The height of the merchandise in a market stall causes anyone who touches it to fall.,People who are excellent shoppers will inevitably fall.,"A person will only walk low when they are very tall, and thus require a low ceiling.",A,"A person will only walk low when they are very tall, and thus require a low ceiling.",People who are excellent shoppers will inevitably fall.,The height of the merchandise in a market stall causes anyone who touches it to fall.,"""كل من كان عالي وطى"" translates to ""All tall people walk low"". ""كل من كان سارح بالشياه هطى"" translates to ""All who carry things in the marketplace will fall"". 

[""A person will only walk low when they are very tall, and thus require a low ceiling."", ""People who are excellent shoppers will inevitably fall."", ""The height of the merchandise in a market stall causes anyone who touches it to fall.""]",1.0,1.0,2.73,0.93,97.9
a,cot_xl,Arabic,MID0745,كلام الليل مدهون بالزبدة تطلع عليه الشمس يذوب,"Promises are like pie crusts, made to be broken.","Promises are like pie crusts, made to be broken.",False,كلام الليل,كلام السحر,The words of the night are greased with butter when the sun rises they melt,"Promises are like pie crusts, made to be broken.",D,كلام الليل,كلام السحر,The words of the night are greased with butter when the sun rises they melt,"كلام الليل مدهون بالزبدة تطلع عليه الشمس يذوب
Reasoning in Arabic: في بعض الأحيان يمكن أن نعتبر ""كلام الليل"" بمعنى ""كلام السحر""، وبالتالي نستنتج أن هذا المثل يعني أن هناك بعض النصائح أو المشورات التي تُعطى في أثناء الليل وتختفي مع بداية النهار.

[""The words of the night are greased with butter when the sun rises they melt"" is a mistranslation of the proverb, possibly because someone interprets the",1.0,0.3333333333333333,0.7,0.89,76.7
a,cot_xl,Arabic,MID0746,ما يْحِس الجَمرة كان الِّي يعْفَسْ عليها ,You don’t know what someone is going through until you walk a mile in their shoes.,You don’t know what someone is going through until you walk a mile in their shoes.,False,He feels the marble and therefore knows it is on fire.,The person who feels the marble should put out the fire.,The fire burns the marble.,You don’t know what someone is going through until you walk a mile in their shoes.,D,The fire burns the marble.,He feels the marble and therefore knows it is on fire.,The person who feels the marble should put out the fire.,"<reasoning>The proverb ""ما يْحِس الجَمرة كان الِّي يعْفَسْ عليها"" is meant to convey that one can truly understand someone's pain by experiencing it firsthand, but literal interpretations focus on the physical actions described rather than the meaning behind them.</reasoning>

[""The fire burns the marble."", ""He feels the marble and therefore knows it is on fire."", ""The person who feels the marble ",1.0,1.0,0.56,0.87,96.1
a,cot_xl,Arabic,MID0747,ما يمدش ايديه لراسو. , Couch potato., Couch potato.,False,Something that lacks support will collapse on its own weight.,A structure without foundation will lean towards its own weight., Couch potato.,Any object that does not have a supporting arm will fall.,C,Something that lacks support will collapse on its own weight.,A structure without foundation will lean towards its own weight.,Any object that does not have a supporting arm will fall.,""" ما يمدش أيديه لرأسو ""  translates to: ""Whatever is not supported by it reaches its head. "" 
In a literal context, this could mean:
[""Something that lacks support will collapse on its own weight."", ""A structure without foundation will lean towards its own weight."", ""Any object that does not have a supporting arm will fall.""]",1.0,1.0,5.17,0.85,95.5
a,cot_xl,Arabic,MID0748,هرب من قطرة جا تحت الميزاب,"Out of the frying pan into the fire.
","Out of the frying pan into the fire.
",False,Running away from a small droplet will make you more likely to get under the faucet.,"Out of the frying pan into the fire.
",Removing a small drip from under a pot will ensure your meal cooks better.,You will find a safer frying pan.,B,You will find a safer frying pan.,Running away from a small droplet will make you more likely to get under the faucet.,Removing a small drip from under a pot will ensure your meal cooks better.,"هرب من قطرة جا تحت الميزاب (Arabic) 

<reasoning>This proverb advises caution when escaping one problem or situation, as you may end up with an even worse one.</reasoning>

[""You will find a safer frying pan."", ""Running away from a small droplet will make you more likely to get under the faucet."", ""Removing a small drip from under a pot will ensure your meal cooks better.""]",1.0,1.0,1.54,0.84,95.2
a,cot_xl,Arabic,MID0749,هو يقولّو ثور والاخر يقولو نحلبوه., Like talking to a brick wall., Like talking to a brick wall.,False,They are trying to slaughter the bull (thawr) that is saying that., Like talking to a brick wall.,People are saying they want to sacrifice (nadhlabuhu) the bull (thawr) that is speaking.,They are comparing to a situation where people want to milk/harvest (nadhlabuhu) a bull (thawr) that refuses to give milk.,B,They are trying to slaughter the bull (thawr) that is saying that.,They are comparing to a situation where people want to milk/harvest (nadhlabuhu) a bull (thawr) that refuses to give milk.,People are saying they want to sacrifice (nadhlabuhu) the bull (thawr) that is speaking.,"<reasoning>The proverb ""هو يقولّو ثور والاخر يقولو نحلبوه"" is comparing a situation where one person's words fall on deaf ears, hence the phrase is an analogy to talking to a strong and unmovable bull (thor/thawr in Arabic), and the other part of the phrase is a literal statement of one group wanting to slaughter (nadhlabuhu) the bull. However, in this proverb, the ""bull"" is a metaphor for the unr",1.0,1.0,2.56,0.6,88.0
a,cot_xl,Arabic,MID0750,ولد البط عوام , Like father like son. , Like father like son. ,False,A duck's child is common, Like father like son. ,The child grows up like a duck,The birthplace of a duck is a public place,B,A duck's child is common,The child grows up like a duck,The birthplace of a duck is a public place,"ولد البط عوام 
This proverb implies that the son inherits the father's qualities or characteristics. 

Here are three plausible but wrong literal interpretations:

[""A duck's child is common"", ""The child grows up like a duck"", ""The birthplace of a duck is a public place""]",1.0,1.0,1.75,0.79,93.7
a,cot_xl,Arabic,MID0751,يا حافر حفرة السوء تحفر لقياسك ,He who digs a pit for others falls in himself.,He who digs a pit for others falls in himself.,False,He who digs a pit for others falls in himself.,You will dig a pit to measure the size of your shoe,You will dig a hole to measure the depth of your own pocket,The person digging the pit will be using a measuring stick to measure his own height,A,You will dig a pit to measure the size of your shoe,The person digging the pit will be using a measuring stick to measure his own height,You will dig a hole to measure the depth of your own pocket,"""يا حافر حفرة السوء تحفر لقياسك"" is more about the consequences of one's actions rather than physical digging. Here are 3 plausible but incorrect literal interpretations:

[""You will dig a pit to measure the size of your shoe"", ""The person digging the pit will be using a measuring stick to measure his own height"", ""You will dig a hole to measure the depth of your own pocket""]",1.0,1.0,1.37,0.63,88.9
a,cot_xl,Arabic,MID0752,يعمل من الحبة قبة ,He makes a mountain out of a molehill,He makes a mountain out of a molehill,False,He makes a mountain out of a molehill,He turns a grain of wheat into a magical portal,He builds a robot using a single grain of wheat as the sole component,He uses a grain of wheat to create a time machine,A,He uses a grain of wheat to create a time machine,He turns a grain of wheat into a magical portal,He builds a robot using a single grain of wheat as the sole component,"يعمل من الحبة قبة because it implies that one can build a dome (قبة) using a single grain of wheat (الحبة) as a starting material.

[""He uses a grain of wheat to create a time machine"", 
""He turns a grain of wheat into a magical portal"", 
""He builds a robot using a single grain of wheat as the sole component""]",1.0,1.0,1.46,0.69,90.7
a,cot_xl,Arabic,MID0753,أبو طبيع ما ييوز من طبعه ,Old habits die hard.,Old habits die hard.,False,The one who is old uses a natural type of medicine,Old habits die hard.,The father of nature doesn,The first animal of a species uses its own specific characteristics,B,The father of nature doesn,The one who is old uses a natural type of medicine,The first animal of a species uses its own specific characteristics,"""أبو طبيع ما ييوز من طبعه"" translates to ""Old habits die hard"" but can be misinterpreted as:

['The father of nature doesn't use a specific form', 'The one who is old uses a natural type of medicine', 'The first animal of a species uses its own specific characteristics']",1.0,1.0,2.25,0.83,94.9
a,cot_xl,Arabic,MID0754,إما طلعه ولا طبعه ,Double or quits! ,Double or quits! ,False,Double or quits! ,he rises,he presses,he's elevated,A,he rises,he's elevated,he presses,"الإما طلعه ولا طبعه (Double or quits!) translates to a situation where one has a choice between taking a risk (طلعه, meaning ""he rises"" or ""he's elevated"") and losing it all, or taking a smaller amount (طبعه, meaning ""he presses"" or ""he molds it into shape"") and saving something.

""wrong literal 1"": The proverb advises one to lift their gaze or focus on a distant goal (طلعه) but avoid shaping or m",1.0,0.0,0.67,0.89,66.7
a,cot_xl,Arabic,MID0755,إنفخ يا شريم قال ماكو برطم ,Born to suffer./ You can not escape bad luck,Born to suffer./ You can not escape bad luck,False,"Ask your friend Sharim to blow (inflame) something, but then you will ask if there is any rock or hard object (birtram) around",Born to suffer./ You can not escape bad luck,"You will inflate a reed flute (sharim), but then you will say there is no pomegranate","Inflate (inflame) your charcoal, then ask Sharim if there any pomegranate seed around",B,"You will inflate a reed flute (sharim), but then you will say there is no pomegranate","Ask your friend Sharim to blow (inflame) something, but then you will ask if there is any rock or hard object (birtram) around","Inflate (inflame) your charcoal, then ask Sharim if there any pomegranate seed around","""Born to suffer./ You can not escape bad luck"" is a metaphorical expression. Here are 3 plausible but wrong literal interpretations:

[""You will inflate a reed flute (sharim), but then you will say there is no pomegranate"", ""Ask your friend Sharim to blow (inflame) something, but then you will ask if there is any rock or hard object (birtram) around"", ""Inflate (inflame) your charcoal, then ask Sha",1.0,1.0,1.93,0.76,92.8
a,cot_xl,Arabic,MID0756,ابريجه مايطفى حريجه , Every man for himself., Every man for himself.,False,His apricot is a light breeze that angers his neighbor,His dried apricot is a source of anger for his neighbor, Every man for himself.,His apricot is a light breeze that scatters his neighbor,C,His apricot is a light breeze that angers his neighbor,His apricot is a light breeze that scatters his neighbor,His dried apricot is a source of anger for his neighbor,"أبريجه ماء طفيف حرجه 
""His apricot is a light breeze that angers his neighbor""

وأبريجه ماء طفيف هاريجه 
""His apricot is a light breeze that scatters his neighbor""

أبريجه ماء طفيع حرجه 
""His dried apricot is a source of anger for his neighbor""

[
  ""His apricot is a light breeze that angers his neighbor"",
  ""His apricot is a light breeze that scatters his neighbor"",
  ""His dried apricot is a sour",1.0,1.0,2.58,0.5,85.0
a,cot_xl,Arabic,MID0757,اذا أنت أمير وأنا أمير فمن يسوق الحمير , Too many chiefs and not enough Indians., Too many chiefs and not enough Indians.,False,"If you are a king and I am a king, who feeds the horses", Too many chiefs and not enough Indians.,"If you have a prince and I have a prince, who drives the camels","If you are a prince and I am a prince, who leads the donkeys",B,"If you are a king and I am a king, who feeds the horses","If you are a prince and I am a prince, who leads the donkeys","If you have a prince and I have a prince, who drives the camels",""" إذا أنت أمير وأنا أمير فمن يسوق الحمير "" translates to ""Too many chiefs and not enough Indians"". The phrase is referring to a situation where there are too many leaders and not enough followers or subordinate members.

Here are 3 plausible but wrong literal interpretations:

[""If you are a king and I am a king, who feeds the horses"", ""If you are a prince and I am a prince, who leads the donkeys""",1.0,1.0,2.0,0.51,85.3
a,cot_xl,Arabic,MID0758,اصبر ياحمار لين يطلع لك اقرون ,You have to wait donkey's years.,You have to wait donkey's years.,False,"To get a new set of front teeth, you have to wait until the donkey grows them for you.",You have to wait donkey's years.,The donkey will come to your location only if you give it a soft (len) blanket.,"If you're very patient (asber), you'll receive the donkey's soft (len) fur.",B,"To get a new set of front teeth, you have to wait until the donkey grows them for you.",The donkey will come to your location only if you give it a soft (len) blanket.,"If you're very patient (asber), you'll receive the donkey's soft (len) fur.","""Because some people may not know the original meaning you have to wait a long time""
[""To get a new set of front teeth, you have to wait until the donkey grows them for you."", ""The donkey will come to your location only if you give it a soft (len) blanket."", ""If you're very patient (asber), you'll receive the donkey's soft (len) fur.""]",1.0,1.0,2.61,0.88,96.4
a,cot_xl,Arabic,MID0759,اصرف ما في الجيب يأتيك ما في الغيب ,Tomorrow will take care of itself ,Tomorrow will take care of itself ,False,A person named Tomorrow will arrive at your location carrying what you need.,You will receive money from someone named Tomorrow.,"If you empty your wallet, a future event named Tomorrow will provide for you.",Tomorrow will take care of itself ,D,You will receive money from someone named Tomorrow.,"If you empty your wallet, a future event named Tomorrow will provide for you.",A person named Tomorrow will arrive at your location carrying what you need.,"""Tomorrow will take care of itself""

Since the proverb talks about what will happen ""tomorrow"" and implies that we needn't concern ourselves with it now, here are 3 plausible but wrong literal interpretations:

[""You will receive money from someone named Tomorrow."", ""If you empty your wallet, a future event named Tomorrow will provide for you."", ""A person named Tomorrow will arrive at your locatio",1.0,1.0,1.94,0.8,94.0
a,cot_xl,Arabic,MID0760,اطعم الفم تخجل العين ,A bribe works miracles,A bribe works miracles,False,The taste in your mouth will make your eye embarrassed to look at you,The food in your mouth will make your eye cry,A bribe works miracles,The amount of food in your mouth will be so much that your eye will not be able to bear the sight,C,The food in your mouth will make your eye cry,The taste in your mouth will make your eye embarrassed to look at you,The amount of food in your mouth will be so much that your eye will not be able to bear the sight,"""Food given to one's mouth makes one's eye ashamed""

[""The food in your mouth will make your eye cry"",
""The taste in your mouth will make your eye embarrassed to look at you"",
""The amount of food in your mouth will be so much that your eye will not be able to bear the sight""]",1.0,1.0,3.83,0.63,88.9
a,cot_xl,Arabic,MID0761,اللي سبق لبق.,"first come, first serve.
","first come, first serve.
",False,A person who moves first becomes successful because of their speed,The person who walks first becomes the best,"If you walk ahead, you'll find the best food","first come, first serve.
",D,The person who walks first becomes the best,"If you walk ahead, you'll find the best food",A person who moves first becomes successful because of their speed,"[""The person who walks first becomes the best"",""If you walk ahead, you'll find the best food"",""A person who moves first becomes successful because of their speed""]",1.0,1.0,2.33,0.86,95.8
a,cot_xl,Arabic,MID0762,اللي في الجدر يطلعه الملاس,Let's see what the future holds.,Let's see what the future holds.,False,wrong literal 1,wrong literal 3,wrong literal 2,Let's see what the future holds.,D,wrong literal 1,wrong literal 2,wrong literal 3,"Here are the wrong literal interpretations in English:

 اللي في الجدر يطلعه الملاس
- Literally means ""What is in the bucket will be taken out by the glue"" - wrong literal 1
- Literally means ""The owner of the threshold will be kicked out by the ants"" - wrong literal 2
- Literally means ""The one inside the box will be taken out by the bees"" - wrong literal 3

[""wrong literal 1"", ""wrong literal 2"",",1.0,0.0,0.5,0.5,55.0
a,cot_xl,Arabic,MID0763,انطر يا حمار لما يجيك الربيع,You have to wait for the donkey's years.,You have to wait for the donkey's years.,False,"Wait for an animal that is a year old, specifically a donkey.",You have to wait for the donkey's years.,The years that a donkey experiences should be taken into consideration.,It's best to wait for a donkey to mature to its full age.,B,It's best to wait for a donkey to mature to its full age.,The years that a donkey experiences should be taken into consideration.,"Wait for an animal that is a year old, specifically a donkey.","<reasoning>Some proverbs have idiomatic expressions that require understanding the original context and metaphorical meaning. Wrong literal interpretations can arise from misinterpreting these expressions.</reasoning>
[""It's best to wait for a donkey to mature to its full age."", ""The years that a donkey experiences should be taken into consideration."", ""Wait for an animal that is a year old, speci",1.0,1.0,1.5,0.88,96.4
a,cot_xl,Arabic,MID0764,بغاها طرب صارت نشب ,Gild the lily.,Gild the lily.,False,He is a goldsmith who turned flowers into gold.,Gild the lily.,He added gold coins to his soup and it started to boil.,She painted her house with a flower and made it beautiful.,B,He is a goldsmith who turned flowers into gold.,She painted her house with a flower and made it beautiful.,He added gold coins to his soup and it started to boil.,"[""He is a goldsmith who turned flowers into gold. "", ""She painted her house with a flower and made it beautiful. "", ""He added gold coins to his soup and it started to boil."" ]",1.0,1.0,3.56,0.93,97.9
a,cot_xl,Arabic,MID0765,بغى يكحلها عماها ,Gild the lily./ Add fuel to fire.,Gild the lily./ Add fuel to fire.,False,He wants to marry his aunt,His aunt wants him to marry,He wants his aunt to get married,Gild the lily./ Add fuel to fire.,D,He wants to marry his aunt,His aunt wants him to marry,He wants his aunt to get married,"<reasoning>Arabic proverb ""بغى يكحلها عماها"" literally refers to someone wanting to marry their aunt, but this isn't the correct interpretation.</reasoning>
[""He wants to marry his aunt"", ""His aunt wants him to marry"", ""He wants his aunt to get married""]",1.0,1.0,0.9,0.41,82.3
a,cot_xl,Arabic,MID0766,بغيناه عون صار فرعون ,A wolf in sheep's clothing.,A wolf in sheep's clothing.,False,We need to pray before eating because otherwise a Pharaoh like food might appear,"If you pray before sleeping, help might come in the form of a large, powerful Pharaoh",A wolf in sheep's clothing.,"To turn your prayers into something that is the ruler of the world, you must support the Pharaoh",C,We need to pray before eating because otherwise a Pharaoh like food might appear,"If you pray before sleeping, help might come in the form of a large, powerful Pharaoh","To turn your prayers into something that is the ruler of the world, you must support the Pharaoh","""because of our prayers, support came and turned into a Pharaoh""
[""We need to pray before eating because otherwise a Pharaoh like food might appear"", ""If you pray before sleeping, help might come in the form of a large, powerful Pharaoh"", ""To turn your prayers into something that is the ruler of the world, you must support the Pharaoh""]",1.0,1.0,3.2,0.86,95.8
a,cot_xl,Arabic,MID0767,تجيك التهايم وإنت نايم,Look what the cat dragged in.,Look what the cat dragged in.,False,Look what the cat dragged in.,You get more tired when you sleep,You can't judge someone you haven't even seen yet,The cat isn't capable of carrying anything while you sleep,A,You can't judge someone you haven't even seen yet,You get more tired when you sleep,The cat isn't capable of carrying anything while you sleep,"""when you sleep, you can't tell what's being carried by the cat""

[""You can't judge someone you haven't even seen yet"", ""You get more tired when you sleep"", ""The cat isn't capable of carrying anything while you sleep""]",1.0,1.0,1.44,0.91,97.3
a,cot_xl,Arabic,MID0768,ذنب الجلب ما ينعدل,A leopard cannot change its spots. ,A leopard cannot change its spots. ,False,The spots on a leopard are not interchangeable,A leopard cannot change its spots. ,A leopard's debt cannot be cancelled,A leopard's birthmark is permanent,B,A leopard's debt cannot be cancelled,The spots on a leopard are not interchangeable,A leopard's birthmark is permanent,"Reasoning: The proverb ""ذنب الجلب ما ينعدل"" is meant to convey that some inherent characteristics or flaws of a person cannot be changed. A literal interpretation is not the main focus here.

[""A leopard's debt cannot be cancelled"",
 ""The spots on a leopard are not interchangeable"",
 ""A leopard's birthmark is permanent""]",1.0,1.0,1.06,0.87,96.1
a,cot_xl,Arabic,MID0769,عتيج الصوف ولا جديد البريسم,Lost is the person who forgets his past.,Lost is the person who forgets his past.,False,the wool has been worn out,عتيج الصوف,عتيج الصوف ولا جديد البريسم,Lost is the person who forgets his past.,D,عتيج الصوف ولا جديد البريسم,عتيج الصوف,the wool has been worn out,"Here are 3 plausible but wrong literal interpretations of the Arabic proverb ""عتيج الصوف ولا جديد البريسم"":

A person who forgets to water wool will have no new fabric to produce (""عتيج الصوف"" means ""the wool has been worn out"" but is here used for someone who forgot, and ""بريسم"" means a type of fabric but can be interpreted in this case as new fabric)
[""The person who forgets his wool will have n",1.0,0.6666666666666666,0.54,0.87,86.1
a,cot_xl,Arabic,MID0770,كثر الدق يفك اللحام ,Constant dripping wears away the stone.,Constant dripping wears away the stone.,False,A hammer is used to remove a stone,Constant dripping wears away the stone.,The stone is melted by heat,Dripping sound can break a stone,B,A hammer is used to remove a stone,Dripping sound can break a stone,The stone is melted by heat,"""كثر الدق يفك اللحام"" translates to ""Constant dripping wears away the stone."" 

Here are 3 plausible but wrong literal interpretations in English:
[""A hammer is used to remove a stone"", ""Dripping sound can break a stone"", ""The stone is melted by heat""]",1.0,1.0,1.11,0.85,95.5
a,cot_xl,Arabic,MID0771,كلن يرى الناس بعين طبعه ,We judge others by our own standards.,We judge others by our own standards.,False,We judge others by our own standards.,Eyes are responsible for judging human behavior,People with poor eyesight see other people poorly,The sharpness of one's vision determines their social status,A,People with poor eyesight see other people poorly,Eyes are responsible for judging human behavior,The sharpness of one's vision determines their social status,"كلن يرى الناس بعين طبعه translates to 'We judge others by our own standards.'

<reasoning>Arabic proverb is stating that the way we perceive others is directly connected to our own eyesight, suggesting that one's visual acuity determines their judgment of others.</reasoning>
[""People with poor eyesight see other people poorly"", ""Eyes are responsible for judging human behavior"", ""The sharpness of o",1.0,1.0,1.14,1.0,100.0
a,cot_xl,Arabic,MID0772,ما يعرف كوعه من بوعه:,He does not know a B from a bull’s foot.,He does not know a B from a bull’s foot.,False,someone with this proverb thinks a B is actually a type of animal,He does not know a B from a bull’s foot.,someone with this proverb is comparing their belly button to a bull's foot,someone with this proverb is confused about the difference between a B and a body part,B,someone with this proverb thinks a B is actually a type of animal,someone with this proverb is comparing their belly button to a bull's foot,someone with this proverb is confused about the difference between a B and a body part,"""someone with this proverb doesn't recognize the difference between their own body parts""[""someone with this proverb thinks a B is actually a type of animal"", ""someone with this proverb is comparing their belly button to a bull's foot"", ""someone with this proverb is confused about the difference between a B and a body part""]",1.0,1.0,1.4,0.69,90.7
a,cot_xl,Arabic,MID0773,محمول و يترفس,Beggars can't be choosers.,Beggars can't be choosers.,False,A person can't carry heavy loads with something that's not portable.,You can't transport something that's not meant to be carried while you're carrying it.,Beggars can't be choosers.,"You should finish your goal, but be careful because what you carry may not be portable.",C,A person can't carry heavy loads with something that's not portable.,You can't transport something that's not meant to be carried while you're carrying it.,"You should finish your goal, but be careful because what you carry may not be portable.","""أنهي غرضك و لكنك يترفس فيما هو غير محمول"".
[""A person can't carry heavy loads with something that's not portable."", ""You can't transport something that's not meant to be carried while you're carrying it."", ""You should finish your goal, but be careful because what you carry may not be portable.""]",1.0,1.0,3.42,0.85,95.5
a,cot_xl,Arabic,MID0774,من طمع طبع,Grasp all lose all.,Grasp all lose all.,False,You will develop a taste for grasping,Your character will be shaped by your desire to grasp,Grasp all lose all.,Someone who grasps a lot will lose their sense of touch,C,You will develop a taste for grasping,Your character will be shaped by your desire to grasp,Someone who grasps a lot will lose their sense of touch,"من طمع طبع: Grasp all lose all.

Reasoning: The proverb's meaning is metaphorical, advising against being overly greedy or trying to grasp everything, as this can lead to losing everything.

The following are 3 plausible but wrong literal interpretations:
[""You will develop a taste for grasping"", ""Your character will be shaped by your desire to grasp"", ""Someone who grasps a lot will lose their sen",1.0,1.0,2.33,0.92,97.6
a,cot_xl,Arabic,MID0775, البطن ما تجيب اعدوا., Blood is thicker than water., Blood is thicker than water.,False,Prepare your stomach for an upcoming meal,Prepare stomach medicine, Blood is thicker than water.,Prepare your stomach for leftovers,C,Prepare your stomach for leftovers,Prepare stomach medicine,Prepare your stomach for an upcoming meal,"""The stomach is what you prepare for."" 

[""Prepare your stomach for leftovers"", ""Prepare stomach medicine"", ""Prepare your stomach for an upcoming meal""]",1.0,0.6666666666666666,1.0,0.64,79.2
a,cot_xl,Arabic,MID0776, إلى تحساب موسى طلع فرعون.,A wolf in sheep's clothing.,A wolf in sheep's clothing.,False,Pharaoh became an expert in accounting after learning from Moses.,Moses created an accounting system that made Pharaoh get up.,Moses' accounting skills caused Pharaoh to rise from his throne.,A wolf in sheep's clothing.,D,Moses created an accounting system that made Pharaoh get up.,Moses' accounting skills caused Pharaoh to rise from his throne.,Pharaoh became an expert in accounting after learning from Moses.,"[To know/understand Moses' accounting led Pharaoh to rise.] 
[""Moses created an accounting system that made Pharaoh get up."", ""Moses' accounting skills caused Pharaoh to rise from his throne."", ""Pharaoh became an expert in accounting after learning from Moses.""]",1.0,1.0,2.0,0.85,95.5
a,cot_xl,Arabic,MID0777, على قيس فراشك مد رجليك.,Don’t live beyond your means.,Don’t live beyond your means.,False,You should stretch your legs on Quayes bed and extend your life.,Don’t live beyond your means.,"You should live beyond Quayes, stretching your legs and going to bed.",You should extend the bed of Quayes and stretch your legs.,B,You should stretch your legs on Quayes bed and extend your life.,You should extend the bed of Quayes and stretch your legs.,"You should live beyond Quayes, stretching your legs and going to bed.","على قيس فراشك مد رجليك: Don't live beyond your means.

[""You should stretch your legs on Quayes bed and extend your life."", ""You should extend the bed of Quayes and stretch your legs."", ""You should live beyond Quayes, stretching your legs and going to bed.""]",1.0,1.0,2.33,0.65,89.5
a,cot_xl,Arabic,MID0778,احسبني كيف خوك، وعاملني كيف عدوك.,Business is business.,Business is business.,False,Count me as your enemy to treat me well,You should calculate my happiness as your enemy's happiness to act accordingly,Business is business.,Don't eat me like an enemy,C,Don't eat me like an enemy,Count me as your enemy to treat me well,You should calculate my happiness as your enemy's happiness to act accordingly,"<reasoning>A proverb is a short phrase that often conveys a truth or piece of advice, and it's meant to be understood figuratively rather than literally.</reasoning>
[""Don't eat me like an enemy"", ""Count me as your enemy to treat me well"", ""You should calculate my happiness as your enemy's happiness to act accordingly""]",1.0,1.0,3.0,0.88,96.4
a,cot_xl,Arabic,MID0779,اذكر القط، يجبك ينط,Speak of the devil.,Speak of the devil.,False,Speak of the devil.,wrong3: Mentioning the cat's name makes you responsible for it,wrong1: You have to feed the cat when you mention its name,wrong2: Remembering a cat requires you to take action,A,wrong1: You have to feed the cat when you mention its name,wrong2: Remembering a cat requires you to take action,wrong3: Mentioning the cat's name makes you responsible for it,"اذكر القط، يجبك ينط translates to Speak of the devil, but a plausible wrong literal interpretation is that it means to remember the cat and you have to feed it.

The actual proverb is a figure of speech that warns people of gossiping about someone, as soon as they do, that person appears. But a plausible wrong literal interpretation could be:

[""wrong1: You have to feed the cat when you mention it",1.0,1.0,2.58,0.87,96.1
a,cot_xl,Arabic,MID0780,ارحم من زار وخفّف,A constant guest is never welcome.,A constant guest is never welcome.,False,He who visits the sick should be eased,Be merciful to a guest who is not welcomed,A constant guest is never welcome.,Ease the path for a traveler,C,He who visits the sick should be eased,Ease the path for a traveler,Be merciful to a guest who is not welcomed,"ارحم من زار وخفّف translates to ""Be kind to those who visit you and ease their way"" which means constant guests are unwelcome. 

Here are 3 plausible but wrong literal interpretations:

[""He who visits the sick should be eased"", ""Ease the path for a traveler"", ""Be merciful to a guest who is not welcomed""]",1.0,1.0,1.28,0.91,97.3
a,cot_xl,Arabic,MID0781,استعجل، تبطى,Slow and steady wins the race.,Slow and steady wins the race.,False,Slow and steady wins the race.,Rushing through a muddy field will make your clothes get tangled up.,You'll get tangled up if you rush to a party in a fancy outfit.,"If you're slow and steady, you'll get tangled up in a crowd.",A,You'll get tangled up if you rush to a party in a fancy outfit.,Rushing through a muddy field will make your clothes get tangled up.,"If you're slow and steady, you'll get tangled up in a crowd.","<reasoning>Arabic proverb استعجل، تبطى is often translated to 'slow and steady wins the race'. However, the correct understanding requires more insight. In this case, the actual meaning is about taking your time and doing things steadily, rather than rushing into actions. This can be contrasted with rushing into things and getting tangled up. The word 'تبطى' literally translates to be 'tangled up'",1.0,1.0,2.11,0.78,93.4
a,cot_xl,Arabic,MID0782,اطعم البطن، تستحي العين.,A bribe works miracles.,A bribe works miracles.,False,Feed your belly so your eyes will blush.,"You eat for your belly, be afraid of your eyes.",A bribe works miracles.,"Eat for your belly, be ashamed for your eyes.",C,"Eat for your belly, be ashamed for your eyes.",Feed your belly so your eyes will blush.,"You eat for your belly, be afraid of your eyes.","[""Eat for your belly, be ashamed for your eyes."", ""Feed your belly so your eyes will blush."", ""You eat for your belly, be afraid of your eyes.""]",1.0,1.0,2.25,0.75,92.5
a,cot_xl,Arabic,MID0783,اعط للبرمة تعطيك,You only reap what you sow.,You only reap what you sow.,False,You only reap what you sow.,"If you give the brine, you get a certain texture.",The people give you the brine when you give them,"When you give the brine, people give you things.",A,"When you give the brine, people give you things.","If you give the brine, you get a certain texture.",The people give you the brine when you give them,"[عندما تعط البرمة، يعطك الأشخاص]
 
[""When you give the brine, people give you things."", ""If you give the brine, you get a certain texture."", ""The people give you the brine when you give them""]",1.0,1.0,1.61,0.63,88.9
a,cot_xl,Arabic,MID0784,اقلب البرمة على فمها، تطلع البنت لامها,Like daughter like mother.,Like daughter like mother.,False,"When you turn a pillow upside down, the girl will look at her own mouth.",He turned a pillow into a mouth to feed his daughter.,Like daughter like mother.,She puts a pillow under her daughter's mouth.,C,"When you turn a pillow upside down, the girl will look at her own mouth.",She puts a pillow under her daughter's mouth.,He turned a pillow into a mouth to feed his daughter.,"""When you turn a pillow upside down, the girl will look at her own mouth.""

[""She puts a pillow under her daughter's mouth."", ""He turned a pillow into a mouth to feed his daughter."", ""She turned her daughter into a pillow."")",1.0,1.0,2.83,0.86,95.8
a,cot_xl,Arabic,MID0785,الباب اللى إِيجيك منه الريح، سده واستريح ,If you are always dwelling in trouble change the address.,If you are always dwelling in trouble change the address.,False,"You should close a door that you opened when it was windy, and then relax.","In windy conditions, you can reduce noise levels by closing the door from which the wind comes and take a break.","If you close the window from which the wind blows, you can feel more at ease.",If you are always dwelling in trouble change the address.,D,"You should close a door that you opened when it was windy, and then relax.","If you close the window from which the wind blows, you can feel more at ease.","In windy conditions, you can reduce noise levels by closing the door from which the wind comes and take a break.","[If you open the door from which the wind blows, close it and rest]
[""You should close a door that you opened when it was windy, and then relax."", 
""If you close the window from which the wind blows, you can feel more at ease."", 
""In windy conditions, you can reduce noise levels by closing the door from which the wind comes and take a break.""]",1.0,1.0,1.73,0.86,95.8
a,cot_xl,Arabic,MID0786,الزَمّار يموت و صُبْعه يرِفّ,Old habits die hard.,Old habits die hard.,False,One drop of a musician's blood spreads and causes their death.,A dying musician's finger stains and spreads.,Old habits die hard.,The musician dies after they spread their finger in the form of a spread drop.,C,The musician dies after they spread their finger in the form of a spread drop.,One drop of a musician's blood spreads and causes their death.,A dying musician's finger stains and spreads.,"""Old habits die hard."" translates to Arabic as الزَمّار يموت و صُبْعه يرِفّ. The word ""الزَمّار"" means a musician, particularly a professional or skilled one. 

The term ""يموت"" means dies or deceased but can be interpreted as a musician dying.
""صُبْعه"" can be interpreted as a single drop rather than a dot or stain from the musician's finger.
""يرِفّ"" means the single drop spreads, but in this conte",1.0,1.0,2.75,0.85,95.5
a,cot_xl,Arabic,MID0787,العب مع الغشيم، يغشّمك,Don't wrestle with pigs; you'll get dirty and the pigs enjoy it.,Don't wrestle with pigs; you'll get dirty and the pigs enjoy it.,False,"If you wrestle with a pig living in a foggy area, you'll get dirty and the pig will get more comfortable in the fog.",Don't wrestle with pigs; you'll get dirty and the pigs enjoy it.,"If you wrestle with pigs who are part of a wrestling team, you'll get dirty and the pigs will enjoy winning.","If you wrestle with pigs on a muddy field, you'll get dirty and the pigs will get muddy too.",B,"If you wrestle with a pig living in a foggy area, you'll get dirty and the pig will get more comfortable in the fog.","If you wrestle with pigs who are part of a wrestling team, you'll get dirty and the pigs will enjoy winning.","If you wrestle with pigs on a muddy field, you'll get dirty and the pigs will get muddy too.","[""If you wrestle with a pig living in a foggy area, you'll get dirty and the pig will get more comfortable in the fog."", ""If you wrestle with pigs who are part of a wrestling team, you'll get dirty and the pigs will enjoy winning."", ""If you wrestle with pigs on a muddy field, you'll get dirty and the pigs will get muddy too.""]",1.0,1.0,1.78,0.55,86.5
a,cot_xl,Arabic,MID0788,الغالي سعره فيه,You get what you pay for.,You get what you pay for.,False,The cost of something is within the thing itself.,"When something has an expensive price, there is something valuable within it.",The expensive thing has its value within it.,You get what you pay for.,D,The expensive thing has its value within it.,The cost of something is within the thing itself.,"When something has an expensive price, there is something valuable within it.","The proverb الغالي سعره فيه (al-gālī sa'ruhu fīhi) can be broken down into its components: 

- الغالي (al-gālī) meaning ""the expensive"" or ""the cost is high""
- سعره (sa'ruhu) meaning ""its price"" or ""its value""
- فيه (fīhi) meaning ""in it"" or ""within it""

Here are 3 plausible but wrong literal interpretations:

[""The expensive thing has its value within it."", ""The cost of something is within the th",1.0,1.0,1.61,0.77,93.1
a,cot_xl,Arabic,MID0789,القص مرة والقياس ديمة ,"Measure twice, cut once.","Measure twice, cut once.",False,wrong literal 2: A good ruler should be dim and not illuminating to the human eye.,"Measure twice, cut once.",wrong literal 3: To take revenge twice as long as the harm done is more effective.,wrong literal 1: The person in charge is responsible twice as much as anyone else.,B,wrong literal 1: The person in charge is responsible twice as much as anyone else.,wrong literal 2: A good ruler should be dim and not illuminating to the human eye.,wrong literal 3: To take revenge twice as long as the harm done is more effective.,"<reasoning>The Arabic phrase ""القص مرة والقياس ديمة"" is a proverb encouraging precision and avoiding mistakes in measuring before taking action, but the phrase itself does not literally imply measuring or cutting.</reasoning>
[""wrong literal 1: The person in charge is responsible twice as much as anyone else."",
""wrong literal 2: A good ruler should be dim and not illuminating to the human eye."",
""",1.0,1.0,3.92,0.83,94.9
a,cot_xl,Arabic,MID0790,الكثرة تغلب الشجاعة,There is safety in numbers.,There is safety in numbers.,False,Many storms can defeat a brave person.,A brave person cannot survive in a crowded city.,Too many brave warriors can lead to chaos on the battlefield.,There is safety in numbers.,D,Many storms can defeat a brave person.,A brave person cannot survive in a crowded city.,Too many brave warriors can lead to chaos on the battlefield.,"""Because the proverb is speaking about bravery being overpowered by large quantities, it might mean that too much bravery can lead to defeat.""

[""Many storms can defeat a brave person."", ""A brave person cannot survive in a crowded city."", ""Too many brave warriors can lead to chaos on the battlefield.""]",1.0,1.0,1.8,0.86,95.8
a,cot_xl,Arabic,MID0791,اللى يُرقد يُرقد عليه زمانه,The early bird catches the worm.,The early bird catches the worm.,False,The early bird catches the worm.,The early bird will be sleeping on its own time,The one who sleeps early will have their sleep shared by others,The early bird has the best sleep,A,The early bird has the best sleep,The one who sleeps early will have their sleep shared by others,The early bird will be sleeping on its own time,"Reasoning in Arabic: يُفترض أن الشخص المبكر يرقد عليه ساعات النوم، ويُمكن أن تُلحق الآخرين به في الراحة.

[""The early bird has the best sleep"", ""The one who sleeps early will have their sleep shared by others"", ""The early bird will be sleeping on its own time""]",1.0,1.0,1.61,0.8,94.0
a,cot_xl,Arabic,MID0792,اللي ايده في النار، موش كيف اللي ايده ف المية,Easier said than done.,Easier said than done.,False,"If someone has their hand in a fire, it's hard to see things clearly. But if their hand is in water, everything seems easy.","Someone who's got their hand in hot oil will struggle to find their way, whereas someone with their hand in icy water can navigate through a maze with ease.",The temperature of your hand can change the way you perceive time.,Easier said than done.,D,"If someone has their hand in a fire, it's hard to see things clearly. But if their hand is in water, everything seems easy.",The temperature of your hand can change the way you perceive time.,"Someone who's got their hand in hot oil will struggle to find their way, whereas someone with their hand in icy water can navigate through a maze with ease.","It seems that the proverb is talking about how someone who is in a difficult situation might say something seems easy, when in reality it's hard. Here are 3 plausible but wrong literal interpretations:

[reasoning] Someone's hand is in the fire, so they're saying something is easy because they can't feel the temperature difference between their hands. On the other hand, someone whose hand is in a ",1.0,1.0,5.42,0.91,97.3
a,cot_xl,Arabic,MID0793,اللي فات مات,Let bygones be bygones.,Let bygones be bygones.,False,Let bygones be bygones.,"When people are late, their deaths are recorded.",let bygones be bygones,Those who are late to a ceremony are dead.,A,let bygones be bygones,Those who are late to a ceremony are dead.,"When people are late, their deaths are recorded.","[The concept of ""let bygones be bygones"" is about moving on from past conflicts or issues, rather than dwelling on them.]

اللي فات مات  - Those who are late die.

[""Those who are late to a ceremony are dead."", ""When people are late, their deaths are recorded."", ""If someone arrives late, they have passed away.""]",1.0,0.6666666666666666,1.75,0.98,89.4
a,cot_xl,Arabic,MID0794,اللي في القلب، في القلب ياكنيسية,A wolf in sheep's clothing.,A wolf in sheep's clothing.,False,,,,,,,,,"[اللي في القلب، في القلب ياكنيسية] translates to ""What is in the heart is in the heart you consecrate"" which literally means that whatever is sacred to you, is in your heart. This could be interpreted as, 

[""You consecrate the sacred by putting it in your heart."" (interpret as consecration)]",0.0,0.0,0.0,0.0,0.0
a,cot_xl,Arabic,MID0795,اللي مايقدر على الحمار يقدر على البردعة,He that cannot beat the ass beats the saddle,He that cannot beat the ass beats the saddle,False,The one who cannot whip an ass can whip a wooden saddle post.,He that cannot beat the ass beats the saddle,He that cannot conquer a donkey can conquer a small fish.,The one who cannot control a donkey can control a cold.,B,The one who cannot control a donkey can control a cold.,He that cannot conquer a donkey can conquer a small fish.,The one who cannot whip an ass can whip a wooden saddle post.,"[""The one who cannot control a donkey can control a cold."", ""He that cannot conquer a donkey can conquer a small fish."", ""The one who cannot whip an ass can whip a wooden saddle post.""]",1.0,1.0,1.3,0.72,91.6
a,cot_xl,Arabic,MID0796,الميّة تكذِِّب الغطاس,The proof's in the pudding.,The proof's in the pudding.,False,The proof is a type of dessert made from seaweed,The proof's in the pudding.,The proof is in the fish's stomach,A proof is a type of aquatic mammal,B,The proof is in the fish's stomach,A proof is a type of aquatic mammal,The proof is a type of dessert made from seaweed,"المرء يفهم قائلاً ما هو متعصّب في قلبه (He understands by saying what is stubborn in his heart.)
[""The proof is in the fish's stomach"", ""A proof is a type of aquatic mammal"", ""The proof is a type of dessert made from seaweed""]",1.0,1.0,1.67,0.72,91.6
a,cot_xl,Arabic,MID0797,املا البطن تستحي العين,A bribe works miracles.,A bribe works miracles.,False,,,,,,,,,"""املا البطن تستحي العين"" means 'A bribe works miracles' but here are 3 plausible but incorrect literal interpretations: 

A hungry stomach can make your eyes cry 
A bribe is made in the womb and it makes the eye blush
A belly full of food will make you want to hide your eyes",0.0,0.0,0.0,0.0,0.0
a,cot_xl,Arabic,MID0798,خلط روحك مع النخالة يبربشك الدجاج,"Lie down with dogs, wake up with fleas.","Lie down with dogs, wake up with fleas.",False,having your heart with grains will give you the chicken,"Lie down with dogs, wake up with fleas.",lying down with dogs might make someone become a dog,mixing spirits with grains might give you chicken,B,mixing spirits with grains might give you chicken,lying down with dogs might make someone become a dog,having your heart with grains will give you the chicken,"""lying down with dogs"" could make someone become a dog.
mixing spirits with grains might give you chicken 
having your heart with grains will give you the chicken. 
[""mixing spirits with grains might give you chicken"", ""lying down with dogs might make someone become a dog"", ""having your heart with grains will give you the chicken""]",1.0,1.0,1.17,0.81,94.3
a,cot_xl,Arabic,MID0799,ماعين تعلا على حاجبها,No one can go above their status in life.,No one can go above their status in life.,False,Bridges cannot be built above one's eyelid,Elevators cannot reach above one's eyebrow,The height of a roof cannot exceed one's eyelid,No one can go above their status in life.,D,Bridges cannot be built above one's eyelid,Elevators cannot reach above one's eyebrow,The height of a roof cannot exceed one's eyelid,"ماعين تعلا على حاجبها: One cannot apply eye makeup above the eyelid's crease.

[""Bridges cannot be built above one's eyelid"", ""Elevators cannot reach above one's eyebrow"", ""The height of a roof cannot exceed one's eyelid""]",1.0,1.0,0.81,0.77,93.1
a,cot_xl,Arabic,MID0800,نقول له ثور، يقول احلبه,Like talking to a brick wall.,Like talking to a brick wall.,False,"You say to him, you're as strong as a bull, and he says to break it","You tell him about a bull, and he says to sell it",Like talking to a brick wall.,"You give a bull to him, and he says to slaughter it",C,"You give a bull to him, and he says to slaughter it","You tell him about a bull, and he says to sell it","You say to him, you're as strong as a bull, and he says to break it","نقول له ثور، يقول احلبه
In Arabic, this proverb actually implies that no matter what you say or do, the other person will not listen (or hear you out) - it is a metaphor, not meant to be taken literally.

[""You give a bull to him, and he says to slaughter it"", ""You tell him about a bull, and he says to sell it"", ""You say to him, you're as strong as a bull, and he says to break it""]",1.0,1.0,2.22,0.55,86.5
a,cot_xl,Arabic,MID0801,ولد الحنش ثعبان,Blood will tell.,Blood will tell.,False,A baby snake is a type of serpent,A snake will carry a newborn,Blood will tell.,A snake will give birth to a baby,C,A snake will give birth to a baby,A snake will carry a newborn,A baby snake is a type of serpent,"ولد الحنش ثعبان

The children of a snake will be a snake.

[""A snake will give birth to a baby"", ""A snake will carry a newborn"", ""A baby snake is a type of serpent""]",1.0,1.0,2.44,0.73,91.9
a,cot_xl,Arabic,MID0802,يأكل الغلة، ويسب الملة,Biting the hand that feeds you.,Biting the hand that feeds you.,False,Eating the Harvest causes it to grow more,The Harvest gets full of food and doesn't need to be eaten,Biting the hand that feeds you.,Feeding the Harvest gives it more to eat,C,Eating the Harvest causes it to grow more,Feeding the Harvest gives it more to eat,The Harvest gets full of food and doesn't need to be eaten,"مُطعم الغلة يعطي الطعام، ولكن الغلة تشبع بالغذاء فلا حاجة لمطعم يأكلها
[""Eating the Harvest causes it to grow more"", ""Feeding the Harvest gives it more to eat"", ""The Harvest gets full of food and doesn't need to be eaten""]",1.0,1.0,1.56,0.73,91.9
a,cot_xl,Arabic,MID0803,يقتل القتيل ويمشى في جنازته,A wolf in sheep's clothing,A wolf in sheep's clothing,False,A wolf in sheep's clothing,Death walks in the funeral procession.,A wolf kills a person and walks in their funeral procession.,A dead person kills another dead person.,A,A dead person kills another dead person.,Death walks in the funeral procession.,A wolf kills a person and walks in their funeral procession.,"""ويمشى في جنازته "" can be interpreted as someone who walks in the funeral procession. 

[
    ""A dead person kills another dead person."",
    ""Death walks in the funeral procession."",
    ""A wolf kills a person and walks in their funeral procession.""
]",1.0,1.0,1.6,0.81,94.3
