task,strategy,language,sample_id,source_proverb,proverb_en,correct_meaning,cultural_context_available,Choice_A,Choice_B,Choice_C,Choice_D,Answer,distractor_1,distractor_2,distractor_3,raw_response,parse,complete,len_r,distinct,quality
a,cot_en,Arabic,MID0001,آخر الحياة الموت," Live life to its fullest; Tempus fugit, utere."," Live life to its fullest; Tempus fugit, utere.",False,,,,,,,,,,0.0,0.0,0.0,0.0,0.0
a,cot_en,Arabic,MID0002,أتبع من الظل.,Sticks to them like a shadow.,Sticks to them like a shadow.,False,Sticks to them like a shadow.,tracking objects by their silhouettes,physically gluing oneself to darkness,mimicking the movement of darkness,A,physically gluing oneself to darkness,tracking objects by their silhouettes,mimicking the movement of darkness,"<reasoning>The Arabic proverb ""أتبع من الظل"" translates to ""Sticks to them like a shadow"" in English. A literal reading might lead to misunderstandings, as it could be interpreted in various incorrect ways. For instance, one might think it's about something or someone physically sticking or adhering to shadows, or the action of following something that casts a shadow. These interpretations miss th",1.0,1.0,0.83,0.96,98.8
a,cot_en,Arabic,MID0003,أحْسِنْ إلى الناس تستعبد قلوبهم.,Kindness begets kindness.,Kindness begets kindness.,False,Kindness begets kindness.,Being kind is necessary to receive kindness,Kindness is a method to control people's hearts,People must be kind because they are forced to,A,People must be kind because they are forced to,Kindness is a method to control people's hearts,Being kind is necessary to receive kindness,"<reasoning>When translating the Arabic proverb ""أحْسِنْ إلى الناس تستعبد قلوبهم"" to English as ""Kindness begets kindness,"" a literal reading might misinterpret the phrase. A reader might think that the proverb is suggesting a transactional relationship where one does a good deed with the expectation of receiving kindness in return, rather than understanding it as a general principle of how kindnes",1.0,1.0,2.67,0.85,95.5
a,cot_en,Arabic,MID0004,أحضر الناس جوابًا من لم يغضب,"If you stay calm, you are wise, but if you have a hot temper, you only show how stupid you are.","If you stay calm, you are wise, but if you have a hot temper, you only show how stupid you are.",False,,,,,,,,,,0.0,0.0,0.0,0.0,0.0
a,cot_en,Arabic,MID0005,أحلام العصافير.,pie in the sky.,pie in the sky.,False,,,,,,,,,,0.0,0.0,0.0,0.0,0.0
a,cot_en,Arabic,MID0006,أدنى من حبل الوريد.,closer than one's shadow.,closer than one's shadow.,False,,,,,,,,,,0.0,0.0,0.0,0.0,0.0
a,cot_en,Arabic,MID0007,أسمع جعجعة ولا أرى طحينا,Much ado about nothing.,Much ado about nothing.,False,,,,,,,,,,0.0,0.0,0.0,0.0,0.0
a,cot_en,Arabic,MID0008,أسمعٌ صوتا وأرى فوتا.,Much ado about nothing,Much ado about nothing,False,I hear a noise and see a foot,I hear something and then see someone walking away,There is a lot of noise and someone is dancing,Much ado about nothing,D,I hear a noise and see a foot,There is a lot of noise and someone is dancing,I hear something and then see someone walking away,"<reasoning>The Arabic proverb ""أسمعٌ صوتا وأرى فوتا"" translates to ""Much ado about nothing"" in English, which is an idiom meaning a big fuss over something insignificant. A literal reading might lead to misinterpretations. One could mistakenly think it's about hearing a noise and seeing a foot, or about a lot of noise and a type of dance step. Another misinterpretation could involve hearing someth",1.0,1.0,2.25,0.77,93.1
a,cot_en,Arabic,MID0009,أطلق ساقيه للريح,Runs like the wind.,Runs like the wind.,False,,,,,,,,,,0.0,0.0,0.0,0.0,0.0
a,cot_en,Arabic,MID0010,أعدل الشهود التجارب.,Experience is the best teacher,Experience is the best teacher,False,,,,,,,,,,0.0,0.0,0.0,0.0,0.0
a,cot_en,Arabic,MID0011,أفعال لا أقوال.,Action speaks louder than words,Action speaks louder than words,False,,,,,,,,,,0.0,0.0,0.0,0.0,0.0
a,cot_en,Arabic,MID0012,أكل عليه الدهر وشرب,Be old hat. / It’s as old as the hills.,Be old hat. / It’s as old as the hills.,False,,,,,,,,,,0.0,0.0,0.0,0.0,0.0
a,cot_en,Arabic,MID0013,أول الغضب جنون وآخره ندم,A man of quick temper acts foolishly.,A man of quick temper acts foolishly.,False,,,,,,,,,,0.0,0.0,0.0,0.0,0.0
a,cot_en,Arabic,MID0014,إذا أنت أكرمت الكريم ملكته وإن أنت أكرمت اللئيم تمردا,"Never trust on unknown hands, you will never know how they stand by you and back stab with their brains.","Never trust on unknown hands, you will never know how they stand by you and back stab with their brains.",False,,,,,,,,,,0.0,0.0,0.0,0.0,0.0
a,cot_en,Arabic,MID0015,إذا دخلت قرية فاحلف بآلهتها.,"When in Rome, do as the Romans do.","When in Rome, do as the Romans do.",False,,,,,,,,,,0.0,0.0,0.0,0.0,0.0
a,cot_en,Arabic,MID0016,إذا ذكرت الذئب فأعد له العصا.,"when you speak of the storm, ready your sails","when you speak of the storm, ready your sails",False,"every time it storms, check your window seals","when you speak of the storm, ready your sails","when discussing weather, secure the sails on your boat",always carry a stick when talking about wolves,B,always carry a stick when talking about wolves,"every time it storms, check your window seals","when discussing weather, secure the sails on your boat","<reasoning>The Arabic proverb ""إذا ذكرت الذئب فأعد له العصا"" translates to ""when you speak of the storm, ready your sails"" in English, but a literal interpretation could lead to incorrect understandings. A wrong literal reading might assume the phrase is about preparing for a wolf or a storm in a physical sense, rather than understanding it as a metaphor for preparing for challenges or difficultie",1.0,1.0,0.93,0.96,98.8
a,cot_en,Arabic,MID0017,إذا ذكرت الذئب فخذ الحذر.,"when you speak of the storm, ready your sails","when you speak of the storm, ready your sails",False,always carry an umbrella when discussing weather,"when you speak of the storm, ready your sails",build a wolf-proof fence around your house if someone mentions wolves,learn to sail immediately if you hear about an upcoming storm,B,always carry an umbrella when discussing weather,build a wolf-proof fence around your house if someone mentions wolves,learn to sail immediately if you hear about an upcoming storm,"<reasoning>The given Arabic proverb ""إذا ذكرت الذئب فخذ الحذر"" translates to ""when you speak of the wolf, be cautious"" or in its English translation form, ""when you speak of the storm, ready your sails"". A literal but incorrect interpretation might involve taking the words at face value without understanding the idiomatic meaning. For instance, one might think it's about an actual wolf or storm, l",1.0,1.0,1.07,0.96,98.8
a,cot_en,Arabic,MID0018,إذا رأيتَ أنيابَ الليثِ بارزة، فلا تَظُننَّ أنَّ الليثَ يبتسمُ,Don't judge a book by its cover.,Don't judge a book by its cover.,False,"When a lion shows its teeth, it is not laughing or happy; you should not mistake this for a genuine smile.","The proverb warns that a lion's visible teeth are not a sign of friendliness, so don't be misled by its appearance.","If you see a lion's teeth bared, do not assume it is smiling; it might be preparing to attack.",Don't judge a book by its cover.,D,"If you see a lion's teeth bared, do not assume it is smiling; it might be preparing to attack.","The proverb warns that a lion's visible teeth are not a sign of friendliness, so don't be misled by its appearance.","When a lion shows its teeth, it is not laughing or happy; you should not mistake this for a genuine smile.","<reasoning>A reader unfamiliar with the figurative meaning might take the proverb at face value, thinking it gives literal advice about interpreting a lion's bared teeth. They could infer that the saying warns against assuming a lion is friendly or happy when its teeth are visible, or that it comments on the authenticity of a lion's expression. These interpretations are plausible as literal readin",1.0,1.0,2.9,0.87,96.1
a,cot_en,Arabic,MID0019,إذا كَانَ الكَلَامُ مِن فِضَّة فالسُكُوت مِن ذَهَب,"Speech is silver, silence is golden","Speech is silver, silence is golden",False,Speaking earns you silver coins while staying silent earns you gold coins.,"Speech is literally made of silver metal, and silence is literally made of gold metal.","Speech is silver, silence is golden",The proverb advises that you should replace spoken words with silver objects and silence with gold objects in rituals.,C,"Speech is literally made of silver metal, and silence is literally made of gold metal.",Speaking earns you silver coins while staying silent earns you gold coins.,The proverb advises that you should replace spoken words with silver objects and silence with gold objects in rituals.,"<reasoning>A reader unfamiliar with the metaphorical nature of the proverb might interpret the words ""silver"" and ""gold"" as literal materials, assuming the saying is about the physical composition or monetary value of speech and silence rather than their qualitative worth. This could lead to literal readings such as speech being made of silver metal, silence being made of gold metal, speaking yiel",1.0,1.0,2.56,0.87,96.1
a,cot_en,Arabic,MID0020,إذا هبّت رياحك فاغتنمها,Make hay while the sun shines.,Make hay while the sun shines.,False,"If the wind that belongs to you (like a handheld fan) starts, grab it",Make hay while the sun shines.,"When your own flatulence occurs, take advantage of it","If your personal wind (breath) blows, seize it",B,"If your personal wind (breath) blows, seize it","When your own flatulence occurs, take advantage of it","If the wind that belongs to you (like a handheld fan) starts, grab it","<reasoning>The Arabic phrase literally says ""If your winds blow, seize them."" A reader might take ""رياحك"" (your winds) to refer to something personally owned like one's breath, flatulence, or a personal fan, leading to literal but incorrect interpretations that ignore the idiomatic meaning of seizing opportunities.</reasoning>
[""If your personal wind (breath) blows, seize it"",""When your own flatul",1.0,1.0,1.72,0.89,96.7
a,cot_en,Arabic,MID0021,إلى حتفي مشت قدمي.,I dug my own grave.,I dug my own grave.,False,My feet walked until my doom,She walked to my doom,I dug my own grave.,I dug a grave with my feet,C,My feet walked until my doom,I dug a grave with my feet,She walked to my doom,"[""My feet walked until my doom"",""I dug a grave with my feet"",""She walked to my doom""]",1.0,1.0,1.2,0.76,92.8
a,cot_en,Arabic,MID0022,إن البعوضة تدمي مقلة الأسد.,Little enemies and little wounds must not be despised,Little enemies and little wounds must not be despised,False,The mosquito makes the lion's eye bleed.,The mosquito makes the lion's eye look red or swollen.,Little enemies and little wounds must not be despised,The mosquito causes the lion to shed tears from its eye.,C,The mosquito makes the lion's eye bleed.,The mosquito causes the lion to shed tears from its eye.,The mosquito makes the lion's eye look red or swollen.,"<reasoning>
A reader might take the words at face value without recognizing the metaphorical meaning, leading to literal but incorrect readings such as: the mosquito physically causing blood to come from the lion's eye, the mosquito making the lion cry (tears), or the mosquito altering the appearance of the lion's eye (e.g., making it red or swollen). These interpretations ignore the proverb's int",1.0,1.0,1.04,0.75,92.5
a,cot_en,Arabic,MID0023,إن الجبان حتفه من فوقه.,the destiny of a coward comes from over him.,the destiny of a coward comes from over him.,False,A coward's destiny is literally a falling object that strikes him from above,"A coward's destiny is literally something that is physically located above him, like a bird perched on a branch",the destiny of a coward comes from over him.,A coward's fate is literally a hat or covering that is placed over his head,C,A coward's destiny is literally a falling object that strikes him from above,A coward's fate is literally a hat or covering that is placed over his head,"A coward's destiny is literally something that is physically located above him, like a bird perched on a branch","<reasoning>Readers might ignore the metaphorical sense of ""from over him"" and treat it as a physical direction, imagining that a coward's fate is literally something that comes down from above, such as an object falling, a covering placed overhead, or something situated above him in space.</reasoning>
[""A coward's destiny is literally a falling object that strikes him from above"",""A coward's fate ",1.0,1.0,1.74,0.74,92.2
a,cot_en,Arabic,MID0024,إنّ الطيور على أشكالها تقع, Birds of a feather flock together., Birds of a feather flock together.,False, Birds of a feather flock together.,Birds perch on the statues or forms of other birds,Birds physically drop onto their own silhouettes,Birds land on top of drawn shapes or patterns on the ground,A,Birds physically drop onto their own silhouettes,Birds land on top of drawn shapes or patterns on the ground,Birds perch on the statues or forms of other birds,"<reasoning>A reader might take the verb ""تقع"" (to fall/land) literally as a physical falling action, and interpret ""على أشكالها"" (on their forms) as referring to shapes or silhouettes, leading to literal but incorrect readings such as birds dropping onto their own outlines, landing on geometric shapes drawn on the ground, or perching on bird-shaped statues.</reasoning>[""Birds physically drop onto ",1.0,1.0,1.61,0.85,95.5
a,cot_en,Arabic,MID0025,إن كان لك عند الكلب حاجة قل له يا سيدي.,"Call the bear “uncle” till, you are safe across the bridge.","Call the bear “uncle” till, you are safe across the bridge.",False,"Call the bear “uncle” till, you are safe across the bridge.","If you have a need from a dog, say to it 'O my sea'.","If you have a need from a pen, say to it 'O my master'.","If you have a need from a bear, call it 'uncle' until you are safe across the bridge.",A,"If you have a need from a bear, call it 'uncle' until you are safe across the bridge.","If you have a need from a pen, say to it 'O my master'.","If you have a need from a dog, say to it 'O my sea'.","<reasoning>
A reader unfamiliar with Arabic might mistake key words for similar‑sounding terms or take the idiomatic English translation literally. For example, they could confuse ""الكلب"" (dog) with ""الدب"" (bear) and render the proverb as advice about bears, or misread ""يا سيدي"" as a name or as ""O my sea"". They might also misinterpret ""الكلب"" as ""pen"" due to visual similarity of the Arabic script.",1.0,1.0,1.39,0.54,86.2
a,cot_en,Arabic,MID0026,إن مع العسر یسرا.,Every cloud has a silver lining.,Every cloud has a silver lining.,False,"When you experience hardship, you will literally find a silver lining inside a cloud.",Hardship always produces actual silver metal as a byproduct.,"Every time you face difficulty, a cloud appears with a visible silver stripe.",Every cloud has a silver lining.,D,"When you experience hardship, you will literally find a silver lining inside a cloud.",Hardship always produces actual silver metal as a byproduct.,"Every time you face difficulty, a cloud appears with a visible silver stripe.","<reasoning>The proverb uses metaphorical language: ""hardship"" paired with ""ease"" (or a silver lining). A reader unfamiliar with the metaphor might try to interpret each element literally, imagining physical clouds, silver, or tangible outcomes tied directly to difficulty. These literal readings sound plausible but miss the figurative meaning.</reasoning>
[""When you experience hardship, you will li",1.0,1.0,2.0,0.88,96.4
a,cot_en,Arabic,MID0027,إنك لا تجني من الشوك العنب,You can't make a silk purse out of a sow's ear.,You can't make a silk purse out of a sow's ear.,False,You cannot make wine from squeezing thorns,You cannot harvest grapes from a thorn bush,You cannot pick grapes off a cactus,You can't make a silk purse out of a sow's ear.,D,You cannot harvest grapes from a thorn bush,You cannot make wine from squeezing thorns,You cannot pick grapes off a cactus,"[""You cannot harvest grapes from a thorn bush"",""You cannot make wine from squeezing thorns"",""You cannot pick grapes off a cactus""]",1.0,1.0,0.67,0.74,92.2
a,cot_en,Arabic,MID0028,إنما الأعمال بالنیّات.,Take the will for the deed.,Take the will for the deed.,False,,,,,,,,,"I’m not sure whether you’d like me to include the reasoning followed by the JSON list, or just the JSON list alone. Could you clarify which format you prefer?",0.0,0.0,0.0,0.0,0.0
a,cot_en,Arabic,MID0029,اتَّكَلْنا منه على خُصٍّ الاتحاد قوة,Unity is strength.,Unity is strength.,False,We depended on it through the exclusive power of the alliance.,Unity is strength.,We leaned upon it based on a particular strength of the union.,We relied on it from a special union's strength.,B,We relied on it from a special union's strength.,We depended on it through the exclusive power of the alliance.,We leaned upon it based on a particular strength of the union.,"[""We relied on it from a special union's strength."", ""We depended on it through the exclusive power of the alliance."", ""We leaned upon it based on a particular strength of the union.""]",1.0,1.0,3.56,0.76,92.8
a,cot_en,Arabic,MID0030,احذر عدوّك مرّة وصديقك ألف مرّة، فإن انقلب الصّديق فهو أعلم بالمضرّة,Better to have an enemy who slaps you in the face than a friend who stabs you in the back.,Better to have an enemy who slaps you in the face than a friend who stabs you in the back.,False,"Be wary of your enemy only one time, but be wary of your friend a thousand times.",Better to have an enemy who slaps you in the face than a friend who stabs you in the back.,You should meet your friend a thousand times to avoid danger from your enemy.,"If your friend literally turns around (changes direction), he will know exactly where harm is coming from.",B,"Be wary of your enemy only one time, but be wary of your friend a thousand times.","If your friend literally turns around (changes direction), he will know exactly where harm is coming from.",You should meet your friend a thousand times to avoid danger from your enemy.,"<reasoning>A reader unfamiliar with the idiomatic sense might treat each phrase as a direct, physical instruction: counting occurrences, interpreting ""once"" and ""a thousand times"" as literal repetitions, and understanding ""turns"" as a literal change of direction or orientation, leading to concrete but mistaken meanings.</reasoning>
[""Be wary of your enemy only one time, but be wary of your friend ",1.0,1.0,0.8,0.89,96.7
a,cot_en,Arabic,MID0031,احفظ قرشك الأبيض ليومك الأسود.,"A penny saved is a penny earned.
","A penny saved is a penny earned.
",False,"Keep your white penny to spend on a day when you are dressed in black clothing, such as a funeral.","Save your white coin for a day when the sky is literally black, like during a solar eclipse.","Store your white money for a time when you need to purchase something that is black, like black ink or black fabric.","A penny saved is a penny earned.
",D,"Save your white coin for a day when the sky is literally black, like during a solar eclipse.","Keep your white penny to spend on a day when you are dressed in black clothing, such as a funeral.","Store your white money for a time when you need to purchase something that is black, like black ink or black fabric.","<reasoning>Readers might take the words ""قرشك"" (your penny), ""الأبيض"" (white), and ""يومك الأسود"" (your black day) at face value, thinking the proverb advises literally preserving a white-colored coin for a future occasion that is literally black in color, such as a dark event, a night, or a mourning day, rather than understanding the figurative advice about saving money.</reasoning>
[""Save your wh",1.0,1.0,2.86,0.79,93.7
a,cot_en,Arabic,MID0032,اختلط الحابل بالنابل.,Things got chaotic.,Things got chaotic.,False,The rope became tangled with a nail.,Things got chaotic.,The rope was stirred into a bucket.,The rope got mixed with a camel.,B,The rope got mixed with a camel.,The rope became tangled with a nail.,The rope was stirred into a bucket.,"<reasoning>When encountering the Arabic proverb, a reader unfamiliar with the idiomatic meaning might try to translate each word literally, imagining a physical mixing of a rope (الحبل) with something denoted by ""النابل"". This could lead to interpretations involving objects like a camel, a nail, or a bucket, etc.</reasoning>
[""The rope got mixed with a camel."", ""The rope became tangled with a nail",1.0,1.0,2.33,0.68,90.4
a,cot_en,Arabic,MID0033,اذكروا محاسن أمواتكم.,Speak well of the dead.,Speak well of the dead.,False,Recall the beauties of your deceased.,Talk about the advantages that lead to death.,Speak well of the dead.,You will be mentioned by the good qualities of your death.,C,You will be mentioned by the good qualities of your death.,Recall the beauties of your deceased.,Talk about the advantages that lead to death.,"<reasoning>Readers unfamiliar with Arabic grammar might misinterpret the imperative verbاذكروا as a future passive form (“you will be mentioned”), take the nounمحاسنto mean physical beauty or beauties rather than good qualities, and misunderstandأمواتكمas referring to one’s own death or the cause of death instead of the deceased persons. These misunderstandings lead to literal readings that diverg",1.0,1.0,1.67,0.86,95.8
a,cot_en,Arabic,MID0034,ازرع جمیلًا ولو في غیر موضعه، فلن یضیع جمیل أینما زرعا,A good deed is never lost.,A good deed is never lost.,False,"The beauty of an action is preserved regardless of where you perform it, just as a planted flower stays where you put it.","If you plant a beautiful object (like a statue) anywhere, it will never get lost or misplaced.","Doing a good deed is like planting a seed; if you plant it in the wrong soil, the seed will still grow and not be lost.",A good deed is never lost.,D,"If you plant a beautiful object (like a statue) anywhere, it will never get lost or misplaced.","Doing a good deed is like planting a seed; if you plant it in the wrong soil, the seed will still grow and not be lost.","The beauty of an action is preserved regardless of where you perform it, just as a planted flower stays where you put it.","[""If you plant a beautiful object (like a statue) anywhere, it will never get lost or misplaced."", ""Doing a good deed is like planting a seed; if you plant it in the wrong soil, the seed will still grow and not be lost."", ""The beauty of an action is preserved regardless of where you perform it, just as a planted flower stays where you put it.""]",1.0,1.0,3.67,0.89,96.7
a,cot_en,Arabic,MID0035,اضرب حديدًا حاميًا لا نفع منه أن يبرد,Strike while the iron is hot.,Strike while the iron is hot.,False,Strike while the iron is hot.,Swing a golf club (iron) while it's warm from the sun.,Organize a labor strike when the metal iron is at high temperature.,Hit a clothing iron while it's heated.,A,Hit a clothing iron while it's heated.,Organize a labor strike when the metal iron is at high temperature.,Swing a golf club (iron) while it's warm from the sun.,"<reasoning>Readers might take the words at face value and misunderstand the metaphor: they could think “iron” refers to a household clothing iron, “strike” to a labor action, or “hot” to temperature of a sports equipment, leading to literal but incorrect readings.</reasoning>
[""Hit a clothing iron while it's heated."", ""Organize a labor strike when the metal iron is at high temperature."", ""Swing a ",1.0,1.0,1.67,0.86,95.8
a,cot_en,Arabic,MID0036,اطلبوا العلم من المهد إلى اللحد,Learn from the cradle to the grave.,Learn from the cradle to the grave.,False,Seek knowledge from a cradle (baby's bed) to a grave (hole),Learn from the cradle to the grave.,Seek knowledge from a maternity ward to a cemetery,Seek knowledge from a baby's crib to a burial plot,B,Seek knowledge from a baby's crib to a burial plot,Seek knowledge from a maternity ward to a cemetery,Seek knowledge from a cradle (baby's bed) to a grave (hole),"<reasoning>When readers take the Arabic words ""المهد"" (the cradle) and ""اللحد"" (the grave) at face value without recognizing the metaphorical sense of lifelong learning, they might imagine a physical journey from a baby's bed to a burial site, or confuse the terms with related objects like hospital beds, maternity wards, or cemeteries, leading to literal but incorrect interpretations.</reasoning>[",1.0,1.0,1.43,0.61,88.3
a,cot_en,Arabic,MID0037,اعقلها وتوكّل," Trust in the Lord with all your heart, and do not lean on your own understanding."," Trust in the Lord with all your heart, and do not lean on your own understanding.",False,Secure it and then rely on yourself,Bind it and then abandon it," Trust in the Lord with all your heart, and do not lean on your own understanding.",Think about it and then depend on it,C,Think about it and then depend on it,Secure it and then rely on yourself,Bind it and then abandon it,"[""Think about it and then depend on it"",""Secure it and then rely on yourself"",""Bind it and then abandon it""]",1.0,1.0,0.44,0.64,89.2
a,cot_en,Arabic,MID0038,الأقربون أولى بالمعروف.,Charity begins at home.,Charity begins at home.,False,Charity begins at home.,Nearby individuals are the first to be acquainted.,The closest people are the first to become known.,Relatives are the first to receive what is known.,A,The closest people are the first to become known.,Relatives are the first to receive what is known.,Nearby individuals are the first to be acquainted.,"<reasoning>
Readers might take each word of the Arabic phrase at face value without idiomatic nuance: ""الأقربون"" as ""the nearest/closest people,"" ""أولئ"" as ""the first,"" and ""بالمعروف"" as ""with the known/familiar."" This leads to literal‑sounding readings that mistake the proverb’s meaning of charitable duty toward family for statements about who becomes known first, who receives information first, ",1.0,1.0,2.17,0.65,89.5
a,cot_en,Arabic,MID0039,الأمور بخواتمها,All is well that ends well.,All is well that ends well.,False,All is well that ends well.,Matters are judged by the rings they wear,Everything is decided by the seal it bears,All affairs conclude with a wedding ring,A,Matters are judged by the rings they wear,Everything is decided by the seal it bears,All affairs conclude with a wedding ring,"[""Matters are judged by the rings they wear"",""Everything is decided by the seal it bears"",""All affairs conclude with a wedding ring""]",1.0,1.0,1.28,0.95,98.5
a,cot_en,Arabic,MID0040,الإفراط في التّواضع يجلب المذلّة," If you humble yourself too much, you will get trampled on."," If you humble yourself too much, you will get trampled on.",False,"If you physically lower yourself too much, others will step on you.","If you excessively practice modesty, you will attract literal dirt or stains.","If you bow too often in humility, you will cause a disgraceful scene like a public humiliation."," If you humble yourself too much, you will get trampled on.",D,"If you physically lower yourself too much, others will step on you.","If you excessively practice modesty, you will attract literal dirt or stains.","If you bow too often in humility, you will cause a disgraceful scene like a public humiliation.","<reasoning>Readers might take the Arabic words at face value, interpreting the metaphor of humility as a physical action, the notion of excess as a literal overflow, and disgrace as a tangible substance like dirt or a visible stain, leading to literal but incorrect readings.</reasoning>
[""If you physically lower yourself too much, others will step on you."", ""If you excessively practice modesty, yo",1.0,1.0,1.24,0.85,95.5
a,cot_en,Arabic,MID0041,الاعتراف بالخطأ فضیلة.,A fault confessed is half redressed.,A fault confessed is half redressed.,False,A fault confessed is half redressed.,Owning up to a fault is a mistake,Admitting a mistake is a scandal,Confessing an error is a favor,A,Admitting a mistake is a scandal,Confessing an error is a favor,Owning up to a fault is a mistake,"<reasoning>When encountering the Arabic proverb, a reader might misinterpret the key nouns due to similar‑looking words or false cognates. For example, they could confuse فضيلة (virtue) with فضيحة (scandal), with فضل (favor/grace), or with خطأ (mistake). This leads to literal‑sounding but incorrect readings such as “admitting a mistake is a scandal,” “confessing an error is a favor,” or “owning up",1.0,1.0,1.11,0.75,92.5
a,cot_en,Arabic,MID0042,البضاعة تيسر الحاجة.,A bribe works like magic. ,A bribe works like magic. ,False,Carrying luggage makes traveling easier,Having goods makes the need arise,Goods facilitate the satisfaction of a need,A bribe works like magic. ,D,Having goods makes the need arise,Goods facilitate the satisfaction of a need,Carrying luggage makes traveling easier,"<reasoning>A reader unfamiliar with the idiomatic sense might treat each word literally: ""البضاعة"" as merchandise or luggage, ""تيسر"" as makes easy or facilitates, and ""الحاجة"" as a need, requirement, or even a trip. From this they could infer that the sentence is about how possessing goods somehow creates or satisfies a need, or that goods make some activity (like travel) easier, completely missin",1.0,1.0,1.2,0.87,96.1
a,cot_en,Arabic,MID0043,التأني من الرحمن والعجلة من الشيطان.,haste makes waste.,haste makes waste.,False,haste makes waste.,"Eating food slowly is a gift from the Merciful, whereas eating hastily is a devilish habit.","Walking slowly on a journey is inspired by Rahman, while rushing in travel is inspired by Shaytan.","Taking your time when speaking is a blessing from Allah, while speaking quickly is a temptation from Satan.",A,"Taking your time when speaking is a blessing from Allah, while speaking quickly is a temptation from Satan.","Eating food slowly is a gift from the Merciful, whereas eating hastily is a devilish habit.","Walking slowly on a journey is inspired by Rahman, while rushing in travel is inspired by Shaytan.","<reasoning>Readers unfamiliar with the idiomatic use might treat the words ""الرحمن"" (the Merciful, a name of God) and ""الشيطان"" (Satan) as literal agents causing specific actions, or interpret ""التأني"" (deliberation) and ""العجلة"" (haste) as referring to concrete activities like speech, eating, or travel, leading to mistaken literal readings.</reason>
[""Taking your time when speaking is a blessing ",1.0,1.0,5.67,0.88,96.4
a,cot_en,Arabic,MID0044,الجار قبل الدّار," A bad neighbor is a misfortune, as much as a good one is a great blessing."," A bad neighbor is a misfortune, as much as a good one is a great blessing.",False,The saying advises that you should visit your neighbor before entering your own home.,One must choose or establish a neighbor before building a house.,"It means that in a neighborhood, the neighbor's house is always built before your own house."," A bad neighbor is a misfortune, as much as a good one is a great blessing.",D,One must choose or establish a neighbor before building a house.,The saying advises that you should visit your neighbor before entering your own home.,"It means that in a neighborhood, the neighbor's house is always built before your own house.","<reasoning>The phrase ""الجار قبل الدّار"" literally means ""the neighbor before the house."" A reader unfamiliar with its idiomatic sense might interpret it as a statement about physical order, sequence, or priority—such as suggesting that one must deal with a neighbor before concerning oneself with a house, or that the neighbor's house comes first in some spatial or temporal arrangement.</reasoning>",1.0,1.0,0.85,0.86,95.8
a,cot_en,Arabic,MID0045,الحاجة أمّ الاختراع,Necessity is the mother of invention.,Necessity is the mother of invention.,False,Necessity is the mother of invention.,Necessity is a woman who literally gives birth to inventions as a mother gives birth to a child,"When necessity becomes pregnant, it delivers a baby called invention",The phrase means that a literal mother named Necessity raises and nurtures inventions like her offspring,A,Necessity is a woman who literally gives birth to inventions as a mother gives birth to a child,"When necessity becomes pregnant, it delivers a baby called invention",The phrase means that a literal mother named Necessity raises and nurtures inventions like her offspring,"[""Necessity is a woman who literally gives birth to inventions as a mother gives birth to a child"", ""When necessity becomes pregnant, it delivers a baby called invention"", ""The phrase means that a literal mother named Necessity raises and nurtures inventions like her offspring""]",1.0,1.0,2.44,0.89,96.7
a,cot_en,Arabic,MID0046,الحُبُّ أَعْمَى. ,Love is blind,Love is blind,False,Love is a blind person who cannot see,Love is an entity that has no eyes and therefore cannot see,Love causes a person to lose their eyesight,Love is blind,D,Love causes a person to lose their eyesight,Love is a blind person who cannot see,Love is an entity that has no eyes and therefore cannot see,"<reasoning>When readers take the metaphor ""Love is blind"" literally, they might imagine that the emotion of love physically affects vision, that Love itself is a being lacking sight, or that love is an inanimate object devoid of eyes. These interpretations ignore the figurative meaning and treat the phrase as a direct statement about visual capability.</reasoning>
[""Love causes a person to lose th",1.0,1.0,3.11,0.82,94.6
a,cot_en,Arabic,MID0047,الدّالّ على الخير كفاعله, But remember that good intentions pave many roads. Not all of them lead to hell., But remember that good intentions pave many roads. Not all of them lead to hell.,False,,,,,,,,,"<reasoning>Readers unfamiliar with the idiomatic sense might take each word at face value, imagining physical objects or literal states (like a finger, a sign, or being lost) and then map the comparison “like its doer” onto those concrete images, leading to interpretations that sound plausible but miss the proverb’s intended meaning about encouraging good deeds being equivalent to performing them.",0.0,0.0,0.0,0.0,0.0
a,cot_en,Arabic,MID0048,الصباح رباح.,let's call it a night.,let's call it a night.,False,Morning profit,Morning Rabah,The morning is profitable,let's call it a night.,D,Morning profit,The morning is profitable,Morning Rabah,"<reasoning>A reader unfamiliar with Arabic might take each word at face value: ""الصباح"" as ""the morning"" and ""رباح"" as either a verb meaning ""to profit"" or a proper name (like Rabah). This yields literal but incorrect readings such as ""morning profit,"" ""the morning is profitable,"" or treating the phrase as a name like ""Morning Rabah."" These interpretations ignore the idiomatic sense and the actual",1.0,0.0,0.53,0.76,62.8
a,cot_en,Arabic,MID0049,الصحة تاج على رؤوس الأصحاء لا یراه إلا المرضى.,Health is not valued till sickness comes.,Health is not valued till sickness comes.,False,"The crown representing health is placed on the heads of healthy individuals, but sick people are the only ones who can wear or possess that crown.","Healthy people wear a crown called health, and only sick people have the ability to notice or acknowledge that crown.","Health is a literal crown that sits on the heads of healthy people, and only sick people are able to see that crown.",Health is not valued till sickness comes.,D,"Health is a literal crown that sits on the heads of healthy people, and only sick people are able to see that crown.","The crown representing health is placed on the heads of healthy individuals, but sick people are the only ones who can wear or possess that crown.","Healthy people wear a crown called health, and only sick people have the ability to notice or acknowledge that crown.","<reasoning>When readers take the metaphorical language literally, they might imagine an actual crown, think that health is a physical object placed on heads, and misunderstand who perceives it. This leads to several mistaken literal readings.</reasoning>[""Health is a literal crown that sits on the heads of healthy people, and only sick people are able to see that crown."", ""The crown representing h",1.0,1.0,3.29,0.63,88.9
a,cot_en,Arabic,MID0050,الصّديق وقت الضّيق, A friend in need is a friend indeed., A friend in need is a friend indeed.,False, A friend in need is a friend indeed.,Having a friend guarantees you will encounter difficulty,A friend is literally a period of distress,Friendship exists only during times of hardship,A,Friendship exists only during times of hardship,Having a friend guarantees you will encounter difficulty,A friend is literally a period of distress,"<reasoning>Readers might misinterpret the Arabic phrase by treating the noun ""وقت"" (time) as a conditional marker meaning ""only when"", or by reading the construction as a definition rather than a description of loyal friendship. This can lead to literal readings that suggest friendship exists exclusively during hardship, that having a friend causes trouble, or that a friend is equivalent to a peri",1.0,1.0,0.96,0.92,97.6
a,cot_en,Arabic,MID0051,الطبع يغلب التطبّع, What is bred in the bone cannot come out of the flesh., What is bred in the bone cannot come out of the flesh.,False,Inborn trait overwhelms the applied layer.,Nature's stamp defeats the fake impression.,The print overpowers the costume., What is bred in the bone cannot come out of the flesh.,D,The print overpowers the costume.,Nature's stamp defeats the fake impression.,Inborn trait overwhelms the applied layer.,"<reasoning>Readers might take the Arabic words at face value without idiomatic sense, interpreting ""الطبع"" as a literal ""print"" or ""stamp,"" ""يغلب"" as ""overcomes"" in a physical sense, and ""التطبّع"" as ""the act of dressing"" or ""pretending."" This leads to literal‑sounding but incorrect meanings such as a printing process overcoming a costume, a natural stamp defeating a fabricated one, or a biologica",1.0,1.0,0.47,0.9,97.0
a,cot_en,Arabic,MID0052,الطيور على أشكالها تقع.,Birds of feather flock together,Birds of feather flock together,False,Birds physically fall onto their own shapes,Birds land on geometric patterns visible in the air,Birds perch on statues or objects that resemble their species,Birds of feather flock together,D,Birds physically fall onto their own shapes,Birds land on geometric patterns visible in the air,Birds perch on statues or objects that resemble their species,"<reasoning>When taken literally, the Arabic phrase ""الطيور على أشكالها تقع"" could be misunderstood as describing a physical action where birds interact with shapes or forms, ignoring the metaphorical meaning about similarity leading to association. A reader might imagine birds falling onto their own outlines, landing on visible patterns, or perching on objects that resemble them.</reasoning>
[""Bir",1.0,1.0,1.73,0.89,96.7
a,cot_en,Arabic,MID0053,الطیبون للطیبات.,A good Jack makes a good Jill.,A good Jack makes a good Jill.,False,A good Jack makes a good Jill.,A man named Jack who is good will produce a good woman named Jill.,A high-quality car jack will lead to a good outcome for someone named Jill.,Only good people are allowed to eat good food.,A,Only good people are allowed to eat good food.,A man named Jack who is good will produce a good woman named Jill.,A high-quality car jack will lead to a good outcome for someone named Jill.,"<reasoning>Readers might take the Arabic words at face value, ignoring the idiomatic sense that good people attract good things. They could interpret “الطیبون” as “good people” and “للطیبات” as “for good things” in a concrete, literal way, leading to misunderstandings about food, personal names, or objects like a car jack.</reasoning>
[""Only good people are allowed to eat good food."",""A man named ",1.0,1.0,1.76,0.84,95.2
a,cot_en,Arabic,MID0054,العقل السلیم في الجسم السلیم.,A sound mind in a sound body.,A sound mind in a sound body.,False,A resonant thought inside a resonant flesh,A loud intellect inside a loud physique,A quiet brain inside a quiet torso,A sound mind in a sound body.,D,A quiet brain inside a quiet torso,A loud intellect inside a loud physique,A resonant thought inside a resonant flesh,"[""A quiet brain inside a quiet torso"", ""A loud intellect inside a loud physique"", ""A resonant thought inside a resonant flesh""]",1.0,1.0,1.0,0.75,92.5
a,cot_en,Arabic,MID0055,العلم قوّة.,Knowledge is power.,Knowledge is power.,False,Knowledge is a physical force,Science is an electric power,Knowledge is power.,The flag is strength,C,The flag is strength,Science is an electric power,Knowledge is a physical force,"<reasoning>Readers might take each word at face value without recognizing the metaphorical meaning. Since ""العلم"" can also mean ""flag"" and ""قوة"" can refer to physical force or electric power, a literal reading could mistake the proverb for a statement about objects rather than about the abstract value of knowledge.</reasoning>
[""The flag is strength"",""Science is an electric power"",""Knowledge is a ",1.0,0.6666666666666666,1.56,0.88,86.4
a,cot_en,Arabic,MID0056,الغاية تبرر الوسيلة ,The end justifies the means,The end justifies the means,False,The goal justifies the tool.,The end justifies the means,The objective sanctions the instrument.,The purpose validates the method.,B,The goal justifies the tool.,The purpose validates the method.,The objective sanctions the instrument.,"[""The goal justifies the tool."", ""The purpose validates the method."", ""The objective sanctions the instrument.""]",1.0,1.0,1.0,0.86,95.8
a,cot_en,Arabic,MID0057,القَشَّة التي قَصمَت ظَهِر البَعير.,The last straw.,The last straw.,False,A sharp stalk of straw that pierced the camel's back and caused it to fracture,The last straw.,"A single drinking straw that, when leaned against, snapped the camel's vertebra",A piece of straw used as a makeshift splint that instead worsened the camel's existing back injury,B,"A single drinking straw that, when leaned against, snapped the camel's vertebra",A sharp stalk of straw that pierced the camel's back and caused it to fracture,A piece of straw used as a makeshift splint that instead worsened the camel's existing back injury,"<reasoning>Readers unfamiliar with the idiom might interpret the phrase literally, imagining a physical straw causing a camel's back to break, perhaps thinking of a straw as a rigid object, a splinter, or a load that directly snaps the spine rather than understanding it as a metaphor for a final minor burden that triggers collapse.</reasoning>
[""A single drinking straw that, when leaned against, s",1.0,1.0,4.89,0.79,93.7
a,cot_en,Arabic,MID0058,القناعة كنز لا یفنى.,Enough is as good as a feast.,Enough is as good as a feast.,False,Enough is as good as a feast.,Satisfaction is a spear that does not break.,Enough is a box that never gets full.,The spears are a treasure that never runs out.,A,The spears are a treasure that never runs out.,Enough is a box that never gets full.,Satisfaction is a spear that does not break.,"<reasoning>
A reader unfamiliar with Arabic might misinterpret the words based on their visual similarity to other roots or take them at face value without idiomatic sense. For example, ""القناعة"" could be mistaken for ""القنا عة"" (related to spears), ""كنز"" might be read as a container like ""can"" or ""box"", and ""لا یفنى"" could be understood literally as ""does not end"" or ""does not finish"". These misu",1.0,1.0,1.19,0.81,94.3
a,cot_en,Arabic,MID0059,الكتاب يُقرأ من عنوانه,English equivalent is actually the opposite meaning: never judge a book by its cover.,English equivalent is actually the opposite meaning: never judge a book by its cover.,False,One must always read a book's title before opening it.,You can judge a book's quality solely by looking at its title.,The title of a book contains all the information needed to understand its content.,English equivalent is actually the opposite meaning: never judge a book by its cover.,D,One must always read a book's title before opening it.,The title of a book contains all the information needed to understand its content.,You can judge a book's quality solely by looking at its title.,"<reasoning>The Arabic sentence literally says ""The book is read from its title."" A reader unfamiliar with the idiomatic sense might take this at face value and think it gives direct advice about how to approach a book, such as always starting with the title, assuming the title reveals the whole content, or using the title as the sole basis for judging the book.</reason>
[""One must always read a bo",1.0,1.0,0.86,0.91,97.3
a,cot_en,Arabic,MID0060,اللّبيب بالإشارة يفهم,A word to a wise man is enough.,A word to a wise man is enough.,False,A wise person comprehends only when shown a traffic sign.,A word to a wise man is enough.,An intelligent person grasps meaning by being pointed at.,A lion understands when given a signal.,B,A lion understands when given a signal.,A wise person comprehends only when shown a traffic sign.,An intelligent person grasps meaning by being pointed at.,"[""A lion understands when given a signal."", ""A wise person comprehends only when shown a traffic sign."", ""An intelligent person grasps meaning by being pointed at.""]",1.0,1.0,1.08,0.93,97.9
a,cot_en,Arabic,MID0061,المَرء على دين خليله ,A man is known by the company he keeps.,A man is known by the company he keeps.,False,A man’s moral standing is measured by the weight of his friend’s religion.,A man is known by the company he keeps.,A man’s faith is a tangible object that his friend holds or carries.,A person is literally standing on top of his friend’s religious beliefs.,B,A person is literally standing on top of his friend’s religious beliefs.,A man’s faith is a tangible object that his friend holds or carries.,A man’s moral standing is measured by the weight of his friend’s religion.,"The Arabic proverb ""المرء على دين خليله"" literally describes a person being ""on the religion of his friend."" A reader might mistakenly interpret this as a physical or material relationship rather than a figurative comment on influence, imagining scenarios where the man’s faith is literally positioned upon, carried by, or measured against his friend’s religion in a concrete sense.

[""A person is li",1.0,1.0,1.41,0.78,93.4
a,cot_en,Arabic,MID0062,المصائب لا تأتي فرادى.,An evil chance seldom comes alone.,An evil chance seldom comes alone.,False,Misfortunes are never solitary and always need a companion,Misfortunes travel together like a flock of birds,An evil chance seldom comes alone.,Misfortunes always appear in pairs,C,Misfortunes always appear in pairs,Misfortunes are never solitary and always need a companion,Misfortunes travel together like a flock of birds,"<reasoning>The proverb means that bad events rarely happen alone; they tend to come in clusters. A reader might mistakenly take the wording literally and think it describes misfortunes as entities that always appear with others, never alone, or that they have some social behavior like traveling in groups.</reasoning>
[""Misfortunes always appear in pairs"",""Misfortunes are never solitary and always ",1.0,1.0,1.22,0.87,96.1
a,cot_en,Arabic,MID0063,المكتوب ما منه مهروب.,No flying from fate.,No flying from fate.,False,The inscribed cannot become a bird,The text cannot turn into a fleeing creature,The written does not have wings to fly,No flying from fate.,D,The written does not have wings to fly,The inscribed cannot become a bird,The text cannot turn into a fleeing creature,"[""The written does not have wings to fly"",""The inscribed cannot become a bird"",""The text cannot turn into a fleeing creature""]",1.0,1.0,1.83,0.86,95.8
a,cot_en,Arabic,MID0064,المَمنُوع مَرْغُوب.,Forbidden fruit is the sweetest.,Forbidden fruit is the sweetest.,False,Forbidden fruit is the sweetest.,The prohibited is something that people want to prohibit,The act of forbidding is desired,The forbidden thing is a feeling of desire,A,The act of forbidding is desired,The forbidden thing is a feeling of desire,The prohibited is something that people want to prohibit,"<reasoning>Readers might take the Arabic words at face value without grasping the idiomatic sense, interpreting ""الممنوع"" as the act of forbidding rather than the thing that is forbidden, and ""مرغوب"" as a noun meaning ""desire"" or ""wanted thing"" instead of an adjective. This leads to literal‑sounding readings that treat the phrase as describing a relationship between forbidding and desire, rather t",1.0,1.0,1.53,0.81,94.3
a,cot_en,Arabic,MID0065,النظافة من الإيمان,Cleanliness is next to godliness.,Cleanliness is next to godliness.,False,Cleanliness is a prerequisite for faith.,Cleanliness is a type of faith.,Cleanliness is next to godliness.,Faith requires cleanliness.,C,Cleanliness is a prerequisite for faith.,Faith requires cleanliness.,Cleanliness is a type of faith.,"[""Cleanliness is a prerequisite for faith."", ""Faith requires cleanliness."", ""Cleanliness is a type of faith.""]",1.0,0.6666666666666666,1.0,0.83,84.9
a,cot_en,Arabic,MID0066,الهُدُوءُ الّذي يَسْبِقُ العَاصِفَةَ ,calm before the storm.,calm before the storm.,False,The stillness of a kitchen before the blender starts.,The quiet of a library before the fire alarm blares.,The hush of a classroom before the bell rings.,calm before the storm.,D,The quiet of a library before the fire alarm blares.,The stillness of a kitchen before the blender starts.,The hush of a classroom before the bell rings.,"[""The quiet of a library before the fire alarm blares."", ""The stillness of a kitchen before the blender starts."", ""The hush of a classroom before the bell rings.""]",1.0,1.0,2.33,0.68,90.4
a,cot_en,Arabic,MID0067,الوحدة خیر من جلیس السوء.,It is better to be alone than in bad company,It is better to be alone than in bad company,False,Being a single unit is better than sitting with evil,It is better to be alone than in bad company,Oneness (as in being united) is preferable to keeping company with the wicked,The number one is better than associating with evil companions,B,Being a single unit is better than sitting with evil,Oneness (as in being united) is preferable to keeping company with the wicked,The number one is better than associating with evil companions,"<reasoning>A reader might take the Arabic words at face value without idiomatic sense: interpreting ""الوحدة"" as a literal ""unit"" or ""oneness"" (e.g., a military unit, the number one, or monotheism), ""خیر"" as simply ""good"" or ""better"" in a non‑comparative sense, and ""جلیس السوء"" as a physical ""seat of evil"" or ""bad companion"" as a literal sitting arrangement. This leads to literal‑sounding but incor",1.0,1.0,1.1,0.79,93.7
a,cot_en,Arabic,MID0068,الوقاية خير من العلاج/ درهم وقاية خير من قنطار علاج ,Prevention is better than cure,Prevention is better than cure,False,Spending one dirham on preventive measures avoids having to spend a hundredweight on medical treatment.,Prevention is better than cure,A dirham of prevention outweighs a quintal of cure in weight.,The saying advises that you should measure prevention in dirhams and treatment in quintals.,B,A dirham of prevention outweighs a quintal of cure in weight.,Spending one dirham on preventive measures avoids having to spend a hundredweight on medical treatment.,The saying advises that you should measure prevention in dirhams and treatment in quintals.,"[""A dirham of prevention outweighs a quintal of cure in weight."", ""Spending one dirham on preventive measures avoids having to spend a hundredweight on medical treatment."", ""The saying advises that you should measure prevention in dirhams and treatment in quintals.""]",1.0,1.0,2.67,0.93,97.9
a,cot_en,Arabic,MID0069,الوقتُ كالسَّيْفِ إن لم تَقْطعهُ قَطَعَك. ,Time is money,Time is money,False,"If you don't literally cut time with a sword, time will physically cut you",Time is money,"If you fail to use a sword to slice time, time will turn against you and slice you",Time is a sword that must be sheathed or it will harm you,B,"If you don't literally cut time with a sword, time will physically cut you",Time is a sword that must be sheathed or it will harm you,"If you fail to use a sword to slice time, time will turn against you and slice you","[""If you don't literally cut time with a sword, time will physically cut you"",""Time is a sword that must be sheathed or it will harm you"",""If you fail to use a sword to slice time, time will turn against you and slice you""]",1.0,1.0,5.0,0.77,93.1
a,cot_en,Arabic,MID0070,بلغ السيل الزبى,to become unbearable ,to become unbearable ,False,to become unbearable ,The stream reached the zebra,The flood reached the butter,The flood reached the foam,A,The flood reached the foam,The stream reached the zebra,The flood reached the butter,"<reasoning>The phrase consists of three words: بلغ (reached/attained), السيل (the flood/the stream), and الزبى. A reader unfamiliar with the idiomatic meaning might take each word at face value, leading to literal but incorrect readings. For example, they might interpret الزبى as “foam” (since it resembles the word for froth), as “zebra” (misreading the Arabic letters), or as “butter” (confusing i",1.0,1.0,1.67,0.58,87.4
a,cot_en,Arabic,MID0071,بین المطرقة والسندان.,Between the upper and nether millstone.,Between the upper and nether millstone.,False,Wearing a hammer as a hat and an anvil as a shoe,Between the upper and nether millstone.,Holding a hammer in one hand and an anvil in the other simultaneously,Being physically situated between a hammer and an anvil on a workbench,B,Being physically situated between a hammer and an anvil on a workbench,Holding a hammer in one hand and an anvil in the other simultaneously,Wearing a hammer as a hat and an anvil as a shoe,"[""Being physically situated between a hammer and an anvil on a workbench"", ""Holding a hammer in one hand and an anvil in the other simultaneously"", ""Wearing a hammer as a hat and an anvil as a shoe""]",1.0,1.0,2.06,0.69,90.7
a,cot_en,Arabic,MID0072,تجري الرياح بما لا تشتهي السّفن,Things don’t always go as they’re planned.,Things don’t always go as they’re planned.,False,The ships sail only when the wind does not match what they want.,The winds blow because the ships do not desire anything.,The wind's movement is determined by the ships' lack of desire for it.,Things don’t always go as they’re planned.,D,The winds blow because the ships do not desire anything.,The ships sail only when the wind does not match what they want.,The wind's movement is determined by the ships' lack of desire for it.,"<reasoning>
A reader unfamiliar with Arabic idiomatic structure might misinterpret the phrase by taking each word at face value and ignoring the idiomatic meaning. They could think the sentence is stating a causal relationship between the winds and the ships' desires, or that the winds are blowing in a manner that is somehow connected to what the ships do not want, leading to literal but incorrect",1.0,1.0,1.71,0.89,96.7
a,cot_en,Arabic,MID0073,خاطبوا الناس على قدر عقولهم.,Address people in the language they can understand.,Address people in the language they can understand.,False,Address people by adjusting your voice to match the weight of their brains,Address people in the language they can understand.,Talk to people only when they are thinking,Speak to people by measuring the width of their foreheads with a ruler,B,Talk to people only when they are thinking,Speak to people by measuring the width of their foreheads with a ruler,Address people by adjusting your voice to match the weight of their brains,"<reasoning>Readers might take the phrase ""على قدر عقولهم"" literally as referring to a physical measurement of the mind or brain, imagining that one must gauge or adjust something tangible like size or weight before speaking, or that the act of speaking is conditional on the presence of thought itself, leading to interpretations that involve measuring heads, using brains as tools, or speaking only ",1.0,1.0,1.42,0.83,94.9
a,cot_en,Arabic,MID0074,خذو الحكمة من أفواه البسطاء.,For the LORD gives wisdom; from his mouth come knowledge and understanding.,For the LORD gives wisdom; from his mouth come knowledge and understanding.,False,Take wisdom by physically removing it from the mouths of ordinary people.,For the LORD gives wisdom; from his mouth come knowledge and understanding.,"Interpret the saying as advice to seek knowledge only from those who speak in simple, plain language.",Understand that wisdom is a substance that can be harvested from the saliva of simple‑minded individuals.,B,Take wisdom by physically removing it from the mouths of ordinary people.,"Interpret the saying as advice to seek knowledge only from those who speak in simple, plain language.",Understand that wisdom is a substance that can be harvested from the saliva of simple‑minded individuals.,"<reasoning>A reader unfamiliar with the idiomatic sense might treat the phrase as a direct, physical instruction: that wisdom is literally located in or can be taken from the mouths of simple people, leading to actions like extracting speech or substances from them, or limiting learning to only those who speak in a very basic way.</reasoning>
[""Take wisdom by physically removing it from the mouths",1.0,1.0,1.25,0.9,97.0
a,cot_en,Arabic,MID0075,خير البر عاجله,"The sooner, the better ","The sooner, the better ",False,"The sooner, the better ",The good land is hasty,The best earth is immediate,The goodness of the land is early,A,The good land is hasty,The best earth is immediate,The goodness of the land is early,"<reasoning>A reader might take each word at face value without idiomatic sense: “خير” as “good”, “البر” as “land/earth”, and “عاجله” as “hasty”, “immediate”, or “early”. This yields literal‑sounding but incorrect readings that miss the proverb’s meaning about promptness being preferable.</reasoning>[""The good land is hasty"",""The best earth is immediate"",""The goodness of the land is early""]",1.0,1.0,1.42,0.72,91.6
a,cot_en,Arabic,MID0076,خير الكلام ما قلّ ودلّ,Less is more.,Less is more.,False,Less is more.,The best talk is what is few and points out.,The finest expression is what is scarce and indicates.,Good speech is what is little and leads.,A,Good speech is what is little and leads.,The best talk is what is few and points out.,The finest expression is what is scarce and indicates.,"<reasoning>Readers might take each Arabic word at face value without recognizing the idiomatic meaning: “خير” as “good,” “الكلام” as “speech/talk,” “ما” as “what,” “قلّ” as “little/few,” and “ودلّ” as “and leads/indicates.” This yields literal‑sounding renderings that miss the proverb’s point about concise, meaningful communication.</reasoning>
[""Good speech is what is little and leads."", ""The bes",1.0,1.0,3.0,0.74,92.2
a,cot_en,Arabic,MID0077,خیر الأمور أوسطھا.,Everything in moderation.,Everything in moderation.,False,The most favorable affairs are the central ones.,The goodness of matters lies in their average.,Everything in moderation.,The best things are located in the middle.,C,The best things are located in the middle.,The goodness of matters lies in their average.,The most favorable affairs are the central ones.,"<reasoning>
A reader might take the Arabic words at face value without grasping the idiomatic sense of moderation. They could interpret ""خیر"" simply as ""good"" or ""best"", ""الأمور"" as ""the matters/things"", and ""أوسطھا"" as ""its middle"" or ""its average"", leading to readings that focus on location, statistical average, or positional superiority rather than the concept of balance. These literal readings",1.0,1.0,2.67,0.87,96.1
a,cot_en,Arabic,MID0078,دق الحديد وهو حامي.,Strike while the iron is hot.,Strike while the iron is hot.,False,Strike the iron while the weather is hot,Hit the clothing iron while it's hot,Strike the hammer while it's hot,Strike while the iron is hot.,D,Strike the hammer while it's hot,Hit the clothing iron while it's hot,Strike the iron while the weather is hot,"<reasoning>Readers might misidentify which item is hot (the hammer vs the iron), think ""الحديد"" refers to a household clothing iron rather than the metal, or interpret ""حامي"" as describing the weather or the striker instead of the metal's temperature.</reasoning>
[""Strike the hammer while it's hot"",""Hit the clothing iron while it's hot"",""Strike the iron while the weather is hot""]",1.0,1.0,1.17,0.57,87.1
a,cot_en,Arabic,MID0079,رُب أخ لم تلده أمك.,Your brother from another mother.,Your brother from another mother.,False,Many brothers that your mother did not give birth to,The lord of your brother was not born by your mother,A brother whose mother did not breastfeed him,Your brother from another mother.,D,Many brothers that your mother did not give birth to,The lord of your brother was not born by your mother,A brother whose mother did not breastfeed him,"<reasoning>Readers unfamiliar with the idiomatic meaning might take the words literally and misinterpret the ambiguous term ""رب"" (which can mean ""many,"" ""lord,"" or ""god"") and the verb ""تلده"" (which can be understood as ""give birth to,"" ""breastfeed,"" or ""raise""). This could lead to several plausible but incorrect literal readings, such as interpreting the phrase as referring to multiple brothers, a",1.0,1.0,1.93,0.81,94.3
a,cot_en,Arabic,MID0080,رحم الله امرءًا عرف قدر نفسه.,Cut your coat according to your cloth.,Cut your coat according to your cloth.,False,May God have mercy on a person who knows his own monetary worth.,Cut your coat according to your cloth.,May God have mercy on a person who knows how much he can lift.,May God have mercy on a person who measures himself for a coat.,B,May God have mercy on a person who knows how much he can lift.,May God have mercy on a person who knows his own monetary worth.,May God have mercy on a person who measures himself for a coat.,"The phrase can be misread by focusing on the individual words rather than the idiomatic meaning: “رحم الله” might be taken as a literal wish for divine mercy, “عرف قدر” as knowing one’s own measure or capacity, and “نفسه” as referring to oneself in a physical or quantifiable sense. This leads to literal‑sounding interpretations that miss the proverb’s advice about living within one’s means.

[""May",1.0,1.0,1.9,0.53,85.9
a,cot_en,Arabic,MID0081,طباخ السم يذوقه.,What goes around comes around.,What goes around comes around.,False,The doctor who treats poison tastes it.,The baker of poison tastes his bread.,The cook of the fish tastes it.,What goes around comes around.,D,The cook of the fish tastes it.,The doctor who treats poison tastes it.,The baker of poison tastes his bread.,"<reasoning>Readers unfamiliar with Arabic might misinterpret the words due to similar sounds or unrelated meanings: they could confuse ""سم"" (poison) with ""سمك"" (fish), misread ""طباخ"" (cook) as ""طبيب"" (doctor), or think the phrase refers to a baker handling poison instead of a cook, leading to literal readings that do not match the actual meaning.</reasoning>
[""The cook of the fish tastes it."", ""Th",1.0,1.0,1.4,0.71,91.3
a,cot_en,Arabic,MID0082,عاد بخفي حُنَيْن / عاد خالي الوفاض,Cut off without a penny ,Cut off without a penny ,False,He returned from Hunayn with nothing but a shoe in his hand,He returned wearing Hunayn's shoe,Cut off without a penny ,He came back from Hunayn holding an empty shoe,C,He returned wearing Hunayn's shoe,He came back from Hunayn holding an empty shoe,He returned from Hunayn with nothing but a shoe in his hand,"<reasoning>When encountering the Arabic proverb ""عاد بخفي حُنَيْن / عاد خالي الوفاض"", a reader might focus on the individual words and imagine a concrete scene rather than the idiomatic meaning. They could interpret ""بخفي حُنَيْن"" as literally referring to a shoe belonging to someone named Hunayn, and ""خالي الوفاض"" as literally meaning empty or devoid of contents, leading to various mistaken liter",1.0,1.0,1.73,0.79,93.7
a,cot_en,Arabic,MID0083,عادت حليمة لعادتها القديمة.,Old habits die hard.,Old habits die hard.,False,Halima literally put on her old clothes again.,Old habits die hard.,Halima literally went back to her old house.,Halima literally resumed her previous job as a weaver.,B,Halima literally went back to her old house.,Halima literally resumed her previous job as a weaver.,Halima literally put on her old clothes again.,"[""Halima literally went back to her old house."", ""Halima literally resumed her previous job as a weaver."", ""Halima literally put on her old clothes again.""]",1.0,1.0,2.08,0.75,92.5
a,cot_en,Arabic,MID0084,عامل الناس كما تحب أن تُعامَل.,Do as you would be done.,Do as you would be done.,False,Negotiate with people as you would like to be negotiated with in a romantic relationship,Deal with people in business exactly as you enjoy being dealt with in transactions,"Handle people the same way you would like to be handled, treating them as objects to be managed",Do as you would be done.,D,Deal with people in business exactly as you enjoy being dealt with in transactions,"Handle people the same way you would like to be handled, treating them as objects to be managed",Negotiate with people as you would like to be negotiated with in a romantic relationship,"Readers might misunderstand the Arabic verb ""عامل"" as referring strictly to business transactions or negotiations, and take the phrase ""كما تحب أن تُعامَل"" as a literal instruction to replicate one's own preferred way of being dealt with in a commercial or mechanical sense, leading to interpretations that focus on deals, handling, or personal preferences rather than the intended moral principle of",1.0,1.0,2.61,0.78,93.4
a,cot_en,Arabic,MID0085,عُصْفُورٌ باليَدّ خيرٌ من عشرة على الشجرة.,A bird in the hand is worth two in the bush.,A bird in the hand is worth two in the bush.,False,A bird in the hand is worth two in the bush.,"The saying means you should always hold a bird rather than let it perch on a branch, as a bird in hand is literally worth more than any number of birds on a tree.",Keeping a sparrow in your hand is better than letting ten sparrows sit on a tree because the hand‑held bird is more valuable.,It advises that attempting to catch ten birds on a tree is foolish; it's better to have just one bird safely in your hand.,A,Keeping a sparrow in your hand is better than letting ten sparrows sit on a tree because the hand‑held bird is more valuable.,"The saying means you should always hold a bird rather than let it perch on a branch, as a bird in hand is literally worth more than any number of birds on a tree.",It advises that attempting to catch ten birds on a tree is foolish; it's better to have just one bird safely in your hand.,"<reasoning>When taken literally, a reader might think the proverb is giving direct advice about handling birds, such as preferring to keep a sparrow in hand rather than letting multiple sparrows stay on a tree, or that the phrase is about the physical value of a bird depending on where it is located, or that it warns against trying to catch many birds at once because holding one is safer.</reasoni",1.0,1.0,2.45,0.79,93.7
a,cot_en,Arabic,MID0086,على أحر من الجمر,On pins and needles ,On pins and needles ,False,sitting directly on a glowing ember,being perched atop a hot stone fresh from the fire,On pins and needles ,standing on a piece of burning coal,C,sitting directly on a glowing ember,standing on a piece of burning coal,being perched atop a hot stone fresh from the fire,"<reasoning>Readers unfamiliar with the idiom might take each word at face value: ""على"" (on), ""أحر"" (hotter/more heated), ""من"" (than), ""الجمر"" (the ember/coal). They could imagine a person literally positioned atop something very hot, such as a burning ember, a heated stone, or a flame, interpreting the phrase as describing a physical state of being on or over a hot surface rather than the figurati",1.0,1.0,1.92,0.9,97.0
a,cot_en,Arabic,MID0087,على قدم و ساق,In full swing.,In full swing.,False,Walking on foot while also using a leg,Having both a foot and a leg,In full swing.,Being positioned on top of a foot and a leg,C,Walking on foot while also using a leg,Being positioned on top of a foot and a leg,Having both a foot and a leg,"[""Walking on foot while also using a leg"",""Being positioned on top of a foot and a leg"",""Having both a foot and a leg""]",1.0,1.0,2.78,0.69,90.7
a,cot_en,Arabic,MID0088,على نفسها جَنَتْ براقش.,She digs her own grave.,She digs her own grave.,False,She planted a Barraqish plant on herself,She digs her own grave.,She built a Barraqish structure atop herself,She earned a Barraqish reward for herself,B,She planted a Barraqish plant on herself,She earned a Barraqish reward for herself,She built a Barraqish structure atop herself,"<reasoning>Readers unfamiliar with the idiomatic meaning might take each word literally: ""على نفسها"" as physically on top of herself, ""جنت"" as an action like planting or earning, and ""براقش"" as a tangible object such as a plant, reward, or structure, leading to literal but incorrect interpretations.</reasoning>
[""She planted a Barraqish plant on herself"",""She earned a Barraqish reward for herself""",1.0,1.0,1.4,0.6,88.0
a,cot_en,Arabic,MID0089,عن ظهر قلب ,Like the back of my hand,Like the back of my hand,False,Like the back of my hand,Having memorized the layout of the posterior surface of a heart diagram.,Knowing something as well as you know the anatomical back side of a human heart.,Being able to recite information that is written on the reverse side of a heart‑shaped pendant.,A,Knowing something as well as you know the anatomical back side of a human heart.,Being able to recite information that is written on the reverse side of a heart‑shaped pendant.,Having memorized the layout of the posterior surface of a heart diagram.,"[""Knowing something as well as you know the anatomical back side of a human heart."", ""Being able to recite information that is written on the reverse side of a heart‑shaped pendant."", ""Having memorized the layout of the posterior surface of a heart diagram.""]",1.0,1.0,2.39,0.86,95.8
a,cot_en,Arabic,MID0090,عند البطون ضاعت العقول,A hungry stomach has no ears.,A hungry stomach has no ears.,False,"At the level of the belly, intelligence disappears.",Having a stomach causes one to lose their intellect.,A hungry stomach has no ears.,"When the stomach is present, the mind gets lost.",C,"When the stomach is present, the mind gets lost.",Having a stomach causes one to lose their intellect.,"At the level of the belly, intelligence disappears.","<reasoning>When interpreting the Arabic proverb literally, a reader might focus on the individual words ""عند البطون"" (at the stomachs) and ""ضاعت العقول"" (the minds are lost) without recognizing the idiomatic meaning about hunger affecting listening or reasoning. This could lead to interpretations that treat the statement as a direct causal relationship between having a stomach and losing one's int",1.0,1.0,1.44,0.96,98.8
a,cot_en,Arabic,MID0091,فرق تسد,Divide and conquer ,Divide and conquer ,False,Divide and then stay,Separate and then settle,Part and then remain,Divide and conquer ,D,Separate and then settle,Divide and then stay,Part and then remain,"[""Separate and then settle"", ""Divide and then stay"", ""Part and then remain""]",1.0,0.0,1.33,0.67,60.1
a,cot_en,Arabic,MID0092,في الاتحاد قوة.,Unity is power.,Unity is power.,False,In the union there is a battery.,Inside the federation lies electricity.,Unity is power.,Within the marriage there is a muscle.,C,In the union there is a battery.,Inside the federation lies electricity.,Within the marriage there is a muscle.,"[""In the union there is a battery."", ""Inside the federation lies electricity."", ""Within the marriage there is a muscle.""]",1.0,1.0,2.11,0.81,94.3
a,cot_en,Arabic,MID0093,في التأني السلامة وفي العجلة الندامة.,Haste makes waste ,Haste makes waste ,False,Being slow makes you safe like a turtle; being fast makes you a wheel of regret.,Deliberation yields peace; haste yields blame.,Safety resides inside deliberation; regret resides inside a wheel.,Haste makes waste ,D,Safety resides inside deliberation; regret resides inside a wheel.,Being slow makes you safe like a turtle; being fast makes you a wheel of regret.,Deliberation yields peace; haste yields blame.,"<reasoning>A reader might take the Arabic words at face value without grasping their idiomatic sense, interpreting nouns like ""السلامة"" (safety) and ""الندامة"" (regret) as objects that can be located inside the abstract concepts of ""التأني"" (deliberation) and ""العجلة"" (haste, also meaning ""wheel""), or they might conflate similar‑sounding roots, leading to literal but incorrect readings such as safe",1.0,1.0,3.44,0.98,99.4
a,cot_en,Arabic,MID0094,في الحب و الحرب كل وسیلة مشروعة.,All is fair in love and war.,All is fair in love and war.,False,"In love and war, every action is a sanctioned military operation.",All is fair in love and war.,"In love and war, every method is an officially approved weapon.","In love and war, every object is a legally binding contract.",B,"In love and war, every object is a legally binding contract.","In love and war, every method is an officially approved weapon.","In love and war, every action is a sanctioned military operation.","[""In love and war, every object is a legally binding contract."", ""In love and war, every method is an officially approved weapon."", ""In love and war, every action is a sanctioned military operation.""]",1.0,1.0,1.57,0.59,87.7
a,cot_en,Arabic,MID0095,قاب قوسين أو أدنى,Just around the corner.,Just around the corner.,False,Hold a pair of bows at most,Just around the corner.,Grab two arches or fewer,Catch two bows or less,B,Catch two bows or less,Grab two arches or fewer,Hold a pair of bows at most,"A reader might take each word at face value without knowing the idiomatic meaning, interpreting ""قاب"" as a verb like ""catch"" or ""grab"", ""قوسين"" as the noun ""bows"" or ""arches"", and ""أو أدنى"" as a qualifier meaning ""or less"" or ""at most"". This could lead to literal readings that sound like instructions about handling bows rather than expressing proximity.

[""Catch two bows or less"",""Grab two arches ",1.0,1.0,1.42,0.89,96.7
a,cot_en,Arabic,MID0096,كالمستجیر من الرمضاء بالنار.,Out of the frying-pan into the fire.,Out of the frying-pan into the fire.,False,Out of the frying-pan into the fire.,"A person imagines they must throw a frying pan into a bonfire to put out the flames, thinking the pan will smother the fire.","Someone thinks they can cool down by leaping from a hot frying pan into a fire, believing the fire will provide shade.","Someone pictures themselves searching for a lost item in ashes by holding a fire close, believing the fire will illuminate the ashes and reveal the object.",A,"Someone thinks they can cool down by leaping from a hot frying pan into a fire, believing the fire will provide shade.","A person imagines they must throw a frying pan into a bonfire to put out the flames, thinking the pan will smother the fire.","Someone pictures themselves searching for a lost item in ashes by holding a fire close, believing the fire will illuminate the ashes and reveal the object.","<reasoning>Readers might take the Arabic words at face value but misunderstand the objects: they could think ""المستجیر"" refers to a person looking for a job, ""الرمضاء"" to a sandy desert, and ""بالنار"" to a literal fire, leading to odd literal scenes like someone seeking employment in a desert fire, or trying to cool off by jumping from a hot pan into flames, etc.</reasoning>
[""Someone thinks they c",1.0,1.0,3.43,0.84,95.2
a,cot_en,Arabic,MID0097,كل إناء ينضح بما فيه.,What's bred in the bone will come out in the flesh.,What's bred in the bone will come out in the flesh.,False,What's bred in the bone will come out in the flesh.,"When you pour liquid into a container, it will spill over the edges if the container is too full.","If you fill a jug with water, it will eventually leak out through its walls.",A pot placed on a fire will cause its contents to bubble and seep out of the lid.,A,"If you fill a jug with water, it will eventually leak out through its walls.","When you pour liquid into a container, it will spill over the edges if the container is too full.",A pot placed on a fire will cause its contents to bubble and seep out of the lid.,"<reasoning>
A reader unfamiliar with the idiomatic meaning might interpret each word literally: ""إناء"" as any physical container (jug, pot, bottle), ""ينضح"" as the act of leaking, seeping, or spilling, and ""بما فيه"" as the substance contained within. This could lead to wrong literal readings such as the idea that any filled vessel will eventually leak its contents, that pouring liquid into a contai",1.0,1.0,1.58,0.86,95.8
a,cot_en,Arabic,MID0098,كل بنى آدم خطاء,To err is human,To err is human,False,All descendants of Adam are errors,Every human is a mistake,Every child of Adam is faulty,To err is human,D,Every human is a mistake,All descendants of Adam are errors,Every child of Adam is faulty,"<reasoning>A reader unfamiliar with Arabic syntax might treat the noun ""خطاء"" (mistakes/errors) as a predicate adjective meaning ""is a mistake"" rather than a noun meaning ""makes mistakes"". They could also misinterpret the plural ""بنى آدم"" as referring strictly to male descendants, leading to a gender‑specific reading, or confuse the universal quantifier ""كل"" with a statement about inherent nature ",1.0,1.0,1.42,0.86,95.8
a,cot_en,Arabic,MID0099,كما تزرع تحصد.,"As you sow, so shall you reap.","As you sow, so shall you reap.",False,"As you sow, so shall you reap.","If you sow in one season, you will reap in a different, predetermined season.",Sowing and reaping occur at the exact same moment.,Planting a seed guarantees you will harvest an identical seed.,A,Planting a seed guarantees you will harvest an identical seed.,Sowing and reaping occur at the exact same moment.,"If you sow in one season, you will reap in a different, predetermined season.","<reasoning>
A reader might take the proverb too literally and assume it describes a mechanical, one‑to‑one agricultural process rather than a moral principle. They could imagine that the act of sowing guarantees an immediate or identical harvest, that sowing and reaping happen simultaneously, or that the timing of sowing determines a different, fixed reaping season. These readings ignore the figur",1.0,1.0,1.57,0.95,98.5
a,cot_en,Arabic,MID0100,لكل مقام مقال، لكل حادث حديث ,There is a time and place for everything.,There is a time and place for everything.,False,"For each location there is a prescribed essay, and for each incident there is a designated lecture.","Every place must have its own article, and every event must have its own story.","Each setting calls for a specific piece of writing, and each happening calls for a specific conversation.",There is a time and place for everything.,D,"Every place must have its own article, and every event must have its own story.","For each location there is a prescribed essay, and for each incident there is a designated lecture.","Each setting calls for a specific piece of writing, and each happening calls for a specific conversation.","<reasoning>A reader might take the words at face value, interpreting ""maqam"" as a physical location, ""maqala"" as a written article or essay, and ""hadith"" as a spoken story or lecture. This leads to literal‑sounding readings that suppose each place must have its own piece of writing and each event must have its own narration, missing the proverb’s figurative meaning about appropriateness.</reasonin",1.0,1.0,2.04,0.9,97.0
a,cot_en,Arabic,MID0101,ما خاب من استشار.,Advice is ever in want.,Advice is ever in want.,False,Advice is ever in want.,What is missing from the one who consulted.,Nothing is lacking for the person who sought advice.,He who consulted did not fail.,A,What is missing from the one who consulted.,He who consulted did not fail.,Nothing is lacking for the person who sought advice.,"<reasoning>A reader unfamiliar with the idiomatic meaning might translate each word literally: ""ما"" = ""what/ nothing"", ""خاب"" = ""failed/ was disappointed"", ""من"" = ""from/ who"", ""استشار"" = ""consulted/ sought advice"". Combining these yields literal‑sounding readings that miss the proverbial sense, such as interpreting the phrase as a statement about what is lacking for someone who consulted, or about ",1.0,1.0,1.53,0.88,96.4
a,cot_en,Arabic,MID0102,مصائب قوم عند قوم فوائد,One man’s meat is another man’s poison.,One man’s meat is another man’s poison.,False,One man’s meat is another man’s poison.,"When a people experiences misfortune, that same people also gains benefits.",People's disasters are beneficial to those same people if they are shared among them.,The misfortunes of a nation become advantages only when they are located near another nation.,A,"When a people experiences misfortune, that same people also gains benefits.",The misfortunes of a nation become advantages only when they are located near another nation.,People's disasters are beneficial to those same people if they are shared among them.,"<reasoning>When encountering the Arabic proverb ""مصائب قوم عند قوم فوائد"", a reader who takes the words at face value might misunderstand the relationship between the groups involved. They could think the misfortune and benefit apply to the same group, or that the benefit only appears when the groups are physically together, or that the misfortune itself becomes beneficial through some internal pr",1.0,1.0,1.9,0.91,97.3
a,cot_en,Arabic,MID0103,من تدخل فيما لا يعنيه، سمع ما لا يرضيه.,keep your nose out of other people's business.,keep your nose out of other people's business.,False,keep your nose out of other people's business.,"If you put your nose into others' affairs, you will end up hearing something that displeases you, such as a harsh remark directed at you.","If you physically walk into a room or situation that does not concern you, you will hear an unpleasant noise or sound.","If you meddle in other people's business, you will be forced to listen to criticism or gossip that you do not want to hear.",A,"If you physically walk into a room or situation that does not concern you, you will hear an unpleasant noise or sound.","If you meddle in other people's business, you will be forced to listen to criticism or gossip that you do not want to hear.","If you put your nose into others' affairs, you will end up hearing something that displeases you, such as a harsh remark directed at you.","<reasoning>When interpreting the proverb literally, a reader might confuse the metaphorical advice about minding one's own business with concrete, physical actions—such as literally entering a place, sticking one's nose in, or being forced to hear specific unpleasant sounds—rather than understanding it as a warning against meddling in others' affairs.</reasoning>
[""If you physically walk into a ro",1.0,1.0,2.96,0.84,95.2
a,cot_en,Arabic,MID0104,من خرج من داره قلَّ مقداره.,"East or west, home is best ","East or west, home is best ",False,"East or west, home is best ","If you leave your house, you literally become smaller in size","When you go out, the value or worth of your house diminishes",Leaving your home causes your personal wealth or money to decrease,A,"If you leave your house, you literally become smaller in size",Leaving your home causes your personal wealth or money to decrease,"When you go out, the value or worth of your house diminishes","<reasoning>Readers might take the Arabic words at face value without idiomatic sense: “خرج” as physically exiting, “دار” as a building, “قلَّ” as a reduction in quantity, and “مقدار” as a measurable attribute like size, amount, or value. This leads to literal‑sounding but incorrect readings such as the person shrinking, losing money, or the house losing worth when someone leaves.</reasoning>
[""If ",1.0,1.0,1.89,0.92,97.6
a,cot_en,Arabic,MID0105,من طلب العلا سهر الليالي,"No pain, no gain.","No pain, no gain.",False,Whoever desires elevation must keep vigil during the nights.,Anyone who asks for the 'alā' (a kind of treasure) spends the night awake.,"No pain, no gain.",He who pursues the summit stays up all night.,C,Anyone who asks for the 'alā' (a kind of treasure) spends the night awake.,He who pursues the summit stays up all night.,Whoever desires elevation must keep vigil during the nights.,"[""Anyone who asks for the 'alā' (a kind of treasure) spends the night awake."", ""He who pursues the summit stays up all night."", ""Whoever desires elevation must keep vigil during the nights.""]",1.0,1.0,2.67,0.93,97.9
a,cot_en,Arabic,MID0106,يحصد المرء ما زرع,you reap what you sow.,you reap what you sow.,False,A person harvests what they ate,A person harvests what they dreamed,you reap what you sow.,A person harvests what they borrowed,C,A person harvests what they ate,A person harvests what they dreamed,A person harvests what they borrowed,"[""A person harvests what they ate"",""A person harvests what they dreamed"",""A person harvests what they borrowed""]",1.0,1.0,1.2,0.29,78.7
a,cot_en,Arabic,MID0107,يزيد الطين بلّة.,Add fuel to the fire.,Add fuel to the fire.,False,Increasing the moisture content of clay soil,Adding more water to a patch of mud to make it wetter,Pouring extra liquid onto already wet earth to intensify its dampness,Add fuel to the fire.,D,Adding more water to a patch of mud to make it wetter,Increasing the moisture content of clay soil,Pouring extra liquid onto already wet earth to intensify its dampness,"<reasoning>Readers might take the words at face value: “يزيد” (increases/adds), “الطين” (mud/clay), “بلّة” (wetness/moisture). From this they could infer literal actions like adding water to mud, making soil more wet, or increasing the wetness of clay, none of which convey the idiomatic sense of worsening a situation.</reason>
[""Adding more water to a patch of mud to make it wetter"",""Increasing th",1.0,1.0,2.0,0.96,98.8
a,cot_en,Arabic,MID0108,يضحك كثيرا من يضحك أخيرا,He laughs best who laughs last.,He laughs best who laughs last.,False,The one who laughs a lot is the one who laughs last.,He laughs best who laughs last.,"He laughs a lot, from the one who laughs last.",He laughs a lot because he laughs last.,B,He laughs a lot because he laughs last.,The one who laughs a lot is the one who laughs last.,"He laughs a lot, from the one who laughs last.","<reasoning>A reader unfamiliar with the idiomatic meaning might treat each Arabic word literally and misinterpret the grammatical particles. For example, they could read ""من"" as a causal ""because"" or as a source marker ""from"", leading to readings that link laughing a lot with laughing last in a cause‑effect or identity sense, rather than understanding the proverb’s point about ultimate victory.</r",1.0,1.0,1.67,0.56,86.8
a,cot_en,Arabic,MID0109,آخرِةْ المَعروف الضَرب بِالكُفوف,No good deed goes unpunished.,No good deed goes unpunished.,False,No good deed goes unpunished.,The final known matter is punching with open hands.,The afterlife of good deeds is hitting with fists.,The end of familiar things is striking with palms.,A,The afterlife of good deeds is hitting with fists.,The end of familiar things is striking with palms.,The final known matter is punching with open hands.,"<reasoning>
A reader unfamiliar with Arabic idioms might take each word at its most basic dictionary meaning, ignoring the figurative sense and the specific collocation. They could misinterpret the definite article “الـ” as part of the noun, confuse “معروف” (good deed) with “معروف” (known/familiar), read “آخرِة” as “آخرة” (the afterlife) rather than “the end”, and understand “كُفوف” as “palms” or ",1.0,1.0,1.8,0.77,93.1
a,cot_en,Arabic,MID0110,آدي الجَمَل وآدي الجَمَّال,Let’s get everything out on the table.,Let’s get everything out on the table.,False,Bring Jamal and bring Jammal.,Let’s get everything out on the table.,Add the camel and add the camel driver.,Fetch the beauty and fetch the beautifier.,B,Add the camel and add the camel driver.,Bring Jamal and bring Jammal.,Fetch the beauty and fetch the beautifier.,"<reasoning>A reader who does not know Arabic might see the words look like familiar English terms or names and interpret them literally: “آدي” could be read as “add”, “الجَمَل” as “the camel” or a name like Jamal, and “الجَمَّال” as “the camel driver” or another name like Jammal, or even confuse the root with meanings like “beauty”. These superficial resemblances lead to plausible‑sounding but inc",1.0,1.0,0.95,0.83,94.9
a,cot_en,Arabic,MID0111,أبو بلاش كتر منه,No such thing as a free lunch.,No such thing as a free lunch.,False,Abu Blash multiplied from it,Father of free things increased from it,No such thing as a free lunch.,The father of nothing grew from it,C,Father of free things increased from it,Abu Blash multiplied from it,The father of nothing grew from it,"<reasoning>
A reader unfamiliar with the idiomatic meaning might treat each word literally: ""أبو"" as ""father"", ""بلاش"" as ""free"" or ""nothing"", ""كتر"" as ""increased""/""multiplied"", and ""منه"" as ""from it"". Combining these yields plausible but incorrect literal readings such as a father of freebies growing, a person named Abu Blash multiplying something, or the father of nothing increasing from it.
</re",1.0,1.0,0.9,0.73,91.9
a,cot_en,Arabic,MID0112,أَبُو جُعْرَانْ فِي بِيتُهْ سُلْطَانْ,Every dog is a tiger in his own street.,Every dog is a tiger in his own street.,False,A literal tiger resides in the house of a man called Abu Jur'an,Every dog is a tiger in his own street.,Abu Jur'an is a sultan who lives in his house,A dog named Abu Jur'an turns into a tiger when it stays inside its own home,B,Abu Jur'an is a sultan who lives in his house,A dog named Abu Jur'an turns into a tiger when it stays inside its own home,A literal tiger resides in the house of a man called Abu Jur'an,"<reasoning>Readers might take the Arabic phrase at face value, assuming each word refers to a concrete entity or action rather than a metaphor. They could interpret ""أبو جُعْرَانْ"" as a proper name, ""في بيتُهْ"" as a literal location, and ""سلطانْ"" as a title of rulership, leading to various nonsensical literal readings.</reasoning>
[""Abu Jur'an is a sultan who lives in his house"",""A dog named Abu J",1.0,1.0,1.44,0.8,94.0
a,cot_en,Arabic,MID0113,أقول له طور، يقول احلبوه.,Like talking to a brick wall.,Like talking to a brick wall.,False,Like talking to a brick wall.,Someone tells a cow to 'develop' (grow bigger) and the cow replies that it should be milked instead.,"A person advises a programmer to 'develop' a new feature, and the programmer jokingly asks to be milked like a goat.","A farmer instructs his goat to 'develop' (grow horns), and the goat answers that it ought to be milked.",A,Someone tells a cow to 'develop' (grow bigger) and the cow replies that it should be milked instead.,"A person advises a programmer to 'develop' a new feature, and the programmer jokingly asks to be milked like a goat.","A farmer instructs his goat to 'develop' (grow horns), and the goat answers that it ought to be milked.","<reasoning>When encountering the Arabic phrase literally, a reader unfamiliar with the idiomatic meaning might interpret each word at face value, assuming a concrete scenario where someone is giving a developmental instruction and the other party responds with a request to milk something. This leads to imagined situations involving animals, farming, or even metaphorical tech contexts where ""develo",1.0,1.0,3.22,0.72,91.6
a,cot_en,Arabic,MID0114,أهي ليلة وفراقها صُبح,Gloom of night will lift and vanish,Gloom of night will lift and vanish,False,Gloom of night will lift and vanish,The phrase describes a literal night that ends when the morning arrives.,It means a night whose farewell is the sunrise.,"It is a night, and its parting occurs at dawn.",A,"It is a night, and its parting occurs at dawn.",The phrase describes a literal night that ends when the morning arrives.,It means a night whose farewell is the sunrise.,"[""It is a night, and its parting occurs at dawn."", ""The phrase describes a literal night that ends when the morning arrives."", ""It means a night whose farewell is the sunrise.""]",1.0,1.0,1.48,0.86,95.8
a,cot_en,Arabic,MID0115,إدي العيش لخبازه، ولو أكل نصه,Never send a boy to do a man's job.,Never send a boy to do a man's job.,False,The baker deserves to keep half of the bread as his share.,Never send a boy to do a man's job.,"Always give bread to the baker, even if he eats half of it.","If you give bread to a baker, you should expect him to eat only half of it.",B,"Always give bread to the baker, even if he eats half of it.","If you give bread to a baker, you should expect him to eat only half of it.",The baker deserves to keep half of the bread as his share.,"<reasoning>Readers unfamiliar with the metaphorical meaning might interpret the proverb literally, focusing on the concrete actions of giving bread to a baker and the baker eating part of it. They could think the saying is about proper distribution of bread, the baker’s entitlement, or expected consumption, rather than about assigning tasks to qualified individuals.</reasoning>
[""Always give bread",1.0,1.0,1.56,0.72,91.6
a,cot_en,Arabic,MID0116,إذا كان الكلام من فضة فالسكوت من ذهب.,"Speech is silver, silence is gold.","Speech is silver, silence is gold.",False,You should only speak when you possess silver coins and remain silent when you possess gold coins.,Speech is literally made of silver metal and silence is literally made of gold metal.,"Speech is silver, silence is gold.","If you speak you will earn silver, and if you stay silent you will earn gold.",C,Speech is literally made of silver metal and silence is literally made of gold metal.,You should only speak when you possess silver coins and remain silent when you possess gold coins.,"If you speak you will earn silver, and if you stay silent you will earn gold.","<reasoning>Readers might misinterpret the metaphorical proverb as a literal statement about materials or transactions, imagining that speech and silence are actual substances like silver and gold, or that the saying prescribes concrete actions involving those metals.</reasoning>
[""Speech is literally made of silver metal and silence is literally made of gold metal."", ""You should only speak when yo",1.0,1.0,2.67,0.87,96.1
a,cot_en,Arabic,MID0117,إذا كان حبيبك عسل ما تلحسوش كله                                       ,Don't take advantage of a good thing.,Don't take advantage of a good thing.,False,Avoid licking your honey‑sweet lover completely so they don't run out,Don't take advantage of a good thing.,"Don't finish off a jar of honey just because it tastes good, even if it's yours",Don't eat all the honey if your sweetheart is made of honey,B,Don't eat all the honey if your sweetheart is made of honey,Avoid licking your honey‑sweet lover completely so they don't run out,"Don't finish off a jar of honey just because it tastes good, even if it's yours","<reasoning>A reader might take the phrase at face value and think it is giving literal advice about honey consumption, such as warning against eating too much honey, or interpreting ""حبيبك"" (your beloved) as a literal sweet substance that should not be completely licked or consumed. They might also misunderstand it as a caution about not wasting a sweet treat or about not overindulging in a lover'",1.0,1.0,1.86,0.9,97.0
a,cot_en,Arabic,MID0118,إن عشقت اعشق قَمر، وإن سرقت اسرق جمل.,Go big or go home.,Go big or go home.,False,Go big or go home.,"If you love someone, you must love the moon; if you steal something, you must steal a camel.",The saying advises that romantic affection should be directed at the moon and criminal activity should involve camels.,"It literally means that one's love is for the moon and one's theft is for a camel, implying those are the only acceptable objects.",A,"If you love someone, you must love the moon; if you steal something, you must steal a camel.",The saying advises that romantic affection should be directed at the moon and criminal activity should involve camels.,"It literally means that one's love is for the moon and one's theft is for a camel, implying those are the only acceptable objects.","[""If you love someone, you must love the moon; if you steal something, you must steal a camel."", ""The saying advises that romantic affection should be directed at the moon and criminal activity should involve camels."", ""It literally means that one's love is for the moon and one's theft is for a camel, implying those are the only acceptable objects.""]",1.0,1.0,4.0,0.91,97.3
a,cot_en,Arabic,MID0119,إن غاب القط، العب يا الفار,When the cat is away the mice will play.,When the cat is away the mice will play.,False,"If the cat is not present, the mice will begin to play.","When the cat disappears, the mice take over the playground.","When the cat leaves, the mice start a game.",When the cat is away the mice will play.,D,"When the cat leaves, the mice start a game.","If the cat is not present, the mice will begin to play.","When the cat disappears, the mice take over the playground.","[""When the cat leaves, the mice start a game."", ""If the cat is not present, the mice will begin to play."", ""When the cat disappears, the mice take over the playground.""]",1.0,1.0,1.15,0.76,92.8
a,cot_en,Arabic,MID0120,إيد واحدة ما تسقفش,It takes two to tango.,It takes two to tango.,False,It takes two to tango.,One hand cannot hold an umbrella,One hand cannot lift a heavy load,One hand cannot clap,A,One hand cannot lift a heavy load,One hand cannot clap,One hand cannot hold an umbrella,"<reasoning>The phrase consists of ""إيد واحدة"" (one hand) and ""ما تسقفش"" (does not roof). A reader unfamiliar with the idiom might take the verb ""تسقف"" literally as related to roofing, covering, or supporting something, leading to various concrete‑action misunderstandings about what a single hand cannot do.</reasoning>
[""One hand cannot lift a heavy load"",""One hand cannot clap"",""One hand cannot hol",1.0,0.6666666666666666,1.13,0.63,78.9
a,cot_en,Arabic,MID0121,ابجني تجدني ,Show me your green,Show me your green,False,"Abjadni, you discover me",My abjad finds you,Show me your green,"I am the alphabet, you locate me",C,My abjad finds you,"I am the alphabet, you locate me","Abjadni, you discover me","[""My abjad finds you"",""I am the alphabet, you locate me"",""Abjadni, you discover me""]",1.0,0.3333333333333333,1.25,0.84,75.2
a,cot_en,Arabic,MID0122,ابن الوز عوام,The apple doesn’t fall far from the tree.,The apple doesn’t fall far from the tree.,False,The apple doesn’t fall far from the tree.,The minister's son works among the common folk in the market.,The son of the weight carries a load.,The minister's son is a layperson.,A,The minister's son is a layperson.,The son of the weight carries a load.,The minister's son works among the common folk in the market.,"<reasoning>
A reader unfamiliar with the idiomatic meaning might try to translate each word literally: ""ابن"" (son), ""الوز"" (could be misread as ""الوزير"" = minister or simply ""weight""), and ""عوام"" (common people, layfolk). This could lead to literal‑sounding but incorrect interpretations such as the son of a minister being a layperson, the son carrying a weight, or the son of a weight being a laype",1.0,1.0,1.04,0.77,93.1
a,cot_en,Arabic,MID0123,ابنك زي ما تربيه، وجوزك زي ما تعوديه.,The apple doesn’t fall far from the tree.,The apple doesn’t fall far from the tree.,False,Your son is exactly the same as the process of raising him.,"The saying means that a son and a husband are literally the actions of raising and accustoming, not people.",The apple doesn’t fall far from the tree.,Your husband is exactly the same as the habit of accustoming him.,C,Your son is exactly the same as the process of raising him.,Your husband is exactly the same as the habit of accustoming him.,"The saying means that a son and a husband are literally the actions of raising and accustoming, not people.","[""Your son is exactly the same as the process of raising him."", ""Your husband is exactly the same as the habit of accustoming him."", ""The saying means that a son and a husband are literally the actions of raising and accustoming, not people.""]",1.0,1.0,1.79,0.71,91.3
a,cot_en,Arabic,MID0124,اِتْعَلِّم الحِجَامَة فِي رُوسِ الْيَتَامَى,A burnt child dreads the fire.,A burnt child dreads the fire.,False,A burnt child dreads the fire.,The saying suggests that one should take lessons in hijama specifically using the skulls of orphans as practice material,A person is advised to literally study the medical practice of cupping (hijama) on the heads of orphan children,It means that to learn hijama you must physically apply the technique to the heads of young orphans,A,A person is advised to literally study the medical practice of cupping (hijama) on the heads of orphan children,The saying suggests that one should take lessons in hijama specifically using the skulls of orphans as practice material,It means that to learn hijama you must physically apply the technique to the heads of young orphans,"[""A person is advised to literally study the medical practice of cupping (hijama) on the heads of orphan children"",""The saying suggests that one should take lessons in hijama specifically using the skulls of orphans as practice material"",""It means that to learn hijama you must physically apply the technique to the heads of young orphans""]",1.0,1.0,3.11,0.87,96.1
a,cot_en,Arabic,MID0125,اِتْغَدَّى بُهْ قَبْلْ مَا يِتْعَشَّى بَكْ,Get your blow in first.,Get your blow in first.,False,Get your blow in first.,Have your morning meal prior to his evening meal.,Eat your breakfast before he has his dinner.,Consume your breakfast before he partakes in his supper.,A,Eat your breakfast before he has his dinner.,Have your morning meal prior to his evening meal.,Consume your breakfast before he partakes in his supper.,"<reasoning>A reader unfamiliar with the idiomatic meaning might translate each word literally: “اتْغَدَى” as “ate breakfast”, “بُهْ” as “him/her”, “قَبْلْ” as “before”, “مَا” as “that/what”, “يِتْعَشَى” as “eats dinner”, and “بَكْ” as “you”. This leads to a literal picture of someone needing to finish their breakfast before another person eats their dinner, focusing on the sequence of meals rather",1.0,1.0,1.73,0.78,93.4
a,cot_en,Arabic,MID0126,اتقل عالرز يستوي,Easy does it.,Easy does it.,False,Decrease the rice and it will be cooked,Easy does it.,Lessen the rice so that it stands upright,Reduce the rice and it will become level,B,Lessen the rice so that it stands upright,Reduce the rice and it will become level,Decrease the rice and it will be cooked,"<reasoning>A reader unfamiliar with the idiomatic sense might take each word at face value: ""اتقل"" as an imperative to reduce or lessen, ""عالرز"" as ""on the rice"", and ""يستوي"" as ""will become level/equal/cooked"". This leads to literal‑sounding readings about manipulating rice, which are plausible but miss the figurative meaning ""Easy does it.""</reasoning>
[""Lessen the rice so that it stands upright",1.0,1.0,2.67,0.69,90.7
a,cot_en,Arabic,MID0127,احنا في الهوا سوا.,We are in the same boat.,We are in the same boat.,False,We are in the wind together.,We are flying together.,We are in the sea together.,We are in the same boat.,D,We are in the sea together.,We are in the wind together.,We are flying together.,"<reasoning>
Readers unfamiliar with Arabic might misinterpret the word ""الهوا"" (al-hawā) as referring to something other than ""air""—such as ""sea"" (confusing it with ""بحر""), ""wind"" (taking the literal sense of moving air), or assume that being ""in the air"" implies the action of flying. These misunderstandings lead to literal readings that are plausible but incorrect.
</reasoning>
[""We are in the se",1.0,0.6666666666666666,0.89,0.48,74.4
a,cot_en,Arabic,MID0128,اربُط الحمار مَطرح ما صاحبه عايز,"Obey orders, if you break owners.","Obey orders, if you break owners.",False,"Obey orders, if you break owners.",Fasten the donkey to the place the owner wishes for it to stay,Bind the donkey’s rope at the spot the owner desires,Tie the donkey exactly where the owner wants it to be,A,Tie the donkey exactly where the owner wants it to be,Bind the donkey’s rope at the spot the owner desires,Fasten the donkey to the place the owner wishes for it to stay,"<reasoning>A reader who takes the proverb word‑for‑word might focus on the concrete actions of tying a donkey and the owner’s desire, ignoring the idiomatic sense of obedience. This can lead to literal‑sounding interpretations that describe where or how to tether the animal based on the owner’s wishes, rather than the intended moral about following orders.</reasoning>
[""Tie the donkey exactly wher",1.0,1.0,1.89,0.81,94.3
a,cot_en,Arabic,MID0129,اسأل مجرب ولا تسأل طبيب.,Experience is the best teacher.,Experience is the best teacher.,False,Ask a magician and do not ask a healer,Experience is the best teacher.,Ask a trial and do not ask a physician,Ask a test and do not ask a doctor,B,Ask a test and do not ask a doctor,Ask a trial and do not ask a physician,Ask a magician and do not ask a healer,"<reasoning>A reader unfamiliar with Arabic might misinterpret the words based on superficial similarities or false cognates. For example, they could confuse “مجرب” (experienced/tested) with the noun “test” or “trial,” or think it refers to a magician because of the sound “juggler.” Likewise, “طبيب” (doctor) might be mistaken for a teacher, healer, or therapist due to overlapping concepts of care o",1.0,1.0,1.8,0.44,83.2
a,cot_en,Arabic,MID0130,اسمع كلامك أصدقك أشوف أمورك استعجب,Put your money where your mouth is.,Put your money where your mouth is.,False,Put your money where your mouth is.,Pay attention to your talk to gain self‑faith; inspect your affairs to feel wonder.,Listen to your own words so you can believe yourself; then look at your own affairs and you will be surprised.,Hearing someone's speech makes you trust them; seeing their situation leads to astonishment.,A,Listen to your own words so you can believe yourself; then look at your own affairs and you will be surprised.,Hearing someone's speech makes you trust them; seeing their situation leads to astonishment.,Pay attention to your talk to gain self‑faith; inspect your affairs to feel wonder.,"<reasoning>Readers might take each clause of the proverb at face value, interpreting it as a sequential set of actions: first listening to speech, then believing/trusting, then observing affairs, and finally feeling surprise. They could misunderstand the idiomatic sense of “put your money where your mouth is” as a literal instruction about hearing, trusting, and being amazed by one's own or anothe",1.0,1.0,2.29,0.92,97.6
a,cot_en,Arabic,MID0131,اشتري دماغك,Ease your mind.,Ease your mind.,False,Buy a brain,Ease your mind.,Acquire a head,Purchase intellect,B,Buy a brain,Purchase intellect,Acquire a head,"<reasoning>The phrase ""اشترِ دماغك"" literally translates to ""Buy your brain."" A reader unfamiliar with the idiomatic meaning might interpret it as a literal instruction to purchase a brain or mental faculty, leading to various plausible but incorrect literal readings such as buying a physical brain, acquiring intelligence as a commodity, or shopping for a head.</reasoning>
[""Buy a brain"",""Purchase",1.0,0.0,0.89,0.93,67.9
a,cot_en,Arabic,MID0132,اضرب المربوط يخاف السايب,kill the chicken to scare the monkey.,kill the chicken to scare the monkey.,False,Pound the secured lamb in order to terrify the escaping bird.,Hit the tied-up chicken so the free-roaming monkey becomes frightened.,Strike the bound goat to make the stray dog run away.,kill the chicken to scare the monkey.,D,Hit the tied-up chicken so the free-roaming monkey becomes frightened.,Strike the bound goat to make the stray dog run away.,Pound the secured lamb in order to terrify the escaping bird.,"<reasoning>
A reader unfamiliar with the idiomatic meaning might take each word at face value, imagining a scenario where someone physically strikes something that is tied up (""المربوط"") in order to cause fear in something that is free or loose (""السايب""). They could misinterpret the nouns as specific animals or objects and think the proverb gives a literal instruction about causing fear through v",1.0,1.0,1.52,0.93,97.9
a,cot_en,Arabic,MID0133,اطبخى يا جاريه كلِّف يا سيدي.,If you pay peanuts you get monkeys.,If you pay peanuts you get monkeys.,False,It is a literal instruction for a neighbor to act as a chef and charge the master for the cooking service.,A neighbor is being told to cook a meal and then send the bill to the master.,If you pay peanuts you get monkeys.,The speaker instructs a female neighbor to prepare food while the master pays for the ingredients.,C,A neighbor is being told to cook a meal and then send the bill to the master.,The speaker instructs a female neighbor to prepare food while the master pays for the ingredients.,It is a literal instruction for a neighbor to act as a chef and charge the master for the cooking service.,"<reasoning>Readers unfamiliar with the idiomatic meaning might interpret the Arabic sentence word‑for‑word as a direct command or statement about cooking, billing, and a master‑servant relationship, leading to literal readings that ignore the figurative sense about low pay yielding low quality.</reason>
[""A neighbor is being told to cook a meal and then send the bill to the master."", ""The speaker ",1.0,1.0,2.57,0.78,93.4
a,cot_en,Arabic,MID0134,اقلب القدرة على فُمها تطلع البنت لأمها,Like mother like daughter.,Like mother like daughter.,False,"If you literally flip a cooking pot upside‑down on its spout, the daughter will physically emerge from the pot to meet her mother.",Like mother like daughter.,"If you take ‘القدرة’ to mean a tangible object like a pot and place it on its opening, the girl will come out looking exactly like her mother.","If you turn the pot’s lid over its mouth, the daughter will magically appear before her mother as if summoned from the vessel.",B,"If you literally flip a cooking pot upside‑down on its spout, the daughter will physically emerge from the pot to meet her mother.","If you turn the pot’s lid over its mouth, the daughter will magically appear before her mother as if summoned from the vessel.","If you take ‘القدرة’ to mean a tangible object like a pot and place it on its opening, the girl will come out looking exactly like her mother.","<reasoning>Readers might take the verbs and nouns at face value, imagining a physical action with a cooking pot or vessel, and then interpret the result as a literal emergence or appearance of the daughter rather than the figurative meaning of resemblance.</reasoning>
[""If you literally flip a cooking pot upside‑down on its spout, the daughter will physically emerge from the pot to meet her mother",1.0,1.0,6.17,0.77,93.1
a,cot_en,Arabic,MID0135,اكل مسني واعيش مهني، ولا كبابك اللي قتلني/ لاقيني ولا تغديني.,A civil denial is better than a rude grant.,A civil denial is better than a rude grant.,False,"It means that a polite refusal of food is preferable to accepting a rude offering of kebab, even if it means going hungry.","It literally advises a person to eat their own flesh and live off their own labor, rejecting any food offered by others.",A civil denial is better than a rude grant.,"It suggests that one should avoid eating kebabs that have caused harm and instead survive by working hard, refusing any rude gifts.",C,"It literally advises a person to eat their own flesh and live off their own labor, rejecting any food offered by others.","It suggests that one should avoid eating kebabs that have caused harm and instead survive by working hard, refusing any rude gifts.","It means that a polite refusal of food is preferable to accepting a rude offering of kebab, even if it means going hungry.","[""It literally advises a person to eat their own flesh and live off their own labor, rejecting any food offered by others."", ""It suggests that one should avoid eating kebabs that have caused harm and instead survive by working hard, refusing any rude gifts."", ""It means that a polite refusal of food is preferable to accepting a rude offering of kebab, even if it means going hungry.""]",1.0,1.0,2.48,0.9,97.0
a,cot_en,Arabic,MID0136,الأرض تضرب ويا اصحابها.,Defend your home.,Defend your home.,False,The earth is striking or hitting something (like an earthquake) and the owners are being warned.,The land will attack or punish its owners if they do not take care of it.,Defend your home.,"One should physically strike or hit the ground, perhaps as a ritual or farming practice.",C,The earth is striking or hitting something (like an earthquake) and the owners are being warned.,"One should physically strike or hit the ground, perhaps as a ritual or farming practice.",The land will attack or punish its owners if they do not take care of it.,"<reasoning>Readers unfamiliar with the idiomatic sense might treat each word literally: ""الأرض"" as the physical ground, ""تضرب"" as an action of striking or hitting, and ""يا اصحابها"" as a direct address to the owners. This could lead to interpretations that the earth is physically striking something, that one should strike the earth, or that the land will retaliate against its owners if neglected.</",1.0,1.0,5.22,0.92,97.6
a,cot_en,Arabic,MID0137,الإبرة اللي فيها خيطين ما تخيطش,Two cooks spoil the broth.,Two cooks spoil the broth.,False,A needle that has two separate eyes (holes) cannot sew because the thread will slip through both.,"A needle made of two threads twisted together is too thick to pierce fabric, so it won't sew.",Two cooks spoil the broth.,"If you thread a needle with two strands of thread at once, the needle will bend or break and thus fail to sew.",C,A needle that has two separate eyes (holes) cannot sew because the thread will slip through both.,"A needle made of two threads twisted together is too thick to pierce fabric, so it won't sew.","If you thread a needle with two strands of thread at once, the needle will bend or break and thus fail to sew.","<reasoning>Readers might misinterpret the Arabic phrase literally as describing a needle's physical construction or threading situation, thinking that having two threads somehow prevents sewing in a mechanical way, rather than understanding it as a metaphor about too many people involved in a task.</reasoning>
[""A needle that has two separate eyes (holes) cannot sew because the thread will slip th",1.0,1.0,3.87,0.85,95.5
a,cot_en,Arabic,MID0138,الجايات أحسن من الرايحات.,There’s always a next time. ,There’s always a next time. ,False,The arriving girls are better than the departing girls,There’s always a next time. ,People who are coming to a place are superior to those who are leaving it,Incoming winds are better than outgoing winds,B,The arriving girls are better than the departing girls,Incoming winds are better than outgoing winds,People who are coming to a place are superior to those who are leaving it,"<reasoning>Readers might misinterpret the Arabic words based on similar-sounding terms or take the nouns literally without idiomatic sense: they could think ""الجات"" refers to female arrivals (girls) rather than future events, or interpret ""الرايحات"" as departing winds or departing people, leading to literal readings about gender, weather, or travel that miss the proverb’s figurative meaning about ",1.0,1.0,2.07,0.86,95.8
a,cot_en,Arabic,MID0139,الجوع كافر.,A hungry belly has no ears.,A hungry belly has no ears.,False,Hunger is a person named Kafir who refuses to eat.,When you are hungry you become an actual disbeliever (non‑believer) in religion.,A hungry person literally loses their ears.,A hungry belly has no ears.,D,A hungry person literally loses their ears.,When you are hungry you become an actual disbeliever (non‑believer) in religion.,Hunger is a person named Kafir who refuses to eat.,"<reasoning>
A reader unfamiliar with Arabic idioms might take the words at face value, ignoring the metaphorical meaning. They could interpret ""الجوع"" (hunger) as a physical state that literally affects body parts, or treat ""كافر"" (kafir) as a literal adjective meaning ""disbeliever"" or even as a name, leading to various literal‑sounding but incorrect readings.
</reasoning>
[""A hungry person litera",1.0,1.0,1.61,0.94,98.2
a,cot_en,Arabic,MID0140,الحِدَّاية ما بِتْحَدِّفْش كَتاكيت.,"-There’s always a catch.
-You don’t get something for nothing.","-There’s always a catch.
-You don’t get something for nothing.",False,A guide fails to capture beetles.,Guidance cannot be used to hunt beetles.,The guidance does not catch beetles.,"-There’s always a catch.
-You don’t get something for nothing.",D,The guidance does not catch beetles.,A guide fails to capture beetles.,Guidance cannot be used to hunt beetles.,"<reasoning>The phrase literally mentions ""الحِدَّاية"" (guidance or direction) and ""كتاكيت"" (beetles/chicks depending on dialect) with the verb ""بِتْحَدِّفْش"" (does not catch). A reader might take the words at face value, thinking it's about a guide failing to catch beetles, or about guidance being unable to capture small creatures, or about a guide's inability to trap beetles.</reasoning>
[""The gu",1.0,1.0,0.63,0.85,95.5
a,cot_en,Arabic,MID0141,الشاطرة تغزل برجل الحمار,Unwillingness easily finds an excuse.,Unwillingness easily finds an excuse.,False,A talented woman is using a donkey's leg as a tool to spin thread.,Someone is knitting a sweater with the help of a donkey's leg.,Unwillingness easily finds an excuse.,A clever girl is flirting with a male donkey.,C,A talented woman is using a donkey's leg as a tool to spin thread.,A clever girl is flirting with a male donkey.,Someone is knitting a sweater with the help of a donkey's leg.,"[""A talented woman is using a donkey's leg as a tool to spin thread."", ""A clever girl is flirting with a male donkey."", ""Someone is knitting a sweater with the help of a donkey's leg.""]",1.0,1.0,2.33,0.85,95.5
a,cot_en,Arabic,MID0142,الظفر ميطلعش من اللحم ,Blood is thicker than water ,Blood is thicker than water ,False,A fingernail cannot be pulled out of the skin without tearing the flesh.,To free a nail from meat you must cut away the surrounding flesh first.,Blood is thicker than water ,A metal nail driven into meat will never come out on its own; it stays stuck forever.,C,A fingernail cannot be pulled out of the skin without tearing the flesh.,A metal nail driven into meat will never come out on its own; it stays stuck forever.,To free a nail from meat you must cut away the surrounding flesh first.,"<reasoning>A reader unfamiliar with the idiomatic meaning might take the phrase literally, imagining it refers to a physical nail (like a fingernail or a metal nail) embedded in flesh or meat, and think it comments on the difficulty of removing it, the permanence of its attachment, or the need to cut away surrounding tissue to free it.</reasoning>
[""A fingernail cannot be pulled out of the skin wi",1.0,1.0,2.93,0.91,97.3
a,cot_en,Arabic,MID0143,العبد في التفكير والرب في التدبير.,man proposes and god disposes,man proposes and god disposes,False,man proposes and god disposes,"The servant does the thinking while the Lord does the disposing (i.e., throwing things away).",The servant is located in a place called 'Thinking' and the Lord is located in a place called 'Management'.,"The servant is a thinker who contemplates, and the Lord is an arranger who organizes events.",A,"The servant does the thinking while the Lord does the disposing (i.e., throwing things away).",The servant is located in a place called 'Thinking' and the Lord is located in a place called 'Management'.,"The servant is a thinker who contemplates, and the Lord is an arranger who organizes events.","[""The servant does the thinking while the Lord does the disposing (i.e., throwing things away)."",""The servant is located in a place called 'Thinking' and the Lord is located in a place called 'Management'."",""The servant is a thinker who contemplates, and the Lord is an arranger who organizes events.""]",1.0,1.0,3.33,0.8,94.0
a,cot_en,Arabic,MID0144,العجلة من الشيطان,haste makes waste.,haste makes waste.,False,haste makes waste.,Satan causes people to rush,The wheel is from Satan,Haste is a devilish trait,A,The wheel is from Satan,Haste is a devilish trait,Satan causes people to rush,"<reasoning>A reader unfamiliar with the idiomatic meaning might treat each word literally: ""العجلة"" can mean ""haste"" or ""the wheel"", ""من"" as ""from"" or ""than"", and ""الشيطان"" as ""the devil"" or ""Satan"". This could lead to interpretations such as the phrase referring to an actual wheel being devilish, haste being a characteristic of Satan, or Satan being the cause of hurried actions.</reasoning>
[""The",1.0,1.0,1.67,0.93,97.9
a,cot_en,Arabic,MID0145,العزا حارة (ساخنة) والميت كلب,"Too much ado about nothing.
Much bran and little meal.
","Too much ado about nothing.
Much bran and little meal.
",False,The mourning is hot and the dead is a dog.,The grief burns and the dead body is a dog.,"Too much ado about nothing.
Much bran and little meal.
",Condolence is fiery and the deceased is a canine.,C,The mourning is hot and the dead is a dog.,Condolence is fiery and the deceased is a canine.,The grief burns and the dead body is a dog.,"[""The mourning is hot and the dead is a dog."", ""Condolence is fiery and the deceased is a canine."", ""The grief burns and the dead body is a dog.""]",1.0,1.0,0.97,0.6,88.0
a,cot_en,Arabic,MID0146,الغالي تمنه فيه,You get what you pay for ,You get what you pay for ,False,You desire the high-priced thing within it.,You hope the costly item is inside it.,You wish for the expensive inside it.,You get what you pay for ,D,You wish for the expensive inside it.,You hope the costly item is inside it.,You desire the high-priced thing within it.,"[""You wish for the expensive inside it."", ""You hope the costly item is inside it."", ""You desire the high-priced thing within it.""]",1.0,1.0,1.22,0.7,91.0
a,cot_en,Arabic,MID0147,الغايب حجته معاه,The absent party is not so faulty.,The absent party is not so faulty.,False,The missing individual brings his evidence along,The absent party is not so faulty.,The absent person takes his suitcase with him,The absent party carries his proof in his hand,B,The absent person takes his suitcase with him,The missing individual brings his evidence along,The absent party carries his proof in his hand,"[""The absent person takes his suitcase with him"",""The missing individual brings his evidence along"",""The absent party carries his proof in his hand""]",1.0,1.0,1.14,0.82,94.6
a,cot_en,Arabic,MID0148,القرد في عين أمه غزال,Beauty’s in the eye of the beholder.,Beauty’s in the eye of the beholder.,False,Beauty’s in the eye of the beholder.,"The mother’s gaze transforms a monkey into a gazelle, making the monkey look like a gazelle to her.",A monkey is literally inside its mother's eye and appears as a gazelle.,"If you look at a monkey through your mother's eye, you will see a gazelle instead.",A,A monkey is literally inside its mother's eye and appears as a gazelle.,"If you look at a monkey through your mother's eye, you will see a gazelle instead.","The mother’s gaze transforms a monkey into a gazelle, making the monkey look like a gazelle to her.","<reasoning>When encountering the Arabic proverb ""القرد في عين أمه غزال"", a reader unfamiliar with idiomatic usage might try to interpret each word literally, leading to misguided notions such as the monkey physically being inside the mother's eye, the mother perceiving the monkey as a gazelle, or the act of placing a monkey in an eye transforming it into a gazelle. These readings ignore the figura",1.0,1.0,2.24,0.87,96.1
a,cot_en,Arabic,MID0149,القرش الأبيض ينفع في اليوم الأسود.,To lay by for a rainy day.,To lay by for a rainy day.,False,A white shrimp can illuminate a dark day,A white shrimp can be used to bleach or clean black stains,A white coin is useful for paying expenses on a day with no money (a 'black' day),To lay by for a rainy day.,D,A white shrimp can illuminate a dark day,A white coin is useful for paying expenses on a day with no money (a 'black' day),A white shrimp can be used to bleach or clean black stains,"<reasoning>A reader might take the words at face value, ignoring the idiomatic meaning, and imagine concrete scenarios involving a literal white shrimp or coin and a literal ""black"" day (e.g., night, dark weather, or a dark surface). This leads to literal but incorrect interpretations such as the shrimp providing light, the coin being usable when finances are depleted, or the shrimp acting as a cl",1.0,1.0,1.76,0.84,95.2
a,cot_en,Arabic,MID0150,القفة أم ودنين بيشيلوها اثنين,Many hands make light work.,Many hands make light work.,False,A mother carrying a basket that contains two children.,Many hands make light work.,Two mothers are required to lift a single basket.,The basket is considered a ‘mother’ to two objects that need to be carried together.,B,A mother carrying a basket that contains two children.,Two mothers are required to lift a single basket.,The basket is considered a ‘mother’ to two objects that need to be carried together.,"<reasoning>The proverb’s words can be taken at face value: “القفة” (the basket), “أم” (mother), “ودنين” (two), “بيشيلوها” (they carry it), and “اثنين” (two). A reader unfamiliar with the idiomatic meaning might mistakenly treat each word literally, imagining concrete scenarios involving baskets, mothers, and the number two, rather than the figurative idea of shared effort.</reason>
[""A mother carr",1.0,1.0,2.2,0.83,94.9
a,cot_en,Arabic,MID0151,اِلْكُتْرَهْ تِغْلِبِ الشَّجَاعَهْ ,Strength in numbers.,Strength in numbers.,False,The crowd eats bravery,Strength in numbers.,"The many are heavy, bravery",Abundance overwhelms bravery,B,The crowd eats bravery,Abundance overwhelms bravery,"The many are heavy, bravery","<reasoning>Readers might take each word at face value without considering idiomatic meaning, leading to literal but mistaken readings such as interpreting ""الكثرة"" as a physical crowd that can act (eat, weigh down), ""تغلب"" as a concrete action like eating or being heavy, and ""الشجاعة"" as an object that can be acted upon. These produce plausible‑sounding but incorrect literal translations.</reasoni",1.0,0.3333333333333333,1.33,0.8,74.0
a,cot_en,Arabic,MID0152,اِلْكِدْبْ مَالُوشْ رِجْلِينْ,Lies don't last.,Lies don't last.,False,Lies lack two men,Lies have no money,Lies are not truthful,Lies don't last.,D,Lies have no money,Lies lack two men,Lies are not truthful,"<reasoning>Readers unfamiliar with Arabic might misinterpret the words: treating ""مال"" as ""money"" and the negation ""ش"" as a separate particle, they could think the phrase says lies lack money. Others might read ""رجليين"" as ""two men"" rather than ""legs"", leading to the idea that lies lack two men. Still others might misunderstand ""الكدب"" as referring to truthfulness instead of falsehood, interpretin",1.0,0.0,1.33,0.86,65.8
a,cot_en,Arabic,MID0153,الكلب في بيته سبع,"A lion at home, a lamb abroad.","A lion at home, a lamb abroad.",False,The dog is seven years old while at home.,The dog's house has seven rooms.,"A lion at home, a lamb abroad.",There are seven dogs inside the house.,C,The dog is seven years old while at home.,The dog's house has seven rooms.,There are seven dogs inside the house.,"<reasoning>Readers might take the word ""سبع"" (seven) literally as a number rather than understanding it as part of the idiom meaning ""lion"" or ""fierce"". This could lead to interpretations where the number seven modifies the dog, its house, or the quantity of dogs, ignoring the figurative sense of the proverb.</reasoning>
[""The dog is seven years old while at home."", ""The dog's house has seven room",1.0,1.0,1.05,0.84,95.2
a,cot_en,Arabic,MID0154,اللي اتلسع من الشوربه، ينفخ في الزبادي.,"Once bitten, twice shy.","Once bitten, twice shy.",False,"Once bitten, twice shy.",Someone believes that blowing on yogurt will prevent future burns from hot soup,"A person who, after being hurt by soup, starts to inflate yogurt like a balloon by blowing into it",Someone who burned their mouth on hot soup then blows on yogurt to cool it down,A,Someone who burned their mouth on hot soup then blows on yogurt to cool it down,"A person who, after being hurt by soup, starts to inflate yogurt like a balloon by blowing into it",Someone believes that blowing on yogurt will prevent future burns from hot soup,"<reasoning>Readers might focus on the concrete actions mentioned—getting burned by soup and blowing on yogurt—and imagine various literal, cause‑effect scenarios that are not the intended figurative meaning. For example, they could think the proverb describes a specific behavior (like cooling yogurt after a soup burn) rather than a general caution about repeated mistakes.</reasoning>
[""Someone who",1.0,1.0,4.0,0.87,96.1
a,cot_en,Arabic,MID0155,اللي يتلسع من التعبان يخاف من الحبل,"Once bitten, twice shy.","Once bitten, twice shy.",False,A person who suffered a burn from a worn-out rope is now afraid of all ropes.,"If you get burnt by a fatigued animal, you will become afraid of ropes.","Once bitten, twice shy.",Someone who was burned by a tired (exhausted) person now fears a rope.,C,Someone who was burned by a tired (exhausted) person now fears a rope.,A person who suffered a burn from a worn-out rope is now afraid of all ropes.,"If you get burnt by a fatigued animal, you will become afraid of ropes.","<reasoning>A reader might take the Arabic words at face value without idiomatic sense: interpreting ""يتلسع"" as literally getting burned, ""التعبان"" as a tired person or thing, and ""يخاف من الحبل"" as being afraid of an actual rope. This could lead to literal readings like someone who was burned by a weary person now fears ropes, or that a burnt rope causes fear of ropes, etc.</reasoning>
[""Someone w",1.0,1.0,3.58,0.85,95.5
a,cot_en,Arabic,MID0156,اللي إيدُه في المَيَّة مِش زَيّ اللي إيدُه في النار,Easier said than done.,Easier said than done.,False,"If you put your hand in water, it feels different than putting it in fire","Water and fire affect the skin in opposite ways, so you should prefer water",Easier said than done.,Having wet hands is not the same as having burned hands,C,"If you put your hand in water, it feels different than putting it in fire",Having wet hands is not the same as having burned hands,"Water and fire affect the skin in opposite ways, so you should prefer water","<reasoning>The proverb literally compares a hand in water to a hand in fire, suggesting they are not alike. A reader might mistakenly take this as a direct statement about physical sensations or safety advice, interpreting it as a comment on how wet versus burned hands feel, or as a recommendation to choose water over fire for the hand.</reasoning>
[""If you put your hand in water, it feels differe",1.0,1.0,3.33,0.94,98.2
a,cot_en,Arabic,MID0157,اللي خدته القرعة، تاخده ام الشعور,What goes around comes around.,What goes around comes around.,False,"If the lottery selects you, then the source of your feelings will also select you.",Whoever is drawn by a lottery will be taken away by their own emotions.,"The act of picking a lot is followed by the feeling's pick, implying that emotions follow luck in a literal chain.",What goes around comes around.,D,Whoever is drawn by a lottery will be taken away by their own emotions.,"If the lottery selects you, then the source of your feelings will also select you.","The act of picking a lot is followed by the feeling's pick, implying that emotions follow luck in a literal chain.","<reasoning>A reader unfamiliar with the idiomatic sense might treat each word literally, assuming the proverb describes a physical process: a lottery draw (القرعة) selecting someone, and then an entity called “the mother of feeling” (ام الشعور) also taking or influencing that person. This leads to interpretations where luck and emotions are seen as concrete forces acting on a person in sequence.</",1.0,1.0,3.33,0.92,97.6
a,cot_en,Arabic,MID0158,اللي عَلى راسُه بَطحَة يِحَسِّس عَليها,"If the cap fits, wear it.
","If the cap fits, wear it.
",False,"If the cap fits, wear it.
","If someone has a flat piece of bread on his head, he will notice it.",A person who wears a flat hat on his head will sense its presence.,Someone who has a flat tire balanced on his head can feel it.,A,Someone who has a flat tire balanced on his head can feel it.,A person who wears a flat hat on his head will sense its presence.,"If someone has a flat piece of bread on his head, he will notice it.","<reasoning>A reader unfamiliar with the idiomatic sense might take the words literally, interpreting “بطحة” (baṭḥa) as a physical flat object rather than the metaphorical “if the cap fits.” They could imagine a flat tire, a flat hat, or a flat piece of food placed on someone’s head, leading to literal‑sounding meanings that are not the intended proverb.</reasoning>
[""Someone who has a flat tire ba",1.0,1.0,2.33,0.72,91.6
a,cot_en,Arabic,MID0159,اللي ما يِعرَفش، يِقول عَدس,Half of the world not know how the other half lives.,Half of the world not know how the other half lives.,False,One who is ignorant talks about lentils.,Half of the world not know how the other half lives.,"The person who does not know says the word ""lentils"".","If you lack knowledge, you will mention lentils as your response.",B,"The person who does not know says the word ""lentils"".",One who is ignorant talks about lentils.,"If you lack knowledge, you will mention lentils as your response.","<reasoning>A reader might take the Arabic phrase word‑for‑word, ignoring idiomatic meaning, and think it literally describes someone who lacks knowledge uttering the word for lentils, or that it concerns lentils as a topic of speech by the ignorant, or that it suggests lentils are a default reply when one is uninformed.</reasoning>
[""The person who does not know says the word \""lentils\""."",""One wh",1.0,1.0,0.85,0.98,99.4
a,cot_en,Arabic,MID0160,اللي مالكش فيه، مالكش دعوة بيه:,Mind your own business.,Mind your own business.,False,"If you lack something, you also lack the ability to call or summon it.","If you don’t have something inside a container, you cannot be invited to that container.",Not possessing an item means you also lack any invitation related to that item.,Mind your own business.,D,"If you don’t have something inside a container, you cannot be invited to that container.",Not possessing an item means you also lack any invitation related to that item.,"If you lack something, you also lack the ability to call or summon it.","<reasoning>A reader unfamiliar with the idiomatic use might take the phrase word‑for‑word, assuming it talks about physical possession and invitations. They could interpret “ما لكش فيه” as “you don’t have something inside it” and “ما لكش دعوة بيه” as “you have no invitation to it,” leading to literal‑sounding readings that focus on ownership, containers, or the act of calling/summoning rather than",1.0,1.0,3.58,0.86,95.8
a,cot_en,Arabic,MID0161,اللي مايطول العنب حامض عنه يقول.,A bad workman blames his tools.,A bad workman blames his tools.,False,Someone who does not stretch the grapevine says the grapes are sour.,A person who cannot make the grape longer claims the grape is sour to him.,A bad workman blames his tools.,A grape that does not grow long declares itself sour.,C,A grape that does not grow long declares itself sour.,Someone who does not stretch the grapevine says the grapes are sour.,A person who cannot make the grape longer claims the grape is sour to him.,"<reasoning>Readers unfamiliar with the idiomatic sense might take the Arabic words at face value, confusing who or what is the subject of “مايطول” (does not lengthen/reach), what the object “العنب” (the grape) refers to, and the meaning of “حامض عنه يقول” (says it is sour about it). This can lead to literal‑sounding but incorrect readings where the grape itself is the speaker, where the action of ",1.0,1.0,2.06,0.88,96.4
a,cot_en,Arabic,MID0162,اللي يعوزه البيت يحرم على الجامع,Charity begins at home.,Charity begins at home.,False,Charity begins at home.,Those who need a home are prohibited from attending university,People requiring shelter must stay away from community gatherings,Anyone who lacks a house is forbidden from entering a mosque,A,Anyone who lacks a house is forbidden from entering a mosque,Those who need a home are prohibited from attending university,People requiring shelter must stay away from community gatherings,"<reasoning>Readers might take the Arabic words at face value without grasping the idiomatic sense, interpreting ""البيت"" as a physical house, ""يحرم"" as a prohibition, and ""الجامع"" as either a mosque or a university, leading to literal‑sounding rules about who may enter certain places based on housing need.</reasoning>
[""Anyone who lacks a house is forbidden from entering a mosque"",""Those who need a",1.0,1.0,2.5,0.9,97.0
a,cot_en,Arabic,MID0163,المال السايب يعلم السرقة,The hole calls the thief,The hole calls the thief,False,The hole invites the thief,The loose cash calls the burglar,The unattended money teaches stealing,The hole calls the thief,D,The hole invites the thief,The loose cash calls the burglar,The unattended money teaches stealing,"<reasoning>Readers might misinterpret the Arabic words literally: taking ""السايب"" (loose/unattended) as ""hole"" because of visual similarity, confusing ""يعلم"" (teaches) with ""يدعو"" (calls/invites), and rendering ""السرقة"" (theft) as ""thief"" or ""burglar"" instead of the act. These mistakes lead to plausible‑sounding but incorrect literal readings.</reasoning>
[""The hole invites the thief"",""The loose c",1.0,1.0,1.07,0.88,96.4
a,cot_en,Arabic,MID0164,المنحوس منحوس لو علقنا علي رأسه فانوس,A bad penny always comes back.,A bad penny always comes back.,False,"If you hang a lantern on an unlucky person's head, you can see him better in the dark",A bad penny always comes back.,Hanging a lantern on someone's head is believed to protect them from misfortune,The unlucky person remains unlucky even after you place a lantern on his head,B,"If you hang a lantern on an unlucky person's head, you can see him better in the dark",The unlucky person remains unlucky even after you place a lantern on his head,Hanging a lantern on someone's head is believed to protect them from misfortune,"<reasoning>A literal reader might focus on the individual words ""المنحوس"" (the unlucky one) and ""فانوس"" (lantern) and imagine the proverb giving advice about physically placing a lantern on a person's head, interpreting it as a literal action rather than a metaphor about recurring misfortune.</reasoning>
[""If you hang a lantern on an unlucky person's head, you can see him better in the dark"",""The ",1.0,1.0,2.5,0.82,94.6
a,cot_en,Arabic,MID0165,المية تكدب الغطاس,The proof's in the pudding.,The proof's in the pudding.,False,The water lies to the diver.,The water proves the diver is lying.,The proof's in the pudding.,The diver lies in the water.,C,The water lies to the diver.,The diver lies in the water.,The water proves the diver is lying.,"[""The water lies to the diver."", ""The diver lies in the water."", ""The water proves the diver is lying.""]",1.0,1.0,1.27,0.77,93.1
a,cot_en,Arabic,MID0166,امسك الخشب,Touch wood.,Touch wood.,False,Touch wood.,Clutch the log,Grab the piece of wood,Seize the timber,A,Grab the piece of wood,Seize the timber,Clutch the log,"<reasoning>The literal Arabic words ""امسك الخشب"" translate directly to ""hold the wood"" or ""grab the wood."" A reader unfamiliar with the idiomatic use might interpret this as a concrete instruction about physically interacting with a piece of timber, such as a carpentry cue, a safety reminder, or a playful command to seize wood.</reason>
[""Grab the piece of wood"",""Seize the timber"",""Clutch the log""",1.0,0.3333333333333333,1.83,0.84,75.2
a,cot_en,Arabic,MID0167,امشي على مهلك، علشان توصل بسرعة,"Hold your horse, you will arrive quickly.","Hold your horse, you will arrive quickly.",False,"Walk on your property, so that you arrive quickly","Hold your horse, you will arrive quickly.","I walk on your mule, so that you arrive quickly","Walk with your luggage, so that you arrive quickly",B,"I walk on your mule, so that you arrive quickly","Walk on your property, so that you arrive quickly","Walk with your luggage, so that you arrive quickly","<reasoning>A reader might mistakenly treat the Arabic word مهلك (meaning ""your pace"") as similar-sounding words like حمار (donkey), ملك (property/ownership), or متاع (belongings/luggage), leading to literal but incorrect readings of the phrase.</reasoning>
[""I walk on your mule, so that you arrive quickly"",""Walk on your property, so that you arrive quickly"",""Walk with your luggage, so that you arr",1.0,1.0,1.33,0.35,80.5
a,cot_en,Arabic,MID0168,ايد لوحدها ماتسقفش,It takes two to tango ,It takes two to tango ,False,One hand cannot bake bread,It takes two to tango ,A single hand cannot put a roof on a house,A single hand cannot lift a stone,B,A single hand cannot put a roof on a house,One hand cannot bake bread,A single hand cannot lift a stone,"[""A single hand cannot put a roof on a house"",""One hand cannot bake bread"",""A single hand cannot lift a stone""]",1.0,1.0,1.47,0.73,91.9
a,cot_en,Arabic,MID0169,ايش ياخد الريح من البلاط؟,where there is nothing the king loses his rights,where there is nothing the king loses his rights,False,The wind carries away the dust that settles on the tiles.,The wind removes the water droplets from the surface of the tiles.,"The wind steals the warmth stored in the tiles, cooling them down.",where there is nothing the king loses his rights,D,The wind carries away the dust that settles on the tiles.,The wind removes the water droplets from the surface of the tiles.,"The wind steals the warmth stored in the tiles, cooling them down.","[""The wind carries away the dust that settles on the tiles."", ""The wind removes the water droplets from the surface of the tiles."", ""The wind steals the warmth stored in the tiles, cooling them down.""]",1.0,1.0,1.3,0.85,95.5
a,cot_en,Arabic,MID0170,ايه جاب طوخ لمليج,Apples and oranges.,Apples and oranges.,False,A gourd was carried to a shopping center,Someone brought a pumpkin to a mall,Apples and oranges.,A squash was delivered to a market,C,Someone brought a pumpkin to a mall,A squash was delivered to a market,A gourd was carried to a shopping center,"<reasoning>When hearing the Arabic phrase ايه جاب طوخ لمليج, a non‑speaker might parse the words literally: ايه (what), جاب (brought), طوخ (a type of gourd or squash), لمليج (to the mall/market). This could lead to literal guesses such as someone bringing a gourd to a shopping center, a pumpkin being delivered to a store, or a squash being carried to a marketplace, none of which capture the idioma",1.0,1.0,2.44,0.77,93.1
a,cot_en,Arabic,MID0171,ايه لم الشامى على المغربي,Apples and oranges.,Apples and oranges.,False,The Levantine person placed an apple on the Moroccan person.,What does the Levantine's apple have to do with the Moroccan?,The Levantine's apple is being compared to a Moroccan orange.,Apples and oranges.,D,The Levantine person placed an apple on the Moroccan person.,The Levantine's apple is being compared to a Moroccan orange.,What does the Levantine's apple have to do with the Moroccan?,"[""The Levantine person placed an apple on the Moroccan person."", ""The Levantine's apple is being compared to a Moroccan orange."", ""What does the Levantine's apple have to do with the Moroccan?""]",1.0,1.0,3.44,0.81,94.3
a,cot_en,Arabic,MID0172,حاميها حراميها,The fox guarding the henhouse.,The fox guarding the henhouse.,False,"The words refer to two individuals named Hami and Harami, implying a partnership between a protector and a thief.","A fox that normally preys on hens is instead guarding the henhouse, suggesting the fox has taken on a protective role.",The fox guarding the henhouse.,"The phrase describes a literal thief who also acts as a protector of his own stolen loot, i.e., a criminal who guards his stolen goods.",C,"A fox that normally preys on hens is instead guarding the henhouse, suggesting the fox has taken on a protective role.","The words refer to two individuals named Hami and Harami, implying a partnership between a protector and a thief.","The phrase describes a literal thief who also acts as a protector of his own stolen loot, i.e., a criminal who guards his stolen goods.","<reasoning>Readers unfamiliar with the idiom might take the words حاميها حراميها at face value and imagine concrete scenarios that match the literal meanings of “guardian” and “thief” but miss the ironic point that the protector is the betrayer. They could picture a literal fox acting as a guard, think the phrase names two people, or envision a thief who also guards his own loot.</reasoning>
[""A f",1.0,1.0,4.33,0.93,97.9
a,cot_en,Arabic,MID0173,خدوهم بالصوت ليغلبوكم,bluster one's way out,bluster one's way out,False,Take hold of individuals with loud noises in order for them to overcome you,Grab someone using your voice so that they can overpower you,bluster one's way out,Seize people by shouting at them so they will defeat you,C,Seize people by shouting at them so they will defeat you,Grab someone using your voice so that they can overpower you,Take hold of individuals with loud noises in order for them to overcome you,"<reasoning>Readers unfamiliar with the idiomatic meaning might interpret each word literally: ""خدوهم"" as a command to physically seize or take hold of people, ""بالصوت"" as using sound or voice as the instrument, and ""ليغلبوكم"" as the purpose being that those seized will then defeat or overcome the speaker. This leads to absurd literal scenarios where one is instructed to grab people with noise so t",1.0,1.0,3.0,0.9,97.0
a,cot_en,Arabic,MID0174,دخول الحمام مش زي خروجه,to be in deep water,to be in deep water,False,The act of going into a bath is not the same as coming out of it,"When you step into a bath, your experience changes compared to when you step out",Entering the bathroom feels different than leaving it,to be in deep water,D,Entering the bathroom feels different than leaving it,The act of going into a bath is not the same as coming out of it,"When you step into a bath, your experience changes compared to when you step out","[""Entering the bathroom feels different than leaving it"",""The act of going into a bath is not the same as coming out of it"",""When you step into a bath, your experience changes compared to when you step out""]",1.0,1.0,2.6,0.92,97.6
a,cot_en,Arabic,MID0175,زى الفراخ رزقه تحت رجليه,He was born with a silver spoon in his mouth.,He was born with a silver spoon in his mouth.,False,He must walk on his food like a chick pecking at the ground,His sustenance is literally buried beneath his shoes,He has chicken-like legs that support his livelihood,He was born with a silver spoon in his mouth.,D,He must walk on his food like a chick pecking at the ground,His sustenance is literally buried beneath his shoes,He has chicken-like legs that support his livelihood,"[""He must walk on his food like a chick pecking at the ground"",""His sustenance is literally buried beneath his shoes"",""He has chicken-like legs that support his livelihood""]",1.0,1.0,0.97,0.92,97.6
a,cot_en,Arabic,MID0176,زي الطاووس يتعاجب بريشه,In love with his own reflection.,In love with his own reflection.,False,In love with his own reflection.,A person who dresses like a peacock is amazed by the feathers they are wearing,A peacock is literally surprised by its own feathers when it sees them,Someone sees a peacock's reflection in water and falls in love with that reflection,A,A peacock is literally surprised by its own feathers when it sees them,A person who dresses like a peacock is amazed by the feathers they are wearing,Someone sees a peacock's reflection in water and falls in love with that reflection,"<reasoning>Readers might take the proverb word‑for‑word, interpreting "" زي "" as a simple simile, "" الطاووس "" as an actual peacock or a person likened to one, "" يتعاجب "" as literal surprise, and "" بريشه "" as the feathers themselves being the object of surprise or affection. This leads to literal‑sounding misunderstandings about who is surprised, what they are surprised by, or what they are in love ",1.0,1.0,2.33,0.88,96.4
a,cot_en,Arabic,MID0177,سكتنا له دخل بحماره,Give him an inch and he’ll take a mile.,Give him an inch and he’ll take a mile.,False,Give him an inch and he’ll take a mile.,We remained silent while he led his donkey into our home.,Our quietness let him bring his donkey inside the building.,"Because we stayed quiet, he was able to bring his donkey through the door.",A,We remained silent while he led his donkey into our home.,Our quietness let him bring his donkey inside the building.,"Because we stayed quiet, he was able to bring his donkey through the door.","<reasoning>A reader might take the Arabic words at face value, imagining a scenario where silence is literally kept while someone physically brings a donkey into a place, missing the idiomatic meaning about giving someone leeway leading to excess.</reasoning>[""We remained silent while he led his donkey into our home."", ""Our quietness let him bring his donkey inside the building."", ""Because we stay",1.0,1.0,1.3,0.81,94.3
a,cot_en,Arabic,MID0178,طباخ السم بيدوقه,What goes around comes around.,What goes around comes around.,False,What goes around comes around.,A person who prepares poison literally shakes or waves the poison in the air.,The poison chef is the one who gets swung (or hit) by the poison.,The cook of poison swings the poison around.,A,The cook of poison swings the poison around.,The poison chef is the one who gets swung (or hit) by the poison.,A person who prepares poison literally shakes or waves the poison in the air.,"<reasoning>A reader unfamiliar with the idiomatic meaning might break the phrase down word‑for‑word: ""طباخ"" (cook/chef), ""السم"" (the poison), and ""بيديوقه"" (a verb form that could be interpreted as 'he swings it', 'he hits him', or 'he shakes it'). From this they could invent literal scenarios where a cook is actively handling poison in a physical way, missing the figurative sense of karma.</reaso",1.0,1.0,2.4,0.87,96.1
a,cot_en,Arabic,MID0179,عامل نفسه من بنها,He turns a blind eye.,He turns a blind eye.,False,He turns a blind eye.,He conducts self‑directed dealings originating from Benha,He receives treatment or service from Benha for himself,He works on himself while in Benha,A,He works on himself while in Benha,He receives treatment or service from Benha for himself,He conducts self‑directed dealings originating from Benha,"<reasoning>If a reader takes each word of the Arabic phrase ""عامل نفسه من بنها"" at face value without knowing its idiomatic meaning, they might interpret it as a literal description of a person’s actions involving the place Benha. For example, they could think the phrase refers to someone working on themselves while in Benha, receiving some kind of treatment or service from Benha, or conducting se",1.0,1.0,1.53,0.79,93.7
a,cot_en,Arabic,MID0180,عصفور في اليد خير من عشرة على الشجرة:,A bird in the hand is worth two in the bush.,A bird in the hand is worth two in the bush.,False,A bird you physically hold in your hand has greater monetary value than two birds perched in a bush.,The saying means that actually holding a bird (like a pet) is better than having two birds flying free in a shrubbery.,"It suggests that a single bird kept in your hand is literally worth more than two birds that are merely sitting on a bush, implying the bird's weight or size is greater.",A bird in the hand is worth two in the bush.,D,A bird you physically hold in your hand has greater monetary value than two birds perched in a bush.,The saying means that actually holding a bird (like a pet) is better than having two birds flying free in a shrubbery.,"It suggests that a single bird kept in your hand is literally worth more than two birds that are merely sitting on a bush, implying the bird's weight or size is greater.","<reasoning>Readers unfamiliar with the idiomatic meaning might take the phrase at face value, imagining a scenario where the physical act of holding a bird is compared to birds located in a bush, leading to literal interpretations about value, weight, or practical benefits of possessing versus observing birds.</reasoning>
[""A bird you physically hold in your hand has greater monetary value than tw",1.0,1.0,2.21,0.79,93.7
a,cot_en,Arabic,MID0181,قد النملة ويعمل عملة,Small but mighty.,Small but mighty.,False,The ant's stature and it performs a coin,Small but mighty.,The ant measures and does work a coin,The ant's height and it makes a coin,B,The ant's height and it makes a coin,The ant measures and does work a coin,The ant's stature and it performs a coin,"[""The ant's height and it makes a coin"",""The ant measures and does work a coin"",""The ant's stature and it performs a coin""]",1.0,1.0,2.67,0.58,87.4
a,cot_en,Arabic,MID0182,كُتْرِ السَّلَامْ يِقِلِّ الْمعْرِفَهْ,Abundance like want ruins many,Abundance like want ruins many,False,Abundance like want ruins many,More peace reduces knowledge,Plenty of safety diminishes acquaintance,Abundance of greetings lessens familiarity,A,More peace reduces knowledge,Abundance of greetings lessens familiarity,Plenty of safety diminishes acquaintance,"<reasoning>When reading the Arabic phrase word‑for‑word without considering its idiomatic sense, a reader might treat each term as a straightforward noun or verb and combine them literally. This can lead to interpretations such as “more peace reduces knowledge,” “abundance of greetings lessens familiarity,” or “plenty of safety diminishes acquaintance.” These readings are plausible syntactically b",1.0,0.6666666666666666,0.93,0.96,88.8
a,cot_en,Arabic,MID0183,لبس البوصة، تبقى عروسة.,(Clothes make the man.),(Clothes make the man.),False,Putting on a sleeve guarantees you remain unmarried.,(Clothes make the man.),Wearing a measuring tape means you will never cease being a bride.,"If you wear an inch of fabric, you will stay a bride.",B,"If you wear an inch of fabric, you will stay a bride.",Putting on a sleeve guarantees you remain unmarried.,Wearing a measuring tape means you will never cease being a bride.,"<reasoning>When encountering the Arabic phrase ""لبس البوصة، تبقى عروسة."", a reader might take each word at face value without considering idiomatic meaning. ""لبس"" can be read literally as ""wearing"" or ""to wear"". ""البوصة"" could be misunderstood as either ""the inch"" (a unit of length) or ""the sleeve"" (since ""بوصة"" can colloquially refer to a sleeve). ""تبقى عروسة"" might be read as ""remains a bride"" o",1.0,1.0,2.67,0.85,95.5
a,cot_en,Arabic,MID0184,مافيش حلاوة من غير نار, (You can't make an omelet without breaking a few eggs., (You can't make an omelet without breaking a few eggs.,False, (You can't make an omelet without breaking a few eggs.,Sugar or honey cannot exist or be tasted without being heated by fire,You cannot have any sweet food unless you first light a fire under it,A person cannot be kind or pleasant unless they are standing near an actual flame,A,You cannot have any sweet food unless you first light a fire under it,A person cannot be kind or pleasant unless they are standing near an actual flame,Sugar or honey cannot exist or be tasted without being heated by fire,"<reasoning>Readers might take the Arabic words at face value, ignoring the metaphorical meaning. They could interpret ""حلاوة"" (sweetness) as a literal sweet food or a sweet-tasting person, and ""نار"" (fire) as an actual flame, leading to concrete but incorrect scenarios where sweetness depends directly on fire, such as needing a flame to produce or enjoy something sweet, or believing that a person'",1.0,1.0,1.4,0.89,96.7
a,cot_en,Arabic,MID0185,متعملش من الحبة قبة,to make a mountain out of a molehill.,to make a mountain out of a molehill.,False,to make a mountain out of a molehill.,Don't turn a grain into a hill,Don't build a dome from a seed,Don't make a mountain out of a pebble,A,Don't build a dome from a seed,Don't turn a grain into a hill,Don't make a mountain out of a pebble,"[""Don't build a dome from a seed"",""Don't turn a grain into a hill"",""Don't make a mountain out of a pebble""]",1.0,1.0,0.92,0.81,94.3
a,cot_en,Arabic,MID0186,مراية الحب عمياء/بصلة المحب خروف,Love is blind.,Love is blind.,False,"Love is literally compared to a sheep's onion, suggesting lovers smell like sheep.","When someone is in love, their onions magically transform into sheep.",Love requires a mirror that cannot see (a blind mirror).,Love is blind.,D,Love requires a mirror that cannot see (a blind mirror).,"When someone is in love, their onions magically transform into sheep.","Love is literally compared to a sheep's onion, suggesting lovers smell like sheep.","<reasoning>When encountering the Arabic proverb, a reader unfamiliar with its idiomatic meaning might take the words at face value, imagining concrete objects like mirrors, onions, and sheep being involved in love, leading to literal but incorrect readings such as love requiring a blind mirror, love turning onions into sheep, or love being compared to a sheep's onion.</reasoning>
[""Love requires a",1.0,1.0,3.78,0.94,98.2
a,cot_en,Arabic,MID0187,مش عاجبك اشرب من البحر,Like it or lump it ,Like it or lump it ,False,The saying tells you to quench your dislike by consuming water from the sea.,Like it or lump it ,It advises a person who is dissatisfied to literally drink from the ocean as a remedy.,"If you don’t like something, you should literally go drink seawater.",B,"If you don’t like something, you should literally go drink seawater.",The saying tells you to quench your dislike by consuming water from the sea.,It advises a person who is dissatisfied to literally drink from the ocean as a remedy.,"<reasoning>
A reader unfamiliar with the idiomatic meaning might take the Arabic phrase word‑for‑word, imagining it as a direct instruction about drinking seawater when something is disliked. They could think the proverb is giving literal advice about hydration, health, or a ritual response to dissatisfaction, ignoring its figurative sense of accepting something unpleasant.
</reason>
[""If you don’",1.0,1.0,2.73,0.92,97.6
a,cot_en,Arabic,MID0188,مش كُل طير يتَّاكِل لحمُه.,It’s ill sitting at Rome and striving with the pope.,It’s ill sitting at Rome and striving with the pope.,False,It’s ill sitting at Rome and striving with the pope.,Not every bird has flesh to eat.,Not every bird practices cannibalism.,Not every bird is edible.,A,Not every bird is edible.,Not every bird has flesh to eat.,Not every bird practices cannibalism.,"[""Not every bird is edible."", ""Not every bird has flesh to eat."", ""Not every bird practices cannibalism.""]",1.0,1.0,0.57,0.63,88.9
a,cot_en,Arabic,MID0189,من كان بيته من زجاج، لا يقذف الناس بالحجارة,People who live in glass houses shouldn't throw stones.,People who live in glass houses shouldn't throw stones.,False,People who live in glass houses shouldn't throw stones.,"If you live in a glass house, you are forbidden from throwing stones at anyone else, lest the stones bounce back and hit you.","A person with a glass house cannot throw stones at all, even for harmless play, because any stone‑throwing is prohibited.","If your house is made of glass, you must not throw stones at your own house because it would shatter the glass.",A,"If your house is made of glass, you must not throw stones at your own house because it would shatter the glass.","If you live in a glass house, you are forbidden from throwing stones at anyone else, lest the stones bounce back and hit you.","A person with a glass house cannot throw stones at all, even for harmless play, because any stone‑throwing is prohibited.","<reasoning>Readers might take the metaphor literally and think the proverb gives a direct, physical rule about stone‑throwing related to a glass house, ignoring its figurative meaning about hypocrisy. They could imagine specific scenarios where the glass house's fragility creates a concrete restriction on throwing stones, such as damaging one's own dwelling, risking rebound, or a blanket ban on an",1.0,1.0,2.44,0.86,95.8
a,cot_en,Arabic,MID0190,نواية تسند الزير,every little helps ,every little helps ,False,Intentions prop up a tiny jar,Good intentions support a small cup,An intention lifts a lightweight object,every little helps ,D,Intentions prop up a tiny jar,Good intentions support a small cup,An intention lifts a lightweight object,"[""Intentions prop up a tiny jar"", ""Good intentions support a small cup"", ""An intention lifts a lightweight object""]",1.0,1.0,2.0,0.87,96.1
a,cot_en,Arabic,MID0191,همه علي بطنه,Eating is his concern.,Eating is his concern.,False,He is literally lying on his stomach.,All responsibilities are placed on his belly.,Eating is his concern.,His stomach is the center of everything.,C,He is literally lying on his stomach.,All responsibilities are placed on his belly.,His stomach is the center of everything.,"[""He is literally lying on his stomach."", ""All responsibilities are placed on his belly."", ""His stomach is the center of everything.""]",1.0,1.0,1.75,0.86,95.8
a,cot_en,Arabic,MID0192,يا خبر النهاردة بفلوس، بكرة يبقي ببلاش,Let's wait and see.,Let's wait and see.,False,"Hey, today's news is paid for, tomorrow's news will be a blessing.",Let's wait and see.,"Oh, the letter today is with money, tomorrow it will be a gift.","Oh, the news today costs cash, tomorrow it will be priceless.",B,"Oh, the letter today is with money, tomorrow it will be a gift.","Hey, today's news is paid for, tomorrow's news will be a blessing.","Oh, the news today costs cash, tomorrow it will be priceless.","<reasoning>Readers might misinterpret the words ""خبر"" (news) as ""letter"" or ""message"", treat ""بفلوس"" (with money) as referring to a specific type of payment like coins or flowers, and misunderstand ""ببلاش"" (for free) as meaning a gift, blessing, or something priceless rather than free of cost. These misunderstandings lead to plausible‑sounding but incorrect literal readings.</reasoning>
[""Oh, the ",1.0,1.0,3.0,0.74,92.2
a,cot_en,Arabic,MID0193,يا صبر أيوب,I wish I have the patience of a saint.,I wish I have the patience of a saint.,False,I wish I have the patience of a saint.,A command to Job to be patient,Addressing a person named Sabr Ayyub,"O, Job's patience as an entity you can address",A,"O, Job's patience as an entity you can address",A command to Job to be patient,Addressing a person named Sabr Ayyub,"<reasoning>A reader unfamiliar with the idiomatic use of the vocative particle ""يا"" might treat each word literally: ""يا"" as an exclamation ""O"", ""صبر"" as the noun ""patience"", and ""أيوب"" as the proper name ""Job"". This can lead to mistaken literal readings such as addressing the abstract quality of patience belonging to Job as if it were a separate entity, interpreting the phrase as a direct command",1.0,1.0,0.81,0.97,99.1
a,cot_en,Arabic,MID0194,يا فَرْحَة ما تَمِّت خَدها الغُراب وطار.,"To rain on one’s parade.
","To rain on one’s parade.
",False,"Oh joy, the crow didn't finish its cheek and flew away.","To rain on one’s parade.
","Hey happiness, the crow didn't complete her cheek and then took off.","O delight, the crow didn't finish pecking her cheek and flew.",B,"Oh joy, the crow didn't finish its cheek and flew away.","Hey happiness, the crow didn't complete her cheek and then took off.","O delight, the crow didn't finish pecking her cheek and flew.","[""Oh joy, the crow didn't finish its cheek and flew away."", ""Hey happiness, the crow didn't complete her cheek and then took off."", ""O delight, the crow didn't finish pecking her cheek and flew.""]",1.0,1.0,2.27,0.66,89.8
a,cot_en,Arabic,MID0195,ياما جاب الغرب لامه,What a dead loss you are,What a dead loss you are,False,"Oh my, the western wind brought her news.",What a dead loss you are,"Oh my, the sunset brought her mother.","Oh my, the West brought her a gift.",B,"Oh my, the West brought her a gift.","Oh my, the sunset brought her mother.","Oh my, the western wind brought her news.","<reasoning>The phrase ياما جاب الغرب لامه can be broken down word‑by‑word: ياما (an exclamation like ""Oh my""), جاب (past tense of ""to bring""), الغرب (literally ""the west"" or ""the sunset""), and لامه (preposition ""to"" + pronoun ""her""). A reader unfamiliar with the idiomatic meaning might take each word at face value and construct a literal scene where the West (or sunset/wind) brings something to a ",1.0,1.0,1.28,0.52,85.6
a,cot_en,Arabic,MID0196,ياما دقت على الراس طبول,An old hand,An old hand,False,An old hand,"A situation where drums are constantly striking someone's head, creating a loud, chaotic scene","A person whose head is constantly being drummed on, causing pain or noise",Someone repeatedly hits their own head with drums,A,Someone repeatedly hits their own head with drums,"A person whose head is constantly being drummed on, causing pain or noise","A situation where drums are constantly striking someone's head, creating a loud, chaotic scene","<reasoning>
The proverb ""ياما دقت على الراس طبول"" literally translates to ""Many times drums were beaten on the head."" A reader unfamiliar with the idiomatic meaning might interpret each word literally, imagining actual drumming actions, physical effects on the head, or a scenario involving repeated percussion. This could lead to mistaken literal readings such as someone repeatedly striking their h",1.0,1.0,3.89,0.94,98.2
a,cot_en,Arabic,MID0197,يرفع الراية البيضاء ,Cave in. / He surrenders. / He admits defeat. / He gives up the fight.,Cave in. / He surrenders. / He admits defeat. / He gives up the fight.,False,He is raising a white flag to signal the final lap in a motor race,Cave in. / He surrenders. / He admits defeat. / He gives up the fight.,He is raising a white flag to show his support for peace movements,He is raising a white flag to indicate a safe swimming area at a beach,B,He is raising a white flag to indicate a safe swimming area at a beach,He is raising a white flag to signal the final lap in a motor race,He is raising a white flag to show his support for peace movements,"<reasoning>A reader taking the phrase literally might think the white flag is being raised for reasons unrelated to surrender, such as signaling safety, indicating a race status, or expressing a peaceful stance, leading to various plausible but incorrect literal readings.</reasoning>
[""He is raising a white flag to indicate a safe swimming area at a beach"",""He is raising a white flag to signal the",1.0,1.0,0.96,0.64,89.2
a,cot_en,Arabic,MID0198,يفتح الله,"No problem./ take it or leave it.""","No problem./ take it or leave it.""",False,God opens the heart,God opens the gate,"No problem./ take it or leave it.""",God opens the path,C,God opens the gate,God opens the heart,God opens the path,"[""God opens the gate"",""God opens the heart"",""God opens the path""]",1.0,0.0,0.57,0.4,52.0
a,cot_en,Arabic,MID0199,يقتل القتيل ويمشي في جنازته,He kills the victim and then shows up at the funeral.,He kills the victim and then shows up at the funeral.,False,He kills someone and then goes to the funeral of a completely unrelated person.,He kills the victim and then shows up at the funeral.,He kills the victim and then simply takes a walk after the funeral ceremony is over.,He kills the victim and then joins the funeral procession as a grieving mourner.,B,He kills someone and then goes to the funeral of a completely unrelated person.,He kills the victim and then simply takes a walk after the funeral ceremony is over.,He kills the victim and then joins the funeral procession as a grieving mourner.,"<reasoning>A reader might take the phrase literally and imagine unrelated or mismatched scenarios: that the killer attends a different person's funeral, that the act of killing is followed by a mundane walk after the funeral, or that the killer participates in the victim's funeral as a mourner rather than as the perpetrator.</reasoning>
[""He kills someone and then goes to the funeral of a complete",1.0,1.0,1.33,0.64,89.2
a,cot_en,Arabic,MID0200,يقطع عِرق وسيّح دمه.,Face the music. / To take the bull by the horns.,Face the music. / To take the bull by the horns.,False,He is cutting a vein to donate blood.,Face the music. / To take the bull by the horns.,He is performing a ritual self‑cut to let his blood flow as an offering.,He is mistakenly trying to staunch a wound by cutting another vein to increase blood flow.,B,He is cutting a vein to donate blood.,He is performing a ritual self‑cut to let his blood flow as an offering.,He is mistakenly trying to staunch a wound by cutting another vein to increase blood flow.,"<reasoning>Readers unfamiliar with the idiomatic meaning might take the Arabic phrase literally, interpreting it as a description of a physical action involving cutting a vein and blood flowing, rather than as a metaphor for facing consequences or confronting a difficulty.</reasoning>
[""He is cutting a vein to donate blood."", ""He is performing a ritual self‑cut to let his blood flow as an offering",1.0,1.0,1.15,0.74,92.2
a,cot_en,Arabic,MID0201,يموت الزمار وصوابعه بتلعب,Old habits die hard.,Old habits die hard.,False,"After the flute player's death, his fingers start playing a tune on their own","When the flute player dies, his fingers involuntarily continue to move as if playing",Old habits die hard.,The flute player dies but his fingers keep playing the flute after his death,C,The flute player dies but his fingers keep playing the flute after his death,"When the flute player dies, his fingers involuntarily continue to move as if playing","After the flute player's death, his fingers start playing a tune on their own","[""The flute player dies but his fingers keep playing the flute after his death"",""When the flute player dies, his fingers involuntarily continue to move as if playing"",""After the flute player's death, his fingers start playing a tune on their own""]",1.0,1.0,3.5,0.72,91.6
a,cot_en,Arabic,MID0202,يموت المعلم ولا يتعلم.,There is always more to learn.,There is always more to learn.,False,A teacher dies before they can acquire any new knowledge,There is always more to learn.,"If a teacher does not learn, they will inevitably die",A teacher's death is caused by their failure to learn,B,A teacher dies before they can acquire any new knowledge,A teacher's death is caused by their failure to learn,"If a teacher does not learn, they will inevitably die","<reasoning>Readers might take the sentence at face value, imagining a scenario where a teacher's death directly relates to learning—such as dying before learning, dying because they didn't learn, or learning being a condition that prevents death.</reasoning>[""A teacher dies before they can acquire any new knowledge"",""A teacher's death is caused by their failure to learn"",""If a teacher does not lea",1.0,1.0,1.67,0.91,97.3
a,cot_en,Arabic,MID0203,يودع سره في اضعف خلقه:,small but mighty (or mighty mite),small but mighty (or mighty mite),False,small but mighty (or mighty mite),He buries his secret inside the weakest part of his body.,He entrusts his confidential information to his least capable child.,He places his secret in the most fragile object he owns.,A,He buries his secret inside the weakest part of his body.,He places his secret in the most fragile object he owns.,He entrusts his confidential information to his least capable child.,"[""He buries his secret inside the weakest part of his body."", ""He places his secret in the most fragile object he owns."", ""He entrusts his confidential information to his least capable child.""]",1.0,1.0,1.78,0.84,95.2
a,cot_en,Arabic,MID0204,یطفح الكیل.,To reach a breaking point,To reach a breaking point,False,The cup literally overflows with liquid.,To reach a breaking point,The bucket is filled to the brim and spills over.,The measuring container exceeds its capacity and pours out.,B,The cup literally overflows with liquid.,The bucket is filled to the brim and spills over.,The measuring container exceeds its capacity and pours out.,"[""The cup literally overflows with liquid."", ""The bucket is filled to the brim and spills over."", ""The measuring container exceeds its capacity and pours out.""]",1.0,1.0,1.67,0.91,97.3
a,cot_en,Arabic,MID0205,یعرف من أین تؤكل الكتف.,To know which side one's bread is buttered on,To know which side one's bread is buttered on,False,Understanding from which direction to approach a roasted shoulder for carving,Knowing which side of a lamb's shoulder is tender enough to eat,Determining the correct side of a meat joint to bite into for the best flavor,To know which side one's bread is buttered on,D,Knowing which side of a lamb's shoulder is tender enough to eat,Understanding from which direction to approach a roasted shoulder for carving,Determining the correct side of a meat joint to bite into for the best flavor,"<reasoning>A reader unfamiliar with the idiomatic meaning might interpret the phrase literally as referring to the physical act of eating a shoulder of meat, leading to guesses about knowing which part or side of an animal's shoulder is edible, or about determining the correct direction or method for consuming a shoulder cut, perhaps confusing it with cooking techniques, butchery practices, or eve",1.0,1.0,1.41,0.82,94.6
a,cot_en,Arabic,MID0206,أذنك من وين يا جحا.,The shortest distance between two points is a straight line.,The shortest distance between two points is a straight line.,False,The asker wants to know from which store or place Juha obtained his ear,The shortest distance between two points is a straight line.,The speaker is asking Juha to point out where his ear is located on his head,The question is inquiring about the direction from which Juha's ear can hear sounds,B,The speaker is asking Juha to point out where his ear is located on his head,The question is inquiring about the direction from which Juha's ear can hear sounds,The asker wants to know from which store or place Juha obtained his ear,"<reasoning>A reader unfamiliar with the idiomatic use of Juha jokes might take the words literally, wondering about the physical location or origin of Juha's ear, or interpreting the question as a request for directional or spatial information about the ear, leading to various concrete but incorrect readings.</reasoning>
[""The speaker is asking Juha to point out where his ear is located on his hea",1.0,1.0,1.47,0.83,94.9
a,cot_en,Arabic,MID0207,أنت أمير وأنا أمير من يقود الحمير.,Two kings can't rule a kingdom. / Too many cooks spoil the broth.,Two kings can't rule a kingdom. / Too many cooks spoil the broth.,False,Two kings can't rule a kingdom. / Too many cooks spoil the broth.,A prince and his companion who drives donkeys both insist they are royalty.,"The speaker says that he and the other person are both princes, and they each own a donkey.",Two princes are arguing over who gets to lead a herd of donkeys.,A,Two princes are arguing over who gets to lead a herd of donkeys.,A prince and his companion who drives donkeys both insist they are royalty.,"The speaker says that he and the other person are both princes, and they each own a donkey.","The proverb uses metaphorical language about leadership, but a reader might mistakenly treat the words ""أمير"" (prince) and ""الحمير"" (donkeys) as literal references, imagining a scenario involving actual royalty and animals rather than a comment on conflicting authority. This could lead to interpretations where the speakers are literally claiming princely status while discussing donkeys, or where t",1.0,1.0,1.13,0.86,95.8
a,cot_en,Arabic,MID0208,إذا طاح الجمل كثرت سكاكينه.,"When the tree is fallen, every one runs to it with his axe","When the tree is fallen, every one runs to it with his axe",False,"When a camel collapses, it summons many swords","When the tree is fallen, every one runs to it with his axe","When a camel trips, it spawns a knife market","When a camel falls, it grows more knives",B,"When a camel falls, it grows more knives","When a camel collapses, it summons many swords","When a camel trips, it spawns a knife market","<reasoning>Readers might take the Arabic words at face value without considering idiomatic meaning, leading to literal but incorrect readings such as interpreting ""طاح"" as a physical fall, ""الجمل"" strictly as the animal camel, and ""سكاكينه"" as actual knives that multiply or appear. They might imagine scenarios where the camel's falling causes knives to proliferate, or that the event triggers a sur",1.0,1.0,0.64,0.67,90.1
a,cot_en,Arabic,MID0209,إذا كان المتحدث مينون يكون المستمع عاقل,Don't take everything at face value.,Don't take everything at face value.,False,"When the speaker is Minnon, the listener automatically gains wisdom.","If the speaker is named Minnon, then the listener must be intelligent.",Don't take everything at face value.,Only when the speaker is a person called Minnon does the listener become sensible.,C,"If the speaker is named Minnon, then the listener must be intelligent.",Only when the speaker is a person called Minnon does the listener become sensible.,"When the speaker is Minnon, the listener automatically gains wisdom.","[""If the speaker is named Minnon, then the listener must be intelligent."", ""Only when the speaker is a person called Minnon does the listener become sensible."", ""When the speaker is Minnon, the listener automatically gains wisdom.""]",1.0,1.0,2.0,0.72,91.6
a,cot_en,Arabic,MID0210,إذا ما طاعك الزمان طيعه.,Roll with the punches.,Roll with the punches.,False,"If you follow the calendar, the calendar will follow you.",Roll with the punches.,"If you obey your watch, your watch will obey you.","When the clock listens to you, you must listen to the clock.",B,"If you obey your watch, your watch will obey you.","When the clock listens to you, you must listen to the clock.","If you follow the calendar, the calendar will follow you.","<reasoning>The proverb literally says ""If time obeys you, obey it,"" meaning adapt to circumstances. A reader might mistakenly treat ""time"" as a concrete object like a watch or clock and think the saying is about mutual obedience between a person and that object.</reasoning>
[""If you obey your watch, your watch will obey you."", ""When the clock listens to you, you must listen to the clock."", ""If you",1.0,1.0,2.67,0.83,94.9
a,cot_en,Arabic,MID0211,إذا ياتك العويه من السفية خلها.,Don't give a fool a platform.,Don't give a fool a platform.,False,"If the owl arrives from the boat, let it go.","If the eagle comes from the river, discard it.","When the foolish person comes from the swamp, abandon them.",Don't give a fool a platform.,D,"If the owl arrives from the boat, let it go.","When the foolish person comes from the swamp, abandon them.","If the eagle comes from the river, discard it.","[""If the owl arrives from the boat, let it go."", ""When the foolish person comes from the swamp, abandon them."", ""If the eagle comes from the river, discard it.""]",1.0,1.0,1.61,0.82,94.6
a,cot_en,Arabic,MID0212,إشلك بالبحر وأهواله، ورزق الله على السيف,Don't reinvent the wheel.,Don't reinvent the wheel.,False,"The proverb tells you to face maritime hardships while carrying a sword, as divine sustenance awaits those who do.","It literally means that one’s problems lie in the ocean and its perils, and that God’s provision is found upon a sword.","You should seek your livelihood by braving the sea and its dangers, trusting that God will provide food if you wield a sword.",Don't reinvent the wheel.,D,"You should seek your livelihood by braving the sea and its dangers, trusting that God will provide food if you wield a sword.","The proverb tells you to face maritime hardships while carrying a sword, as divine sustenance awaits those who do.","It literally means that one’s problems lie in the ocean and its perils, and that God’s provision is found upon a sword.","[""You should seek your livelihood by braving the sea and its dangers, trusting that God will provide food if you wield a sword."", ""The proverb tells you to face maritime hardships while carrying a sword, as divine sustenance awaits those who do."", ""It literally means that one’s problems lie in the ocean and its perils, and that God’s provision is found upon a sword.""]",1.0,1.0,5.33,0.9,97.0
a,cot_en,Arabic,MID0213,احفظ جديمك.. جديدك ما يدوم.,Old is gold.,Old is gold.,False,"Guard your old jokes, your new jokes fade quickly",Old is gold.,"Preserve your grandfather, your new possessions do not last","Keep your antique furniture, your modern furniture breaks soon",B,"Preserve your grandfather, your new possessions do not last","Guard your old jokes, your new jokes fade quickly","Keep your antique furniture, your modern furniture breaks soon","<reasoning>A reader unfamiliar with Arabic might misparse the phrase by confusing similar‑looking roots or treating the words as referring to people or objects literally, leading to interpretations such as preserving a grandfather, guarding old jokes, or keeping antique furniture while assuming new items quickly break.</reasoning>
[""Preserve your grandfather, your new possessions do not last"",""Gua",1.0,1.0,3.0,0.91,97.3
a,cot_en,Arabic,MID0214,ادعونه نهوش ادعونه نفتكر,Be sane.,Be sane.,False,"We call him, we call him, we think",Be sane.,"We call him a hustle, we call him we think","We call him Nahush, we call him Nafkir",B,"We call him Nahush, we call him Nafkir","We call him a hustle, we call him we think","We call him, we call him, we think","<reasoning>The phrase ""ادعونه نهوش ادعونه نفتكر"" contains repeated ""ادعونه"" (literally ""we call him""/""we invoke him"") followed by unfamiliar words ""نهوش"" and ""نفكر"". A reader unfamiliar with the idiom might treat each segment as a separate literal word or name, leading to mistaken literal readings such as interpreting the unfamiliar bits as nouns (like names or objects) or as verbs with unrelated ",1.0,1.0,4.33,0.64,89.2
a,cot_en,Arabic,MID0215,اصبر والحجر توديك,"After black clouds, clear weather./ Slow and steady wins the race.
","After black clouds, clear weather./ Slow and steady wins the race.
",False,Be patient and the stone will love you,"After black clouds, clear weather./ Slow and steady wins the race.
",Be patient and the stone will follow you,Be patient and the stone will carry you,B,Be patient and the stone will love you,Be patient and the stone will carry you,Be patient and the stone will follow you,"<reasoning>A reader unfamiliar with the idiomatic meaning might treat each word literally and guess that the verb توديك expresses an action the stone performs toward the listener. Since the root و‑د can convey notions of love, carrying, accompanying, or following, they could incorrectly assume the stone loves, carries, or follows the patient person, leading to literal readings that miss the figura",1.0,1.0,0.73,0.22,76.6
a,cot_en,Arabic,MID0216,اصبوعي في حلوجهم وصبوعهم في عيوني.,Evil in return for god deed.,Evil in return for god deed.,False,"My patience is in their labor, and their patience is in my sight.","My pouring is in their containers, and their pouring is in my eyes.",Evil in return for god deed.,"My effort goes into their tasks, and their effort goes into my vision.",C,"My patience is in their labor, and their patience is in my sight.","My pouring is in their containers, and their pouring is in my eyes.","My effort goes into their tasks, and their effort goes into my vision.","[""My patience is in their labor, and their patience is in my sight."", ""My pouring is in their containers, and their pouring is in my eyes."", ""My effort goes into their tasks, and their effort goes into my vision.""]",1.0,1.0,2.17,0.69,90.7
a,cot_en,Arabic,MID0217,اعمل خير وعقه بحر,Do good and cast it into the sea.,Do good and cast it into the sea.,False,Carry out a good action and then bury or submerge the sea beneath the ground.,Do good and cast it into the sea.,Do a good deed and then physically remove or cast away the sea itself.,Literally perform a good deed and then throw that deed (as an object) into the ocean.,B,Literally perform a good deed and then throw that deed (as an object) into the ocean.,Do a good deed and then physically remove or cast away the sea itself.,Carry out a good action and then bury or submerge the sea beneath the ground.,"<reasoning>Readers might take the figurative advice to “do good and let it go” as a literal instruction about physical actions involving the sea, imagining that the good deed itself must be thrown into the water, that the sea must be discarded, or that the sea must be submerged or hidden as a result of doing good.</reasoning>
[""Literally perform a good deed and then throw that deed (as an object) ",1.0,1.0,1.88,0.73,91.9
a,cot_en,Arabic,MID0218,اقنع تشبع.,Contentment is wealth.,Contentment is wealth.,False,Contentment is wealth.,"Satisfy others, you will become full.","Convince yourself, you will be satisfied.","Be appeased, you will overflow.",A,"Convince yourself, you will be satisfied.","Satisfy others, you will become full.","Be appeased, you will overflow.","<reasoning>
A reader unfamiliar with the Arabic root might mistake the imperative ""اقنع"" for the verb ""to convince"" (since the same letters can appear in that meaning in other contexts) and interpret ""تشبع"" as a passive state of being satisfied rather than its literal sense of becoming full or satiated. This could lead to readings where the phrase is taken as a directive to persuade someone or one",1.0,1.0,1.89,0.73,91.9
a,cot_en,Arabic,MID0219,البحر فيه لاغش,The worst is yet to come.,The worst is yet to come.,False,The sea is lacking a dash.,The sea has no gash.,The sea contains a lagash.,The worst is yet to come.,D,The sea has no gash.,The sea contains a lagash.,The sea is lacking a dash.,"<reasoning>An English speaker looking at the Arabic sentence might treat each word as a separate loanword or cognate, mis‑segment the phrase, or rely on superficial sound‑alikes. For example, they could read the definite article “الـ” as the English word “the”, mistake “بحر” for “bear”, interpret “فيه” as the English word “fee”, and take “لاغش” to look like “logo”, “lagash”, or “gash”. These misre",1.0,1.0,0.89,0.72,91.6
a,cot_en,Arabic,MID0220,البحر له ناس لفيحه، يعرفون التوح من اليره، موب كل من تاح سريحه، قال هذا خيط وبيره.,Never send a boy to do a man's job.,Never send a boy to do a man's job.,False,"The sea’s foam employs people who can differentiate a knot from a loop, and not everyone who experiences a splash declares this is a thread and its buoy.",Never send a boy to do a man's job.,"The sea has people for its surface, they can tell the difference between a rope and a thread, and not everyone who gets a situation says this is a thread and its buoy.","Ocean dwellers have people for their gills, they know the distinction between a fish and a shrimp, and not everyone who catches a fish claims this is a thread and its bait.",B,"The sea has people for its surface, they can tell the difference between a rope and a thread, and not everyone who gets a situation says this is a thread and its buoy.","Ocean dwellers have people for their gills, they know the distinction between a fish and a shrimp, and not everyone who catches a fish claims this is a thread and its bait.","The sea’s foam employs people who can differentiate a knot from a loop, and not everyone who experiences a splash declares this is a thread and its buoy.","[""The sea has people for its surface, they can tell the difference between a rope and a thread, and not everyone who gets a situation says this is a thread and its buoy."", ""Ocean dwellers have people for their gills, they know the distinction between a fish and a shrimp, and not everyone who catches a fish claims this is a thread and its bait."", ""The sea’s foam employs people who can differentiate",1.0,1.0,3.44,0.66,89.8
a,cot_en,Arabic,MID0221,"البعد بعد القلوب موب بعد الدروب.
","Love knows no distance.

or 

Distance means so little, when you mean so much.","Love knows no distance.

or 

Distance means so little, when you mean so much.",False,"Love knows no distance.

or 

Distance means so little, when you mean so much.","If you go far away from someone's heart, you will not be far from the road.",The distance that comes after the heart is not the same as the distance that comes after the road.,The space that follows feelings differs from the space that follows a path.,A,The distance that comes after the heart is not the same as the distance that comes after the road.,"If you go far away from someone's heart, you will not be far from the road.",The space that follows feelings differs from the space that follows a path.,"<reasoning>Readers unfamiliar with the idiomatic use of ""بعد"" (which can mean both ""distance"" and ""after"") and the colloquial negation ""موب"" might treat the phrase as a literal statement about sequencing or comparison of distances. They could interpret it as talking about measuring distances that come after the heart versus after a road, or as a conditional about travel far from a heart implying p",1.0,1.0,1.14,0.88,96.4
a,cot_en,Arabic,MID0222,الحب يطلع على بذره.,You reap what you sow.,You reap what you sow.,False,Love is literally visible on top of a seed,Love is a seed that you can see sprouting,You reap what you sow.,Love emerges from a seed like a plant growing,C,Love is literally visible on top of a seed,Love is a seed that you can see sprouting,Love emerges from a seed like a plant growing,"[""Love is literally visible on top of a seed"",""Love is a seed that you can see sprouting"",""Love emerges from a seed like a plant growing""]",1.0,1.0,1.8,0.76,92.8
a,cot_en,Arabic,MID0223,الحسود لا يسود,Jealousy eats away at the jealous.,Jealousy eats away at the jealous.,False,"A jealous person cannot become a blacksmith, as they lack the skill to work with black metal.",A jealous person will never be able to lead a group of black camels.,Jealousy eats away at the jealous.,A jealous person will never turn black (their skin will stay light).,C,A jealous person will never turn black (their skin will stay light).,"A jealous person cannot become a blacksmith, as they lack the skill to work with black metal.",A jealous person will never be able to lead a group of black camels.,"[""A jealous person will never turn black (their skin will stay light)."",""A jealous person cannot become a blacksmith, as they lack the skill to work with black metal."",""A jealous person will never be able to lead a group of black camels.""]",1.0,1.0,2.39,0.76,92.8
a,cot_en,Arabic,MID0224,الديك يصقع في البيضه,A pint-sized man. ,A pint-sized man. ,False,A pint-sized man. ,A rooster pecking at an egg,A rooster laying an egg,A rooster crowing inside an egg,A,A rooster crowing inside an egg,A rooster laying an egg,A rooster pecking at an egg,"<reasoning>A reader taking each word at face value might picture the rooster (الديك) performing the action denoted by the verb (يصقع) inside or with reference to an egg (في البيضة), leading to images of the bird crowing, laying, or pecking an egg rather than the idiomatic sense of describing a short person.</reasoning>
[""A rooster crowing inside an egg"",""A rooster laying an egg"",""A rooster pecking",1.0,1.0,1.89,0.45,83.5
a,cot_en,Arabic,MID0225,الزاد يفنى والربيع يدوم.,"If everything perishes, a loyal friend will remain.","If everything perishes, a loyal friend will remain.",False,Food supplies are exhausted while the spring season continues.,"If everything perishes, a loyal friend will remain.",The provisions run out and spring lasts.,The stockpile diminishes but the spring endures.,B,The provisions run out and spring lasts.,Food supplies are exhausted while the spring season continues.,The stockpile diminishes but the spring endures.,"[""The provisions run out and spring lasts."", ""Food supplies are exhausted while the spring season continues."", ""The stockpile diminishes but the spring endures.""]",1.0,1.0,0.96,0.84,95.2
a,cot_en,Arabic,MID0226,السمكة الخايسة تخيس السمك كله,The rotten apple injures its neighbor.,The rotten apple injures its neighbor.,False,A lost fish causes all the fish to become lost.,The rotten apple injures its neighbor.,A deficient fish makes the whole school of fish deficient.,A sad fish makes all the other fish sad.,B,A sad fish makes all the other fish sad.,A lost fish causes all the fish to become lost.,A deficient fish makes the whole school of fish deficient.,"<reasoning>Readers might misinterpret the Arabic word ""خايسة"" (khā'isa) as meaning ""sad,"" ""lost,"" or ""deficient"" instead of ""rotten/spoiled,"" leading them to take the proverb literally in a psychological or quantitative sense rather than about spoilage.</reasoning>
[""A sad fish makes all the other fish sad."", ""A lost fish causes all the fish to become lost."", ""A deficient fish makes the whole scho",1.0,1.0,1.61,0.73,91.9
a,cot_en,Arabic,MID0227,الشيفة شيفة، والمعاني ضعيفة,still waters run deep.,still waters run deep.,False,"The phrase means that still water is just still water, with weak or insignificant meaning",still waters run deep.,The water is literally motionless and has no hidden depth,It suggests that calm water lacks any substantial qualities or significance,B,The water is literally motionless and has no hidden depth,"The phrase means that still water is just still water, with weak or insignificant meaning",It suggests that calm water lacks any substantial qualities or significance,"[""The water is literally motionless and has no hidden depth"", ""The phrase means that still water is just still water, with weak or insignificant meaning"", ""It suggests that calm water lacks any substantial qualities or significance""]",1.0,1.0,3.0,0.89,96.7
a,cot_en,Arabic,MID0228,الصافع ينسى والمصفوع ما ينسى,"The axe forgets but the tree remembers.
or
The tree remembers what the axe forgets.","The axe forgets but the tree remembers.
or
The tree remembers what the axe forgets.",False,"The word ‘axe’ means ‘to forget’ and the word ‘tree’ means ‘memory,’ so the sentence says that forgetting is an action performed by an axe and remembering is a thing that is a tree.","An axe (as a person) forgets things, while a tree (as a person) never forgets anything.","The axe forgets but the tree remembers.
or
The tree remembers what the axe forgets.","An axe can lose its memory of where it was used, but a tree can retain memories of past events stored in its rings.",C,"An axe (as a person) forgets things, while a tree (as a person) never forgets anything.","An axe can lose its memory of where it was used, but a tree can retain memories of past events stored in its rings.","The word ‘axe’ means ‘to forget’ and the word ‘tree’ means ‘memory,’ so the sentence says that forgetting is an action performed by an axe and remembering is a thing that is a tree.","<reasoning>
A reader might take the metaphorical wording literally, imagining that an axe and a tree are beings with cognitive abilities like forgetting or remembering, or that the words themselves denote actions or objects in a non‑figurative sense. This leads to mistaken literal readings such as attributing memory loss to the axe and memory retention to the tree, interpreting the axe as a person",1.0,1.0,1.64,0.9,97.0
a,cot_en,Arabic,MID0229,الصديج قبل الطريج,Choose a partner/ friend before choosing a path.,Choose a partner/ friend before choosing a path.,False,You must first find or secure a friend before you can obtain or build a road/path.,Choose a partner/ friend before choosing a path.,"The phrase means you should put a friend literally in front of a road (e.g., have a companion walk ahead of you on a path).",It advises that you will meet a friend before you encounter a road while traveling.,B,You must first find or secure a friend before you can obtain or build a road/path.,"The phrase means you should put a friend literally in front of a road (e.g., have a companion walk ahead of you on a path).",It advises that you will meet a friend before you encounter a road while traveling.,"<reasoning>A reader unfamiliar with the idiomatic meaning might treat the phrase as a literal instruction about the order of objects or actions, thinking it tells you to physically place a friend before a road, to acquire a friend before obtaining a path, or to encounter a friend before encountering a road in a journey. These interpretations ignore the metaphorical advice about choosing companions",1.0,1.0,2.33,0.86,95.8
a,cot_en,Arabic,MID0230,الضرب في الميت حرام.,Don't beat a dead horse.,Don't beat a dead horse.,False,Beating any lifeless animal is prohibited.,You must not hit a dead horse.,Don't beat a dead horse.,It is forbidden to strike a corpse.,C,It is forbidden to strike a corpse.,You must not hit a dead horse.,Beating any lifeless animal is prohibited.,"[""It is forbidden to strike a corpse."", ""You must not hit a dead horse."", ""Beating any lifeless animal is prohibited.""]",1.0,1.0,1.33,0.95,98.5
a,cot_en,Arabic,MID0231,العين بصيرة، واليد قصيرة,the eyes desire what the hands can't reach.,the eyes desire what the hands can't reach.,False,The eyes have keen vision while the hand is physically short,"The eyes possess foresight or wisdom, whereas the hand lacks the length or strength to act",The eyes can see far away objects but the hand cannot reach them because it is stubby,the eyes desire what the hands can't reach.,D,The eyes have keen vision while the hand is physically short,The eyes can see far away objects but the hand cannot reach them because it is stubby,"The eyes possess foresight or wisdom, whereas the hand lacks the length or strength to act","<reasoning>Readers might treat each word in the proverb as a direct, physical description rather than a metaphor. They could interpret ""البصيرة"" as simply good vision or insight, and ""اليد قصيرة"" as a literal shortness of the hand, leading to interpretations that focus on eyesight versus hand length or ability, ignoring the figurative meaning about desire versus attainment.</reasoning>
[""The eyes ",1.0,1.0,1.83,0.85,95.5
a,cot_en,Arabic,MID0232,الفضول قتل العيوز.,Curiosity killed the cat.,Curiosity killed the cat.,False,"An overzealous researcher performs invasive experiments on an old laboratory animal, driven by sheer curiosity",Curiosity killed the cat.,"A nosy neighbor constantly spies on an elderly couple, spreading rumors that cause them emotional distress",A curious child repeatedly asks an old woman questions until she becomes upset and loses her appetite,B,A curious child repeatedly asks an old woman questions until she becomes upset and loses her appetite,"A nosy neighbor constantly spies on an elderly couple, spreading rumors that cause them emotional distress","An overzealous researcher performs invasive experiments on an old laboratory animal, driven by sheer curiosity","<reasoning>A reader unfamiliar with the idiom might take each word at face value, assuming ""الفضول"" refers to a literal act of being nosy or prying, and ""العجوز"" refers specifically to an elderly person (often a woman). They might imagine scenarios where an inquisitive action directly causes harm to an old individual, such as poking, questioning, or disturbing them, leading to literal but incorrec",1.0,1.0,4.0,0.93,97.9
a,cot_en,Arabic,MID0233,القطو العود ما يتربى.,You can't teach an old dog new tricks. ,You can't teach an old dog new tricks. ,False,Cats cannot be taught to play the oud.,Cats and firewood are not raised together in a household.,A piece of wood does not grow on a cat's back.,You can't teach an old dog new tricks. ,D,Cats cannot be taught to play the oud.,A piece of wood does not grow on a cat's back.,Cats and firewood are not raised together in a household.,"<reasoning>
A reader might take each word at face value without considering the idiomatic meaning: ""القطو"" could be misread as ""cats"" (or a typo for ""القطط""), ""العود"" as ""the wood"" or ""the oud instrument"", and ""ما يتربى"" as ""does not get raised/brought up"". Combining these literal meanings leads to absurd statements about cats, wood, and musical instruments that are not the intended proverb.
</rea",1.0,1.0,1.21,0.94,98.2
a,cot_en,Arabic,MID0234,الكذب حبله قصير.,Lies will get found out.,Lies will get found out.,False,A liar must use a short rope to tie things up.,The act of lying requires a rope that is physically short in length.,"When you tell a lie, you only have a short piece of rope available.",Lies will get found out.,D,A liar must use a short rope to tie things up.,"When you tell a lie, you only have a short piece of rope available.",The act of lying requires a rope that is physically short in length.,"[""A liar must use a short rope to tie things up."", ""When you tell a lie, you only have a short piece of rope available."", ""The act of lying requires a rope that is physically short in length.""]",1.0,1.0,2.53,0.83,94.9
a,cot_en,Arabic,MID0235,الكلب ما ينبح الا عند دار أهله,The dog only barks at its owner's house.,The dog only barks at its owner's house.,False,The dog only barks when it is physically inside its owner's house.,"The dog only barks to warn or protect the owner's house, implying it never barks for any other reason.",The dog only barks at its owner's house.,"The dog only barks at the sight of its owner's house, never at other houses or objects.",C,The dog only barks when it is physically inside its owner's house.,"The dog only barks at the sight of its owner's house, never at other houses or objects.","The dog only barks to warn or protect the owner's house, implying it never barks for any other reason.","<reasoning>
A reader might interpret the proverb purely literally, focusing on the dog's barking behavior and the concept of ""owner's house"" without considering the metaphorical meaning about loyalty or familiarity. They could think the statement describes a specific condition under which a dog barks, such as only when it is physically at its owner's residence, or that the dog's barking is trigger",1.0,1.0,2.0,0.69,90.7
a,cot_en,Arabic,MID0236,اللي فات مات.,let bygones be bygones.,let bygones be bygones.,False,let bygones be bygones.,Those who have left are dead.,The past kills you.,"If you miss something, it dies.",A,Those who have left are dead.,"If you miss something, it dies.",The past kills you.,"<reasoning>
Readers unfamiliar with the idiomatic meaning might take the words literally, interpreting ""اللي فات مات"" as a statement about physical death or loss rather than advice to let go of the past. They could think it refers to people who have departed being dead, that missing something causes it to die, or that the past itself is a lethal force.
</reasoning>
[""Those who have left are dead.""",1.0,0.6666666666666666,1.33,1.0,90.0
a,cot_en,Arabic,MID0237,اللي في القدر يطلعه الملاس,Let's wait and hold to see what the future holds.,Let's wait and hold to see what the future holds.,False,Let's wait and hold to see what the future holds.,Whatever is inside the pot will be revealed by the ladle's sound.,The pot will tell the spoon what to do next.,The spoon will lift the pot out of the fire.,A,The spoon will lift the pot out of the fire.,Whatever is inside the pot will be revealed by the ladle's sound.,The pot will tell the spoon what to do next.,"<reasoning>A reader unfamiliar with the idiomatic sense might take the words literally as a kitchen scene, imagining the pot, its contents, and the spoon interacting in various concrete ways—such as the spoon physically moving the pot, the pot's contents being announced by the spoon, or the pot giving instructions to the spoon.</reasoning>
[""The spoon will lift the pot out of the fire."", ""Whatever",1.0,1.0,1.07,0.78,93.4
a,cot_en,Arabic,MID0238,اللي في قلبه صلاة ما تفوته.,"The key to success is to focus on goals, not obstacles.
\ Don’t wait for opportunity, Create it.","The key to success is to focus on goals, not obstacles.
\ Don’t wait for opportunity, Create it.",False,"If you literally place a prayer inside your heart, you will never miss your target when throwing a ball.",Having a prayer physically stored in your heart guarantees you will never miss a bus or appointment.,Someone who keeps a prayer literally in their chest will never lose their belongings.,"The key to success is to focus on goals, not obstacles.
\ Don’t wait for opportunity, Create it.",D,"If you literally place a prayer inside your heart, you will never miss your target when throwing a ball.",Someone who keeps a prayer literally in their chest will never lose their belongings.,Having a prayer physically stored in your heart guarantees you will never miss a bus or appointment.,"<reasoning>Readers might take the metaphorical prayer (الصلاة) as a literal object that can be placed inside the physical heart (القلب), and interpret ""ما تفوته"" as a physical act of not missing something, leading to absurd literal meanings such as guaranteeing success in sports, never losing items, or never missing transportation.</reasoning>
[""If you literally place a prayer inside your heart, y",1.0,1.0,0.93,0.77,93.1
a,cot_en,Arabic,MID0239,اللي ما عنده عمل يكاري له جمل واللي ما عنده حيله يلعب التيله,A cat in gloves catches no mice.,A cat in gloves catches no mice.,False,"If you have no job, you must rent a camel to do your work for you.","If you have no cleverness, you should play the game of tila to pass the time.",A cat in gloves catches no mice.,The proverb literally tells unemployed people to hire camels and unskilled people to play games.,C,"If you have no job, you must rent a camel to do your work for you.","If you have no cleverness, you should play the game of tila to pass the time.",The proverb literally tells unemployed people to hire camels and unskilled people to play games.,"[""If you have no job, you must rent a camel to do your work for you."", ""If you have no cleverness, you should play the game of tila to pass the time."", ""The proverb literally tells unemployed people to hire camels and unskilled people to play games.""]",1.0,1.0,2.24,0.88,96.4
a,cot_en,Arabic,MID0240,اللي ما له أول ما له تالي.,"Without a past, there is no present.","Without a past, there is no present.",False,"If a thing has no start, it will still have a continuation.",Someone who lacks a beginning will inevitably have an end.,"Without a past, there is no present.",He who does not possess an origin will nevertheless have a follower.,C,Someone who lacks a beginning will inevitably have an end.,"If a thing has no start, it will still have a continuation.",He who does not possess an origin will nevertheless have a follower.,"[""Someone who lacks a beginning will inevitably have an end."", ""If a thing has no start, it will still have a continuation."", ""He who does not possess an origin will nevertheless have a follower.""]",1.0,1.0,1.62,0.8,94.0
a,cot_en,Arabic,MID0241,اللي ماله صدر ماله تفر.,"No beginning, no end.","No beginning, no end.",False,"No beginning, no end.",Having no chest means one cannot cause anything to be dispersed or spread abroad.,"If a person has no chest, they cannot spread things out or cause them to scatter.",Someone who lacks a chest also lacks the ability to scatter or disperse.,A,Someone who lacks a chest also lacks the ability to scatter or disperse.,"If a person has no chest, they cannot spread things out or cause them to scatter.",Having no chest means one cannot cause anything to be dispersed or spread abroad.,"[""Someone who lacks a chest also lacks the ability to scatter or disperse."", ""If a person has no chest, they cannot spread things out or cause them to scatter."", ""Having no chest means one cannot cause anything to be dispersed or spread abroad.""]",1.0,1.0,3.58,0.83,94.9
a,cot_en,Arabic,MID0242,اللي يطيع أبوه يطيعونه عياله.,Like father like son.,Like father like son.,False,Like father like son.,The one who obeys his father will obey his father's siblings.,The one who obeys his father will be obeyed by his father.,The one who obeys his father will be obeyed by his neighbors.,A,The one who obeys his father will be obeyed by his father.,The one who obeys his father will obey his father's siblings.,The one who obeys his father will be obeyed by his neighbors.,"[""The one who obeys his father will be obeyed by his father."", ""The one who obeys his father will obey his father's siblings."", ""The one who obeys his father will be obeyed by his neighbors.""]",1.0,1.0,2.92,0.39,81.7
a,cot_en,Arabic,MID0243,المطر قطرة على قطرة يظول غدير., A journey of thousand miles begins with a single step., A journey of thousand miles begins with a single step.,False,A drop of rain on another drop continues to be a trickle.,"The storm, a bead upon a bead, remains a small valley.", A journey of thousand miles begins with a single step.,A raindrop on a raindrop stays a puddle.,C,"The storm, a bead upon a bead, remains a small valley.",A raindrop on a raindrop stays a puddle.,A drop of rain on another drop continues to be a trickle.,"<reasoning>Readers unfamiliar with the idiomatic meaning might take each word at face value, interpreting ""المطر"" as a weather phenomenon, ""قطرة"" as a literal bead or droplet, ""على"" as simply ""on"", ""يظل"" as ""remains/stays"", and ""غدير"" as a small pool or valley. This leads to literal‑sounding readings that miss the metaphorical sense of accumulation.</reasoning>
[""The storm, a bead upon a bead, rem",1.0,1.0,1.03,0.9,97.0
a,cot_en,Arabic,MID0244,اليوز لو ما تكسره ما تاكل لبه,"Nothing ventured, nothing gained./ Whoever strives shall find, whoever sows shall reap.","Nothing ventured, nothing gained./ Whoever strives shall find, whoever sows shall reap.",False,"If you don't break the yuzu fruit, you won't be able to eat its juicy segments.","If you don't break the hard shell of the seed, you cannot eat the edible kernel inside.","If you don't crack the bone, you won't get to eat the marrow inside.","Nothing ventured, nothing gained./ Whoever strives shall find, whoever sows shall reap.",D,"If you don't break the yuzu fruit, you won't be able to eat its juicy segments.","If you don't crack the bone, you won't get to eat the marrow inside.","If you don't break the hard shell of the seed, you cannot eat the edible kernel inside.","<reasoning>Readers might take the words at face value, treating ""اليوز"" as a specific object like a fruit or a name, ""تكسره"" as a physical breaking action, and "" تاكل لبه"" as eating some inner part (marrow, pulp, kernel). This leads to literal readings about food preparation or object usage that miss the metaphorical meaning about effort and reward.</reasoning>
[""If you don't break the yuzu fruit,",1.0,1.0,1.31,0.7,91.0
a,cot_en,Arabic,MID0245,انفخ يا شريم قال برطم ما هست,Born to suffer./ You can not escape bad luck,Born to suffer./ You can not escape bad luck,False,"Blow, oh Shreem, said Bartam, there is no balloon","Blow, oh Shreem, said Bartam, there is no whistle",Born to suffer./ You can not escape bad luck,"Blow, oh Shreem, said Bartam, there is no candle",C,"Blow, oh Shreem, said Bartam, there is no balloon","Blow, oh Shreem, said Bartam, there is no whistle","Blow, oh Shreem, said Bartam, there is no candle","<reasoning>A reader unfamiliar with the idiomatic meaning might take each word at face value: ""انفخ"" as a command to blow (inflate, whistle, extinguish), ""يا شريم"" as addressing someone named Shreem (or a type of fish), ""قال برطم"" as a statement by a person called Bartam, and ""ما هست"" as a denial of existence. From this literal parsing, one could imagine scenarios where Shreem is being told to blo",1.0,1.0,1.0,0.2,76.0
a,cot_en,Arabic,MID0246,بغاها طرب صارت نشب.,Gild the lily.,Gild the lily.,False,She sought happiness and ended up with claws.,She desired music and turned into a thorny plant.,Gild the lily.,Her wish for delight caused her to grow thorns.,C,She desired music and turned into a thorny plant.,She sought happiness and ended up with claws.,Her wish for delight caused her to grow thorns.,"<reasoning>The Arabic phrase consists of the words بغاها (""she wanted it""), طرب (""joy/music""), صارت (""became""), and نشب (""thorns/claws""). A reader unfamiliar with the idiomatic meaning might try to translate each word literally and combine them into a concrete scenario, imagining a person whose desire for pleasure leads to a physical transformation involving sharp or painful growth.</reasoning>[""S",1.0,1.0,2.89,0.96,98.8
a,cot_en,Arabic,MID0247,بغى يكحلها عماها.,Gild the lily.,Gild the lily.,False,He attempts to make blindness beautiful by adding makeup.,He seeks to darken the sightless eyes with kohl.,He wants to apply eyeliner to a blind woman's eyes.,Gild the lily.,D,He wants to apply eyeliner to a blind woman's eyes.,He seeks to darken the sightless eyes with kohl.,He attempts to make blindness beautiful by adding makeup.,"[""He wants to apply eyeliner to a blind woman's eyes."", ""He seeks to darken the sightless eyes with kohl."", ""He attempts to make blindness beautiful by adding makeup.""]",1.0,1.0,3.11,0.88,96.4
a,cot_en,Arabic,MID0248,بو طبيع ما ايوز عن طبعه (ايوز: يبتعد),Old habits die hard.,Old habits die hard.,False,"Someone might think it says that a person named 'Bo Tabi3' cannot stay away from his nature, interpreting 'بو' as a name and 'طبيع' as a trait he clings to.","Another literal reading could be that the phrase warns against physically moving old habits away from one's nature, as if habits are objects that can be dragged or pushed.",Old habits die hard.,"A mistaken literal interpretation might be that the proverb advises keeping a distance from one's innate characteristics, reading 'ايوز' as 'to keep away' and assuming it encourages avoidance of natural tendencies.",C,"Someone might think it says that a person named 'Bo Tabi3' cannot stay away from his nature, interpreting 'بو' as a name and 'طبيع' as a trait he clings to.","Another literal reading could be that the phrase warns against physically moving old habits away from one's nature, as if habits are objects that can be dragged or pushed.","A mistaken literal interpretation might be that the proverb advises keeping a distance from one's innate characteristics, reading 'ايوز' as 'to keep away' and assuming it encourages avoidance of natural tendencies.","[""Someone might think it says that a person named 'Bo Tabi3' cannot stay away from his nature, interpreting 'بو' as a name and 'طبيع' as a trait he clings to."", ""Another literal reading could be that the phrase warns against physically moving old habits away from one's nature, as if habits are objects that can be dragged or pushed."", ""A mistaken literal interpretation might be that the proverb adv",1.0,1.0,7.5,0.86,95.8
a,cot_en,Arabic,MID0249,بيضة اليوم ولا دجاجة باجر.,A bird in the hand is worth two in the bush.,A bird in the hand is worth two in the bush.,False,"Today's egg, and not a chicken that gets paid","Today's egg, and not a chicken that earns a wage","An egg today, and no chicken receives a salary",A bird in the hand is worth two in the bush.,D,"Today's egg, and not a chicken that earns a wage","An egg today, and no chicken receives a salary","Today's egg, and not a chicken that gets paid","<reasoning>Readers unfamiliar with the metaphorical meaning might treat the Arabic words as a literal statement about farm produce and labor, interpreting ""egg of today"" as a specific egg, ""and not"" as a negation, and ""chicken with a wage"" as a chicken that receives payment, leading to absurd literal readings about eggs, chickens, and salaries.</reasoning>
[""Today's egg, and not a chicken that ear",1.0,1.0,0.85,0.65,89.5
a,cot_en,Arabic,MID0250,تابع المساعيد تسعد,A good neighbor adds value to your house.,A good neighbor adds value to your house.,False,A good neighbor adds value to your house.,Continue helping and you will gain joy,"If you keep assisting, happiness will follow",Follow the aid and you will be happy,A,Follow the aid and you will be happy,Continue helping and you will gain joy,"If you keep assisting, happiness will follow","<reasoning>Readers might take the verb ""تابع"" literally as ""to follow"" or ""to continue"" and interpret ""المساعيد"" as the plural of ""المساعدة"" (aid/help), leading them to think the proverb says something like ""Follow the aid and you will be happy"" or similar, ignoring the idiomatic meaning about neighbors.</reasoning>[""Follow the aid and you will be happy"",""Continue helping and you will gain joy"",""I",1.0,1.0,0.92,0.78,93.4
a,cot_en,Arabic,MID0251,حظه يكسر الحصى,Have the luck of the devil,Have the luck of the devil,False,Have the luck of the devil,His luck is strong enough to break stones,He can crush pebbles with his luck,His fortune shatters gravel into dust,A,He can crush pebbles with his luck,His luck is strong enough to break stones,His fortune shatters gravel into dust,"[""He can crush pebbles with his luck"",""His luck is strong enough to break stones"",""His fortune shatters gravel into dust""]",1.0,1.0,1.17,0.9,97.0
a,cot_en,Arabic,MID0252,حلاة الثوب رقعته منه وفيه,Birds of a feather flock together.,Birds of a feather flock together.,False,"The beauty of the fabric is its seam, coming from it and existing inside it.","The sweetness of the cloth is its patch, taken from it and placed in it.","The adornment of the garment is its mending, derived from it and residing within it.",Birds of a feather flock together.,D,"The sweetness of the cloth is its patch, taken from it and placed in it.","The adornment of the garment is its mending, derived from it and residing within it.","The beauty of the fabric is its seam, coming from it and existing inside it.","<reasoning>When encountering the Arabic phrase ""حلاة الثوب رقعته منه وفيه"", a reader unfamiliar with its idiomatic meaning might translate each word literally, assuming the proverb speaks about the physical attributes of clothing—such as sweetness, adornment, or beauty—relating to a patch, mending, or seam that originates from and remains within the garment. This leads to literal interpretations t",1.0,1.0,2.5,0.6,88.0
a,cot_en,Arabic,MID0253,حلي لسانك تلقى الناس خلانك,A kind word is like a spring day.,A kind word is like a spring day.,False,"Sweetening your speech will cause people to turn into your maternal uncles (خال) as a direct, literal outcome.","If you put honey on your tongue, you will literally find people becoming your friends.","By making your tongue taste sweet (e.g., with sugar), you will encounter people who are like spring days in a literal, seasonal sense.",A kind word is like a spring day.,D,"If you put honey on your tongue, you will literally find people becoming your friends.","By making your tongue taste sweet (e.g., with sugar), you will encounter people who are like spring days in a literal, seasonal sense.","Sweetening your speech will cause people to turn into your maternal uncles (خال) as a direct, literal outcome.","<reasoning>
A reader unfamiliar with the idiomatic meaning might take each word at face value, leading to literal but incorrect readings. For example, they could interpret ""حلي"" as the act of adding something sweet (like honey) to the tongue, ""لسانك"" as the physical organ of speech, ""تلقى"" as a future action of encountering, ""الناس"" as people in general, and ""خلانك"" as a noun that could be mistake",1.0,1.0,2.33,0.88,96.4
a,cot_en,Arabic,MID0254,رُد الشينه بالزينة.,render good for evil.,render good for evil.,False,Return the container with its ornament,Restore the chin along with the decoration,render good for evil.,Give back the dish together with the spice,C,Return the container with its ornament,Give back the dish together with the spice,Restore the chin along with the decoration,"<reasoning>
A reader unfamiliar with the idiomatic meaning might treat each word literally, assuming the phrase describes a concrete action involving objects named ""الشينة"" and ""الزينة"". They could imagine returning a container, a food item, a body part, or some other tangible thing together with an ornament or decoration, leading to various plausible but incorrect literal readings.
</reasoning>
[",1.0,1.0,1.75,0.81,94.3
a,cot_en,Arabic,MID0255,ردت حليمة لعادتها القديمة.,Old habits die hard,Old habits die hard,False,Haleema gave back her old habit to someone else,Haleema returned her old habit as if it were a physical object,Haleema went back to a place called 'Old Habit',Old habits die hard,D,Haleema returned her old habit as if it were a physical object,Haleema went back to a place called 'Old Habit',Haleema gave back her old habit to someone else,"<reasoning>Readers unfamiliar with the idiomatic sense might take each word at face value: “ردت” as returning an object, “حليمة” as a proper name, “لعادتها” as going to a place named “habit,” and “القديمة” as referring to an old thing or person. This can lead to literal‑sounding misunderstandings where the habit is treated as a tangible item or a location rather than a behavior.</reasoning>
[""Hale",1.0,1.0,2.5,0.82,94.6
a,cot_en,Arabic,MID0256,سيل ما يبلك، ما يهمك.,keep your nose out of other people's business.,keep your nose out of other people's business.,False,"When you are drenched by a flood, it's not your concern.",keep your nose out of other people's business.,"If a flood gets you wet, you don't need to care about it.",Water that floods you is not important to you.,B,"If a flood gets you wet, you don't need to care about it.",Water that floods you is not important to you.,"When you are drenched by a flood, it's not your concern.","<reasoning>A reader unfamiliar with the idiomatic meaning might take the words literally: “سيل” as a flood, “ما يبلك” as what gets you wet, and “ما يهمك” as what matters to you. This could lead them to think the proverb is about literal flooding or getting wet, suggesting that such events are irrelevant or not worth worrying about, rather than about minding one's own business.</reasoning>
[""If a f",1.0,1.0,1.38,0.9,97.0
a,cot_en,Arabic,MID0257,طاح الحطب.,Bury the hatchet.,Bury the hatchet.,False,Bury the hatchet.,Someone dropped a bundle of firewood,A tree collapsed and its wood fell to the ground,The wood fell down,A,The wood fell down,Someone dropped a bundle of firewood,A tree collapsed and its wood fell to the ground,"<reasoning>A literal reading of Arabic words might ignore idiomatic meaning and take each word at face value, leading to interpretations like the wood physically falling, someone dropping firewood, or a tree collapsing, none of which convey the idiomatic sense of making peace.</reasoning>[""The wood fell down"",""Someone dropped a bundle of firewood"",""A tree collapsed and its wood fell to the ground""",1.0,0.6666666666666666,2.22,0.89,86.7
a,cot_en,Arabic,MID0258,عيدة تعرف سعيده.,Eida knows Saeeda.,Eida knows Saeeda.,False,Eida taught Saeeda how to read,Eida is Saeeda's employer,Eida knows Saeeda.,Eida gave Saeeda a gift,C,Eida taught Saeeda how to read,Eida is Saeeda's employer,Eida gave Saeeda a gift,"[""Eida taught Saeeda how to read"",""Eida is Saeeda's employer"",""Eida gave Saeeda a gift""]",1.0,0.6666666666666666,1.67,0.85,85.5
a,cot_en,Arabic,MID0259,قديم البريسم ولا جديد الصوف,Lost is the person who forgets his past.,Lost is the person who forgets his past.,False,Forgetting the past results in having outdated silk but lacking fresh wool,Lost is the person who forgets his past.,Old silk is better than new wool,One should keep old silk and avoid new wool,B,Old silk is better than new wool,One should keep old silk and avoid new wool,Forgetting the past results in having outdated silk but lacking fresh wool,"<reasoning>Readers unfamiliar with the idiomatic sense might take each word at face value, interpreting the proverb as a statement about textiles—old silk versus new wool—rather than about remembering one's past. This leads to literal‑sounding readings that focus on the material objects mentioned, ignoring the metaphorical advice about memory and identity.</reasoning>
[""Old silk is better than new",1.0,1.0,1.17,0.81,94.3
a,cot_en,Arabic,MID0260,قلب الأم على الولد والولد قلبه على الحجر,"My heart for my son was broken, and my son’s heart for me was like a stone.","My heart for my son was broken, and my son’s heart for me was like a stone.",False,"The mother's heart is a physical object that lies upon her son, while the son's heart is a stone that lies upon her.","The mother's heart is literally placed on top of her son, and the son's heart is physically placed on a stone.","My heart for my son was broken, and my son’s heart for me was like a stone.","The phrase describes a scenario where a mother’s heart is resting on her child’s body, and the child’s heart is resting on a rock.",C,"The mother's heart is literally placed on top of her son, and the son's heart is physically placed on a stone.","The mother's heart is a physical object that lies upon her son, while the son's heart is a stone that lies upon her.","The phrase describes a scenario where a mother’s heart is resting on her child’s body, and the child’s heart is resting on a rock.","[""The mother's heart is literally placed on top of her son, and the son's heart is physically placed on a stone."", ""The mother's heart is a physical object that lies upon her son, while the son's heart is a stone that lies upon her."", ""The phrase describes a scenario where a mother’s heart is resting on her child’s body, and the child’s heart is resting on a rock.""]",1.0,1.0,1.33,0.73,91.9
a,cot_en,Arabic,MID0261,لا تسرف ولو من البحر تغرف.,Constant dropping wears away a stone.,Constant dropping wears away a stone.,False,"Never take more than a small handful of water from the ocean, even if you are thirsty",Constant dropping wears away a stone.,"Avoid overfilling your container when collecting seawater, because any excess is considered wasteful",Do not spill even a drop of seawater when you scoop it from the sea,B,Do not spill even a drop of seawater when you scoop it from the sea,"Never take more than a small handful of water from the ocean, even if you are thirsty","Avoid overfilling your container when collecting seawater, because any excess is considered wasteful","<reasoning>Readers unfamiliar with the idiomatic meaning might take the phrase literally as a warning about handling seawater, thinking it advises against wasting or overusing water drawn from the ocean, such as by spilling, over‑filling containers, or taking more than needed.</reasoning>[""Do not spill even a drop of seawater when you scoop it from the sea"",""Never take more than a small handful of",1.0,1.0,2.5,0.91,97.3
a,cot_en,Arabic,MID0262,لا في العير ولا في النفير.,as useful as a chocolate teapot.,as useful as a chocolate teapot.,False,It literally says you have neither a caravan convoy nor a military marching band.,It means there is no camel in the caravan and no trumpet in the army.,It states that one lacks both a pack animal and a signal horn.,as useful as a chocolate teapot.,D,It means there is no camel in the caravan and no trumpet in the army.,It states that one lacks both a pack animal and a signal horn.,It literally says you have neither a caravan convoy nor a military marching band.,"<reasoning>Readers unfamiliar with the idiomatic meaning might take the nouns ""العير"" (the caravan/pack animal) and ""النُفير"" (the trumpet/signal horn) at face value, interpreting the phrase as a literal statement about lacking those items rather than a metaphor for uselessness.</reasoning>
[""It means there is no camel in the caravan and no trumpet in the army."", ""It states that one lacks both a p",1.0,1.0,2.33,0.91,97.3
a,cot_en,Arabic,MID0263,للي في القدر يطلعه الملاس,Tomorrow is close if you wait it. ,Tomorrow is close if you wait it. ,False,"Waiting makes tomorrow appear near, as if the ladle pulls the future out of the pot.","If you keep something in a pot, the ladle will eventually bring it out for you.",Tomorrow is close if you wait it. ,The person named Al-Malas will reveal what is hidden in the pot if you wait for them.,C,"If you keep something in a pot, the ladle will eventually bring it out for you.",The person named Al-Malas will reveal what is hidden in the pot if you wait for them.,"Waiting makes tomorrow appear near, as if the ladle pulls the future out of the pot.","<reasoning>A reader unfamiliar with the idiomatic meaning might take the words at face value, imagining a literal cooking scene where a ladle extracts something from a pot, or they might treat ""Al-Malas"" as a proper name of a person who performs the action, or they might conflate the metaphor of waiting with a literal temporal pulling action, thinking that waiting somehow brings tomorrow physicall",1.0,1.0,2.33,0.85,95.5
a,cot_en,Arabic,MID0264,من بغاه كله خلاه كله,"Grasp all, lose all.","Grasp all, lose all.",False,"Whoever desires everything, gets everything.","Whoever buys everything, keeps everything.","Whoever takes everything, loses nothing.","Grasp all, lose all.",D,"Whoever buys everything, keeps everything.","Whoever desires everything, gets everything.","Whoever takes everything, loses nothing.","[""Whoever buys everything, keeps everything."", ""Whoever desires everything, gets everything."", ""Whoever takes everything, loses nothing.""]",1.0,1.0,1.25,0.69,90.7
a,cot_en,Arabic,MID0265,من خاز عن داره قل مقداره,"East or west, home is best.","East or west, home is best.",False,"When you move away from your dwelling, the amount of your belongings decreases.","If you leave your house, your height becomes shorter.","East or west, home is best.",Going east or west makes your home physically smaller.,C,"If you leave your house, your height becomes shorter.",Going east or west makes your home physically smaller.,"When you move away from your dwelling, the amount of your belongings decreases.","<reasoning>The Arabic wording can be parsed literally as ""whoever leaves his house, his measure/amount decreases."" A reader unfamiliar with the idiom might mistakenly take the words to refer to physical dimensions, geographic direction, or material possessions, leading to various literal‑sounding but incorrect readings.</reasoning>
[""If you leave your house, your height becomes shorter."", ""Going e",1.0,1.0,1.72,0.93,97.9
a,cot_en,Arabic,MID0266,من صبر قدر.,"After black clouds, clear weather.","After black clouds, clear weather.",False,Whoever is patient will measure out,Whoever is patient will receive a pot,"After black clouds, clear weather.",Whoever is patient will endure a pot,C,Whoever is patient will receive a pot,Whoever is patient will measure out,Whoever is patient will endure a pot,"[""Whoever is patient will receive a pot"",""Whoever is patient will measure out"",""Whoever is patient will endure a pot""]",1.0,1.0,1.33,0.45,83.5
a,cot_en,Arabic,MID0267,من طالع غيره قل خيره.,Comparing yourself to others only leads to sorrow.,Comparing yourself to others only leads to sorrow.,False,Reading other people’s books reduces your own virtue.,"If you look at someone else’s sunrise, your own goodness will diminish.",Comparing yourself to others only leads to sorrow.,Comparing your horoscope to another’s makes your luck decrease.,C,"If you look at someone else’s sunrise, your own goodness will diminish.",Reading other people’s books reduces your own virtue.,Comparing your horoscope to another’s makes your luck decrease.,"<reasoning>
The Arabic phrase can be parsed literally in several ways that diverge from the intended meaning. A reader might mistake the verb طالع for ""to rise"" (as in celestial bodies) or ""to read"", interpret غير as ""other than"" in a spatial sense, and take خيره as ""his choice"" or ""his speech"" rather than ""his goodness"". These misunderstandings lead to plausible‑sounding but incorrect literal rea",1.0,1.0,1.21,0.92,97.6
a,cot_en,Arabic,MID0268,من طمع طبع.,Greed is a nature.,Greed is a nature.,False,"From greed, a stamp.","One who greedy, nature.","Whoever desires, prints.",Greed is a nature.,D,"Whoever desires, prints.","From greed, a stamp.","One who greedy, nature.","<reasoning>A reader unfamiliar with the idiomatic use might treat each word in its most basic lexical sense, ignoring the proverb’s figurative meaning. They could see من as either “who” or “from”, طمع as the verb “to desire/greed” or the noun “greed”, and طبع as either the noun “nature/disposition” or the verb “to print/to stamp”. Combining these alternative senses yields literal‑sounding readings",1.0,0.0,0.92,1.0,70.0
a,cot_en,Arabic,MID0269,من طول الغيبات ياب الغنايم.,All's well that ends well.,All's well that ends well.,False,"The longer one is absent, the more the sheep will cry out.",Extended absences cause the flock to call out loudly.,"If someone is away for a long time, the sheep will begin to bleat.",All's well that ends well.,D,"If someone is away for a long time, the sheep will begin to bleat.",Extended absences cause the flock to call out loudly.,"The longer one is absent, the more the sheep will cry out.","<reasoning>The proverb’s literal words speak of “length of absences” and “the sheep bleating.” A reader unfamiliar with the idiomatic meaning might take the phrase at face value, imagining a direct causal link between being away and the behavior of sheep, leading to several plausible but incorrect literal readings.</reasoning>
[""If someone is away for a long time, the sheep will begin to bleat."", ",1.0,1.0,2.33,0.88,96.4
a,cot_en,Arabic,MID0270,من كبّر اللقمة غص.,Grasp all lose all.,Grasp all lose all.,False,Whoever enlarged the morsel suffered a stomach ache.,Whoever increased the lump became angry.,Grasp all lose all.,Whoever made the bite bigger got a headache.,C,Whoever increased the lump became angry.,Whoever made the bite bigger got a headache.,Whoever enlarged the morsel suffered a stomach ache.,"[""Whoever increased the lump became angry."", ""Whoever made the bite bigger got a headache."", ""Whoever enlarged the morsel suffered a stomach ache.""]",1.0,1.0,1.83,0.81,94.3
a,cot_en,Arabic,MID0271,نوم الظالم عبادة.,Let sleeping dogs lie.,Let sleeping dogs lie.,False,The sleep of an oppressor counts as an act of worship.,Sleeping is a prescribed religious duty for tyrants.,Let sleeping dogs lie.,"When an unjust person sleeps, it is considered a prayer.",C,The sleep of an oppressor counts as an act of worship.,Sleeping is a prescribed religious duty for tyrants.,"When an unjust person sleeps, it is considered a prayer.","<reasoning>A reader unfamiliar with the idiomatic meaning might treat each word literally: ""نوم"" as sleep, ""الظالم"" as the oppressor/tyrant, and ""عبادة"" as worship or religious devotion. This could lead to interpretations that the act of sleeping by an unjust person is itself a form of worship, that sleeping is a religious duty for tyrants, or that an oppressor's sleep earns them spiritual merit.<",1.0,1.0,2.42,0.94,98.2
a,cot_en,Arabic,MID0272,وين توصل ريلك مدها.,Don't live beyond your means.,Don't live beyond your means.,False,Don't live beyond your means.,Measure the distance with your leg and then extend it to that length.,Only go as far as your leg can take you; don't travel beyond your leg's reach.,"Where your leg can reach, stretch it out.",A,"Where your leg can reach, stretch it out.",Measure the distance with your leg and then extend it to that length.,Only go as far as your leg can take you; don't travel beyond your leg's reach.,"[""Where your leg can reach, stretch it out."", ""Measure the distance with your leg and then extend it to that length."", ""Only go as far as your leg can take you; don't travel beyond your leg's reach.""]",1.0,1.0,2.47,0.87,96.1
a,cot_en,Arabic,MID0273,يصعد من العرج للقمة., A flash in the pan., A flash in the pan.,False,He rises from the limp to the top, A flash in the pan.,He ascends from the crippled to the peak,He climbs from the lame person to the summit,B,He climbs from the lame person to the summit,He ascends from the crippled to the peak,He rises from the limp to the top,"[""He climbs from the lame person to the summit"",""He ascends from the crippled to the peak"",""He rises from the limp to the top""]",1.0,1.0,1.67,0.62,88.6
a,cot_en,Arabic,MID0274,يموت الزمار وايده تلعب.,Old habits die hard.,Old habits die hard.,False,The death of a musician causes his hand to independently perform a melody,Old habits die hard.,"When a musician dies, his hand begins to move as if playing an instrument",A musician's hand keeps playing music after he dies,B,A musician's hand keeps playing music after he dies,"When a musician dies, his hand begins to move as if playing an instrument",The death of a musician causes his hand to independently perform a melody,"<reasoning>A reader unfamiliar with the idiomatic meaning might take the phrase at face value, imagining a scenario where a musician's death does not stop his hand from continuing to play an instrument, perhaps picturing a ghostly hand, a reflexive movement, or a supernatural continuation of music after death.</reason>
[""A musician's hand keeps playing music after he dies"",""When a musician dies, h",1.0,1.0,3.0,0.84,95.2
a,cot_en,Arabic,MID0275,يوم شاب ودوه الكتاب.,You can't teach an old dog new tricks. ,You can't teach an old dog new tricks. ,False,A young day and he gave the book.,"On a youthful day, he struck the book.","The day of youth, and the book was hit.",You can't teach an old dog new tricks. ,D,"On a youthful day, he struck the book.",A young day and he gave the book.,"The day of youth, and the book was hit.","<reasoning>A reader unfamiliar with the idiomatic meaning might try to translate each word literally, ignoring grammar and idiomatic usage. They could treat ""يوم"" as ""day"", ""شاب"" as ""young"" or ""youth"", and ""ودوه"" as a verb meaning ""he struck"" or ""he gave"", leading to nonsensical literal readings that still sound plausible as a sentence about a day, youth, and a book.</reasoning>
[""On a youthful da",1.0,1.0,1.04,0.79,93.7
a,cot_en,Arabic,MID0276,أتبدلت غزلانها بقرودها.,A falling master makes a standing servant. / It is a sorry house where the hens' crow and the cock is silent.,A falling master makes a standing servant. / It is a sorry house where the hens' crow and the cock is silent.,False,The gazelles belonging to it have literally turned into monkeys.,The area where its gazelles graze has been overtaken by monkeys.,A falling master makes a standing servant. / It is a sorry house where the hens' crow and the cock is silent.,Its gazelles were exchanged for its monkeys in a barter deal.,C,The gazelles belonging to it have literally turned into monkeys.,Its gazelles were exchanged for its monkeys in a barter deal.,The area where its gazelles graze has been overtaken by monkeys.,"<reasoning>A reader unfamiliar with the figurative use of gazelles and monkeys in Arabic proverbs might take the words at face value, imagining an actual biological or transactional change involving these animals, such as a transformation, a trade, or a habitat takeover, rather than understanding the metaphor about shifting social status.</reasoning>
[""The gazelles belonging to it have literally t",1.0,1.0,0.48,0.89,96.7
a,cot_en,Arabic,MID0277,أَجَاكَ إِلْمُوتْ يَا تَارِكْ الصَّلاه,your sins have caught up the flesh is week.,your sins have caught up the flesh is week.,False,your sins have caught up the flesh is week.,"A visitor showed up, O you who neglected prayer","The mail arrived, O you who left the prayer","The rain came down, O you who abandoned prayer",A,"The mail arrived, O you who left the prayer","The rain came down, O you who abandoned prayer","A visitor showed up, O you who neglected prayer","[""The mail arrived, O you who left the prayer"", ""The rain came down, O you who abandoned prayer"", ""A visitor showed up, O you who neglected prayer""]",1.0,1.0,1.0,0.66,89.8
a,cot_en,Arabic,MID0278,أَجَت إِلْحَزِينَة تِفْرَح مَا لَقَتِلْهاش مَطْرَحٍ,Born to suffer.,Born to suffer.,False,Born to suffer.,A sorrowful woman named Ilhazeena arrived and was happy because she could not find a place to throw her belongings,"Ilhazeena the sad one arrived, happy, since she never managed to locate a spot to discard something","The sorrowful came, rejoicing, because she did not encounter a throwing place for her sadness",A,A sorrowful woman named Ilhazeena arrived and was happy because she could not find a place to throw her belongings,"The sorrowful came, rejoicing, because she did not encounter a throwing place for her sadness","Ilhazeena the sad one arrived, happy, since she never managed to locate a spot to discard something","<reasoning>A reader unfamiliar with the idiomatic meaning might break down each word literally: “أجت” = she came, “إلحزينة” = the sorrowful (female), “تفرح” = she is happy, “ما لقتهااش” = she did not find it, and “مطرح” = a place to throw or discard. Assuming the proverb describes a concrete event, they could imagine a woman named Ilhazeena who arrives happy because she failed to locate a throwing",1.0,1.0,5.78,0.83,94.9
a,cot_en,Arabic,MID0279,أَجَتْ ساعته,He has kicked the bucket.,He has kicked the bucket.,False,He has kicked the bucket.,He kicked an hourglass or a sand timer,He struck his watch with his foot,He literally kicked a bucket (the container),A,He literally kicked a bucket (the container),He struck his watch with his foot,He kicked an hourglass or a sand timer,"<reasoning>Readers unfamiliar with the idiom might treat each word literally: ""أَجَتْ"" as ""came/arrived"" and ""ساعته"" as ""his hour"" (a time period) or mistakenly as ""his watch"". This could lead to imagining the subject physically interacting with a bucket, a timepiece, or an hour‑shaped object.</reasoning>[""He literally kicked a bucket (the container)"", ""He struck his watch with his foot"", ""He kick",1.0,1.0,1.47,0.86,95.8
a,cot_en,Arabic,MID0280,أَسْمَعْ كَلامَكَ أصدقك، أشوف فَعَايْلَك/ أعمالك أسْتَعْجِب/ أستغرب,Actions speak louder than words,Actions speak louder than words,False,"I hear your words, I befriend you","I hear your words, I make you truthful",Actions speak louder than words,"I see your actions, I become strange",C,"I hear your words, I make you truthful","I hear your words, I befriend you","I see your actions, I become strange","<reasoning>Readers unfamiliar with Arabic might mistake the verb forms for causative or reflexive meanings, confuse the root ص-د-ق (truthfulness) with the noun صَدِيق (friend), and misinterpret the astonishment verbs as describing a change in the speaker’s state rather than a reaction. This leads to literal‑sounding but incorrect paraphrases.</reasoning>
[""I hear your words, I make you truthful"",""",1.0,1.0,1.47,0.66,89.8
a,cot_en,Arabic,MID0281,إبْراسُهُ رِيشِه,he is the only boy on the beach.,he is the only boy on the beach.,False,he is the only boy on the beach.,He is the feather that he throws.,He throws his feather.,His feather is his only throwing.,A,He throws his feather.,His feather is his only throwing.,He is the feather that he throws.,"<reasoning>A reader unfamiliar with the idiomatic meaning might treat each word literally, interpreting إِبْراسُهُ as a verb form meaning ""he throws"" or ""his throwing"" and رِيشِه as the noun ""his feather"". Combining them yields literal readings that focus on the action of throwing a feather or the feather being the object of the throw, none of which convey the intended sense of being the sole boy ",1.0,0.6666666666666666,0.71,0.85,85.5
a,cot_en,Arabic,MID0282,إِبْسَابِعْ حُلُم أو نومه,Out like a light.,Out like a light.,False,He spreads his dream or his sleep,Out like a light.,He lays out his dream or his sleep,He throws his dream or his sleep,B,He spreads his dream or his sleep,He throws his dream or his sleep,He lays out his dream or his sleep,"<reasoning>Readers unfamiliar with the idiomatic meaning might treat each word literally: ""إبْسَابِعْ"" could be read as a verb meaning ""to spread"" or ""to throw out"", ""حُلُم"" as ""dream"", ""أو"" as ""or"", and ""نومه"" as ""his sleep"". This leads to literal‑sounding interpretations that mistakenly describe someone physically spreading, throwing, or laying out a dream or sleep.</reasoning>
[""He spreads his ",1.0,1.0,1.83,0.35,80.5
a,cot_en,Arabic,MID0283,إِبْسَاطِ أَحْمَدِي,Take it easy.,Take it easy.,False,Ahmad's rug,Take it easy.,Ahmad's carpet,Ahmad's mat,B,Ahmad's carpet,Ahmad's rug,Ahmad's mat,"<reasoning>A reader unfamiliar with the idiomatic meaning might treat each word literally: ""بساط"" commonly means a carpet, rug, or mat, and the prefix ""إِ"" can be interpreted as a definite article, while ""أَحْمَدِي"" could be read as a possessive referring to Ahmad. This leads to literal readings that imagine the phrase as describing an object belonging to Ahmad, such as his carpet or rug, rather t",1.0,0.0,0.67,0.67,60.1
a,cot_en,Arabic,MID0284,إبعد تحلى.,Absence makes the heart grow fonder.,Absence makes the heart grow fonder.,False,Absence makes the heart grow fonder.,Stay away and you will become pure,"If you keep away, your heart will become better",Distance yourself to improve your character,A,Stay away and you will become pure,Distance yourself to improve your character,"If you keep away, your heart will become better","<reasoning>
The Arabic phrase ""إبعد تحلى"" can be parsed literally as ""إبعد"" (keep away / stay away) and ""تحلى"" (you will be adorned / you will acquire a quality). A reader unfamiliar with the idiomatic meaning might interpret it as a directive that physical separation leads to some personal improvement, such as becoming purer, more virtuous, or emotionally better, rather than understanding it as t",1.0,1.0,1.22,0.9,97.0
a,cot_en,Arabic,MID0285,إبعد عن الشر وغنيله، وهات فاس وقَني له.,Wake not a sleeping lion,Wake not a sleeping lion,False,"Stay away from evil and sing to it, then bring a broom and sweep for him.",Wake not a sleeping lion,"Keep distance from harm and hum a tune, then fetch an axe and chop for him.","Avoid sin and chant, then bring a scythe and reap for him.",B,"Stay away from evil and sing to it, then bring a broom and sweep for him.","Keep distance from harm and hum a tune, then fetch an axe and chop for him.","Avoid sin and chant, then bring a scythe and reap for him.","<reasoning>Readers might take each Arabic word at face value without idiomatic context, interpreting the phrase as a series of concrete actions: staying away from something negative, performing a vocal action, then bringing an object and doing something with it for someone. This leads to literal, nonsensical readings that ignore the proverb's figurative meaning about avoiding trouble.</reason>
[""S",1.0,1.0,2.93,0.74,92.2
a,cot_en,Arabic,MID0286,إِبِنِ الْخَبَازِة ما يجوع,"Like father, like son. ","Like father, like son. ",False,The baker's son never gets hungry because he always eats bread.,A baker's child is exempt from feeling hunger.,"If you are the son of a baker, you will never experience hunger.","Like father, like son. ",D,The baker's son never gets hungry because he always eats bread.,A baker's child is exempt from feeling hunger.,"If you are the son of a baker, you will never experience hunger.","[""The baker's son never gets hungry because he always eats bread."", ""A baker's child is exempt from feeling hunger."", ""If you are the son of a baker, you will never experience hunger.""]",1.0,1.0,2.67,0.89,96.7
a,cot_en,Arabic,MID0287,إللي إيده بالمَي مش مثل إِللّي إيده بالنَّارِ,Easier said than done.,Easier said than done.,False,It says that if you put your hand in water you will not feel the same pain as if you put your hand in fire.,Easier said than done.,It means that a person whose hand is literally in water is not the same as a person whose hand is literally in fire.,The proverb warns that you should not compare someone who is wet with someone who is burned.,B,It means that a person whose hand is literally in water is not the same as a person whose hand is literally in fire.,The proverb warns that you should not compare someone who is wet with someone who is burned.,It says that if you put your hand in water you will not feel the same pain as if you put your hand in fire.,"[""It means that a person whose hand is literally in water is not the same as a person whose hand is literally in fire."", ""The proverb warns that you should not compare someone who is wet with someone who is burned."", ""It says that if you put your hand in water you will not feel the same pain as if you put your hand in fire.""]",1.0,1.0,5.5,0.76,92.8
a,cot_en,Arabic,MID0288,إِللّي بخاف من البُعْبُع يطلعله,"Talk of the devil, and he is sure to appear","Talk of the devil, and he is sure to appear",False,Someone who fears the boogeyman will cause the boogeyman to appear.,"Talk of the devil, and he is sure to appear",Someone who dreads spiders will inevitably attract spiders.,A person who is afraid of the dark will summon darkness wherever they go.,B,Someone who fears the boogeyman will cause the boogeyman to appear.,A person who is afraid of the dark will summon darkness wherever they go.,Someone who dreads spiders will inevitably attract spiders.,"[""Someone who fears the boogeyman will cause the boogeyman to appear."", ""A person who is afraid of the dark will summon darkness wherever they go."", ""Someone who dreads spiders will inevitably attract spiders.""]",1.0,1.0,1.1,0.85,95.5
a,cot_en,Arabic,MID0289,ابطي ولا تخطي,"More haste, less speed. ","More haste, less speed. ",False,Walk slowly and avoid making a typo,"More haste, less speed. ",Be late and do not cross any lines,Take your time and do not skip any steps,B,Be late and do not cross any lines,Walk slowly and avoid making a typo,Take your time and do not skip any steps,"<reasoning>The Arabic words “ابطي” and “تخطى” can be taken literally in several ways that diverge from the idiomatic meaning. A reader might interpret “ابطي” as “be late” or “walk slowly,” and “تخطى” as “cross a line,” “skip a step,” or “make a mistake.” Combining these possible readings yields plausible but incorrect literal interpretations that ignore the proverb’s figurative sense about haste.<",1.0,1.0,2.0,0.85,95.5
a,cot_en,Arabic,MID0290,اللِّي بِتْعَب بِلْعَبِ,"No pain, no gain.","No pain, no gain.",False,The act of playing causes fatigue,"No pain, no gain.",A person who exhausts themselves while having fun,Someone who becomes tired from playing,B,Someone who becomes tired from playing,A person who exhausts themselves while having fun,The act of playing causes fatigue,"[""Someone who becomes tired from playing"",""A person who exhausts themselves while having fun"",""The act of playing causes fatigue""]",1.0,1.0,1.67,0.94,98.2
a,cot_en,Arabic,MID0291,اللي ما يطول العنب حامض عنه يقول,They would find a fault with a fat goose.,They would find a fault with a fat goose.,False,They would find a fault with a fat goose.,Anyone who does not lengthen the grapevine says the grapes are sour.,People who refuse to elongate grapes claim they taste sour.,"If you don't stretch the grape, you will say it's sour.",A,Anyone who does not lengthen the grapevine says the grapes are sour.,"If you don't stretch the grape, you will say it's sour.",People who refuse to elongate grapes claim they taste sour.,"<reasoning>A reader unfamiliar with the idiomatic meaning might take the words at face value, interpreting the proverb as a statement about physically stretching grapes or grapevines and then judging their taste. They could imagine the subject as someone who refuses to lengthen the grape (or grapevine) and consequently declares the fruit sour, or they might think the saying is about a condition wh",1.0,1.0,1.22,0.89,96.7
a,cot_en,Arabic,MID0292,بات مغلوب ولا تبات غالب.,Lucky is the one who is oppressed and not oppressor.,Lucky is the one who is oppressed and not oppressor.,False,"The proverb advises that one should avoid sleeping after winning a battle, because sleeping as a winner brings bad luck.",Lucky is the one who is oppressed and not oppressor.,"It means that if you go to sleep while being defeated, you will wake up fortunate, but if you go to sleep while victorious, you will wake up unfortunate.","Someone who spends the night feeling oppressed is considered lucky, while spending the night feeling victorious is unlucky.",B,"Someone who spends the night feeling oppressed is considered lucky, while spending the night feeling victorious is unlucky.","The proverb advises that one should avoid sleeping after winning a battle, because sleeping as a winner brings bad luck.","It means that if you go to sleep while being defeated, you will wake up fortunate, but if you go to sleep while victorious, you will wake up unfortunate.","<reasoning>Readers might focus on the verb ""بات"" (spent the night) and interpret the saying as advice about nighttime activities or sleep conditions, misunderstanding the metaphorical meaning of defeat and victory. They could think it refers to literal physical states during sleep, or to avoiding certain nighttime behaviors, leading to several plausible but incorrect literal readings.</reasoning>
",1.0,1.0,2.23,0.97,99.1
a,cot_en,Arabic,MID0293,بنت الفاره حفاره.,like mother like daughter.,like mother like daughter.,False,The daughter of the digger is noble,like mother like daughter.,A noble's daughter digs like her mother,The digger's daughter is wealthy,B,The daughter of the digger is noble,A noble's daughter digs like her mother,The digger's daughter is wealthy,"<reasoning>When encountering the Arabic phrase بنت الفاره حفاره, a reader unfamiliar with its idiomatic meaning might parse the words literally but assign wrong grammatical roles, such as treating the verb as describing the first noun, reversing the possessor and possessed, or interpreting the noun الفاره as a place or profession rather than an adjective. These misreadings lead to plausible yet in",1.0,1.0,1.58,0.82,94.6
a,cot_en,Arabic,MID0294,جاجة حفرت على رأسها عفرت,Arrow often hits the shooter.,Arrow often hits the shooter.,False,The arrow accidentally hits a bystander standing near the shooter.,The arrow hits the shooter's bow or weapon after being released.,Arrow often hits the shooter.,The arrow physically strikes the head of the person who shot it.,C,The arrow physically strikes the head of the person who shot it.,The arrow hits the shooter's bow or weapon after being released.,The arrow accidentally hits a bystander standing near the shooter.,"<reasoning>
A reader unfamiliar with the idiom might take the phrase literally, imagining a physical arrow striking the person who fired it, or thinking the arrow is somehow rebounding to hit the shooter. They could also misinterpret the metaphor as describing an accident where the arrow hits something else related to the shooter, like the shooter's equipment or a nearby person, rather than unders",1.0,1.0,2.2,0.86,95.8
a,cot_en,Arabic,MID0295,شو جاب الزرقا للبلقا.,Apples and oranges.,Apples and oranges.,False,The color blue was introduced to something white,Someone brought a blue item to a white item,A blue object was placed next to a white object,Apples and oranges.,D,Someone brought a blue item to a white item,A blue object was placed next to a white object,The color blue was introduced to something white,"[""Someone brought a blue item to a white item"",""A blue object was placed next to a white object"",""The color blue was introduced to something white""]",1.0,1.0,3.0,0.68,90.4
a,cot_en,Arabic,MID0296,طبال وقع على زمار.,Birds of a feather flock together.,Birds of a feather flock together.,False,Birds of a feather flock together.,"A drum landed on top of a flute, causing damage.","During a parade, a percussionist tripped and landed on a woodwind player.",A drummer accidentally fell onto a flutist while marching.,A,A drummer accidentally fell onto a flutist while marching.,"A drum landed on top of a flute, causing damage.","During a parade, a percussionist tripped and landed on a woodwind player.","[""A drummer accidentally fell onto a flutist while marching."", ""A drum landed on top of a flute, causing damage."", ""During a parade, a percussionist tripped and landed on a woodwind player.""]",1.0,1.0,1.72,0.9,97.0
a,cot_en,Arabic,MID0297,عتبها على أهلها من قلة عقلها.,A bad workman always blames his tools.,A bad workman always blames his tools.,False,She scolds her relatives due to their low intelligence.,A bad workman always blames his tools.,She blames her family because of her own lack of sense.,Her reproach toward her kin stems from her own deficient reasoning.,B,She blames her family because of her own lack of sense.,She scolds her relatives due to their low intelligence.,Her reproach toward her kin stems from her own deficient reasoning.,"<reasoning>Readers might take each word at face value without idiomatic sense: they could think the phrase describes a woman blaming her family because she herself lacks sense, or that she scolds her relatives due to their low intelligence, or that her criticism of her kin arises from her own poor judgment.</reasoning>
[""She blames her family because of her own lack of sense."", ""She scolds her rel",1.0,1.0,1.48,0.9,97.0
a,cot_en,Arabic,MID0298,فرعون فرعن من قلة ناس تضبه.,There can be no tyrants where there are no slaves.,There can be no tyrants where there are no slaves.,False,The tyrant pharaoh emerged when a handful of individuals held up his back.,There can be no tyrants where there are no slaves.,Pharaoh pharaoned because only a few people were there to prop him up.,Pharaoh became a pharaoh due to a shortage of people who could support his throne.,B,Pharaoh pharaoned because only a few people were there to prop him up.,The tyrant pharaoh emerged when a handful of individuals held up his back.,Pharaoh became a pharaoh due to a shortage of people who could support his throne.,"<reasoning>Readers might take each word at face value, ignoring the idiomatic meaning, and think the sentence describes a physical situation involving a pharaoh, a small number of people, and some action of propping or supporting.</reasoning>[""Pharaoh pharaoned because only a few people were there to prop him up."", ""The tyrant pharaoh emerged when a handful of individuals held up his back."", ""Phar",1.0,1.0,1.37,0.85,95.5
a,cot_en,Arabic,MID0299,مش كل من صف الصواني حلواني,Anyone can cook but not everyone can be a chef.,Anyone can cook but not everyone can be a chef.,False,Anyone can cook but not everyone can be a chef.,Only people who arrange dessert trays can be called chefs,"If you set out trays of sweets, you must be a professional chef",Anyone who lines up baking trays is automatically a pastry chef,A,Anyone who lines up baking trays is automatically a pastry chef,Only people who arrange dessert trays can be called chefs,"If you set out trays of sweets, you must be a professional chef","<reasoning>When hearing the Arabic proverb, a listener might focus on the concrete image of arranging trays and assume it gives a direct rule about who qualifies as a pastry chef, ignoring the figurative meaning about skill versus mere participation. This leads to literal readings that equate tray‑lining with chef status.</reasoning>
[""Anyone who lines up baking trays is automatically a pastry che",1.0,1.0,1.13,0.88,96.4
a,cot_en,Arabic,MID0300,يا داخل بين البصلة وقشرتها ما ينوبك إلا ريحتها.,Don't go between the tree and the bark.,Don't go between the tree and the bark.,False,Being inside the layers of an onion means you will only perceive its odor.,Don't go between the tree and the bark.,"If you place yourself between a tree and its bark, you will only experience the tree's scent.",Standing physically between an onion and its skin will only cause you to smell the onion.,B,Standing physically between an onion and its skin will only cause you to smell the onion.,"If you place yourself between a tree and its bark, you will only experience the tree's scent.",Being inside the layers of an onion means you will only perceive its odor.,"<reasoning>
A reader unfamiliar with the idiomatic meaning might interpret the proverb as giving literal, physical advice: they could think it warns about actually positioning oneself between an onion and its peel, between a tree and its bark, or about being inside the layers of an onion, focusing only on the sensory consequence (smell) rather than the figurative warning about meddling.
</reasonin",1.0,1.0,1.96,0.74,92.2
a,cot_en,Arabic,MID0301,  أكلب الكدرة أعلى فمها الطفلة تتبع أمها,"Like mother, like daughter.","Like mother, like daughter.",False,"Like mother, like daughter.","The dog of the mud has its highest point at its mouth, and the little girl follows her mother","The turbid dog stands higher than its mouth, and the girl physically trails her mother",The dog's dirt is located above its mouth while the girl literally walks behind her mother,A,"The dog of the mud has its highest point at its mouth, and the little girl follows her mother",The dog's dirt is located above its mouth while the girl literally walks behind her mother,"The turbid dog stands higher than its mouth, and the girl physically trails her mother","<reasoning>Readers unfamiliar with the idiomatic meaning might treat each Arabic word as a standalone lexical item, constructing a literal scene based on the direct translations of ""dog,"" ""turbidity/mud,"" ""mouth,"" ""girl,"" and ""follows."" This can lead to imaginative but incorrect visualizations such as a dog's muddy mouth being positioned high, a girl physically trailing her mother in a literal sen",1.0,1.0,4.17,0.75,92.5
a,cot_en,Arabic,MID0302,"  المسلة ألا محبوكة ولا متروكة
","If a job is worth doing, it's worth doing well.","If a job is worth doing, it's worth doing well.",False,"If a job is worth doing, it's worth doing well.",The issue is neither sewn nor abandoned.,The problem is neither knitted nor forsaken.,The matter is neither woven nor left behind.,A,The issue is neither sewn nor abandoned.,The matter is neither woven nor left behind.,The problem is neither knitted nor forsaken.,"[""The issue is neither sewn nor abandoned."", ""The matter is neither woven nor left behind."", ""The problem is neither knitted nor forsaken.""]",1.0,1.0,0.73,0.62,88.6
a,cot_en,Arabic,MID0303, إلى مكْنَتْ كَال الزَّحَّاف,A bad workman blames his tools.,A bad workman blames his tools.,False,He followed the crawler to where it was built.,A bad workman blames his tools.,He went to the crawler's workshop.,He went to the place where the crawler made something.,B,He went to the place where the crawler made something.,He went to the crawler's workshop.,He followed the crawler to where it was built.,"<reasoning>A reader unfamiliar with the idiomatic meaning might take the Arabic words at face value, interpreting ""إلى"" as a directional preposition ""to"", ""مكْنَتْ"" as a past‑tense verb meaning ""made"" or ""worked"", and ""كَال الزَّحَّاف"" as a simile ""like the crawler (snail/worm)"". This could lead them to imagine a literal scenario where someone travels to a place associated with a crawler's making ",1.0,1.0,1.39,0.67,90.1
a,cot_en,Arabic,MID0304, اشوف الشيبانِ الْتَاكِ مَا شَافْ آفِكْراشْ الْوَاكِفْ.,An old dog is the best teacher.,An old dog is the best teacher.,False,An old dog is the best teacher.,"I see the gray ones that are attached, they did not see the reflection of the watchful.","I see the white-haired people who are taking, they did not see the thinking of the awake.","I see the elderly who are stuck, they did not perceive the thought of the vigilant.",A,"I see the white-haired people who are taking, they did not see the thinking of the awake.","I see the elderly who are stuck, they did not perceive the thought of the vigilant.","I see the gray ones that are attached, they did not see the reflection of the watchful.","<reasoning>Readers unfamiliar with the dialect might treat each word as a literal term: ""الشيبانِ"" as ""white-haired ones"" (elderly people), ""التاكِ"" as a verb like ""taking"" or ""sticking"", ""ما شافْ آفِكْراشْ"" as ""did not see the thinking/reflection"", and ""الوَاكِفْ"" as ""the awake/watchful"". This leads to literal but incorrect readings that miss the idiomatic meaning about an old dog being a wise te",1.0,1.0,2.38,0.58,87.4
a,cot_en,Arabic,MID0305, ال أصبر يلحكو الظل,All things come to those who wait.,All things come to those who wait.,False,The more patient ones lick the shade,The patient one waits for the shade,The patient one finds the shade,All things come to those who wait.,D,The more patient ones lick the shade,The patient one finds the shade,The patient one waits for the shade,"<reasoning>A reader unfamiliar with Arabic morphology might mistake the verb ""يلحكو"" (they lick) for a similar-sounding verb meaning ""to find"" or ""to wait,"" and might treat the comparative adjective ""أصبر"" (more patient) as a noun referring to a person. They could also misplace the definite article ""ال"" and interpret the phrase as describing an action performed by a patient individual upon the sha",1.0,1.0,0.95,0.57,87.1
a,cot_en,Arabic,MID0306, الدني ماجاهَ حواش,Do not spare anything in this life.,Do not spare anything in this life.,False,The lowly did not go to the borders.,Do not spare anything in this life.,The debt did not come to the edges.,The world did not bring the guardians.,B,The debt did not come to the edges.,The lowly did not go to the borders.,The world did not bring the guardians.,"<reasoning>
A reader unfamiliar with the idiomatic meaning might try to translate each word literally, leading to odd readings. For instance, they could mistake ""الدني"" for ""the debt"" or ""the lowly"", read ""ماجاهَ"" as ""did not come"" or ""did not go"", and interpret ""حواش"" as ""edges"", ""borders"", ""guardians"", or even ""horses"". These misinterpretations produce literal sentences that sound plausible but ",1.0,1.0,1.1,0.67,90.1
a,cot_en,Arabic,MID0307, انكشحت بين امعاه لحشيشَ.,To break the ice.,To break the ice.,False,Ankushah walked between his intestines carrying hashish.,To split one's belly open to reveal hashish inside.,Someone's intestines were ripped open by hashish.,To break the ice.,D,Someone's intestines were ripped open by hashish.,Ankushah walked between his intestines carrying hashish.,To split one's belly open to reveal hashish inside.,"[""Someone's intestines were ripped open by hashish."", ""Ankushah walked between his intestines carrying hashish."", ""To split one's belly open to reveal hashish inside.""]",1.0,1.0,1.92,0.92,97.6
a,cot_en,Arabic,MID0308, ساعت التغژاژ ما ينعراو الدروص,Charity begins at home.,Charity begins at home.,False,Charity begins at home.,The time of the gadget fails to instruct the school,The clock of the device does not educate the students,The hour of the gizmo does not teach the lessons,A,The hour of the gizmo does not teach the lessons,The time of the gadget fails to instruct the school,The clock of the device does not educate the students,"<reasoning>The Arabic phrase contains words that could be mistaken for 'hour' (ساعة), 'device/gizmo' (التغژاژ), and 'lessons' (الدروص). A reader might take it literally as talking about a timepiece or gadget not teaching lessons, leading to interpretations about clocks, gadgets, or schedules failing to educate.</reasoning>[""The hour of the gizmo does not teach the lessons"",""The time of the gadget ",1.0,1.0,2.5,0.79,93.7
a,cot_en,Arabic,MID0309, يِمْشِ بِشُّورْ الْفَخْلاَكُ يِجْرِ.,Slow and steady wins the race.,Slow and steady wins the race.,False,"It describes a scenario where a person walks with a broken sandal, and the sandal is attempting to run ahead of them.",Slow and steady wins the race.,"It suggests that someone is walking slowly because they are dragging a heavy suitcase, and the suitcase is trying to jog ahead.","It literally means that a person walks while carrying a sack of flour, and the sack is moving forward on its own.",B,"It literally means that a person walks while carrying a sack of flour, and the sack is moving forward on its own.","It suggests that someone is walking slowly because they are dragging a heavy suitcase, and the suitcase is trying to jog ahead.","It describes a scenario where a person walks with a broken sandal, and the sandal is attempting to run ahead of them.","[""It literally means that a person walks while carrying a sack of flour, and the sack is moving forward on its own."", ""It suggests that someone is walking slowly because they are dragging a heavy suitcase, and the suitcase is trying to jog ahead."", ""It describes a scenario where a person walks with a broken sandal, and the sandal is attempting to run ahead of them.""]",1.0,1.0,3.67,0.8,94.0
a,cot_en,Arabic,MID0310,أحجار الشح يلتكتو فالرخا,Man needs money for the evil day.,Man needs money for the evil day.,False,Pebbles of stinginess collect in the soft sand,Rocks of greed accumulate during calm weather,Stones of miserliness gather in prosperity,Man needs money for the evil day.,D,Stones of miserliness gather in prosperity,Rocks of greed accumulate during calm weather,Pebbles of stinginess collect in the soft sand,"<reasoning>
The phrase contains words that can be taken literally: ""أحجار"" (stones/pеbbles), ""الشح"" (miserliness/greed), ""يلتكتو"" (could be heard as ""يلتقي"" meaning meet/gather or ""يلتقط"" meaning pick up), and ""الرخا"" (could be misread as ""الرخاء"" meaning ease/prosperity or even ""الرخا"" as a soft surface). A reader unfamiliar with the idiomatic sense might imagine a scene where physical stones ass",1.0,1.0,1.0,0.89,96.7
a,cot_en,Arabic,MID0311,أخديم الرجال سيدهم,He who serves leads.,He who serves leads.,False,He who takes the men is their master,The men's taking is their master,The taking of men is their master,He who serves leads.,D,The taking of men is their master,The men's taking is their master,He who takes the men is their master,"[""The taking of men is their master"",""The men's taking is their master"",""He who takes the men is their master""]",1.0,1.0,1.75,0.49,84.7
a,cot_en,Arabic,MID0312,أخير الصكاطة صكاطة العلم,It is never too old to learn.,It is never too old to learn.,False,The end of the stipulations is stipulations of learning.,The last of the contracts are contracts of knowledge.,The final paperwork is paperwork of science.,It is never too old to learn.,D,The last of the contracts are contracts of knowledge.,The final paperwork is paperwork of science.,The end of the stipulations is stipulations of learning.,"[""The last of the contracts are contracts of knowledge."", ""The final paperwork is paperwork of science."", ""The end of the stipulations is stipulations of learning.""]",1.0,1.0,1.19,0.76,92.8
a,cot_en,Arabic,MID0313,إصَهْرَكْ هَمُّ الّ اصهْرُ اعْنادَكْ," While you want to build, others want to tear down."," While you want to build, others want to tear down.",False,"Your son-in-law's worry, the son-in-law, your stubbornness"," While you want to build, others want to tear down.","The burden of your son-in-law, the son-in-law, your stubbornness","Your son-in-law's concern about the one who is your son-in-law, your obstinacy",B,"Your son-in-law's worry, the son-in-law, your stubbornness","Your son-in-law's concern about the one who is your son-in-law, your obstinacy","The burden of your son-in-law, the son-in-law, your stubbornness","<reasoning>When encountering the Arabic phrase إصَهْرَكْ هَمُّ الّ اصهْرُ اعْنادَكْ, a reader unfamiliar with its idiomatic meaning might treat each word literally, assuming it describes a concrete situation involving familial relations and emotions. They could interpret ""إصَهْرَكْ"" as ""your son‑in‑law,"" ""همُّ"" as ""worry"" or ""burden,"" the particle ""الّ"" as a definite article ""the,"" ""اصهْرُ"" again ",1.0,1.0,0.93,0.65,89.5
a,cot_en,Arabic,MID0314,الدِّنيَ اسْلوفاتْ,What goes around comes around.,What goes around comes around.,False,The world is debts,What goes around comes around.,The world is loans,The world is credit,B,The world is loans,The world is debts,The world is credit,"<reasoning>A reader who takes the Arabic phrase at face value might split it into its constituent words: ""الدِّنيَ"" (ad-dunyā) meaning ""the world"" or ""worldly life"", and ""اسْلوفاتْ"" (islufāt) which looks like a plural form derived from the root س-ل-ف, associated with lending, advancing, or giving credit. Without knowing the idiomatic sense, they could interpret the phrase as a literal statement ab",1.0,0.0,0.8,0.4,52.0
a,cot_en,Arabic,MID0315,العيطة كبيرة و الميت فار,Too much ado about nothing.,Too much ado about nothing.,False,,,,,,,,,"<reasoning>Readers might take each word at face value without idiomatic context: ""العيطة"" as a loud noise or fuss, ""كبيرة"" as big/great, ""الميت"" as the deceased, and ""فار"" as empty or having fled. This could lead them to imagine scenarios where a big commotion is caused by something about a dead person being empty, having escaped, or being bare.</reasoning>
[""The noise is great because the corpse ",0.0,0.0,0.0,0.0,0.0
a,cot_en,Arabic,MID0316,العين الا تخطات حاجبها أخسر واجبها,Too much of a good thing is bad.,Too much of a good thing is bad.,False,An eye that stays within its brow loses its obligation.,Too much of a good thing is bad.,"If the eye does not go beyond the eyebrow, it forfeits its responsibility.","The eye never crosses its eyebrow, so it loses its duty.",B,"The eye never crosses its eyebrow, so it loses its duty.","If the eye does not go beyond the eyebrow, it forfeits its responsibility.",An eye that stays within its brow loses its obligation.,"<reasoning>Readers might interpret each word of the Arabic phrase literally, ignoring its idiomatic meaning. They could think the sentence is about the physical eye and eyebrow, about crossing or not crossing, and about losing a duty or obligation, leading to various literal but incorrect readings.</reasoning>
[""The eye never crosses its eyebrow, so it loses its duty."", ""If the eye does not go bey",1.0,1.0,1.42,0.8,94.0
a,cot_en,Arabic,MID0317,اللي فات مات (ماتلا عليه التلفات),let bygones be bygones.,let bygones be bygones.,False,let bygones be bygones.,Whoever has left is dead,"If something is gone, it is deceased",What has passed must be buried,A,Whoever has left is dead,What has passed must be buried,"If something is gone, it is deceased","<reasoning>A reader unfamiliar with the idiomatic sense might treat each word literally: ""اللي"" as ""whoever"", ""فات"" as ""has left/passed away"", and ""مات"" as ""is dead"". They could then interpret the phrase as a statement about people who have departed being literally deceased, or about the necessity to bury or mourn what has gone, ignoring the figurative meaning of letting go of past grievances.</re",1.0,1.0,1.5,0.93,97.9
a,cot_en,Arabic,MID0318,الْمَاهُ وارِدْ امْعاكْ لا يْعَلَّكْلكْ.,People who don’t walk in your shoes can’t understand your journey.,People who don’t walk in your shoes can’t understand your journey.,False,The water that accompanies you will not strike you.,People who don’t walk in your shoes can’t understand your journey.,"When water is present with you, it does not affect you.","If water comes with you, it will not harm you.",B,The water that accompanies you will not strike you.,"If water comes with you, it will not harm you.","When water is present with you, it does not affect you.","[""The water that accompanies you will not strike you."", ""If water comes with you, it will not harm you."", ""When water is present with you, it does not affect you.""]",1.0,1.0,0.91,0.72,91.6
a,cot_en,Arabic,MID0319,حَمْلْ اجماعً ريشْ,A burden shared is a burden halved.,A burden shared is a burden halved.,False,Carrying a feather while assembled,A load of gathered feathers,A gathering as light as a feather,A burden shared is a burden halved.,D,A load of gathered feathers,A gathering as light as a feather,Carrying a feather while assembled,"<reasoning>When looking at the Arabic phrase word‑by‑word without idiomatic context, a reader might take each term at face value: ""حمل"" (ḥamal) meaning “load” or “burden”, ""اجماعً"" (ijmā‘) meaning “gathering” or “assembly"", and ""ريش"" (rīsh) meaning “feather”. Combining these literally could lead to interpretations such as a load made of gathered feathers, a gathering that is as light as a feather,",1.0,1.0,0.81,0.84,95.2
a,cot_en,Arabic,MID0320,دِرْهَمْ في الكف أُلاميَّ في اتْلَفْ,Better an egg today than a hen tomorrow.,Better an egg today than a hen tomorrow.,False,The saying advises that it's better to eat an egg you have now than to wait for a hen to possibly lay more eggs in the future.,Better an egg today than a hen tomorrow.,It literally means that keeping a small coin safe in your palm is wiser than trying to catch a bird that might escape with your money.,A person should prefer holding a single dirham coin in their hand over hoping to find two dirhams lost elsewhere.,B,A person should prefer holding a single dirham coin in their hand over hoping to find two dirhams lost elsewhere.,The saying advises that it's better to eat an egg you have now than to wait for a hen to possibly lay more eggs in the future.,It literally means that keeping a small coin safe in your palm is wiser than trying to catch a bird that might escape with your money.,"[""A person should prefer holding a single dirham coin in their hand over hoping to find two dirhams lost elsewhere."", ""The saying advises that it's better to eat an egg you have now than to wait for a hen to possibly lay more eggs in the future."", ""It literally means that keeping a small coin safe in your palm is wiser than trying to catch a bird that might escape with your money.""]",1.0,1.0,3.04,0.9,97.0
a,cot_en,Arabic,MID0321,كل استاخيرة فيها خيرة,Good things come to those who wait.,Good things come to those who wait.,False,Good things come to those who wait.,Every selection contains goodness,Every delay contains a selection,Every consultation contains goodness,A,Every consultation contains goodness,Every selection contains goodness,Every delay contains a selection,"<reasoning>Readers unfamiliar with Arabic morphology might misread the uncommon word استاخيرة as similar-looking roots such as استشارة (consultation) or اختيار (choice), and might also misinterpret خيرة as either ‘goodness’ or ‘choice’ leading to literal readings that swap the two nouns.</reasoning>
[""Every consultation contains goodness"",""Every selection contains goodness"",""Every delay contains a",1.0,0.3333333333333333,0.62,0.54,66.2
a,cot_en,Arabic,MID0322,كل بخنوس افعين امو اغزال,"Beauty is in the eye of the beholder.
","Beauty is in the eye of the beholder.
",False,"Beauty is in the eye of the beholder.
",All gazelles have beautiful eyes,Everything that is beautiful must be a gazelle's eye,The mother of every gazelle is beauty,A,All gazelles have beautiful eyes,Everything that is beautiful must be a gazelle's eye,The mother of every gazelle is beauty,"<reasoning>
A reader unfamiliar with the idiomatic meaning might treat each Arabic word as a literal noun or adjective and try to construct a sentence based on word‑by‑word translations. For example, interpreting ""كل"" as ""all/every"", ""بخنوس"" as ""beauty"", ""افعين"" as ""eyes"", ""امو"" as ""mother"", and ""اغزال"" as ""gazelle"" could lead to nonsensical literal readings such as ""all beauty is the eyes of a ga",1.0,1.0,0.88,0.95,98.5
a,cot_en,Arabic,MID0323,كل ديقة وراها صحبة ,After a storm comes a calm.,After a storm comes a calm.,False,After a storm comes a calm.,Every narrow alley is followed by a group of friends walking together,Every cramped situation leads to a gathering of people,Every tight space is succeeded by a caravan of travelers,A,Every narrow alley is followed by a group of friends walking together,Every tight space is succeeded by a caravan of travelers,Every cramped situation leads to a gathering of people,"<reasoning>A reader who takes the words at face value might ignore the idiomatic sense and think the proverb is describing a physical sequence: first something narrow or tight, then something that accompanies it. They could picture literal narrow places (alleys, doors, gaps) being followed by literal groups or companions (friends, caravans, gatherings), leading to various concrete but incorrect in",1.0,1.0,1.72,0.78,93.4
a,cot_en,Arabic,MID0324,لحديد يبتط الا حامي,strike while the iron is hot.,strike while the iron is hot.,False,strike while the iron is hot.,Iron will not break except when a hot guardian is present,Iron only stops breaking when it is protected by heat,The iron ceases to be destructive only if it is guarded by warmth,A,Iron only stops breaking when it is protected by heat,Iron will not break except when a hot guardian is present,The iron ceases to be destructive only if it is guarded by warmth,"<reasoning>
A reader unfamiliar with the idiomatic meaning might take each word at face value: ""حديد"" (iron), ""يبط"" (stops/breaks), ""الا"" (except), ""حامي"" (protector/hot). This could lead to literal readings suggesting that iron only ceases to break under certain conditions involving a protector or heat, rather than the intended advice to act promptly when conditions are favorable.
</reasoning>
[""",1.0,1.0,1.89,0.82,94.6
a,cot_en,Arabic,MID0325, العين الا تخطات حاجبها أخسر واجبها,"Abundance, like want, ruins many.","Abundance, like want, ruins many.",False,"When the eye refrains from crossing the eyebrow, it forfeits its required task.","If you don't let your eye cross your eyebrow, you will lose your duty.",An eye that stays within its eyebrow loses its obligation to see.,"Abundance, like want, ruins many.",D,"If you don't let your eye cross your eyebrow, you will lose your duty.",An eye that stays within its eyebrow loses its obligation to see.,"When the eye refrains from crossing the eyebrow, it forfeits its required task.","<reasoning>A reader unfamiliar with the figurative meaning might treat each word as a direct physical instruction, interpreting the proverb as a literal rule about eye movement, eyebrow position, and duties or tasks related to vision. This leads to mistaken readings that focus on the mechanics of not letting the eye go past the eyebrow and the consequent loss of some obligation or function.</reaso",1.0,1.0,2.6,0.92,97.6
a,cot_en,Arabic,MID0326, أَجَت الحَزِينة تِفرَح ما لاَقَتَش لهَا مِطرَح.,Born to suffer.,Born to suffer.,False,The unhappy person is pleased when they lack a rug to lie on.,The sad woman is happy because she did not find a mattress for herself.,Born to suffer.,The sorrowful girl rejoices when she cannot locate a place to sit.,C,The sad woman is happy because she did not find a mattress for herself.,The sorrowful girl rejoices when she cannot locate a place to sit.,The unhappy person is pleased when they lack a rug to lie on.,"<reasoning>Readers unfamiliar with the idiomatic meaning might try to translate each word literally, leading to interpretations that focus on the concrete nouns and verbs in the phrase. They could picture a sad female character whose happiness is tied to the absence of a specific object (like a mattress, mat, or place to sit), interpreting the proverb as a statement about her mood depending on whe",1.0,1.0,4.33,0.85,95.5
a,cot_en,Arabic,MID0327, أَكَل العِنَب وأعطَانَا الحُصرُم,He took the lion's share,He took the lion's share,False,He ate the grapes and gave us the leaves,He ate the grapes and gave us the juice,He ate the grapes and gave us the seeds,He took the lion's share,D,He ate the grapes and gave us the seeds,He ate the grapes and gave us the juice,He ate the grapes and gave us the leaves,"<reasoning>The proverb literally describes someone eating grapes and giving the leftover pomace (husks, skins, seeds) to others. A reader might misinterpret the unfamiliar term ""الحُصرُم"" as referring to other grape parts or even unrelated items, leading to several plausible but incorrect literal readings.</reasoning>[""He ate the grapes and gave us the seeds"",""He ate the grapes and gave us the jui",1.0,1.0,1.8,0.22,76.6
a,cot_en,Arabic,MID0328, اذا لَم تَكُن فَارِسًا كُنتَ الفَرِيسَة,Strike the first blow. / DO OR DIE.,Strike the first blow. / DO OR DIE.,False,Strike the first blow. / DO OR DIE.,"If you are not a horseman, you will be eaten by a horse.","If you do not ride a horse, the horse will chase you as its prey.","If you are not a knight, you become the horse's food.",A,"If you are not a horseman, you will be eaten by a horse.","If you do not ride a horse, the horse will chase you as its prey.","If you are not a knight, you become the horse's food.","<reasoning>Readers might take the words faris (horseman/knight) and fareesa (prey) literally, thinking the proverb gives advice about actual horse riding or being hunted by animals, rather than its figurative meaning about taking initiative.</reasoning>[""If you are not a horseman, you will be eaten by a horse."",""If you do not ride a horse, the horse will chase you as its prey."",""If you are not a k",1.0,1.0,1.62,0.72,91.6
a,cot_en,Arabic,MID0329, اِطعَم الفَم تِستَحي العَين,"A bribe works miracles. / A dog will not cry if you beat him with a bone.
","A bribe works miracles. / A dog will not cry if you beat him with a bone.
",False,"A bribe works miracles. / A dog will not cry if you beat him with a bone.
","If you feed the mouth of a river, the eye of a storm will become shy.",Feeding the mouth of a cave causes the eye of a needle to look away.,"When you give food to a mouth (such as an opening), the eye (of a sewing needle) feels embarrassed and closes.",A,"If you feed the mouth of a river, the eye of a storm will become shy.",Feeding the mouth of a cave causes the eye of a needle to look away.,"When you give food to a mouth (such as an opening), the eye (of a sewing needle) feels embarrassed and closes.","<reasoning>Readers unfamiliar with the idiomatic sense might treat each word literally, assuming the proverb describes a physical cause‑effect between a mouth and an eye. They could imagine the “mouth” as an opening (like a river mouth or cave mouth) and the “eye” as something like a storm’s eye or a needle’s eye, leading to bizarre literal readings about feeding openings causing shame or shyness ",1.0,1.0,1.02,0.8,94.0
a,cot_en,Arabic,MID0330, الاخرة الك يا فاخرة,He laughs best who laughs last.,He laughs best who laughs last.,False,"The final thing, you are glorious.",He laughs best who laughs last.,"The latter, you are splendid.","The afterlife, you are magnificent.",B,"The afterlife, you are magnificent.","The latter, you are splendid.","The final thing, you are glorious.","[""The afterlife, you are magnificent."", ""The latter, you are splendid."", ""The final thing, you are glorious.""]",1.0,1.0,0.89,0.61,88.3
a,cot_en,Arabic,MID0331, الجَمَل لو شَاف عوَجَة رقبته ما انعَوَج عن الناس,The pot calling the kettle black.,The pot calling the kettle black.,False,Seeing a twisted neck prevents a camel from becoming twisted by people.,A camel observing a bent neck will not become bent due to human influence.,A camel will not bend its neck if it sees a crooked object.,The pot calling the kettle black.,D,A camel will not bend its neck if it sees a crooked object.,Seeing a twisted neck prevents a camel from becoming twisted by people.,A camel observing a bent neck will not become bent due to human influence.,"[""A camel will not bend its neck if it sees a crooked object."", ""Seeing a twisted neck prevents a camel from becoming twisted by people."", ""A camel observing a bent neck will not become bent due to human influence.""]",1.0,1.0,2.17,0.81,94.3
a,cot_en,Arabic,MID0332," الحال من بَعضُه
",We're all in the same boat.,We're all in the same boat.,False,The circumstance originates from a fragment of it,The state is derived from some of it,We're all in the same boat.,The condition comes from a part of it,C,The condition comes from a part of it,The state is derived from some of it,The circumstance originates from a fragment of it,"<reasoning>A reader unfamiliar with the idiom might translate each word literally: ""الحال"" as ""the state/condition"", ""من"" as ""from"", ""بعضُه"" as ""some of it"" or ""a part of it"". This could lead to interpretations such as the condition coming from a portion, the state belonging to a part, or the situation being derived from a fragment, none of which capture the intended meaning of shared predicament.",1.0,1.0,1.33,0.63,88.9
a,cot_en,Arabic,MID0333, الحِدَايِة ما بتِرمي كتَاكِيت,There's no such thing as a free lunch.,There's no such thing as a free lunch.,False,There's no such thing as a free lunch.,The act of showing does not fling the poultry.,Guidance does not throw away the chicks.,The guide does not discard the baby chickens.,A,Guidance does not throw away the chicks.,The guide does not discard the baby chickens.,The act of showing does not fling the poultry.,"<reasoning>A reader might take the Arabic words at face value without idiomatic context, interpreting الحِدَاية as ""guidance"" or ""the guide"", بتِرمي as the verb ""to throw"" (or ""to discard""), and كتاكيت as the noun ""chicks"" or ""baby chickens"". From these literal readings they could construct various nonsensical meanings, such as the guide not discarding baby birds, guidance not launching poultry, o",1.0,1.0,1.0,0.74,92.2
a,cot_en,Arabic,MID0334, الخُنِفسَانِة شَافَت ابنَها على الحِيط قالت: يسلَم لِي بَيَاضَك على سَوادِ الحيط.,Beauty is in the eye of the beholder.,Beauty is in the eye of the beholder.,False,The ant admired its white child against the dark wall and exclaimed that the child's whiteness should be preserved against the wall's blackness.,An ant saw its child on a wall and warned it to stay away from the black paint because the white offspring would be visible to predators.,Beauty is in the eye of the beholder.,An ant noticed its son on a wall and advised him to keep his white color safe from being smudged by the wall's black surface.,C,An ant saw its child on a wall and warned it to stay away from the black paint because the white offspring would be visible to predators.,The ant admired its white child against the dark wall and exclaimed that the child's whiteness should be preserved against the wall's blackness.,An ant noticed its son on a wall and advised him to keep his white color safe from being smudged by the wall's black surface.,"<reasoning>Readers unfamiliar with the idiomatic meaning might take the proverb at face value, imagining a literal scene where an ant observes its offspring on a wall and makes a statement about colors. They could interpret the ant's comment as a warning about visibility, a complaint about contrast, or a safety remark concerning the wall's pigment, missing the figurative point about subjective bea",1.0,1.0,3.12,0.76,92.8
a,cot_en,Arabic,MID0335,عادة بتغير عادة," Out with the old, in with the new."," Out with the old, in with the new.",False," Out with the old, in with the new.",A habit is changed by another habit,The habit that changes is the same habit,Habit changes habit,A,Habit changes habit,A habit is changed by another habit,The habit that changes is the same habit,"<reasoning>
A literal reading of the Arabic phrase ""عادة بتغير عادة"" might treat each word as a separate noun or verb without idiomatic meaning, leading to interpretations where ""habit"" is the subject performing the action of changing another ""habit"", or where the phrase describes a habit being altered by another habit, or where the same habit is both the changer and the changed.
</reasoning>
[""Ha",1.0,0.6666666666666666,0.75,0.77,83.1
a,cot_en,Arabic,MID0336, بتعَايرُوا والعَار فِيكُو,People in glass houses should not throw stones.,People in glass houses should not throw stones.,False,They are hurling objects and the fault lies with you.,They are literally throwing stones and the shame is inside you.,People in glass houses should not throw stones.,They are casting blame and the disgrace resides in you.,C,They are literally throwing stones and the shame is inside you.,They are casting blame and the disgrace resides in you.,They are hurling objects and the fault lies with you.,"<reasoning>
The Arabic phrase ""بِتَعَايرُوا والعَار فِيكُو"" can be broken down literally as ""they are throwing (or casting) and the shame is in you."" A reader unfamiliar with the idiomatic meaning might take each word at face value, leading to interpretations that focus on the actions of throwing, the concept of shame, and the pronoun ""you"" without recognizing the metaphorical advice about hypocri",1.0,1.0,1.29,0.68,90.4
a,cot_en,Arabic,MID0337, بَدَّلُوا غُزلانها بِقروُدها,A falling master makes a standing servant.,A falling master makes a standing servant.,False,They swapped the gazelles' horns for monkey tails.,They traded the gazelle's pasture for the monkey's jungle.,A falling master makes a standing servant.,They replaced the gazelle's drinking water with monkey's milk.,C,They swapped the gazelles' horns for monkey tails.,They replaced the gazelle's drinking water with monkey's milk.,They traded the gazelle's pasture for the monkey's jungle.,"[""They swapped the gazelles' horns for monkey tails."", ""They replaced the gazelle's drinking water with monkey's milk."", ""They traded the gazelle's pasture for the monkey's jungle.""]",1.0,1.0,1.24,0.78,93.4
a,cot_en,Arabic,MID0338, بعد ما انقرصت احترصت.,A burnt child dreads the fire.,A burnt child dreads the fire.,False,"Once the object was heated, it started to fear heat.","After being scorched, it learned to avoid flames.",A burnt child dreads the fire.,"After the fire was extinguished, it became cautious.",C,"After the fire was extinguished, it became cautious.","Once the object was heated, it started to fear heat.","After being scorched, it learned to avoid flames.","[""After the fire was extinguished, it became cautious."", ""Once the object was heated, it started to fear heat."", ""After being scorched, it learned to avoid flames.""]",1.0,1.0,1.44,0.84,95.2
a,cot_en,Arabic,MID0339, بعَسَلكِي يَا نَحلَة وَلا تُقُرصِيِني,Neither fish nor fowl.,Neither fish nor fowl.,False,"Your honey, O bee, do not gossip about me",Neither fish nor fowl.,"Give me your honey, bee, but don't bite me","O bee, your honey is mine, so refrain from stinging me",B,"Your honey, O bee, do not gossip about me","Give me your honey, bee, but don't bite me","O bee, your honey is mine, so refrain from stinging me","<reasoning>Readers unfamiliar with the idiomatic sense might try to translate each word directly, assuming the phrase is a literal request to a bee about its honey and its sting. This leads to interpretations that focus on honey, bees, and stinging or related actions, even though the proverb actually means “neither fish nor fowl.”</reasoning>
[""Your honey, O bee, do not gossip about me"",""Give me y",1.0,1.0,2.42,0.75,92.5
a,cot_en,Arabic,MID0340, بيَاكُل ما بيشبَع وبيخَرفُوه ما بيِسمَع.,A hungry stomach has no ears.,A hungry stomach has no ears.,False,"A stomach that is hungry cannot produce earwax, so you lose hearing.",A hungry person literally grows ears on their stomach that stop working when they're starving.,A hungry stomach has no ears.,"If you haven't eaten, your stomach physically covers your ears, blocking sound.",C,A hungry person literally grows ears on their stomach that stop working when they're starving.,"If you haven't eaten, your stomach physically covers your ears, blocking sound.","A stomach that is hungry cannot produce earwax, so you lose hearing.","[""A hungry person literally grows ears on their stomach that stop working when they're starving."", ""If you haven't eaten, your stomach physically covers your ears, blocking sound."", ""A stomach that is hungry cannot produce earwax, so you lose hearing.""]",1.0,1.0,2.17,0.9,97.0
a,cot_en,Arabic,MID0341, بِيت الاَسَد ما بِيخلَي مِن العظَام,A leopard can't change its spots.,A leopard can't change its spots.,False,A leopard can't change its spots.,The bones inside a lion's den remain there permanently,A lion's den never becomes empty of bones,A lion's house does not remove or discard bones,A,A lion's den never becomes empty of bones,A lion's house does not remove or discard bones,The bones inside a lion's den remain there permanently,"<reasoning>A reader encountering the Arabic phrase might take each word at face value, ignoring idiomatic meaning. They could think the sentence describes a physical state of a lion's den concerning bones, leading to literal interpretations such as the den always containing bones, the den never being cleared of bones, or the bones being permanently stuck in the den.</reasoning>
[""A lion's den neve",1.0,1.0,1.44,0.76,92.8
a,cot_en,Arabic,MID0342, بيتيجي عَلَى أهوَن الاَسبَاب,"When the going gets tough, the tough get going.","When the going gets tough, the tough get going.",False,"When the going gets tough, the tough get going.",My dwelling shows up for trivial reasons.,The house arrives upon the lightest causes.,My house comes for the easiest reasons.,A,My house comes for the easiest reasons.,The house arrives upon the lightest causes.,My dwelling shows up for trivial reasons.,"<reasoning>A reader unfamiliar with the idiomatic meaning might parse the Arabic words literally, treating ""بيتيجي"" as ""my house comes"" (since ""بيتي"" = my house and ""يجي"" = comes) and then interpret the prepositional phrase ""عَلَى أهون الاَسبَاب"" as a straightforward description of cause or reason. This leads to plausible but incorrect literal readings that focus on a house moving or arriving for ",1.0,1.0,0.78,0.85,95.5
a,cot_en,Arabic,MID0343, بِيشتَري سَمَك في بَحَر ,Buy a pig in a poke.,Buy a pig in a poke.,False,He buys a fish that is already swimming in the sea.,Buy a pig in a poke.,He goes to the seaside market to buy fish.,He purchases both the sea and the fish together.,B,He buys a fish that is already swimming in the sea.,He purchases both the sea and the fish together.,He goes to the seaside market to buy fish.,"[""He buys a fish that is already swimming in the sea."", ""He purchases both the sea and the fish together."", ""He goes to the seaside market to buy fish.""]",1.0,1.0,1.61,0.85,95.5
a,cot_en,Arabic,MID0344,"""نفس الرجال بحيي الرجال"" ","United we stand, divided we fall.","United we stand, divided we fall.",False,"United we stand, divided we fall.",Men's souls live among men,Men's souls are revived by men,The life of men is given by other men,A,Men's souls are revived by men,The life of men is given by other men,Men's souls live among men,"<reasoning>The Arabic phrase ""نفس الرجال بحيي الرجال"" can be taken word‑for‑word: ""نفس"" (soul/self), ""الرجال"" (the men), ""بحيي"" (verb form meaning ""gives life"" or ""revives""), and again ""الرجال"" (the men). A reader unfamiliar with the idiomatic meaning might assume the sentence describes a direct relationship between men's souls and their vitality, leading to literal‑sounding but incorrect interpre",1.0,1.0,1.11,0.79,93.7
a,cot_en,Arabic,MID0345,“إيد على إيد، ابترمي لبعيد”,Union is strength.,Union is strength.,False,Holding hands together enables you to reach or throw something far.,Union is strength.,"If you place one hand on top of another, you can throw objects a great distance.","When two people join hands, they are able to launch something far away.",B,"If you place one hand on top of another, you can throw objects a great distance.","When two people join hands, they are able to launch something far away.",Holding hands together enables you to reach or throw something far.,"[""If you place one hand on top of another, you can throw objects a great distance."", ""When two people join hands, they are able to launch something far away."", ""Holding hands together enables you to reach or throw something far.""]",1.0,1.0,4.44,0.94,98.2
a,cot_en,Arabic,MID0346,“الكُثْرَة ابتغلب الشجاعة” ,There is safety in numbers.,There is safety in numbers.,False,The crowd seeks bravery.,There is safety in numbers.,Multitude is brave.,Abundance looks for courage.,B,The crowd seeks bravery.,Abundance looks for courage.,Multitude is brave.,"[""The crowd seeks bravery."", ""Abundance looks for courage."", ""Multitude is brave.""]",1.0,0.0,0.73,1.0,70.0
a,cot_en,Arabic,MID0347,"”أربعة شالوا الجمل؛ والجمل ما شالهم"".", Many hands make light work. , Many hands make light work. ,False, Many hands make light work. ,"A group of four tried to move a camel by lifting it, but the camel stayed stationary and did not assist them.","Four people lifted a camel off the ground, but the camel did not lift the people off the ground.","Four individuals carried a camel on their shoulders, yet the camel refused to carry them in return.",A,"Four people lifted a camel off the ground, but the camel did not lift the people off the ground.","Four individuals carried a camel on their shoulders, yet the camel refused to carry them in return.","A group of four tried to move a camel by lifting it, but the camel stayed stationary and did not assist them.","<reasoning>Readers might focus on the concrete actions of lifting or carrying and interpret the proverb as a literal description of four people interacting with a camel, missing the figurative meaning about collective effort. They could imagine scenarios where the camel's role is misunderstood, such as the camel refusing to help, the camel being unable to lift people, or the camel being the object",1.0,1.0,3.87,0.8,94.0
a,cot_en,Arabic,MID0348,”إن اطعمت اشبع؛ وإن ظربت أوجِع”,Go big or go home.,Go big or go home.,False,"If you provide food, you will be satisfied; if you cause a blow, you will experience pain.",Go big or go home.,"If you feed (someone), you become satisfied; if you strike (something), it will ache.","If you eat, you will be full; if you hit, you will feel pain.",B,"If you eat, you will be full; if you hit, you will feel pain.","If you provide food, you will be satisfied; if you cause a blow, you will experience pain.","If you feed (someone), you become satisfied; if you strike (something), it will ache.","[""If you eat, you will be full; if you hit, you will feel pain."", ""If you provide food, you will be satisfied; if you cause a blow, you will experience pain."", ""If you feed (someone), you become satisfied; if you strike (something), it will ache.""]",1.0,1.0,3.0,0.77,93.1
a,cot_en,Arabic,MID0349,”إيد على إيد بتعين”. , In unity there is strength., In unity there is strength.,False,Stacking hands together creates a tool that can be used to build or fix objects,A hand placed on another hand physically lifts or supports weight,Putting your hand on someone else's hand heals or cures them, In unity there is strength.,D,A hand placed on another hand physically lifts or supports weight,Putting your hand on someone else's hand heals or cures them,Stacking hands together creates a tool that can be used to build or fix objects,"<reasoning>A reader unfamiliar with the idiomatic sense might treat each word literally: “إيد” as a physical hand, “على إيد” as one hand placed atop another, and “بتعين” as providing help or support. From this they could infer meanings about physical assistance, medical treatment, or mechanical advantage, none of which capture the figurative sense of unity giving strength.</reason>
[""A hand placed",1.0,1.0,2.47,0.9,97.0
a,cot_en,Arabic,MID0350,”اظعيفين قتلوا قوي”.,Together we are stronger. ,Together we are stronger. ,False,Together we are stronger. ,The feeble defeated the mighty in battle.,A couple of frail people overpowered a robust opponent.,Two weak individuals killed a strong person.,A,Two weak individuals killed a strong person.,The feeble defeated the mighty in battle.,A couple of frail people overpowered a robust opponent.,"[""Two weak individuals killed a strong person."", ""The feeble defeated the mighty in battle."", ""A couple of frail people overpowered a robust opponent.""]",1.0,1.0,1.92,0.98,99.4
a,cot_en,Arabic,MID0351,”البركة في الكُثْرَة., Strength in numbers., Strength in numbers.,False,The blessing is in the thickness,The barcode is in the crowd,The abundance is in the barcode, Strength in numbers.,D,The barcode is in the crowd,The abundance is in the barcode,The blessing is in the thickness,"<reasoning>
A reader unfamiliar with Arabic might mistake the words for similar-looking English terms or false cognates. For example, ""البركة"" could be misread as ""the barcode"" (since بركة sounds like ""barcode"" to an English ear), and ""الكُثْرَة"" might be taken as ""the crowd"" or ""the thickness"" (because كثرة can imply a large group or, literally, thickness/density). Combining these misinterpretati",1.0,1.0,2.0,0.49,84.7
a,cot_en,Arabic,MID0352,"”الدم ما بصير مَيِّة"".",Blood is thicker than water.,Blood is thicker than water.,False,Blood is thicker than water.,"Blood remains blood, never turns into water.",Blood and water never mix.,Blood cannot be transformed into water.,A,Blood cannot be transformed into water.,Blood and water never mix.,"Blood remains blood, never turns into water.","[""Blood cannot be transformed into water."", ""Blood and water never mix."", ""Blood remains blood, never turns into water.""]",1.0,1.0,1.2,0.8,94.0
a,cot_en,Arabic,MID0353,أذكُر الكَلب وحَضِّر لَه العَصاة,Speak of the devil.,Speak of the devil.,False,"If you speak of a dog, you must encourage it by giving it a stick.","When you mention a dog, you should hand it a stick.",Talking about a dog means you ought to provoke it with a stick.,Speak of the devil.,D,"When you mention a dog, you should hand it a stick.",Talking about a dog means you ought to provoke it with a stick.,"If you speak of a dog, you must encourage it by giving it a stick.","[""When you mention a dog, you should hand it a stick."", ""Talking about a dog means you ought to provoke it with a stick."", ""If you speak of a dog, you must encourage it by giving it a stick.""]",1.0,1.0,3.25,0.75,92.5
a,cot_en,Arabic,MID0354,أشهر من نار على علم,Well-known like wildfire.,Well-known like wildfire.,False,More well-known than a blaze sitting atop a lesson,More renowned than flames placed on knowledge,More famous than a fire burning on a textbook,Well-known like wildfire.,D,More famous than a fire burning on a textbook,More well-known than a blaze sitting atop a lesson,More renowned than flames placed on knowledge,"<reasoning>A reader unfamiliar with the idiom might treat each word literally: ""أشهر"" as ""more famous,"" ""نار"" as an actual fire, and ""على علم"" as something physically placed on top of knowledge (e.g., a book or scholarly work). This leads to interpretations where the fame is compared to a literal fire situated on or above some object representing knowledge.</reasoning>
[""More famous than a fire bu",1.0,1.0,2.78,0.79,93.7
a,cot_en,Arabic,MID0355,إسال مجرب ولا تسأل طبيب.,Experience is the best teacher.,Experience is the best teacher.,False,Asking someone who has tried is equivalent to asking a physician for advice,Experience is the best teacher.,You need to see a doctor in order to gain any experience,You should ask a doctor to test something before trying it yourself,B,You should ask a doctor to test something before trying it yourself,Asking someone who has tried is equivalent to asking a physician for advice,You need to see a doctor in order to gain any experience,"[""You should ask a doctor to test something before trying it yourself"", ""Asking someone who has tried is equivalent to asking a physician for advice"", ""You need to see a doctor in order to gain any experience""]",1.0,1.0,2.47,0.87,96.1
a,cot_en,Arabic,MID0356,إصرف ما في الجيب يأتيك ما في الغيب.,Spend money to make money.,Spend money to make money.,False,Spend money to make money.,Spend all the coins in your pocket and you will uncover buried treasure.,"If you empty your pockets, unseen spirits will give you money.","Spend what's in your pocket and you will receive whatever is currently invisible, like luck or fate.",A,Spend all the coins in your pocket and you will uncover buried treasure.,"If you empty your pockets, unseen spirits will give you money.","Spend what's in your pocket and you will receive whatever is currently invisible, like luck or fate.","<reasoning>A reader might take the Arabic words literally, interpreting ""ما في الجيب"" as the exact contents of one's pocket (coins, bills, lint) and ""ما في الغيب"" as something physically unseen or hidden, leading to misguided notions that spending pocket money will cause hidden objects, supernatural forces, or abstract unseen entities to provide money or rewards, rather than understanding the prov",1.0,1.0,2.73,0.81,94.3
a,cot_en,Arabic,MID0357,إقرع ونزَهي.,A beggar with a Havana.,A beggar with a Havana.,False,Read and wander,Strike and be pure,Knock and stroll,A beggar with a Havana.,D,Read and wander,Knock and stroll,Strike and be pure,"<reasoning>A reader unfamiliar with the exact meanings might misread the Arabic letters: confusing the ع in إقرع with a hamza (making it إقرأ “read”), or interpreting نزَهي as a verb meaning “to wander/stroll” or “to be pure/chaste”. These confusions lead to plausible but incorrect literal readings.</reasoning>
[""Read and wander"",""Knock and stroll"",""Strike and be pure""]",1.0,0.0,0.67,0.82,64.6
a,cot_en,Arabic,MID0358,الصديق وقت الضيق.,A friend in need is a friend indeed.,A friend in need is a friend indeed.,False,A friend is a clock that measures distress.,A friend in need is a friend indeed.,Friendship exists only during times of narrowness.,A friend is a moment of hardship.,B,A friend is a moment of hardship.,A friend is a clock that measures distress.,Friendship exists only during times of narrowness.,"<reasoning>When encountering the Arabic phrase الصديق وقت الضيق, a reader unfamiliar with idiomatic usage might parse each word literally: الصديق (the friend), وقت (time/clock), الضيق (the narrowness/distress). This could lead to interpretations where the friend is equated with a temporal measure or a condition, rather than understanding the idiomatic meaning that a true friend reveals themselves ",1.0,1.0,0.92,0.87,96.1
a,cot_en,Arabic,MID0359,الغرقان بيتعلق بقشة.,Any port in a storm.,Any port in a storm.,False,Any port in a storm.,A debtor who is financially 'drowning' holds onto a small straw‑shaped token hoping it will relieve his debt,Someone whose boat is sinking clings to a piece of straw as a makeshift sail,A person who is submerged in water grabs a drinking straw to breathe underwater,A,A person who is submerged in water grabs a drinking straw to breathe underwater,Someone whose boat is sinking clings to a piece of straw as a makeshift sail,A debtor who is financially 'drowning' holds onto a small straw‑shaped token hoping it will relieve his debt,"<reasoning>Readers might misinterpret the metaphorical parts of the proverb as literal actions: taking ""الغرقان"" to mean someone literally underwater, ""بيتعلق"" as physically clinging, and ""قشة"" as a drinking straw or piece of straw, leading to implausible literal scenarios.</reasoning>
[""A person who is submerged in water grabs a drinking straw to breathe underwater"",""Someone whose boat is sinking",1.0,1.0,3.13,0.88,96.4
a,cot_en,Arabic,MID0360,بيعمل من الحبة قبة.,make a mountain out of a molehill.,make a mountain out of a molehill.,False,He constructs a dome out of a single seed,He makes a dome from a single bead,make a mountain out of a molehill.,He literally builds a dome using a single pill,C,He literally builds a dome using a single pill,He constructs a dome out of a single seed,He makes a dome from a single bead,"[""He literally builds a dome using a single pill"",""He constructs a dome out of a single seed"",""He makes a dome from a single bead""]",1.0,1.0,1.24,0.65,89.5
a,cot_en,Arabic,MID0361,دوام الحال من المحال,Nothing lasts forever.,Nothing lasts forever.,False,The state of being permanent is impossible.,Nothing lasts forever.,The continuation of circumstances cannot happen.,The condition of lasting is derived from the impossible.,B,The state of being permanent is impossible.,The continuation of circumstances cannot happen.,The condition of lasting is derived from the impossible.,"[""The state of being permanent is impossible."", ""The continuation of circumstances cannot happen."", ""The condition of lasting is derived from the impossible.""]",1.0,1.0,2.44,0.76,92.8
a,cot_en,Arabic,MID0362,وجع ساعة ولا كل ساعة,Better a moment of pain than a lifetime of suffering.,Better a moment of pain than a lifetime of suffering.,False,Better an ache that lasts an hour than an ache that lasts all the time.,Better a single painful hour than every hour being painful.,Better a moment of pain than a lifetime of suffering.,Better a painful watch than a watch all the time.,C,Better a painful watch than a watch all the time.,Better a single painful hour than every hour being painful.,Better an ache that lasts an hour than an ache that lasts all the time.,"<reasoning>Readers might take the word ""ساعة"" literally as either ""hour"" or ""watch"", and they might misinterpret the negation ""ولا"" as ""or"" or ignore its scope, leading to literal readings that compare a single painful instance (hour or watch) with a universal or continuous state (every hour or all the time) rather than the intended contrast between brief pain and lasting suffering.</reasoning>
[""",1.0,1.0,1.17,0.71,91.3
a,cot_en,Arabic,MID0363,أنا باللقمة لفمو وهو بالمشهاب لعيني.,Biting the hand that feeds him.,Biting the hand that feeds him.,False,I have a morsel stuck in my mouth and he has a spectacle lodged in my eye.,I am putting a bite of food into his mouth while he places spectacles over my eyes.,Biting the hand that feeds him.,I am chewing and he is looking at me through a pair of glasses.,C,I am putting a bite of food into his mouth while he places spectacles over my eyes.,I have a morsel stuck in my mouth and he has a spectacle lodged in my eye.,I am chewing and he is looking at me through a pair of glasses.,"<reasoning>
The Arabic phrase combines the idea of a bite (لقمة) directed at someone's mouth and a spectacle (مشهاب) directed at the speaker's eye. A reader might mistakenly interpret the words as describing separate, concrete actions—like physically placing food in someone's mouth while they put glasses on the speaker's eyes—rather than understanding the metaphorical meaning about betrayal or ing",1.0,1.0,2.67,0.82,94.6
a,cot_en,Arabic,MID0364,إذا تخلطت الأديان شد في دينك,Stand firm in your own convictions.,Stand firm in your own convictions.,False,"If the faiths intermix, straighten up your religious practice.",Stand firm in your own convictions.,"When different beliefs blend, you must pull tight the rope of your religion.","If religions become mixed, you should tighten your belt within your faith.",B,"If religions become mixed, you should tighten your belt within your faith.","When different beliefs blend, you must pull tight the rope of your religion.","If the faiths intermix, straighten up your religious practice.","<reasoning>A reader might take the idiomatic phrase literally, interpreting each word in its most basic sense without recognizing the figurative meaning of “stand firm in your convictions.” They could misunderstand “شد” as a physical action like tightening or pulling, treat “الأديان” as something else (e.g., colors or debts), and read “في دينك” as a location or object rather than a metaphor for be",1.0,1.0,1.89,0.9,97.0
a,cot_en,Arabic,MID0365,اسمع للراي اللي يبكيك ولا تسمع للراي اللي يضحكك,Better to be slapped with the truth than kissed with a lie. / Bitter truth than sweet lies.,Better to be slapped with the truth than kissed with a lie. / Bitter truth than sweet lies.,False,Pay attention to the view that saddens you and disregard the view that amuses you.,Better to be slapped with the truth than kissed with a lie. / Bitter truth than sweet lies.,Listen to the ray that makes you cry and ignore the ray that makes you laugh.,Follow advice that makes you weep like cutting onions and shun advice that makes you laugh like being tickled.,B,Listen to the ray that makes you cry and ignore the ray that makes you laugh.,Follow advice that makes you weep like cutting onions and shun advice that makes you laugh like being tickled.,Pay attention to the view that saddens you and disregard the view that amuses you.,"<reasoning>
The Arabic word ""الرأي"" can mean ""opinion,"" ""view,"" or even ""ray"" (as in a beam of light) depending on context. A reader unfamiliar with the idiomatic sense might take each word at face value, interpreting the verbs ""يبكيك"" (makes you cry) and ""يضحكك"" (makes you laugh) as literal physical effects caused by whatever ""الرأي"" refers to. This leads to mistaken literal readings such as focu",1.0,1.0,0.93,0.8,94.0
a,cot_en,Arabic,MID0366,الباب إلى يجيك منو الريح سدو واستريح,If you are always dwelling in trouble change the address.,If you are always dwelling in trouble change the address.,False,Seal the doorway against the wind arriving from your side and then take a break,Close the door to stop the wind coming from your direction and then rest,If you are always dwelling in trouble change the address.,Shut the entrance to block the wind blowing from where you are and then relax,C,Close the door to stop the wind coming from your direction and then rest,Shut the entrance to block the wind blowing from where you are and then relax,Seal the doorway against the wind arriving from your side and then take a break,"[""Close the door to stop the wind coming from your direction and then rest"", ""Shut the entrance to block the wind blowing from where you are and then relax"", ""Seal the doorway against the wind arriving from your side and then take a break""]",1.0,1.0,1.47,0.74,92.2
a,cot_en,Arabic,MID0367,الحجرة من عند لحبيب تفاحة.,A cheerful look makes a dish a feast,A cheerful look makes a dish a feast,False,A stone from the lover's place is an apple,A stone from beside the beloved is an apple,A stone from the beloved's apple,A cheerful look makes a dish a feast,D,A stone from the beloved's apple,A stone from beside the beloved is an apple,A stone from the lover's place is an apple,"[""A stone from the beloved's apple"",""A stone from beside the beloved is an apple"",""A stone from the lover's place is an apple""]",1.0,1.0,1.0,0.45,83.5
a,cot_en,Arabic,MID0368,الدار محلولة والمرأة مختولة ,Trouble never comes alone,Trouble never comes alone,False,The house is loosened and the woman is braided.,Trouble never comes alone,The house is empty and the woman is silent.,The house is dissolved and the woman is adorned.,B,The house is empty and the woman is silent.,The house is dissolved and the woman is adorned.,The house is loosened and the woman is braided.,"<reasoning>Readers unfamiliar with the idiomatic sense might take each word at face value, misreading the verbs ""محلولة"" (dissolved/solved) and ""مختولة"" (confused/perplexed) as referring to physical states of a house and a woman, leading to literal but incorrect pictures such as an empty house, a dissolved house, a loosened house, combined with notions of the woman being silent, adorned, or braide",1.0,1.0,2.25,0.44,83.2
a,cot_en,Arabic,MID0369,الذي خرج من داره قل مقداره,"east or west, home is best.","east or west, home is best.",False,Going outside your home reduces the amount of money you have.,Your personal worth is measured by how much time you spend indoors.,"When you leave your house, your physical height decreases.","east or west, home is best.",D,"When you leave your house, your physical height decreases.",Going outside your home reduces the amount of money you have.,Your personal worth is measured by how much time you spend indoors.,"[""When you leave your house, your physical height decreases."", ""Going outside your home reduces the amount of money you have."", ""Your personal worth is measured by how much time you spend indoors.""]",1.0,1.0,1.78,0.89,96.7
a,cot_en,Arabic,MID0370,الصحبة صحبة والنية مكاش.,A fair-weather friend.,A fair-weather friend.,False,Newspaper newspaper and the intention no cash,Companionship companionship and the intention is not cash,Friendship friendship and the intention is nothing,A fair-weather friend.,D,Newspaper newspaper and the intention no cash,Companionship companionship and the intention is not cash,Friendship friendship and the intention is nothing,"<reasoning>A reader unfamiliar with the idiomatic meaning might try to translate each word literally, ignoring idiomatic usage. For example, they could treat ""الصحبة"" as ""newspaper"" (since صحب can mean ""to accompany"" but also resembles ""paper""), ""النية"" as ""the intention"" taken literally, and ""مكاش"" as a negation of cash or as a phrase meaning ""not cash"". This leads to literal‑sounding but nonsens",1.0,1.0,2.44,0.59,87.7
a,cot_en,Arabic,MID0371,العدوة مزاح.,There is an excess of familiarity at the root of all hostilities.,There is an excess of familiarity at the root of all hostilities.,False,There is an excess of familiarity at the root of all hostilities.,The enemy is joking.,Hostility causes joking.,The distance between people is a joke.,A,The enemy is joking.,Hostility causes joking.,The distance between people is a joke.,"<reasoning>Readers unfamiliar with Arabic might misinterpret the individual words: they could take ""العدوة"" to mean ""the enemy"" (a person) rather than ""enmity"" (the state), or confuse it with ""distance"" (ال Distance). They might also read ""مزاح"" as an active verb meaning ""to joke"" instead of a noun meaning ""a joke"" or ""jest"". These misunderstandings lead to literal‑sounding but incorrect readings ",1.0,0.3333333333333333,0.39,0.87,76.1
a,cot_en,Arabic,MID0372,الفايدة والمايدة,Two birds with one stone,Two birds with one stone,False,a person named Faida and a person named Maida,the benefit of something and something that strayed or went astray,two birds being struck by a single stone,Two birds with one stone,D,two birds being struck by a single stone,a person named Faida and a person named Maida,the benefit of something and something that strayed or went astray,"<reasoning>When encountering the Arabic phrase الفايدة والمايدة, a reader unfamiliar with the idiom might try to translate each word literally, leading to misunderstandings such as interpreting it as referring to two actual birds, to a person named Faida and a person named Maida, or to the concepts of benefit and something that goes astray (like a stray animal). These literal readings ignore the f",1.0,1.0,1.87,0.95,98.5
a,cot_en,Arabic,MID0373,الكلام الزين يخلص الدين ,A soft answer turns away wrath ,A soft answer turns away wrath ,False,Speaking beautifully will free you from all religious obligations.,"If you talk nicely, your debts will magically disappear.",Beautiful speech will literally pay off your financial debts.,A soft answer turns away wrath ,D,Beautiful speech will literally pay off your financial debts.,Speaking beautifully will free you from all religious obligations.,"If you talk nicely, your debts will magically disappear.","<reasoning>
A reader unfamiliar with the idiomatic meaning might take each word at face value: ""الكلام"" as literal speech, ""الزين"" as beauty or adornment, ""يخلص"" as to finish, save, or release, and ""الدين"" as either a financial debt or religious obligation. Combining these literal senses could lead to the mistaken belief that the proverb is claiming that beautiful words have a direct, concrete eff",1.0,1.0,1.5,0.9,97.0
a,cot_en,Arabic,MID0374,اللي باعك بالفول بيعه بقشوره,Fight fire with fire.,Fight fire with fire.,False,Someone who sold you fava beans will also sell you the bean pods.,"If a person sells you using beans as currency, they will sell you using the bean shells.",A trader who exchanged you for fava beans will later exchange you for the husks.,Fight fire with fire.,D,Someone who sold you fava beans will also sell you the bean pods.,A trader who exchanged you for fava beans will later exchange you for the husks.,"If a person sells you using beans as currency, they will sell you using the bean shells.","[""Someone who sold you fava beans will also sell you the bean pods."", ""A trader who exchanged you for fava beans will later exchange you for the husks."", ""If a person sells you using beans as currency, they will sell you using the bean shells.""]",1.0,1.0,3.75,0.73,91.9
a,cot_en,Arabic,MID0375,اللي بغات الزين تضرب على تخراق الوذنن,"He who gathers honey, must suffer the stings","He who gathers honey, must suffer the stings",False,"He who gathers honey, must suffer the stings",Whoever wishes for ornamentation has to hit the cracked ears.,Anyone who desires adornment must strike the torn ears.,He who seeks beauty must beat the split ears.,A,Anyone who desires adornment must strike the torn ears.,He who seeks beauty must beat the split ears.,Whoever wishes for ornamentation has to hit the cracked ears.,"[""Anyone who desires adornment must strike the torn ears."", ""He who seeks beauty must beat the split ears."", ""Whoever wishes for ornamentation has to hit the cracked ears.""]",1.0,1.0,1.17,0.83,94.9
a,cot_en,Arabic,MID0376,اللي بغاها قاع خلها قاع,"Grasp all, lose all","Grasp all, lose all",False,"If you desire a bottom, abandon the bottom",Whoever wants a floor should leave the floor,"Grasp all, lose all",Seeking the base means you must discard the base,C,Whoever wants a floor should leave the floor,"If you desire a bottom, abandon the bottom",Seeking the base means you must discard the base,"<reasoning>A reader might take each word at face value, interpreting “قاع” as a literal floor or bottom, “بغاها” as a desire for that object, and “خلها” as an instruction to abandon it, leading to literal‑sounding advice about physical surfaces or bases rather than the figurative meaning about greed.</reasoning>
[""Whoever wants a floor should leave the floor"",""If you desire a bottom, abandon the b",1.0,1.0,2.08,0.87,96.1
a,cot_en,Arabic,MID0377,اللي حدى القدرة ينطلى بحمومها ,Bad company corrupts good character,Bad company corrupts good character,False,Bad company corrupts good character,The one who bounds ability becomes stained by its exertion.,He who limits capability ends up covered in its sweat.,Whoever restricts ability gets coated in its fever.,A,Whoever restricts ability gets coated in its fever.,He who limits capability ends up covered in its sweat.,The one who bounds ability becomes stained by its exertion.,"[""Whoever restricts ability gets coated in its fever."", ""He who limits capability ends up covered in its sweat."", ""The one who bounds ability becomes stained by its exertion.""]",1.0,1.0,1.87,0.88,96.4
a,cot_en,Arabic,MID0378,اللي عضو الحنش يخاف من الحبل,"Once bitten twice shy.
A burnt child dreads the fire","Once bitten twice shy.
A burnt child dreads the fire",False,"Once bitten twice shy.
A burnt child dreads the fire",Someone who has been bitten by a snake's limb fears a rope,A person who is a snake's member is afraid of a rope,A member of the snake fears the rope,A,A member of the snake fears the rope,Someone who has been bitten by a snake's limb fears a rope,A person who is a snake's member is afraid of a rope,"<reasoning>When readers take the Arabic words at face value without knowing the idiomatic meaning, they might misinterpret ""عضو"" as ""member"" (as in a member of a group) rather than ""one who"", and treat ""الحنش"" and ""الحبل"" as literal nouns. This can lead to literal‑sounding readings that describe a snake's member or a snake‑related person fearing a rope, which are not the intended figurative sense.",1.0,1.0,1.07,0.74,92.2
a,cot_en,Arabic,MID0379,اللي عندو الساقية يشرب من ماها ,Take benefit from what you have,Take benefit from what you have,False,"If you possess a canal (الساقية), you are required to drink only from that canal’s water and are forbidden from drinking any other water source.","Owning a waterwheel obligates you to use its water for personal drinking, not for irrigation or any other purpose, according to a literal reading of the proverb.","Someone who owns a waterwheel must drink the water that flows directly from the wheel’s buckets, implying they cannot use the water for anything else.",Take benefit from what you have,D,"Someone who owns a waterwheel must drink the water that flows directly from the wheel’s buckets, implying they cannot use the water for anything else.","If you possess a canal (الساقية), you are required to drink only from that canal’s water and are forbidden from drinking any other water source.","Owning a waterwheel obligates you to use its water for personal drinking, not for irrigation or any other purpose, according to a literal reading of the proverb.","<reasoning>When encountering the Arabic phrase ""اللي عندو الساقية يشرب من ماها"", a reader unfamiliar with the cultural metaphor might treat each word literally and assume the proverb gives a direct instruction about physical objects. For example, they could think ""الساقية"" refers to a tangible object like a bucket or a canal that one must physically drink from, or they might interpret ""ماها"" as a ",1.0,1.0,4.28,0.85,95.5
a,cot_en,Arabic,MID0380,اللي غزلناه ولى صوف,We lost all what we have done ,We lost all what we have done ,False,What we spun turned into wool,We lost all what we have done ,"The wool we spun went away, leaving nothing",Our spinning produced wool that we then lost,B,What we spun turned into wool,Our spinning produced wool that we then lost,"The wool we spun went away, leaving nothing","<reasoning>Readers unfamiliar with the idiomatic use of ""غزل"" (to spin) and ""صوف"" (wool) might take the phrase literally, imagining a physical act of spinning that results in wool. They could misinterpret the verb ""ولى"" as indicating a change of state (became/went) or a loss, leading to literal readings about the transformation or disappearance of spun material into wool, rather than the figurativ",1.0,1.0,1.05,0.81,94.3
a,cot_en,Arabic,MID0381,اللي ما رضى خببزة يرضى بنصها ,Half a loaf is better than no bread,Half a loaf is better than no bread,False,"If you are not happy with a whole loaf of bread, you will be happy with half a loaf of cheese",Half a loaf is better than no bread,A person who dislikes whole bread will be satisfied with eating only half a loaf of bread,Someone who refuses to accept a full loaf of bread will instead accept half a loaf of cake,B,A person who dislikes whole bread will be satisfied with eating only half a loaf of bread,Someone who refuses to accept a full loaf of bread will instead accept half a loaf of cake,"If you are not happy with a whole loaf of bread, you will be happy with half a loaf of cheese","<reasoning>Readers might take the words literally but misinterpret the referents: they could think the proverb is about any food item rather than specifically bread, or they might think “half of it” refers to half of something else like a different food or a different attribute (price, size). These literal readings are plausible but miss the intended meaning about accepting a partial gain when not",1.0,1.0,2.33,0.7,91.0
a,cot_en,Arabic,MID0382,اللي ما عندو فلوس كلامو مسوس ,A poor man’s tale cannot be heard,A poor man’s tale cannot be heard,False,"He who lacks fish, his speech is mossy.",A poor man’s tale cannot be heard,"He who has no money, his words are a mouse.","He who has no dental floss, his pen is moss.",B,"He who has no dental floss, his pen is moss.","He who lacks fish, his speech is mossy.","He who has no money, his words are a mouse.","<reasoning>The reader might mistakenly treat Arabic words as sounding similar to unrelated English words, leading to literal but incorrect readings. For example, ""فلوس"" could be heard as ""floss"" (dental floss), ""كلمو"" could be confused with ""قلمه"" (his pen), and ""مسوس"" could be misread as ""moss"". Other mix‑ups could involve interpreting ""فلوس"" as ""fish"", ""كلمو"" as ""his camel"", and ""مسوس"" as ""mouse",1.0,1.0,1.33,0.73,91.9
a,cot_en,Arabic,MID0383,اللي مكتوب ما منو هروب,"What must be, must be","What must be, must be",False,"What must be, must be","Once you have written something, it is impossible for you to get away from that written text","If something is written down, you cannot physically run away from the paper or the ink",A written note or document cannot escape or flee on its own,A,"If something is written down, you cannot physically run away from the paper or the ink",A written note or document cannot escape or flee on its own,"Once you have written something, it is impossible for you to get away from that written text","<reasoning>A reader unfamiliar with the idiomatic sense might take the words at face value, interpreting ""مكتوب"" (written) as a physical act of writing and ""ما منو هروب"" (no escape) as a literal inability to flee from something that has been written. This could lead to interpretations such as believing that once something is put on paper it cannot be moved, that a written document cannot run away,",1.0,1.0,3.0,0.88,96.4
a,cot_en,Arabic,MID0384,المحبة تجي بالكيف ماشي بالسيف,"True love comes from the heart, not from coercion.","True love comes from the heart, not from coercion.",False,"Love arrives by method, walks with a sword","Love shows up according to how, then marches alongside a sword","True love comes from the heart, not from coercion.",Love comes through a particular manner and proceeds bearing a sword,C,"Love arrives by method, walks with a sword",Love comes through a particular manner and proceeds bearing a sword,"Love shows up according to how, then marches alongside a sword","[""Love arrives by method, walks with a sword"",""Love comes through a particular manner and proceeds bearing a sword"",""Love shows up according to how, then marches alongside a sword""]",1.0,1.0,1.11,0.82,94.6
a,cot_en,Arabic,MID0385,المرا بلا والد، كالخيمة بلا وتاد ,Sons are old age shelter,Sons are old age shelter,False,A mare without a child is like a shelter without ropes.,A mara without a father is like a tent without pegs.,Sons are old age shelter,A woman without a promise is like a fantasy without stakes.,C,A mara without a father is like a tent without pegs.,A woman without a promise is like a fantasy without stakes.,A mare without a child is like a shelter without ropes.,"<reasoning>A reader unfamiliar with Arabic might misread the words based on similar spelling, dialectal variations, or false cognates. For example, ""المرا"" could be mistaken for ""المرآة"" (mirror) or the folkloric term ""مارة"" (a night demon). ""والد"" might be confused with ""ولد"" (son/child) or even ""وعد"" (promise). ""الخيمة"" could be misheard as ""الخيال"" (imagination/fantasy) and ""وتاد"" might be take",1.0,1.0,2.2,0.67,90.1
a,cot_en,Arabic,MID0386,المرا تخاف من الشيب كيف النعجة تخاف من الديب,Woman fears age,Woman fears age,False,Woman believes that gray hair will turn into a wolf that will attack her,Woman fears age,Woman thinks that avoiding gray hair will keep wolves away,Woman is literally afraid of sheep because she thinks they are wolves,B,Woman is literally afraid of sheep because she thinks they are wolves,Woman believes that gray hair will turn into a wolf that will attack her,Woman thinks that avoiding gray hair will keep wolves away,"[""Woman is literally afraid of sheep because she thinks they are wolves"",""Woman believes that gray hair will turn into a wolf that will attack her"",""Woman thinks that avoiding gray hair will keep wolves away""]",1.0,1.0,4.0,0.83,94.9
a,cot_en,Arabic,MID0387,المظاهر الخدّاعة,Looks can be deceiving.,Looks can be deceiving.,False,The looks are cheating,Looks can be deceiving.,The faces are lying,The show is fraudulent,B,The looks are cheating,The faces are lying,The show is fraudulent,"<reasoning>When encountering the Arabic phrase المظاهر الخدّاعة, a reader unfamiliar with idiomatic usage might translate each word literally and then impose a concrete scenario on the nouns. For example, they could interpret ""المظاهر"" as ""the looks"" or ""the faces"" and ""الخدّاعة"" as an active verb meaning ""to cheat"" or ""to lie"", leading to interpretations that frame the phrase as describing people",1.0,0.0,1.0,0.79,63.7
a,cot_en,Arabic,MID0388,المكسي بمتاع الناس، عريان ,He who depends on others' wealth is always poor.,He who depends on others' wealth is always poor.,False,He who takes other people's belongings ends up without any clothes.,"If you use someone else's money, you will be left naked and poor.",Depending on others' wealth makes a person literally destitute of garments.,He who depends on others' wealth is always poor.,D,He who takes other people's belongings ends up without any clothes.,Depending on others' wealth makes a person literally destitute of garments.,"If you use someone else's money, you will be left naked and poor.","[""He who takes other people's belongings ends up without any clothes."", ""Depending on others' wealth makes a person literally destitute of garments."", ""If you use someone else's money, you will be left naked and poor.""]",1.0,1.0,1.3,1.0,100.0
a,cot_en,Arabic,MID0389,"الهدرة بين اثنين والثالث بلا وذنين
",Don't poke your nose into others' affairs.,Don't poke your nose into others' affairs.,False,"The phrase describes two objects creating a vibration, and a third object that lacks ear-like structures does not respond to the vibration.",Don't poke your nose into others' affairs.,"A loud argument happens between two people while a third person stands nearby without ears, unable to hear the dispute.","It refers to a literal noise made by two animals, and a third animal that is deaf (has no ears) remains unaffected by the sound.",B,"A loud argument happens between two people while a third person stands nearby without ears, unable to hear the dispute.","The phrase describes two objects creating a vibration, and a third object that lacks ear-like structures does not respond to the vibration.","It refers to a literal noise made by two animals, and a third animal that is deaf (has no ears) remains unaffected by the sound.","<reasoning>A reader unfamiliar with the idiomatic meaning might take each word at face value: “الهدرة” as a literal noise or disturbance, “بين اثنين” as occurring between two entities, and “الثالث بلا وذنين” as a third entity that literally lacks ears. This could lead to interpretations involving actual sounds, physical objects lacking ear-like structures, or deaf individuals, none of which captur",1.0,1.0,3.19,0.84,95.2
a,cot_en,Arabic,MID0390,الي فاتو زمانو ما يطمع في زمان الناس,"Act your age, not your shoe size.","Act your age, not your shoe size.",False,Someone who is out of fashion should not desire to wear other people's shoes.,"If you missed the bus, you shouldn't hope to catch another bus.",A person whose time has expired does not wish to live in someone else's lifetime.,"Act your age, not your shoe size.",D,"If you missed the bus, you shouldn't hope to catch another bus.",Someone who is out of fashion should not desire to wear other people's shoes.,A person whose time has expired does not wish to live in someone else's lifetime.,"[""If you missed the bus, you shouldn't hope to catch another bus."", ""Someone who is out of fashion should not desire to wear other people's shoes."", ""A person whose time has expired does not wish to live in someone else's lifetime.""]",1.0,1.0,1.95,0.93,97.9
a,cot_en,Arabic,MID0391,بات في الغيظ ولا تبات في الندامة ,It is better to be in safe than sorry,It is better to be in safe than sorry,False,He stayed angry and did not stay regretful,He passed the night in anger and did not pass the night in regret,He remained in the fury and did not remain in the remorse,It is better to be in safe than sorry,D,He stayed angry and did not stay regretful,He passed the night in anger and did not pass the night in regret,He remained in the fury and did not remain in the remorse,"[""He stayed angry and did not stay regretful"",""He passed the night in anger and did not pass the night in regret"",""He remained in the fury and did not remain in the remorse""]",1.0,1.0,1.26,0.68,90.4
a,cot_en,Arabic,MID0392,تبع الكذاب الى باب الدار,go along with a liar,go along with a liar,False,Accompany the liar's shadow to the doorway of the home,Follow the liar's footprints to the house's entrance,go along with a liar,Walk behind the liar until you reach the front door,C,Follow the liar's footprints to the house's entrance,Walk behind the liar until you reach the front door,Accompany the liar's shadow to the doorway of the home,"[""Follow the liar's footprints to the house's entrance"",""Walk behind the liar until you reach the front door"",""Accompany the liar's shadow to the doorway of the home""]",1.0,1.0,1.87,0.87,96.1
a,cot_en,Arabic,MID0393,جارك القريب خير من خوك البعيد,Give a hand to the nearest,Give a hand to the nearest,False,Your neighbor is physically closer than your distant sibling,Your neighbor is a better friend than your far-away brother,Give a hand to the nearest,Your neighbor’s house is nearer than your brother’s house,C,Your neighbor is physically closer than your distant sibling,Your neighbor is a better friend than your far-away brother,Your neighbor’s house is nearer than your brother’s house,"[""Your neighbor is physically closer than your distant sibling"",""Your neighbor is a better friend than your far-away brother"",""Your neighbor’s house is nearer than your brother’s house""]",1.0,1.0,1.56,0.74,92.2
a,cot_en,Arabic,MID0394,جوز على الواد الهادر ولا تجوز على الواد الساكت.,"Cross the loud river but don’t cross the silent one"".","Cross the loud river but don’t cross the silent one"".",False,Cross the noisy valley with a walnut but do not cross the silent valley with a walnut,Eat walnuts on the noisy valley but avoid eating walnuts on the silent valley,Place a walnut on the loud riverbank but do not place it on the quiet riverbank,"Cross the loud river but don’t cross the silent one"".",D,Eat walnuts on the noisy valley but avoid eating walnuts on the silent valley,Place a walnut on the loud riverbank but do not place it on the quiet riverbank,Cross the noisy valley with a walnut but do not cross the silent valley with a walnut,"<reasoning>A reader might misinterpret the verb ""جوز"" as the noun ""جوز"" meaning ""walnut"" rather than ""cross"", and might take ""الواد"" to mean ""valley"" instead of ""river"". They could also misunderstand the adjectives ""الهادر"" (loud) and ""الساكت"" (silent) as describing the valley's atmosphere rather than the water's noise, leading to literal‑sounding but incorrect readings that involve walnuts, valle",1.0,1.0,1.57,0.73,91.9
a,cot_en,Arabic,MID0395,حبيبك من يشاركك فالفرح والقرح. ,A friend is someone who shares your happiness and your pains.,A friend is someone who shares your happiness and your pains.,False,Your beloved is the person who participates in your joy and your sores.,A friend is someone who shares your happiness and your pains.,Your lover is the one who shares your happiness and your ulcers.,Your dear one is the one who divides your happiness and your wounds.,B,Your lover is the one who shares your happiness and your ulcers.,Your beloved is the person who participates in your joy and your sores.,Your dear one is the one who divides your happiness and your wounds.,"<reasoning>When reading the Arabic proverb literally, a learner might misinterpret key words: ""حبيبك"" as a romantic lover rather than a friend, ""يشاركك"" as simply ""shares with you"" without the nuance of companionship, and ""القرح"" (which means ulcer or sore) taken at face value, leading to odd literal meanings that still follow the sentence structure but miss the figurative sense of sharing both jo",1.0,1.0,1.15,0.61,88.3
a,cot_en,Arabic,MID0396,حريق بداني ولا فراق أوطاني,"East or west, home is the best","East or west, home is the best",False,A fire in my house and no separation of my homeland,"East or west, home is the best",A blaze in my home and no departure from my native lands,An inferno at my residence and no abandonment of my country,B,A fire in my house and no separation of my homeland,A blaze in my home and no departure from my native lands,An inferno at my residence and no abandonment of my country,"[""A fire in my house and no separation of my homeland"",""A blaze in my home and no departure from my native lands"",""An inferno at my residence and no abandonment of my country""]",1.0,1.0,1.62,0.76,92.8
a,cot_en,Arabic,MID0397,حوتة ومطلية بالزيت,Cunning as a fox.,Cunning as a fox.,False,A fish slick with oil,A greasy sea creature,Cunning as a fox.,A slippery oily whale,C,A fish slick with oil,A slippery oily whale,A greasy sea creature,"[""A fish slick with oil"",""A slippery oily whale"",""A greasy sea creature""]",1.0,0.3333333333333333,1.08,0.87,76.1
a,cot_en,Arabic,MID0398,حوحو يشكر روحو ,Don't brag about yourself let others praise you,Don't brag about yourself let others praise you,False,Houhou gives thanks to his spirit,Don't brag about yourself let others praise you,Houhou is grateful to his own soul,Houhou thanks his spirit,B,Houhou thanks his spirit,Houhou is grateful to his own soul,Houhou gives thanks to his spirit,"<reasoning>A literal word‑by‑word reading of the Arabic phrase could lead a reader to think it describes a person named Houhou expressing thanks to his own spirit or soul, rather than the idiomatic advice about self‑praise.</reasoning>[""Houhou thanks his spirit"",""Houhou is grateful to his own soul"",""Houhou gives thanks to his spirit""]",1.0,0.6666666666666666,0.71,0.6,78.0
a,cot_en,Arabic,MID0399,دفنوك بعيد يارسول الله.,My hands are tied,My hands are tied,False,They buried the Messenger of God far away.,The Messenger of God was interred at a remote location.,My hands are tied,Someone is calling the Prophet from a distant grave.,C,They buried the Messenger of God far away.,Someone is calling the Prophet from a distant grave.,The Messenger of God was interred at a remote location.,"<reasoning>
A reader unfamiliar with the idiomatic use might take each word at face value, interpreting the phrase as a literal statement about burial, distance, or addressing the Prophet, rather than recognizing it as an expression of helplessness. They could think it describes a physical act of burying someone far away, a call to the Prophet from a remote location, or a metaphorical constraint t",1.0,1.0,2.25,0.84,95.2
a,cot_en,Arabic,MID0400,سر اتنين يعرفوه الفين,"A secret for two, soon a secret for nobody ""","A secret for two, soon a secret for nobody """,False,"Two people know a secret, and that same secret is also known by two thousand others",A secret that two people know is known by two thousand people,"If two individuals know a secret, then two thousand individuals will also know that secret","A secret for two, soon a secret for nobody """,D,A secret that two people know is known by two thousand people,"Two people know a secret, and that same secret is also known by two thousand others","If two individuals know a secret, then two thousand individuals will also know that secret","<reasoning>A reader unfamiliar with the idiomatic meaning might take each word at face value: “سر” as “secret”, “اتنين” as the number two, “يعرفوه” as “they know it”, and “الفين” as the number two thousand. They could then combine these literal readings in various ways, assuming the numbers describe how many people know the secret or how many secrets exist, leading to incorrect literal interpretat",1.0,1.0,1.43,0.51,85.3
a,cot_en,Arabic,MID0401,شوف المرا واخطب بنتها,"like mother, like daughter ","like mother, like daughter ",False,"like mother, like daughter ",Look at the woman and then make plans for her daughter's education.,Seeing a woman means you must prepare a schedule for her daughter's daily activities.,"When you see a woman, you should organize an event for her daughter.",A,Look at the woman and then make plans for her daughter's education.,"When you see a woman, you should organize an event for her daughter.",Seeing a woman means you must prepare a schedule for her daughter's daily activities.,"<reasoning>Readers might mistakenly treat the verb ""خطط"" (which sounds similar to ""اخطب"") as meaning ""to plan"" rather than ""to propose marriage,"" leading them to interpret the proverb as advice about making arrangements or preparations for a woman's daughter after observing the woman.</reasoning>
[""Look at the woman and then make plans for her daughter's education."", ""When you see a woman, you sho",1.0,1.0,3.25,0.84,95.2
a,cot_en,Arabic,MID0402,صام عام وفطر على جرادة,"The effort is big, but the reward none","The effort is big, but the reward none",False,He fasted for a year and then celebrated the end of his fast with a locust as a treat.,"The effort is big, but the reward none",He fasted for a whole year and his only sustenance after the fast was a locust.,He fasted for an entire year and then broke his fast by eating a single locust.,B,He fasted for an entire year and then broke his fast by eating a single locust.,He fasted for a whole year and his only sustenance after the fast was a locust.,He fasted for a year and then celebrated the end of his fast with a locust as a treat.,"[""He fasted for an entire year and then broke his fast by eating a single locust."", ""He fasted for a whole year and his only sustenance after the fast was a locust."", ""He fasted for a year and then celebrated the end of his fast with a locust as a treat.""]",1.0,1.0,2.12,0.61,88.3
a,cot_en,Arabic,MID0403,طاح الطبل في ضرابو,Birds of feather flock together ,Birds of feather flock together ,False,The drum fell into the place where it is played,The drum dropped while being struck,Birds of feather flock together ,The drum fell into its own beat,C,The drum fell into its own beat,The drum dropped while being struck,The drum fell into the place where it is played,"[""The drum fell into its own beat"",""The drum dropped while being struck"",""The drum fell into the place where it is played""]",1.0,1.0,1.53,0.78,93.4
a,cot_en,Arabic,MID0404,طوال الخيط ما هو خياط,Empty vessels make the most noise.,Empty vessels make the most noise.,False,Empty vessels make the most noise.,The thread's length proves it is not a sewing tool,A long thread cannot be a tailor,"Because the thread is long, it cannot stitch fabric",A,A long thread cannot be a tailor,The thread's length proves it is not a sewing tool,"Because the thread is long, it cannot stitch fabric","The reader might take the Arabic words at face value, imagining the proverb is talking about the physical properties of a thread and its relation to a tailor, rather than its metaphorical meaning about noise and emptiness. This leads to literal‑sounding interpretations that focus on the thread’s length and the role of a tailor.

[""A long thread cannot be a tailor"", ""The thread's length proves it i",1.0,1.0,1.44,0.86,95.8
a,cot_en,Arabic,MID0405,عدو عاقل خير من صاحب جاهل. ,A sensible enemy is better than a narrow-minded friend ,A sensible enemy is better than a narrow-minded friend ,False,wrong 2,A sensible enemy is better than a narrow-minded friend ,wrong 1,wrong 3,B,wrong 1,wrong 2,wrong 3,"We need to produce reasoning in English about wrong literal readings a reader might jump to, then output only a JSON list of 3 plausible but incorrect literal interpretations. The format: <reasoning>your thinking</reasoning>[""wrong 1"",""wrong 2"",""wrong 3""]

But the instruction also says: ""Return ONLY: [""wrong literal 1"", ""wrong literal 2"", ""wrong literal 3""]"". The earlier instruction: ""First reason",1.0,0.0,0.22,0.67,60.1
a,cot_en,Arabic,MID0406,علمته الصلاة فاتني في الجامع.,I taught him to swim he tried to drawn me.,I taught him to swim he tried to drawn me.,False,I taught him to swim he tried to drawn me.,I taught him to swim and then I missed him at the mosque.,I taught him prayer and then he tried to drown me in the university.,I taught him the prayer and then I failed to catch him in the hall.,A,I taught him to swim and then I missed him at the mosque.,I taught him prayer and then he tried to drown me in the university.,I taught him the prayer and then I failed to catch him in the hall.,"<reasoning>Readers might misinterpret the Arabic words by taking them at face value without considering idiomatic sense, confusing ""الصلاة"" (prayer) with activities like swimming, treating ""الجامع"" as a place like a pool or hall, and reversing who missed whom, leading to literal but incorrect readings.</reasoning>
[""I taught him to swim and then I missed him at the mosque."", ""I taught him prayer a",1.0,1.0,1.4,0.55,86.5
a,cot_en,Arabic,MID0407,قول كلام الخير ولا اسكت خير,Speak kindly or refrain from talking. ,Speak kindly or refrain from talking. ,False,Speak kindly or refrain from talking. ,Speak good words and then not be silent is good,"If you speak good words, then not speaking is good",Speak good words and also remain silent is good,A,Speak good words and then not be silent is good,Speak good words and also remain silent is good,"If you speak good words, then not speaking is good","[""Speak good words and then not be silent is good"",""Speak good words and also remain silent is good"",""If you speak good words, then not speaking is good""]",1.0,1.0,1.61,0.62,88.6
a,cot_en,Arabic,MID0408,قيس قبل ما تغيس , Look before you leap., Look before you leap.,False,Estimate before you dive,Weigh before you fall, Look before you leap.,Measure before you get sick,C,Measure before you get sick,Weigh before you fall,Estimate before you dive,"[""Measure before you get sick"",""Weigh before you fall"",""Estimate before you dive""]",1.0,0.3333333333333333,1.08,0.7,71.0
a,cot_en,Arabic,MID0409,كل تعطيلة فيها خيرة. ,Good things come to those who wait.,Good things come to those who wait.,False,Every holiday includes a choice.,Every fault contains the best.,Good things come to those who wait.,Every pause holds a selection.,C,Every fault contains the best.,Every holiday includes a choice.,Every pause holds a selection.,"<reasoning>The reader might misinterpret the Arabic words literally: “عطيلة” could be read as “fault” or “mistake” instead of “delay/pause”; “عطلة” could be taken as “holiday/vacation”; and “خيرة” might be understood as “choice” or “the best” rather than simply “good”. These alternate meanings lead to literal‑sounding but incorrect readings of the proverb.</reasoning>
[""Every fault contains the be",1.0,1.0,0.71,0.84,95.2
a,cot_en,Arabic,MID0410,كل خنفوس في عين امه غزال,The beauty is in the eye of the beholder.,The beauty is in the eye of the beholder.,False,A mother's eye can turn any beetle into a gazelle.,The beauty is in the eye of the beholder.,Every beetle looks like a gazelle when seen through its mother's eye.,"If you put a beetle inside your mother's eye, you will see a gazelle.",B,Every beetle looks like a gazelle when seen through its mother's eye.,A mother's eye can turn any beetle into a gazelle.,"If you put a beetle inside your mother's eye, you will see a gazelle.","<reasoning>A reader might take the words at face value, ignoring the idiomatic meaning, and assume the sentence is describing a literal transformation or perception involving beetles, mothers' eyes, and gazelles, leading to various concrete but incorrect interpretations.</reasoning>
[""Every beetle looks like a gazelle when seen through its mother's eye."", ""A mother's eye can turn any beetle into a",1.0,1.0,1.33,0.82,94.6
a,cot_en,Arabic,MID0411,كي نشوف هم الناس ننسا همي. ,"When I think of the other’s misfortunes, I forget mine."" ","When I think of the other’s misfortunes, I forget mine."" ",False,"When we see the troubles of others, we make our own troubles disappear.","When I think of the other’s misfortunes, I forget mine."" ","When I observe the concerns of people, I stop having any concerns myself.","When I look at other people's worries, I cause my own worries to be forgotten by others.",B,"When I look at other people's worries, I cause my own worries to be forgotten by others.","When we see the troubles of others, we make our own troubles disappear.","When I observe the concerns of people, I stop having any concerns myself.","[""When I look at other people's worries, I cause my own worries to be forgotten by others."", ""When we see the troubles of others, we make our own troubles disappear."", ""When I observe the concerns of people, I stop having any concerns myself.""]",1.0,1.0,1.43,0.89,96.7
a,cot_en,Arabic,MID0412,لي خاف سلم. ,The one who shows his fears ensures his salvation.,The one who shows his fears ensures his salvation.,False,Fear brings peace (salam),The one who shows his fears ensures his salvation.,Lee fears a ladder,The one who fears will receive a ladder,B,Lee fears a ladder,The one who fears will receive a ladder,Fear brings peace (salam),"<reasoning>
The phrase ""لي خاف سلم"" can be broken down word‑by‑word: ""لي"" (li) might be read as the name ""Lee"" or the preposition ""for me""; ""خاف"" (khāfa) means ""he feared"" or ""is afraid""; ""سلم"" (salam) can mean ""ladder"" or ""peace"". A reader unfamiliar with the idiomatic meaning might take each word at face value and combine them in a literal way, leading to mistaken interpretations such as attribu",1.0,0.3333333333333333,0.59,0.89,76.7
a,cot_en,Arabic,MID0413,مالقاوش في الذهب عيب قالو كي يلمع يوجع العينين,One would find a fault with a fat goose.,One would find a fault with a fat goose.,False,"They argue that since they cannot find any defect in gold, they insist that making it shine will damage the eyes.","They claim that there is no flaw in gold, but polishing it makes it hurt the eyes.",One would find a fault with a fat goose.,"They say that looking at shiny gold causes eye pain, so they avoid polishing it.",C,"They claim that there is no flaw in gold, but polishing it makes it hurt the eyes.","They say that looking at shiny gold causes eye pain, so they avoid polishing it.","They argue that since they cannot find any defect in gold, they insist that making it shine will damage the eyes.","<reasoning>Readers might ignore the idiomatic sense and treat each lexical item as a direct description: they could think the sentence talks about searching for defects in gold, claiming that polishing gold causes eye pain, or asserting that making gold shine hurts the eyes, all taken at face value.</reasoning>
[""They claim that there is no flaw in gold, but polishing it makes it hurt the eyes."", ",1.0,1.0,1.96,0.85,95.5
a,cot_en,Arabic,MID0414,مع من شتك شبهتك ,A man is known by the company he keeps,A man is known by the company he keeps,False,"With the one you complain, your likeness","With whom you grumble, your resemblance",A man is known by the company he keeps,"With whom you complain, your similarity",C,"With whom you complain, your similarity","With the one you complain, your likeness","With whom you grumble, your resemblance","[""With whom you complain, your similarity"", ""With the one you complain, your likeness"", ""With whom you grumble, your resemblance""]",1.0,1.0,0.7,0.59,87.7
a,cot_en,Arabic,MID0415,مو كل خضرة حشيش,All that glitters is not gold.,All that glitters is not gold.,False,All that glitters is not gold.,All green things are grass.,"If it's not grass, it cannot be green.",Green color always indicates grass.,A,All green things are grass.,"If it's not grass, it cannot be green.",Green color always indicates grass.,"[""All green things are grass."", ""If it's not grass, it cannot be green."", ""Green color always indicates grass.""]",1.0,1.0,1.0,0.92,97.6
a,cot_en,Arabic,MID0416,هرَبْت من قطّاع الرّيوس طحت في وكّال ابن آدم,Out of the frying pan into the fire.,Out of the frying pan into the fire.,False,A third mistaken literal interpretation could be that the phrase describes running away from a literal head‑cutter (a surgeon performing decapitation) and then landing in the service of a human intermediary (a matchmaker or job agent).,Another wrong literal reading could be that the speaker fled from a literal head‑cutting tool (a sword or axe) and ended up in the custody of a human representative (a messenger or envoy).,Someone might think it means literally escaping from a person who cuts heads (like a barber or executioner) and then falling into the hands of a human broker or agent.,Out of the frying pan into the fire.,D,Someone might think it means literally escaping from a person who cuts heads (like a barber or executioner) and then falling into the hands of a human broker or agent.,Another wrong literal reading could be that the speaker fled from a literal head‑cutting tool (a sword or axe) and ended up in the custody of a human representative (a messenger or envoy).,A third mistaken literal interpretation could be that the phrase describes running away from a literal head‑cutter (a surgeon performing decapitation) and then landing in the service of a human intermediary (a matchmaker or job agent).,"<reasoning>A reader who takes the words at face value might ignore the idiomatic sense and try to picture each noun literally: “cutter of heads” could be imagined as a barber, executioner, or surgeon; “agent/broker of the son of Adam” could be read as a human intermediary such as a real‑estate agent, messenger, or matchmaker. Combining these literal pictures yields several plausible but incorrect ",1.0,1.0,4.12,0.8,94.0
a,cot_en,Arabic,MID0417,وقيّة زهر خير من قنطار فهامة ,Better to be lucky than smart.,Better to be lucky than smart.,False,Better to be lucky than smart.,An ounce of blossom outweighs a quintal of stupidity.,A small flower is better than a large amount of ignorance.,A little bit of perfume is better than a ton of foolishness.,A,A small flower is better than a large amount of ignorance.,An ounce of blossom outweighs a quintal of stupidity.,A little bit of perfume is better than a ton of foolishness.,"<reasoning>Readers unfamiliar with the idiomatic meaning might take each word at face value, possibly confusing similar‑sounding terms (e.g., taking ""فهامة"" to mean ignorance rather than understanding, or interpreting ""وقيّة"" as a protective charm instead of a small weight). This can lead to literal‑sounding readings that still preserve the comparative structure but misassign the qualities being c",1.0,1.0,1.78,0.81,94.3
a,cot_en,Arabic,MID0418,وين يبان خيطك في البردعة.,A fool's errand.,A fool's errand.,False,A fool's errand.,"Looking for your thread in a frosty or icy place, like a winter coat.",Checking if your sewing thread can be seen inside a refrigerator or freezer.,Where your thread becomes visible in the cold weather.,A,Where your thread becomes visible in the cold weather.,Checking if your sewing thread can be seen inside a refrigerator or freezer.,"Looking for your thread in a frosty or icy place, like a winter coat.","<reasoning>A reader unfamiliar with the idiomatic meaning might take the phrase literally, focusing on the words ""وين"" (where), ""يبان"" (appears/visible), ""خيطك"" (your thread), and ""البردعة"" (the cold/the frost). They could imagine scenarios where a thread becomes visible in a cold setting, such as seeing stitching on clothing when it's freezing, looking for a thread inside a refrigerator or freeze",1.0,1.0,4.0,0.85,95.5
a,cot_en,Arabic,MID0419,يد واحدة ماتصفق, It takes two to tango. , It takes two to tango. ,False, It takes two to tango. ,One hand cannot make a sound by itself,One hand cannot slap someone else,One hand cannot give a high‑five,A,One hand cannot make a sound by itself,One hand cannot give a high‑five,One hand cannot slap someone else,"[""One hand cannot make a sound by itself"",""One hand cannot give a high‑five"",""One hand cannot slap someone else""]",1.0,1.0,1.33,0.66,89.8
a,cot_en,Arabic,MID0420,يربى فم الجرح، ما يربى فم العار,Many words hurt more than swords,Many words hurt more than swords,False,Many words hurt more than swords,"The wound's mouth is fed, the shame's mouth is not fed.","The wound's mouth is nurtured, the shame's mouth is not nurtured.","The wound's mouth is raised, the shame's mouth is not raised.",A,"The wound's mouth is raised, the shame's mouth is not raised.","The wound's mouth is fed, the shame's mouth is not fed.","The wound's mouth is nurtured, the shame's mouth is not nurtured.","<reasoning>When encountering the Arabic proverb, a reader unfamiliar with its idiomatic sense might treat each word literally: ""يربي"" as ""to raise or nurture"", ""فم"" as ""mouth"", ""الجرح"" as ""the wound"", and ""العـار"" as ""shame"". This leads to interpretations where the wound's mouth is being raised/nurtured while the shame's mouth is not, ignoring the figurative meaning about words causing harm.</reas",1.0,1.0,1.83,0.4,82.0
a,cot_en,Arabic,MID0421,يرقد بعين واحد كي الذيب,Sleeping with one eye open.,Sleeping with one eye open.,False,Sleeping with one eye open.,"It describes a situation where someone uses a sleeping mask that covers only one eye, leaving the other open.",Sleeping with one eye open means literally keeping one eye physically open while the other is closed.,"It refers to a person who only sleeps on one side of their body, leaving one eye exposed to the air.",A,Sleeping with one eye open means literally keeping one eye physically open while the other is closed.,"It refers to a person who only sleeps on one side of their body, leaving one eye exposed to the air.","It describes a situation where someone uses a sleeping mask that covers only one eye, leaving the other open.","[""Sleeping with one eye open means literally keeping one eye physically open while the other is closed."", ""It refers to a person who only sleeps on one side of their body, leaving one eye exposed to the air."", ""It describes a situation where someone uses a sleeping mask that covers only one eye, leaving the other open.""]",1.0,1.0,3.8,0.85,95.5
a,cot_en,Arabic,MID0422,أنا ويّاك والزمن طويل,There's no getting away from me.,There's no getting away from me.,False,I and you are accompanied by a lengthy period of time,There's no getting away from me.,"I, you, and time are all long",The time that belongs to me and you is lengthy,B,"I, you, and time are all long",The time that belongs to me and you is lengthy,I and you are accompanied by a lengthy period of time,"<reasoning>
A reader unfamiliar with the idiomatic sense might treat each word literally, ignoring that the phrase expresses inevitability or inseparability. They could misinterpret the conjunctions and adjectives as describing physical or temporal attributes of the speakers themselves, leading to readings where ""time"" is a tangible object, where possession is implied, or where the speakers themse",1.0,1.0,1.56,0.81,94.3
a,cot_en,Arabic,MID0423,إذا في خير، ما كان تركه الطير.,Good things don't get left behind.,Good things don't get left behind.,False,"When something is good, birds refrain from leaving it.",Good things don't get left behind.,Good things cause birds to stay and not migrate.,"If there is goodness, birds will not fly away from it.",B,"If there is goodness, birds will not fly away from it.",Good things cause birds to stay and not migrate.,"When something is good, birds refrain from leaving it.","[""If there is goodness, birds will not fly away from it."", ""Good things cause birds to stay and not migrate."", ""When something is good, birds refrain from leaving it.""]",1.0,1.0,1.61,0.86,95.8
a,cot_en,Arabic,MID0424,إذن من طين وإذن من عجين.,Turn deaf ear.,Turn deaf ear.,False,Turn deaf ear.,The phrase describes baking ear‑shaped pastries from clay and dough.,Someone literally has ears made of clay and dough.,"It refers to making two different hearing aids: one of clay, one of dough.",A,Someone literally has ears made of clay and dough.,The phrase describes baking ear‑shaped pastries from clay and dough.,"It refers to making two different hearing aids: one of clay, one of dough.","<reasoning>A reader unfamiliar with the idiomatic meaning might take the words at face value and imagine the proverb describing actual ears made of clay and dough, perhaps thinking it refers to crafting ear-shaped objects from those materials, or to a recipe for ear‑shaped breads, or to a comparison of two types of hearing devices made from clay versus dough, all of which are literal but incorrect",1.0,1.0,3.67,0.89,96.7
a,cot_en,Arabic,MID0425,ابن الحرام بيساويها وابن الحلال بيوقع فيها,Sometimes the innocent suffer with the guilty.,Sometimes the innocent suffer with the guilty.,False,"The illegitimate child is equal in value to the legitimate child, and the legitimate child falls into the same situation as the illegitimate one","It suggests that a child of forbidden parents and a child of allowed parents will both end up in the same predicament, like falling into a well or suffering the same fate",Sometimes the innocent suffer with the guilty.,"The phrase means that a child born out of wedlock has the same rights as a child born within marriage, and both will eventually encounter the same hardship",C,"The illegitimate child is equal in value to the legitimate child, and the legitimate child falls into the same situation as the illegitimate one","The phrase means that a child born out of wedlock has the same rights as a child born within marriage, and both will eventually encounter the same hardship","It suggests that a child of forbidden parents and a child of allowed parents will both end up in the same predicament, like falling into a well or suffering the same fate","<reasoning>
A reader might take the words literally, interpreting ""ابن الحرام"" as a child born from an illicit relationship and ""ابن الحلال"" as a child from a lawful marriage, and think the saying is about their equal worth or about them both falling into the same situation, such as a pit or a debt, ignoring the metaphorical meaning about shared suffering.
</reason>
[""The illegitimate child is equ",1.0,1.0,4.0,0.82,94.6
a,cot_en,Arabic,MID0426,ابن الديب ما بيتربّى,The apple doesn't fall far from the tree.,The apple doesn't fall far from the tree.,False,A wolf's pup remains near its den and never wanders far,The offspring of a wolf never learns to hunt independently of its parent,A wolf's cub cannot be domesticated or trained,The apple doesn't fall far from the tree.,D,A wolf's cub cannot be domesticated or trained,A wolf's pup remains near its den and never wanders far,The offspring of a wolf never learns to hunt independently of its parent,"<reasoning>Readers might take the Arabic phrase at face value, focusing on the words ""ابن الديب"" (son of the wolf) and ""ما بيتربّى"" (does not get raised/trained), and imagine literal scenarios about a wolf's cub rather than the figurative meaning about inherited traits. This leads to interpretations about animal behavior, training, or proximity to the den.</reasoning>
[""A wolf's cub cannot be dome",1.0,1.0,1.33,0.89,96.7
a,cot_en,Arabic,MID0427,اختلط الحابل بالنابل,It's like a circus.,It's like a circus.,False,A rope got mixed up with a shooter's equipment.,It's like a circus.,A rope and a shooting target got tangled.,A rope became intertwined with an arrow.,B,A rope became intertwined with an arrow.,A rope got mixed up with a shooter's equipment.,A rope and a shooting target got tangled.,"[""A rope became intertwined with an arrow."", ""A rope got mixed up with a shooter's equipment."", ""A rope and a shooting target got tangled.""]",1.0,1.0,2.0,0.78,93.4
a,cot_en,Arabic,MID0428,الأعور بين العميان ملك,"in the land of the blind, the one-eyed man is king","in the land of the blind, the one-eyed man is king",False,A needle with a single eye will rule over a collection of blinds (window coverings) that lack any slats.,"A person who has only one eye will be appointed as a ruler of a city where all inhabitants are blindfolded, meaning they cannot see.","In a deck of cards, the one-eyed jack becomes the king when all other cards are blind (have no face).","in the land of the blind, the one-eyed man is king",D,"In a deck of cards, the one-eyed jack becomes the king when all other cards are blind (have no face).",A needle with a single eye will rule over a collection of blinds (window coverings) that lack any slats.,"A person who has only one eye will be appointed as a ruler of a city where all inhabitants are blindfolded, meaning they cannot see.","[""In a deck of cards, the one-eyed jack becomes the king when all other cards are blind (have no face)."",""A needle with a single eye will rule over a collection of blinds (window coverings) that lack any slats."",""A person who has only one eye will be appointed as a ruler of a city where all inhabitants are blindfolded, meaning they cannot see.""]",1.0,1.0,1.94,0.91,97.3
a,cot_en,Arabic,MID0429,الإنسان حكيم نفسه,Knowing yourself is the beginning of all wisdom.,Knowing yourself is the beginning of all wisdom.,False,The human is wise of his breath,Knowing yourself is the beginning of all wisdom.,The human is wisdom itself,The human is a physician of himself,B,The human is a physician of himself,The human is wise of his breath,The human is wisdom itself,"<reasoning>The Arabic phrase ""الإنسان حكيم نفسه"" can be misparsed if a reader takes the words حكيم (wise/physician) and نفس (self/breath) in non‑intended senses, leading to literal‑sounding but incorrect interpretations.</reasoning>
[""The human is a physician of himself"",""The human is wise of his breath"",""The human is wisdom itself""]",1.0,1.0,0.79,0.64,89.2
a,cot_en,Arabic,MID0430,الله خلق الدنية بسبع أيام, Rome wasn't built in a day., Rome wasn't built in a day.,False,God created the earthly realm in seven days, Rome wasn't built in a day.,God created the humble life in seven days,God created the lowly world in seven days,B,God created the lowly world in seven days,God created the humble life in seven days,God created the earthly realm in seven days,"[""God created the lowly world in seven days"", ""God created the humble life in seven days"", ""God created the earthly realm in seven days""]",1.0,1.0,1.33,0.4,82.0
a,cot_en,Arabic,MID0431,المية -الماء- بتكذّب الغطّاس:,The proof of the pudding is in the eating.,The proof of the pudding is in the eating.,False,The proof of the pudding is in the eating.,The diver denies the water's existence.,The water contradicts the diver.,The water exposes the diver's lie.,A,The water contradicts the diver.,The diver denies the water's existence.,The water exposes the diver's lie.,"<reasoning>A reader unfamiliar with the idiomatic meaning might parse the phrase word‑for-word, treating ""مية"" (colloquial for water) as the subject, ""بتكذب"" as a verb meaning ""lies"" or ""contradicts"", and ""الغطّاس"" as ""the diver"". This could lead to literal readings such as the water contradicting or lying to the diver, the diver denying the water, or the water exposing the diver's falsehood. Thes",1.0,1.0,0.63,0.83,94.9
a,cot_en,Arabic,MID0432,باب النجّار مخلّع,The shoemaker's wife is ill shod ,The shoemaker's wife is ill shod ,False,The carpenter's wife is ill shod.,The carpenter's door is open.,The shoemaker's wife is ill shod ,The shoemaker's door is broken.,C,The carpenter's door is open.,The shoemaker's door is broken.,The carpenter's wife is ill shod.,"[""The carpenter's door is open."", ""The shoemaker's door is broken."", ""The carpenter's wife is ill shod.""]",1.0,1.0,0.89,0.66,89.8
a,cot_en,Arabic,MID0433,بات مظلوم ولا تبات ظالم,"Better suffer ill, than do ill.","Better suffer ill, than do ill.",False,It is preferable to be a shaded night‑time figure than to be a bright night‑time figure.,It is better to spend the night in darkness than to spend the night causing darkness.,"Better suffer ill, than do ill.","One should remain asleep while being wronged, but stay awake if one is the wrongdoer.",C,It is better to spend the night in darkness than to spend the night causing darkness.,"One should remain asleep while being wronged, but stay awake if one is the wrongdoer.",It is preferable to be a shaded night‑time figure than to be a bright night‑time figure.,"<reasoning>
The proverb uses the verb ""بات"" which can mean ""spent the night"" or ""became,"" and the adjective ""مظلوم"" which primarily means ""oppressed"" but shares the root ظ ل م also associated with darkness or shade. A reader unfamiliar with the idiomatic sense might take each word at face value, leading to literal‑sounding readings that confuse the intended moral advice with nighttime conditions, ",1.0,1.0,2.61,0.89,96.7
a,cot_en,Arabic,MID0434,باردة مبرّدة,Gift horse in the mouth.,Gift horse in the mouth.,False,A cooled-down beverage,A gifted horse's mouth,A cold refrigerator,Gift horse in the mouth.,D,A gifted horse's mouth,A cold refrigerator,A cooled-down beverage,"<reasoning>A reader unfamiliar with the idiomatic meaning might take each Arabic word at face value, interpreting ""باردة"" as ""cold"" and ""مبرّدة"" as ""cooled"" or ""refrigerated,"" and then combine them with the implied context of the English translation ""gift horse in the mouth,"" leading to literal but incorrect readings.</reasoning>
[""A gifted horse's mouth"",""A cold refrigerator"",""A cooled-down bever",1.0,0.0,0.67,0.82,64.6
a,cot_en,Arabic,MID0435,بدّه من الدواق رطل وأربع واق,Give him an inch and he take a mile.,Give him an inch and he take a mile.,False,Give him a pound and four ducks,Give him a pound and four sacks of grain,Give him an inch and he take a mile.,Give him a pound and four measures of medicine,C,Give him a pound and four measures of medicine,Give him a pound and four ducks,Give him a pound and four sacks of grain,"<reasoning>A reader unfamiliar with the idiomatic meaning might parse the phrase word‑for‑word: “بدّه” as “give him”, “من الدواق” as “from the medicine/duck”, “رطل” as “a pound”, and “وأربع واق” as “and four units (of something)”. This could lead to literal readings that focus on giving a specific weight or quantity of a concrete item rather than the figurative sense of exploiting generosity.</rea",1.0,1.0,0.93,0.39,81.7
a,cot_en,Arabic,MID0436,بكينا لعمينا ومشينا لحفينا,The path to success is paved with difficulty.,The path to success is paved with difficulty.,False,We cried for our blind one and walked for our heir.,The path to success is paved with difficulty.,We shed tears for our uncle and took steps for our descendant.,We cried for our uncle and walked for our grandson.,B,We cried for our uncle and walked for our grandson.,We cried for our blind one and walked for our heir.,We shed tears for our uncle and took steps for our descendant.,"<reasoning>A reader might interpret each word literally without idiomatic context: ""بكينا"" as ""we cried"", ""لعمينا"" as ""for our uncle"" (or ""for our blind one""), ""ومشينا"" as ""and we walked"", and ""لحفينا"" as ""for our grandson"" (or ""for our heir/descendant""). This leads to literal readings that focus on family relations rather than the figurative meaning about difficulty and success.</reasoning>
[""We ",1.0,1.0,1.38,0.6,88.0
a,cot_en,Arabic,MID0437,بندوراية ممخمخة بتنزع سحّارة,One bad apple spoils the whole bunch.,One bad apple spoils the whole bunch.,False,A spoiled tomato causes a screwdriver to fall,A bad tomato extracts a screw from a machine,One bad apple spoils the whole bunch.,A rotten tomato pulls out a screwdriver,C,A rotten tomato pulls out a screwdriver,A spoiled tomato causes a screwdriver to fall,A bad tomato extracts a screw from a machine,"<reasoning>Readers unfamiliar with the idiomatic meaning might treat each word literally: ""بندوراية"" as a tomato, ""ممخمخة"" as rotten/spoiled, and ""بتنزع سحّارة"" as pulling out a screwdriver or screw, leading to nonsensical physical actions involving a tomato and a tool.</reasoning>
[""A rotten tomato pulls out a screwdriver"",""A spoiled tomato causes a screwdriver to fall"",""A bad tomato extracts a s",1.0,1.0,1.14,0.78,93.4
a,cot_en,Arabic,MID0438,تغدّى فيه قبل ما يتعشّى فيك,Get your blow in first.,Get your blow in first.,False,Get your blow in first.,Have your lunch before they have their dinner.,Take your midday meal prior to their evening meal.,Eat lunch before they eat dinner.,A,Have your lunch before they have their dinner.,Eat lunch before they eat dinner.,Take your midday meal prior to their evening meal.,"<reasoning>The Arabic proverb uses the verbs “تغدّى” (to have lunch) and “يتعشّى” (to have dinner). A reader unfamiliar with the idiomatic meaning might interpret it literally as advice about meal timing—suggesting that one should eat their lunch before someone else eats their dinner, or that one’s own midday meal should precede another’s evening meal. These readings focus on the surface actions o",1.0,1.0,1.53,0.79,93.7
a,cot_en,Arabic,MID0439,تيتي تيتي متل ما رحتي متل ما جيتي,Came back empty-handed.,Came back empty-handed.,False,"A child named Titi goes out and returns exactly the same way she left, implying she never changes her route.",Came back empty-handed.,"The phrase is a literal instruction to say 'Titi' twice, then to leave and come back in an identical manner, like a repetitive ritual.","It describes a bird called Titi that flies away and returns to the same spot, mirroring its departure path exactly.",B,"A child named Titi goes out and returns exactly the same way she left, implying she never changes her route.","The phrase is a literal instruction to say 'Titi' twice, then to leave and come back in an identical manner, like a repetitive ritual.","It describes a bird called Titi that flies away and returns to the same spot, mirroring its departure path exactly.","<reasoning>A reader unfamiliar with Arabic might treat each word as a separate lexical item, interpreting ""تيتي"" as a proper name or an onomatopoeic sound, and ""متل ما رحتي"" / ""متل ما جيتي"" as literal comparisons of actions (""like you went"", ""like you came""). This could lead to mistakenly seeing the phrase as describing a person named Titi who repeats a round‑trip journey identically, or as a chil",1.0,1.0,7.11,0.88,96.4
a,cot_en,Arabic,MID0440,حبل الكذب قصير,A lie has no legs.,A lie has no legs.,False,A lie has short legs,A lie is a short piece of rope,A liar uses a short rope,A lie has no legs.,D,A lie is a short piece of rope,A liar uses a short rope,A lie has short legs,"<reasoning>The Arabic phrase ""حبل الكذب قصير"" literally means ""The rope of lying is short."" A reader unfamiliar with the idiomatic meaning might interpret it literally, imagining a physical rope associated with lying, or thinking that lying has short legs or some other concrete attribute, leading to various mistaken literal readings.</reasoning>[""A lie is a short piece of rope"",""A liar uses a shor",1.0,1.0,1.27,0.69,90.7
a,cot_en,Arabic,MID0441,شو بتعمل الماشطه بهالوش العكر.,Putting lipstick on a pig.,Putting lipstick on a pig.,False,Painting a pig's entire face with cosmetic lipstick for a costume party,Putting lipstick on a pig.,Applying lipstick directly to a pig's snout as a beauty treatment,Using lipstick to mark or identify individual pigs in a farm,B,Applying lipstick directly to a pig's snout as a beauty treatment,Using lipstick to mark or identify individual pigs in a farm,Painting a pig's entire face with cosmetic lipstick for a costume party,"<reasoning>The proverb is idiomatic, meaning attempts to make something superficially attractive that is inherently flawed. A reader might mistakenly take it literally, imagining actual cosmetic application to a pig, or using lipstick as a marking or costume tool for pigs.</reasoning>
[""Applying lipstick directly to a pig's snout as a beauty treatment"",""Using lipstick to mark or identify individua",1.0,1.0,2.27,0.86,95.8
a,cot_en,Arabic,MID0442,طنجرة ولقت غطاها,birds of a feather flock together.,birds of a feather flock together.,False,A pot came across a hat that fit it as a lid.,A pot found its matching lid after being lost.,A pot discovered a blanket to cover itself.,birds of a feather flock together.,D,A pot found its matching lid after being lost.,A pot discovered a blanket to cover itself.,A pot came across a hat that fit it as a lid.,"<reasoning>The Arabic phrase طنجرة ولقت غطاها literally translates to “A pot found its lid.” A reader unfamiliar with the idiomatic meaning might interpret this as a literal event involving a cooking pot and some object that could serve as a lid, leading to various plausible but incorrect literal readings, such as the pot searching for its missing cover, finding an unrelated covering like a blanke",1.0,1.0,1.61,0.87,96.1
a,cot_en,Arabic,MID0443,عصافير بطني عم تزقزق ,Hungry enough to eat a horse.,Hungry enough to eat a horse.,False,I have a nest of sparrows living inside my belly,Hungry enough to eat a horse.,My stomach contains real birds that are chirping,The sounds coming from my abdomen are actually birds singing,B,My stomach contains real birds that are chirping,I have a nest of sparrows living inside my belly,The sounds coming from my abdomen are actually birds singing,"<reasoning>The proverb uses a metaphor where ""birds in the stomach"" represent hunger pangs. A reader unfamiliar with the idiom might take each word literally, imagining actual birds inside the body, a birdcage in the abdomen, or that the stomach itself is producing bird sounds, leading to various literal but incorrect interpretations.</reasoning>
[""My stomach contains real birds that are chirping""",1.0,1.0,1.56,0.9,97.0
a,cot_en,Arabic,MID0444,فولة وانقسمت نصين,As like a two peas in a pod.,As like a two peas in a pod.,False,"A fava bean that is only half-cooked, leaving one side raw and the other cooked",A fava bean that has been divided into two equal halves,Someone taking a fava bean and splitting it in two with their hands,As like a two peas in a pod.,D,A fava bean that has been divided into two equal halves,Someone taking a fava bean and splitting it in two with their hands,"A fava bean that is only half-cooked, leaving one side raw and the other cooked","<reasoning>
A reader unfamiliar with the idiomatic meaning might take the Arabic words at face value: ""فولة"" (a fava bean) and ""وانقسمت نصين"" (it split into two halves). This could lead to literal interpretations such as the bean physically dividing into two parts, a person actively splitting a bean, or the bean being described as half-eaten or half-cooked, ignoring the figurative sense of two thi",1.0,1.0,1.62,0.82,94.6
a,cot_en,Arabic,MID0445,كترة الأيادي بتحرق الطبخة,Too many cooks spoil the broth,Too many cooks spoil the broth,False,Having too many cooks results in the broth being overcooked and charred.,"When many people stir the soup, it becomes too hot and burns.",Too many cooks spoil the broth,Many hands literally set the cooking pot on fire.,C,Many hands literally set the cooking pot on fire.,"When many people stir the soup, it becomes too hot and burns.",Having too many cooks results in the broth being overcooked and charred.,"[""Many hands literally set the cooking pot on fire."", ""When many people stir the soup, it becomes too hot and burns."", ""Having too many cooks results in the broth being overcooked and charred.""]",1.0,1.0,1.83,0.86,95.8
a,cot_en,Arabic,MID0446,كترة المال بتشغل البال,"More money, more problems.","More money, more problems.",False,"More money means you have to physically guard your wealth, which keeps your mind busy.",Having a lot of money literally causes your brain to be occupied with counting bills.,The phrase suggests that wealth literally fills up the space inside your head.,"More money, more problems.",D,Having a lot of money literally causes your brain to be occupied with counting bills.,"More money means you have to physically guard your wealth, which keeps your mind busy.",The phrase suggests that wealth literally fills up the space inside your head.,"[""Having a lot of money literally causes your brain to be occupied with counting bills."", ""More money means you have to physically guard your wealth, which keeps your mind busy."", ""The phrase suggests that wealth literally fills up the space inside your head.""]",1.0,1.0,3.58,0.92,97.6
a,cot_en,Arabic,MID0447,كل الطرق بتودي للطاحون,All roads lead to Rome.,All roads lead to Rome.,False,All paths end at the castle,All roads lead to Rome.,Every road goes to the train station,All roads lead to the oven,B,All roads lead to the oven,Every road goes to the train station,All paths end at the castle,"[""All roads lead to the oven"",""Every road goes to the train station"",""All paths end at the castle""]",1.0,1.0,1.27,0.84,95.2
a,cot_en,Arabic,MID0448,كل شي ممنوع مرغوب,Forbidden fruit is sweet.,Forbidden fruit is sweet.,False,"If something is sweet, then it is forbidden.",Everything that is desired must be forbidden.,Forbidding something makes it literally sweet to taste.,Forbidden fruit is sweet.,D,Everything that is desired must be forbidden.,"If something is sweet, then it is forbidden.",Forbidding something makes it literally sweet to taste.,"<reasoning>
A reader might take the Arabic phrase ""كل شي ممنوع مرغوب"" too literally and misinterpret the logical relationship between prohibition and desire, or confuse the metaphorical sweetness with an actual taste. They could reverse the cause‑effect, equate sweetness with forbidden status, or assume that forbidding something literally changes its flavor.
</reasoning>
[""Everything that is desir",1.0,1.0,1.92,0.89,96.7
a,cot_en,Arabic,MID0449,كل عقدة وإلها حلاَّل,Every problem has a solution.,Every problem has a solution.,False,Every problem has a solution.,Every knot and its god is a solver.,Every knot and its solution is a knot.,Every knot and its halal (permissible) is a solver.,A,Every knot and its god is a solver.,Every knot and its halal (permissible) is a solver.,Every knot and its solution is a knot.,"<reasoning>Readers might misinterpret the suffixes, taking ""إلها"" to mean ""إلهها"" (its god) or reading ""حلاَّل"" as the adjective ""حَلال"" (halal/permissible) rather than the active participle meaning ""solver"". They may also understand ""عقدة"" strictly as a physical knot, leading to literal readings about knots, gods, or permissibility.</reasoning>[""Every knot and its god is a solver."",""Every knot an",1.0,1.0,1.67,0.38,81.4
a,cot_en,Arabic,MID0450,كلنا بالهوى سوى,We're on the same page.,We're on the same page.,False,"Everyone shares the same passion, other than that",We're on the same page.,"We all have the same whim, besides",All of us are with desire except,B,All of us are with desire except,"Everyone shares the same passion, other than that","We all have the same whim, besides","<reasoning>The Arabic phrase consists of ""كلنا"" (all of us), ""بالهوى"" (with desire/passion), and ""سوى"" (except/other than). A reader unfamiliar with the idiomatic meaning might take each word literally and combine them in a straightforward way, leading to interpretations that treat ""سوى"" as a simple exclusion or ""بالهوى"" as a physical state, resulting in sentences that sound grammatical but miss t",1.0,1.0,1.47,0.92,97.6
a,cot_en,Arabic,MID0451,ما في دخان بلا نار,There is no smoke without fire.,There is no smoke without fire.,False,There is no smoke without fire.,"If you see fire, you will always see smoke.",Smoke can appear even when there is no fire at all.,"Where there is no fire, smoke is guaranteed to be present.",A,"If you see fire, you will always see smoke.",Smoke can appear even when there is no fire at all.,"Where there is no fire, smoke is guaranteed to be present.","[""If you see fire, you will always see smoke."", ""Smoke can appear even when there is no fire at all."", ""Where there is no fire, smoke is guaranteed to be present.""]",1.0,1.0,1.72,0.9,97.0
a,cot_en,Arabic,MID0452,متل أمل ابليس بالجنِّة,When pigs fly!,When pigs fly!,False,Satan hopes to enter Paradise,Iblis dreams of getting into Jannah,The devil's wish for heaven is impossible,When pigs fly!,D,Satan hopes to enter Paradise,The devil's wish for heaven is impossible,Iblis dreams of getting into Jannah,"<reasoning>Readers unfamiliar with the idiomatic sense might take the phrase at face value, interpreting it as a statement about Satan's (Iblis's) personal aspiration or desire concerning Paradise (Jannah). They could think the proverb is commenting on the nature of hope itself, the futility of certain wishes, or the specific object of Satan's longing, rather than using it to express impossibility",1.0,1.0,2.0,1.0,100.0
a,cot_en,Arabic,MID0453,مثل الهم عالقلب,a drug on the market.,a drug on the market.,False,A comparison of worry to a marketed medicine,a drug on the market.,A likeness of worry being a market drug,An example of a drug on the market,B,An example of a drug on the market,A likeness of worry being a market drug,A comparison of worry to a marketed medicine,"[""An example of a drug on the market"", ""A likeness of worry being a market drug"", ""A comparison of worry to a marketed medicine""]",1.0,1.0,1.6,0.74,92.2
a,cot_en,Arabic,MID0454,يلّي فات مات,Let bygones be bygones.,Let bygones be bygones.,False,Let bygones be bygones.,What passed has died,The one who passed is dead,Who passed died,A,Who passed died,The one who passed is dead,What passed has died,"<reasoning>
The proverb ""يلي فات مات"" literally breaks down as ""يلي"" (who/the one that), ""فات"" (passed/passed away), ""مات"" (died). A reader unfamiliar with the idiomatic meaning might try to translate each word directly, leading to literal readings that focus on the idea of someone or something that has passed being dead, rather than the intended sense of letting go of the past. Plausible but inco",1.0,0.3333333333333333,1.08,0.73,71.9
a,cot_en,Arabic,MID0455,أعور ببلاد العميين ملك,"in the land of the blind, the one-eyed man is king","in the land of the blind, the one-eyed man is king",False,The phrase describes a literal king who owns a single eye in a desert of blind people,A one‑eyed king rules over a land inhabited by two‑eyed people,"in the land of the blind, the one-eyed man is king",A blind person in a country of the sighted becomes a ruler,C,A blind person in a country of the sighted becomes a ruler,A one‑eyed king rules over a land inhabited by two‑eyed people,The phrase describes a literal king who owns a single eye in a desert of blind people,"<reasoning>
A reader might misconstrue the adjective ""أعور"" as meaning “blind” instead of “one‑eyed”, treat ""بلاد"" as a specific place name rather than the generic “land”, or interpret ""ملك"" as the verb “to own” or “to possess” rather than the noun “king”. These misunderstandings lead to literal‑sounding but incorrect readings of the proverb.
</reasoning>
[""A blind person in a country of the sight",1.0,1.0,1.21,0.85,95.5
a,cot_en,Arabic,MID0456,ألماينوش العنب يكول عنه حصرم,They would find a fault with a fat goose.,They would find a fault with a fat goose.,False,They would find a fault with a fat goose.,"They literally blame a goose for causing a problem with grapes, accusing it of damaging the fruit.",They literally examine a goose's fat and complain that it is too fatty.,"They literally say that a goose has a flaw concerning grapes, as if the goose ate or spoiled them.",A,They literally examine a goose's fat and complain that it is too fatty.,"They literally say that a goose has a flaw concerning grapes, as if the goose ate or spoiled them.","They literally blame a goose for causing a problem with grapes, accusing it of damaging the fruit.","<reasoning>
The proverb uses metaphorical language about finding fault with a fat goose, but a reader might take the words literally, imagining actual actions involving geese, grapes, or criticism. Three plausible literal misinterpretations could be: (1) people literally inspecting a goose's fatness and complaining about it; (2) the phrase being about someone literally saying that a goose has a de",1.0,1.0,1.81,0.82,94.6
a,cot_en,Arabic,MID0457,إجاك الموت یا تارك الصلاة,Your sins have caught up with you ,Your sins have caught up with you ,False,Death came to you or the one who abandoned prayer,"Death overtook you, or the one who left the prayer","You were met by death, or the one who abandoned prayer",Your sins have caught up with you ,D,Death came to you or the one who abandoned prayer,"Death overtook you, or the one who left the prayer","You were met by death, or the one who abandoned prayer","[""Death came to you or the one who abandoned prayer"",""Death overtook you, or the one who left the prayer"",""You were met by death, or the one who abandoned prayer""]",1.0,1.0,1.48,0.57,87.1
a,cot_en,Arabic,MID0458,اجفي الجرّة على ثمها والبنية على ذيل أمها,Like mother like daughter,Like mother like daughter,False,Like mother like daughter,It advises to set a vessel upon its snout and a construction upon the dam's tail.,It means you should balance a pot on its tip while putting a structure on the mother's appendage.,"Literally, it tells you to place a jar on its nose and a building on its mother's tail.",A,"Literally, it tells you to place a jar on its nose and a building on its mother's tail.",It means you should balance a pot on its tip while putting a structure on the mother's appendage.,It advises to set a vessel upon its snout and a construction upon the dam's tail.,"[""Literally, it tells you to place a jar on its nose and a building on its mother's tail."", ""It means you should balance a pot on its tip while putting a structure on the mother's appendage."", ""It advises to set a vessel upon its snout and a construction upon the dam's tail.""]",1.0,1.0,4.33,0.78,93.4
a,cot_en,Arabic,MID0459,اجه يكحلها عماها,Gild the lily.,Gild the lily.,False,He puts kohl on her eyelashes as a beauty ritual.,Gild the lily.,He stains her face with dark pigment for ceremonial purposes.,He applies eyeliner to her eyes.,B,He applies eyeliner to her eyes.,He puts kohl on her eyelashes as a beauty ritual.,He stains her face with dark pigment for ceremonial purposes.,"<reasoning>The Arabic phrase could be taken literally as a description of someone applying kohl (a traditional eye cosmetic) to a woman's eyes, leading a reader to interpret it as a straightforward cosmetic or decorative act rather than the idiomatic meaning ""to gild the lily.""</reasoning>[""He applies eyeliner to her eyes."", ""He puts kohl on her eyelashes as a beauty ritual."", ""He stains her face ",1.0,1.0,2.89,0.87,96.1
a,cot_en,Arabic,MID0460,اصبر عالحصرم تاكل عنب.,Good things come to those who wait.,Good things come to those who wait.,False,"If you wait patiently for a pomegranate, you will eventually be allowed to eat grapes.","To eat grapes, you must first endure the patience required by a pomegranate.",Good things come to those who wait.,Being patient with a pomegranate ensures that grapes will appear for you to eat.,C,"If you wait patiently for a pomegranate, you will eventually be allowed to eat grapes.",Being patient with a pomegranate ensures that grapes will appear for you to eat.,"To eat grapes, you must first endure the patience required by a pomegranate.","[""If you wait patiently for a pomegranate, you will eventually be allowed to eat grapes."", ""Being patient with a pomegranate ensures that grapes will appear for you to eat."", ""To eat grapes, you must first endure the patience required by a pomegranate.""]",1.0,1.0,2.0,0.83,94.9
a,cot_en,Arabic,MID0461,اكسر البصله واشتمّها والبنيه على ذيل أمها,Like mother like daughter.,Like mother like daughter.,False,"Break the onion, smell it, and then put the daughter onto the mother's tail.",Breaking an onion and inhaling its scent causes the daughter to appear on the mother's tail.,"After breaking and sniffing an onion, the daughter is literally found on the mother's tail.",Like mother like daughter.,D,"Break the onion, smell it, and then put the daughter onto the mother's tail.","After breaking and sniffing an onion, the daughter is literally found on the mother's tail.",Breaking an onion and inhaling its scent causes the daughter to appear on the mother's tail.,"<reasoning>A reader unfamiliar with the idiomatic meaning might treat each word literally: they could think the proverb instructs someone to physically break an onion, smell it, and then somehow place or find the daughter on the mother's tail, interpreting the metaphor about resemblance as a literal action involving an onion smell and a tail.</reasoning>
[""Break the onion, smell it, and then put t",1.0,1.0,3.75,0.7,91.0
a,cot_en,Arabic,MID0462,"الغايب عذره وياه
",The absent party is not faulty.,The absent party is not faulty.,False,The absent one's excuse belongs to him,The missing individual brings his own excuse,The absent party is not faulty.,The absent person is excused and stays with him,C,The absent person is excused and stays with him,The absent one's excuse belongs to him,The missing individual brings his own excuse,"[""The absent person is excused and stays with him"", ""The absent one's excuse belongs to him"", ""The missing individual brings his own excuse""]",1.0,1.0,1.28,0.85,95.5
a,cot_en,Arabic,MID0463,"الغركان يجلب بالحشيش
",A drowing man will catch at a straw.,A drowing man will catch at a straw.,False,A drowing man will catch at a straw.,A drowning man will use a straw as a breathing tube underwater,A drowning man will be rescued by someone throwing a straw at him,A drowning man will physically grab a straw to stay afloat,A,A drowning man will physically grab a straw to stay afloat,A drowning man will use a straw as a breathing tube underwater,A drowning man will be rescued by someone throwing a straw at him,"[""A drowning man will physically grab a straw to stay afloat"",""A drowning man will use a straw as a breathing tube underwater"",""A drowning man will be rescued by someone throwing a straw at him""]",1.0,1.0,1.5,0.69,90.7
a,cot_en,Arabic,MID0464,القرد بعين أمة غزال,"Beauty is in the eye of the beholder.
","Beauty is in the eye of the beholder.
",False,A monkey is looking at a nation of gazelles using its eye,The monkey possesses the eye of a gazelle nation,A monkey's eye contains a nation of gazelles,"Beauty is in the eye of the beholder.
",D,A monkey's eye contains a nation of gazelles,A monkey is looking at a nation of gazelles using its eye,The monkey possesses the eye of a gazelle nation,"<reasoning>Readers might take the Arabic phrase literally, ignoring its metaphorical meaning, and imagine that the monkey, eye, nation, and gazelle refer to concrete physical entities. This could lead to interpretations where the monkey's eye contains or is related to a group of gazelles, or where the monkey is observing a group of gazelles through its eye, or where the monkey's eye is somehow der",1.0,1.0,1.21,0.63,88.9
a,cot_en,Arabic,MID0465,اللي تلدغة الحية يخاف من جرد الحبل.,"Once bitten, twice shy.","Once bitten, twice shy.",False,"Someone who has been bitten by a snake becomes afraid of any rope, believing it might secretly be a snake.","After a snake bite, a person fears the sound or motion of a rope being pulled, thinking it could provoke another bite.","Once bitten, twice shy.","A snake bite causes a lasting phobia of all long, thin objects like ropes, cords, and cables, making the person avoid them entirely.",C,"Someone who has been bitten by a snake becomes afraid of any rope, believing it might secretly be a snake.","After a snake bite, a person fears the sound or motion of a rope being pulled, thinking it could provoke another bite.","A snake bite causes a lasting phobia of all long, thin objects like ropes, cords, and cables, making the person avoid them entirely.","<reasoning>Readers might take the metaphorical warning about caution after a bad experience and interpret it literally, thinking the proverb is about a genuine fear of ropes or similar objects after a snake bite, rather than about learned wariness in general.</reasoning>
[""Someone who has been bitten by a snake becomes afraid of any rope, believing it might secretly be a snake."", ""After a snake bi",1.0,1.0,5.42,0.89,96.7
a,cot_en,Arabic,MID0466,الما يعرف يرگص يگول الگاع عوجة.,Poor craftsman blames his tools.,Poor craftsman blames his tools.,False,A person who cannot dance claims the floor is uneven.,An archer who misses the target says the bow is bent.,Poor craftsman blames his tools.,A cook who burns the food blames the knife for being dull.,C,A person who cannot dance claims the floor is uneven.,An archer who misses the target says the bow is bent.,A cook who burns the food blames the knife for being dull.,"<reasoning>When encountering the Arabic proverb, a reader might focus on the words ""does not know how to throw"" and ""says the stick is crooked"" and imagine a literal scenario where someone lacking a particular skill blames an object for their failure, such as a dancer blaming the floor, an archer blaming the bow, or a cook blaming the knife.</reasoning>
[""A person who cannot dance claims the floor",1.0,1.0,2.2,0.85,95.5
a,cot_en,Arabic,MID0467,المسامح كريم,"Forgiveness is the attribute of the strong. / To err is human, to forgive is divine","Forgiveness is the attribute of the strong. / To err is human, to forgive is divine",False,The washer is generous.,The forgiver is a dairy product.,The one who permits is creamy.,"Forgiveness is the attribute of the strong. / To err is human, to forgive is divine",D,The one who permits is creamy.,The washer is generous.,The forgiver is a dairy product.,"[""The one who permits is creamy."", ""The washer is generous."", ""The forgiver is a dairy product.""]",1.0,0.6666666666666666,0.33,0.77,83.1
a,cot_en,Arabic,MID0468,الي ما یلوح العنب یگول حامض,He/ She would find a fault with a fat goose. ,He/ She would find a fault with a fat goose. ,False,He/ She would find a fault with a fat goose. ,He who does not see the vine says it's sour.,He who does not see the grape says it's acidic.,He who does not wave the grape says it's sour.,A,He who does not wave the grape says it's sour.,He who does not see the vine says it's sour.,He who does not see the grape says it's acidic.,"<reasoning>A reader unfamiliar with Arabic might take each word at face value but misinterpret nuances: the verb ""یلوح"" could be read as ""wave"" or ""glisten"" instead of ""appear/see""; the noun ""العنب"" might be confused with ""vine"" rather than the fruit itself; and the adjective ""حامض"" could be understood as the chemical term ""acidic"" rather than the taste ""sour"". These misunderstandings lead to lite",1.0,1.0,1.0,0.33,79.9
a,cot_en,Arabic,MID0469,اليدري يدري والمايدري گضبة (قبضة) عدس.,One half of the world doesn’t know how the other half lives.,One half of the world doesn’t know how the other half lives.,False,"The hand that possesses knowledge knows, whereas the hand lacking knowledge clenches a fistful of lentils.",The knowledgeable hand knows and the ignorant hand is a fist of lentils.,One half of the world doesn’t know how the other half lives.,One hand that knows understands while the other hand that doesn't know grips a handful of lentils.,C,The knowledgeable hand knows and the ignorant hand is a fist of lentils.,One hand that knows understands while the other hand that doesn't know grips a handful of lentils.,"The hand that possesses knowledge knows, whereas the hand lacking knowledge clenches a fistful of lentils.","[""The knowledgeable hand knows and the ignorant hand is a fist of lentils."", ""One hand that knows understands while the other hand that doesn't know grips a handful of lentils."", ""The hand that possesses knowledge knows, whereas the hand lacking knowledge clenches a fistful of lentils.""]",1.0,1.0,1.28,0.72,91.6
a,cot_en,Arabic,MID0470,بزونه أم سبع ترواح,A cat has nine lives.,A cat has nine lives.,False,"The saying means a cat possesses nine literal lifetimes, as in nine reincarnations",A cat has nine lives.,A cat’s body contains nine distinct life forces or souls that each keep it alive,A cat literally has nine separate lives that can be counted like extra lives in a game,B,A cat literally has nine separate lives that can be counted like extra lives in a game,"The saying means a cat possesses nine literal lifetimes, as in nine reincarnations",A cat’s body contains nine distinct life forces or souls that each keep it alive,"[""A cat literally has nine separate lives that can be counted like extra lives in a game"", ""The saying means a cat possesses nine literal lifetimes, as in nine reincarnations"", ""A cat’s body contains nine distinct life forces or souls that each keep it alive""]",1.0,1.0,3.0,0.88,96.4
a,cot_en,Arabic,MID0471,تيتي تيتي مثل ما رحتي جيتي.,Came empty-handed.,Came empty-handed.,False,The phrase suggests a round trip like going out and returning,Came empty-handed.,It literally describes someone named Titi who travels and returns,Titi Titi means you left and then came back,B,Titi Titi means you left and then came back,The phrase suggests a round trip like going out and returning,It literally describes someone named Titi who travels and returns,"[""Titi Titi means you left and then came back"",""The phrase suggests a round trip like going out and returning"",""It literally describes someone named Titi who travels and returns""]",1.0,1.0,5.0,0.92,97.6
a,cot_en,Arabic,MID0472,رجع أيد من وره وأيد من كدام,Came away empty-handed.,Came away empty-handed.,False,"He walked away with one hand placed behind his back and the other extended forward, suggesting he was holding something",Came away empty-handed.,"He returned while making a gesture of having one hand behind him and one hand forward, as if signaling",He came back holding an object with one hand behind his back and the other hand in front of him,B,He came back holding an object with one hand behind his back and the other hand in front of him,"He returned while making a gesture of having one hand behind him and one hand forward, as if signaling","He walked away with one hand placed behind his back and the other extended forward, suggesting he was holding something","<reasoning>The proverb uses the words ""hand"" (يد) and positional phrases ""from behind"" (من وره) and ""from front"" (من كدام). A literal reading could imagine the subject physically returning while positioning his hands in those ways, leading to various mistaken ideas about what he is carrying or doing.</reasoning>
[""He came back holding an object with one hand behind his back and the other hand in f",1.0,1.0,6.56,0.71,91.3
a,cot_en,Arabic,MID0473,عبد يكول لعبد وجهك اسود,The pot calling the kettle black.,The pot calling the kettle black.,False,A servant accuses another servant of having a dark complexion.,An employee tells a coworker his face looks dirty.,The pot calling the kettle black.,A slave tells another slave that his face is black.,C,A slave tells another slave that his face is black.,A servant accuses another servant of having a dark complexion.,An employee tells a coworker his face looks dirty.,"[""A slave tells another slave that his face is black."", ""A servant accuses another servant of having a dark complexion."", ""An employee tells a coworker his face looks dirty.""]",1.0,1.0,1.61,0.84,95.2
a,cot_en,Arabic,MID0474,كل ما جاله يمشي ليوره مثل بول البعير,"One step forward, two steps back.","One step forward, two steps back.",False,"Taking one literal step forward, then literally stepping backward twice because of camel urine","One step forward, two steps back.",Walking forward one pace then retreating two paces mimicking the direction of a camel’s urine spray,"Advancing a single step while unintentionally leaving two puddles of camel urine behind, indicating a setback",B,"Taking one literal step forward, then literally stepping backward twice because of camel urine",Walking forward one pace then retreating two paces mimicking the direction of a camel’s urine spray,"Advancing a single step while unintentionally leaving two puddles of camel urine behind, indicating a setback","<reasoning>A reader unfamiliar with the idiomatic meaning might parse the phrase word‑for‑word, imagining that the proverb describes a physical action involving a camel’s urine, a walking pattern, or a literal measurement of steps. They could think it advises walking forward then backward like a camel’s urine trail, or that it describes a situation where one’s progress is measured by the smell or ",1.0,1.0,2.56,0.85,95.5
a,cot_en,Arabic,MID0475,لا تبيع السمجه و هيه بلشط,Don't sell the skin before you've caught the bear.,Don't sell the skin before you've caught the bear.,False,Don't sell the skin before you've caught the bear.,Don't sell the fish and the splash together,Don't sell the fish when it's wet,Don't sell the fish while it's still splashing,A,Don't sell the fish while it's still splashing,Don't sell the fish when it's wet,Don't sell the fish and the splash together,"<reasoning>A reader unfamiliar with the idiomatic meaning might take each word at face value: ""السمجه"" as ""the fish"", ""بلشط"" as ""splashing"" or ""wet"", and the conjunction ""وَ"" as linking two actions. This could lead to literal readings such as not selling a fish while it is still moving, not selling a fish that is wet, or not selling both the fish and the splash together—none of which convey the in",1.0,1.0,0.85,0.58,87.4
a,cot_en,Arabic,MID0476,لنار تخلف رماد,Fire could leave ashes behind.,Fire could leave ashes behind.,False,Fire could leave ashes behind.,Fire does not leave ashes,Fire leaves behind a contradiction,For Nar leaves ashes,A,Fire does not leave ashes,Fire leaves behind a contradiction,For Nar leaves ashes,"[""Fire does not leave ashes"",""Fire leaves behind a contradiction"",""For Nar leaves ashes""]",1.0,0.6666666666666666,0.93,0.88,86.4
a,cot_en,Arabic,MID0477,مثل بلاع الموس, Between a rock and a hard place., Between a rock and a hard place.,False,example lacking the diamond,like without the musk, Between a rock and a hard place.,similar to being without the mouse,C,like without the musk,example lacking the diamond,similar to being without the mouse,"<reasoning>A reader encountering the Arabic phrase ""مثل بلاع الموس"" might parse it word‑by‑word without knowing it's an idiom, treating each component literally: ""مثل"" as ""like"" or ""example"", ""بلاع"" as a combination of ""بلا"" (without) plus the definite article ""ال"" (the), and ""الموس"" as a noun such as ""the musk"", ""the diamond"", or ""the mouse"". This yields plausible but incorrect literal meanings t",1.0,0.3333333333333333,0.67,0.83,74.9
a,cot_en,Arabic,MID0478,مو كل عصفور ينكال لحمه,All flesh is not venison,All flesh is not venison,False,Some birds do not have flesh,Bird meat is never venison,Not every bird eats its own flesh,All flesh is not venison,D,Not every bird eats its own flesh,Some birds do not have flesh,Bird meat is never venison,"[""Not every bird eats its own flesh"",""Some birds do not have flesh"",""Bird meat is never venison""]",1.0,1.0,1.2,0.91,97.3
a,cot_en,Arabic,MID0479,يتعلّم الحجامة بروس اليتامة.,A burnt child dreads the fire.,A burnt child dreads the fire.,False,One learns to perform the Hajj pilgrimage from the heads of orphans.,One learns to cup (as in drink) from the heads of orphans.,A burnt child dreads the fire.,One learns to wear a hijab from the heads of orphans.,C,One learns to wear a hijab from the heads of orphans.,One learns to perform the Hajj pilgrimage from the heads of orphans.,One learns to cup (as in drink) from the heads of orphans.,"[""One learns to wear a hijab from the heads of orphans."", ""One learns to perform the Hajj pilgrimage from the heads of orphans."", ""One learns to cup (as in drink) from the heads of orphans.""]",1.0,1.0,1.94,0.45,83.5
a,cot_en,Arabic,MID0480,بياكل أكل الوحوش,Eats like a pig.,Eats like a pig.,False,The person is feeding food to beasts,"The person is eating the same food that beasts normally eat, such as grass or raw meat",Eats like a pig.,The person is eating actual beasts or animal meat,C,The person is eating actual beasts or animal meat,The person is feeding food to beasts,"The person is eating the same food that beasts normally eat, such as grass or raw meat","<reasoning>When encountering the Arabic proverb ""بياكل أكل الوحوش"" (literally ""He eats the food of beasts""), a reader might take the wording at face value and imagine scenarios involving actual animals or their food, rather than understanding the figurative meaning of eating greedily or messily. These literal readings could include thinking the subject is consuming beasts themselves, providing foo",1.0,1.0,2.75,0.67,90.1
a,cot_en,Arabic,MID0481,أبوه بصل وأمه توم، ومنين بدها تجي الريحة الطيبة,The apple doesn't fall far from the tree. ,The apple doesn't fall far from the tree. ,False,"The saying is a cooking tip: if you start with onion and garlic as the base, you won't get a pleasant fragrance unless you add other ingredients.","It describes a family of vegetables where the parents are onion and garlic, implying that their offspring (perhaps a leek or shallot) will never produce a sweet, fragrant smell.","The child cannot smell nice because his father is literally an onion and his mother is literally garlic, so any odor they produce is unpleasant.",The apple doesn't fall far from the tree. ,D,"The child cannot smell nice because his father is literally an onion and his mother is literally garlic, so any odor they produce is unpleasant.","The saying is a cooking tip: if you start with onion and garlic as the base, you won't get a pleasant fragrance unless you add other ingredients.","It describes a family of vegetables where the parents are onion and garlic, implying that their offspring (perhaps a leek or shallot) will never produce a sweet, fragrant smell.","<reasoning>A reader unfamiliar with the idiomatic meaning might take the words literally, imagining the proverb refers to actual vegetables, cooking smells, or genetic inheritance of odor. They could think it's about a child's parentage influencing their scent, about a recipe requiring onion and garlic, or about a literal family of vegetables producing a pleasant aroma.</reason>
[""The child cannot",1.0,1.0,3.38,0.9,97.0
a,cot_en,Arabic,MID0482,أكل الأخْضَر واليابس,Devoured everything ,Devoured everything ,False,He ate fresh fruit and dried fruit,Devoured everything ,He ate grass and hay,He ate money and a dry biscuit,B,He ate grass and hay,He ate fresh fruit and dried fruit,He ate money and a dry biscuit,"<reasoning>A reader might take the words ""الأخْضَر"" (green) and ""الْيَابِس"" (dry) at face value and think the phrase refers to consuming specific types of food or substances, missing the idiomatic sense of ""devouring everything."" Three plausible literal misreadings could be: interpreting the greens as vegetation like grass or leaves, the dry as hay or stalks; thinking of fresh versus dried produce",1.0,1.0,3.17,0.66,89.8
a,cot_en,Arabic,MID0483,أكلا عَ بارد المستريح (أو باردة، أو عَ البارد).,Lucky breaks.,Lucky breaks.,False,Cold meal belonging to the one at rest,Lucky breaks.,Food that is cold for the relaxed individual,Eating the cold food of the resting person,B,Eating the cold food of the resting person,Cold meal belonging to the one at rest,Food that is cold for the relaxed individual,"<reasoning>The phrase can be parsed word‑by‑word: “أكلا” (food/eating), “عَ” (on/of), “بارد” (cold), “المستريح” (the one who is resting/relaxed). A reader unfamiliar with the idiomatic meaning might take it literally as describing some sort of cold food associated with a resting person, leading to several plausible but incorrect literal readings such as “eating the cold food of the resting person,",1.0,1.0,4.0,0.82,94.6
a,cot_en,Arabic,MID0484,الدم ما بيصير مي.,Blood is thicker than water.,Blood is thicker than water.,False,"Blood and water are interchangeable fluids in the body, differing only in thickness",Blood is literally water that has been thickened by adding cells or proteins,Blood is thicker than water.,Blood can be turned into plain water by filtering out its components,C,Blood is literally water that has been thickened by adding cells or proteins,Blood can be turned into plain water by filtering out its components,"Blood and water are interchangeable fluids in the body, differing only in thickness","[""Blood is literally water that has been thickened by adding cells or proteins"", ""Blood can be turned into plain water by filtering out its components"", ""Blood and water are interchangeable fluids in the body, differing only in thickness""]",1.0,1.0,2.53,0.9,97.0
a,cot_en,Arabic,MID0485,حَدا بيشتري سمك ببحر؟,Buy a pig in a poke.,Buy a pig in a poke.,False,"Interpretation 3: It is taken to mean that fish are sold in the sea itself, as if there were underwater stalls.",Buy a pig in a poke.,Interpretation 1: It asks if one can literally go to the sea and buy fish directly from the water.,"Interpretation 2: It suggests that the act of purchasing fish is only possible if the fish are already out of the sea, implying you cannot buy fish while they are still swimming.",B,Interpretation 1: It asks if one can literally go to the sea and buy fish directly from the water.,"Interpretation 2: It suggests that the act of purchasing fish is only possible if the fish are already out of the sea, implying you cannot buy fish while they are still swimming.","Interpretation 3: It is taken to mean that fish are sold in the sea itself, as if there were underwater stalls.","[""Interpretation 1: It asks if one can literally go to the sea and buy fish directly from the water."", ""Interpretation 2: It suggests that the act of purchasing fish is only possible if the fish are already out of the sea, implying you cannot buy fish while they are still swimming."", ""Interpretation 3: It is taken to mean that fish are sold in the sea itself, as if there were underwater stalls.""]",1.0,1.0,4.0,0.81,94.3
a,cot_en,Arabic,MID0486,غِيب عن العَيْن تِحلا,Absence makes the heart grow fonder,Absence makes the heart grow fonder,False,Being absent from the eye makes it pleasant.,"If you disappear from view, the eye enjoys it.",Absence makes the heart grow fonder,"When you stay out of sight, the eye finds it sweet.",C,"When you stay out of sight, the eye finds it sweet.",Being absent from the eye makes it pleasant.,"If you disappear from view, the eye enjoys it.","[""When you stay out of sight, the eye finds it sweet."", ""Being absent from the eye makes it pleasant."", ""If you disappear from view, the eye enjoys it.""]",1.0,1.0,1.56,0.81,94.3
a,cot_en,Arabic,MID0487,وِجّو بيقطع الرزق,a jinx on the house,a jinx on the house,False,Wijju the person cuts off the house's food supply,The house's roof blocks and cuts off the flow of sustenance to its inhabitants,The house's walls literally slice the household's income,a jinx on the house,D,Wijju the person cuts off the house's food supply,The house's walls literally slice the household's income,The house's roof blocks and cuts off the flow of sustenance to its inhabitants,"<reasoning>A reader unfamiliar with the idiomatic meaning might treat each word literally: ""وِجّو"" could be mistaken for a proper name or a specific object, ""بيقطع"" as the verb ""to cut"" acting on something tangible, and ""الرزق"" as a concrete thing like food or money. This leads to odd literal pictures such as a person named Wijju cutting off a household's food supply, a house physically slicing it",1.0,1.0,2.07,0.83,94.9
a,cot_en,Arabic,MID0488,يلي بيتو من زاز ما بيرشيء الناس حجارة.,People who live in glass houses shouldn't throw stones ,People who live in glass houses shouldn't throw stones ,False,People who live in glass houses shouldn't throw stones ,"Those dwelling in transparent edifices are forbidden from participating in any stone‑throwing activities, as it could damage the glass.",People who actually live in houses made of glass must not throw stones at others because it would shatter their own windows.,"If you reside in a glass house, you should avoid throwing stones because they will bounce back and hit you.",A,People who actually live in houses made of glass must not throw stones at others because it would shatter their own windows.,"If you reside in a glass house, you should avoid throwing stones because they will bounce back and hit you.","Those dwelling in transparent edifices are forbidden from participating in any stone‑throwing activities, as it could damage the glass.","<reasoning>Readers might interpret the proverb literally, assuming it refers to actual houses made of glass and the physical act of throwing stones. They could think the warning is about the practical consequences of stone‑throwing on fragile glass structures, such as breaking windows, self‑injury from rebounding stones, or prohibitions against stone‑throwing games near transparent dwellings, miss",1.0,1.0,2.26,0.94,98.2
a,cot_en,Arabic,MID0489,أرقد دافي تصبح متعافي.,A stitch in time saves nine.,A stitch in time saves nine.,False,"If you lie down with a heater, you will turn into a blanket.","If you run while wrapped in a blanket, you will become wealthy.",A stitch in time saves nine.,"If you sleep warmly, you will stay awake forever.",C,"If you run while wrapped in a blanket, you will become wealthy.","If you lie down with a heater, you will turn into a blanket.","If you sleep warmly, you will stay awake forever.","<reasoning>
A reader unfamiliar with Arabic might misinterpret the words based on similar sounds or literal meanings: confusing ""أرقد"" (sleep) with ""اركض"" (run), interpreting ""دافي"" as a noun like ""blanket"" or ""heater"", and taking ""متعافي"" to mean something unrelated like ""wealthy"" or ""awake"". These mix‑ups lead to plausible‑sounding but incorrect literal readings.
</reasoning>
[""If you run while ",1.0,1.0,1.89,0.8,94.0
a,cot_en,Arabic,MID0490,أش خاصك ألعريان خاتم أمولاي.,Don't put the cart before the horse.,Don't put the cart before the horse.,False,Don't arrange a cart before a horse in a sequence.,Don't put the cart before the horse.,Don't position a horse after a cart.,Don't put a cart ahead of a horse.,B,Don't put a cart ahead of a horse.,Don't position a horse after a cart.,Don't arrange a cart before a horse in a sequence.,"[""Don't put a cart ahead of a horse."", ""Don't position a horse after a cart."", ""Don't arrange a cart before a horse in a sequence.""]",1.0,1.0,1.19,0.77,93.1
a,cot_en,Arabic,MID0491,أكل ونوم وجعله بالقوم.,Filling tummy and spending money.,Filling tummy and spending money.,False,"Having a meal, resting, and leaving it for the community.","Eating, sleeping, and making it with the people.",Filling tummy and spending money.,"Consuming food, taking a nap, and giving it to the group.",C,"Eating, sleeping, and making it with the people.","Consuming food, taking a nap, and giving it to the group.","Having a meal, resting, and leaving it for the community.","[""Eating, sleeping, and making it with the people."", ""Consuming food, taking a nap, and giving it to the group."", ""Having a meal, resting, and leaving it for the community.""]",1.0,1.0,1.93,0.79,93.7
a,cot_en,Arabic,MID0492,ألمزوق من برا أشخبارك من داخل؟,All that glitters is not gold.,All that glitters is not gold.,False,The phrase literally asks if the seasoned person from outside knows your inner news.,All that glitters is not gold.,It literally wonders whether the glitter from outside can tell you about your internal affairs.,It literally questions if the outer glitter matches the inner substance of your news.,B,The phrase literally asks if the seasoned person from outside knows your inner news.,It literally wonders whether the glitter from outside can tell you about your internal affairs.,It literally questions if the outer glitter matches the inner substance of your news.,"[""The phrase literally asks if the seasoned person from outside knows your inner news."", ""It literally wonders whether the glitter from outside can tell you about your internal affairs."", ""It literally questions if the outer glitter matches the inner substance of your news.""]",1.0,1.0,2.39,0.76,92.8
a,cot_en,Arabic,MID0493,أمارت الدار على بابها.,You can tell a book from its cover.,You can tell a book from its cover.,False,The house's address is displayed on its door.,You can tell who lives in a house by looking at its door knocker.,You can tell a book from its cover.,The decorations on a house's door show how wealthy the owner is.,C,The house's address is displayed on its door.,The decorations on a house's door show how wealthy the owner is.,You can tell who lives in a house by looking at its door knocker.,"<reasoning>
The Arabic proverb literally translates to “The signs of the house are on its door.” A reader taking this at face value might think it refers to physical markers or features placed on a house’s entrance, such as a nameplate, number, decoration, or any visible sign that supposedly reveals something about the household. From this literal stance, several plausible but incorrect interpreta",1.0,1.0,1.42,0.89,96.7
a,cot_en,Arabic,MID0494,إيلا كان حبيبك عسل، لاتلعقوش كامل.,Don’t abuse the kindness of a friend.,Don’t abuse the kindness of a friend.,False,"When your sweetheart is honey‑flavored, do not lick the entire jar of honey they gave you.","Do not consume all the honey that your beloved offers, lest you run out.","If your lover is literally made of honey, you should avoid licking them completely.",Don’t abuse the kindness of a friend.,D,"If your lover is literally made of honey, you should avoid licking them completely.","When your sweetheart is honey‑flavored, do not lick the entire jar of honey they gave you.","Do not consume all the honey that your beloved offers, lest you run out.","<reasoning>A reader who takes the proverb at face value might focus on the concrete words “honey” and “lick” and imagine a situation involving actual honey or a honey‑covered person, missing the metaphorical advice about not over‑exploiting a friend’s kindness. This leads to literal‑sounding interpretations that seem plausible but are not the intended meaning.</reasoning>[""If your lover is literal",1.0,1.0,2.1,0.87,96.1
a,cot_en,Arabic,MID0495,اشتري العقار من وارث ملاقيه ولا تشتريه من مالك بانيه.,Something for nothing.,Something for nothing.,False,Something for nothing.,"Acquire a house by finding an heir who is present at the site, rather than buying directly from the builder who owns it.","Buy real estate only from an heir you happen to meet, never from the person who originally constructed it.","When purchasing property, seek out the inheritor you encounter by chance and avoid dealing with the builder-owner.",A,"Buy real estate only from an heir you happen to meet, never from the person who originally constructed it.","When purchasing property, seek out the inheritor you encounter by chance and avoid dealing with the builder-owner.","Acquire a house by finding an heir who is present at the site, rather than buying directly from the builder who owns it.","[""Buy real estate only from an heir you happen to meet, never from the person who originally constructed it."", ""When purchasing property, seek out the inheritor you encounter by chance and avoid dealing with the builder-owner."", ""Acquire a house by finding an heir who is present at the site, rather than buying directly from the builder who owns it.""]",1.0,1.0,6.56,0.9,97.0
a,cot_en,Arabic,MID0496,اصبر لكل مصيبة وتجلًّدِ واعلم بأن الدهر غير مُخَلدِ., Good things come to those who wait., Good things come to those who wait.,False,"Endure every misfortune and become callous, then learn that time is not a living thing.","For each disaster, be patient and harden yourself, realizing that ages cannot be immortal.", Good things come to those who wait.,"Stay steadfast through every hardship, grow tough, and understand that epochs are not everlasting.",C,"Endure every misfortune and become callous, then learn that time is not a living thing.","For each disaster, be patient and harden yourself, realizing that ages cannot be immortal.","Stay steadfast through every hardship, grow tough, and understand that epochs are not everlasting.","[""Endure every misfortune and become callous, then learn that time is not a living thing."", ""For each disaster, be patient and harden yourself, realizing that ages cannot be immortal."", ""Stay steadfast through every hardship, grow tough, and understand that epochs are not everlasting.""]",1.0,1.0,2.05,0.89,96.7
a,cot_en,Arabic,MID0497,البكا ورا الميت خسارة.,Don't cry over spilled milk.,Don't cry over spilled milk.,False,"If you cry positioned behind a dead person, you will lose your belongings.",The act of crying placed behind the deceased is a wasteful activity that results in a loss of time.,Crying while standing behind a corpse causes you to lose money.,Don't cry over spilled milk.,D,Crying while standing behind a corpse causes you to lose money.,"If you cry positioned behind a dead person, you will lose your belongings.",The act of crying placed behind the deceased is a wasteful activity that results in a loss of time.,"<reasoning>A reader unfamiliar with the idiomatic meaning might take each word at face value: ""البكا"" as the act of crying, ""ورا"" as being physically behind or after something, ""الميت"" as a corpse, and ""خسارة"" as a tangible loss (e.g., money, possessions, or time). Combining these literal senses could lead to interpretations where crying positioned behind a dead body directly causes some concrete ",1.0,1.0,2.87,0.86,95.8
a,cot_en,Arabic,MID0498,الدي مليح والسكات أحسن منو.,"Speech is of time, silence is of eternity.","Speech is of time, silence is of eternity.",False,The good and the quiet are better than him,The sweet and the silence are better than him,The one who is good and the silence are better than him,"Speech is of time, silence is of eternity.",D,The one who is good and the silence are better than him,The sweet and the silence are better than him,The good and the quiet are better than him,"<reasoning>Readers unfamiliar with the idiomatic meaning might take each word at face value, interpreting ""الدي"" as ""the one who"" or ""the"", ""مليح"" as ""good/sweet"", ""والسكات"" as ""and the silence"", and ""أحسن منو"" as ""better than him"". This leads to literal readings that treat the phrase as a comparison between a person's quality and silence, rather than the intended metaphor about speech versus sile",1.0,1.0,1.25,0.41,82.3
a,cot_en,Arabic,MID0499,العين بالعين والسن بالسن,A life for a life.,A life for a life.,False,An eye for an eye and a tooth for a tooth means you must literally trade eyes and teeth with someone else,A life for a life.,"The saying suggests that eyes and teeth have equal monetary value, so one eye is worth exactly one tooth","It implies that if you lose an eye you must gain an eye, and if you lose a tooth you must gain a tooth, i.e., a direct physical replacement",B,An eye for an eye and a tooth for a tooth means you must literally trade eyes and teeth with someone else,"The saying suggests that eyes and teeth have equal monetary value, so one eye is worth exactly one tooth","It implies that if you lose an eye you must gain an eye, and if you lose a tooth you must gain a tooth, i.e., a direct physical replacement","[""An eye for an eye and a tooth for a tooth means you must literally trade eyes and teeth with someone else"",""The saying suggests that eyes and teeth have equal monetary value, so one eye is worth exactly one tooth"",""It implies that if you lose an eye you must gain an eye, and if you lose a tooth you must gain a tooth, i.e., a direct physical replacement""]",1.0,1.0,4.67,0.82,94.6
a,cot_en,Arabic,MID0500,الفقيه اللي عملناه إقابل الجامع عاد فالحصاير طامع.,Give him an inch and he'll take a mile.,Give him an inch and he'll take a mile.,False,The theologian who constructed something opposite the communal hall returned to see the straw mats desiring additional resources.,A scholar who erected a building opposite the mosque later returned to find the prayer mats showing greed.,The jurist who made an agreement facing the university came back to discover the straw baskets eager for more.,Give him an inch and he'll take a mile.,D,A scholar who erected a building opposite the mosque later returned to find the prayer mats showing greed.,The jurist who made an agreement facing the university came back to discover the straw baskets eager for more.,The theologian who constructed something opposite the communal hall returned to see the straw mats desiring additional resources.,"[""A scholar who erected a building opposite the mosque later returned to find the prayer mats showing greed."", ""The jurist who made an agreement facing the university came back to discover the straw baskets eager for more."", ""The theologian who constructed something opposite the communal hall returned to see the straw mats desiring additional resources.""]",1.0,1.0,2.04,0.84,95.2
a,cot_en,Arabic,MID0501,الكوكه تعايب على أم زِرْ,Let he who is without sin cast the first stone.,Let he who is without sin cast the first stone.,False,The pot has faults upon Mother Zir,The cake is defective on Aunt Zir's mother,The cooking vessel blames the mother of Zir,Let he who is without sin cast the first stone.,D,The cake is defective on Aunt Zir's mother,The pot has faults upon Mother Zir,The cooking vessel blames the mother of Zir,"<reasoning>A reader unfamiliar with the idiomatic meaning might translate each word directly: ""الكوكه"" as ""the cake"" or ""the pot"", ""تعايب"" as ""is defective/has faults"", and ""على أم زِرْ"" as ""upon mother of Zir"". This could lead to literal readings that treat the phrase as a statement about a defective object belonging to or involving someone's mother, rather than the moral lesson about judging oth",1.0,1.0,0.77,0.81,94.3
a,cot_en,Arabic,MID0502,اللسان مافيه عظم.,Think before you speak.,Think before you speak.,False,Speech lacks importance,Think before you speak.,Words are devoid of weight,The tongue has no greatness,B,The tongue has no greatness,Speech lacks importance,Words are devoid of weight,"<reasoning>A reader unfamiliar with Arabic might mistake the word ""عظم"" (ʿaẓm) for its figurative sense of ""greatness"" or ""importance"" rather than its literal meaning ""bone"". They could also misparse ""اللسان"" as referring to ""language"" or ""speech"" in an abstract sense, leading to interpretations that focus on the quality or weight of speech rather than the physical anatomy of the tongue. These mis",1.0,0.6666666666666666,1.08,1.0,90.0
a,cot_en,Arabic,MID0503,اللي أمه في الدار قرصه حار.,A mother's love is the best care.,A mother's love is the best care.,False,His mother's presence in the house makes his pinch feel hot,A mother's love is the best care.,His mother is in the house and his bite is hot,"When his mother is at home, the food he bites into is hot",B,His mother is in the house and his bite is hot,"When his mother is at home, the food he bites into is hot",His mother's presence in the house makes his pinch feel hot,"<reasoning>Readers might take the words literally: ""قرصه"" could be understood as a bite or pinch, and ""حار"" as hot temperature, leading to interpretations about a physical sensation rather than the figurative meaning of maternal care.</reasoning>
[""His mother is in the house and his bite is hot"",""When his mother is at home, the food he bites into is hot"",""His mother's presence in the house makes h",1.0,1.0,1.67,0.72,91.6
a,cot_en,Arabic,MID0504,اللي رجله في المويه ما هو زي اللي رجله في النار,It's easier to give advice than to take it.,It's easier to give advice than to take it.,False,It's easier to give advice than to take it.,"It means that someone experiencing water cannot be compared to someone experiencing fire because their situations are utterly different, so you shouldn't judge others unless you share their exact conditions.","If you keep your foot in water you stay cool and safe, whereas putting your foot in fire burns you, so the saying advises to stay in water to avoid harm.","The proverb literally tells you to test a situation with water before exposing it to fire, implying you should always try things in a safe, wet way first.",A,"If you keep your foot in water you stay cool and safe, whereas putting your foot in fire burns you, so the saying advises to stay in water to avoid harm.","The proverb literally tells you to test a situation with water before exposing it to fire, implying you should always try things in a safe, wet way first.","It means that someone experiencing water cannot be compared to someone experiencing fire because their situations are utterly different, so you shouldn't judge others unless you share their exact conditions.","<reasoning>Readers might take the Arabic phrase literally, focusing on the physical images of a foot in water versus a foot in fire and deriving practical, safety‑related, or comparative meanings that ignore the idiomatic sense about giving versus receiving advice.</reason>
[""If you keep your foot in water you stay cool and safe, whereas putting your foot in fire burns you, so the saying advises t",1.0,1.0,3.3,0.89,96.7
a,cot_en,Arabic,MID0505,اللي ما يطول العنب حامضًا عنه يقول.,Sour grapes.,Sour grapes.,False,Someone who does not stretch the grape claims it tastes sour.,The grape that is not elongated declares itself sour.,Sour grapes.,A person who cannot make the grape grow longer says it is sour.,C,A person who cannot make the grape grow longer says it is sour.,Someone who does not stretch the grape claims it tastes sour.,The grape that is not elongated declares itself sour.,"<reasoning>A reader unfamiliar with the idiomatic meaning might take each word at face value, interpreting the verb ""يطول"" as a literal action of lengthening or stretching, and might assign the subject or object incorrectly, leading to literal readings that miss the figurative sense of rationalizing unattainable desire.</reasoning>
[""A person who cannot make the grape grow longer says it is sour.""",1.0,1.0,5.5,0.75,92.5
a,cot_en,Arabic,MID0506,اللي ما يقنع ما يشبع.,A greedy man is always in want.,A greedy man is always in want.,False,He who does not satisfy will never be satiated.,"If you fail to persuade someone, you will not become full.",A greedy man is always in want.,The one who does not convince others will not be fed.,C,The one who does not convince others will not be fed.,"If you fail to persuade someone, you will not become full.",He who does not satisfy will never be satiated.,"<reasoning>
The Arabic words ""يقنع"" (yaqniʿ) can mean ""to convince"" or ""to satisfy,"" while ""يشبع"" (yashbaʿ) means ""to be full"" or ""to satiate."" A reader unfamiliar with the idiomatic sense might take the verb meanings literally, interpreting the proverb as a statement about convincing others leading to being fed, or about persuasion resulting in fullness. These literal readings are plausible but m",1.0,1.0,1.48,0.8,94.0
a,cot_en,Arabic,MID0507,النار ما تورِّث إلا الرماد., A black sheep of the family., A black sheep of the family.,False,Fire only bequeaths ash when it does not leave anything else,Fire does not inherit anything except ash, A black sheep of the family.,"The only thing fire leaves behind is embers, except when it leaves ash",C,Fire does not inherit anything except ash,Fire only bequeaths ash when it does not leave anything else,"The only thing fire leaves behind is embers, except when it leaves ash","<reasoning>
Readers unfamiliar with Arabic grammar might misinterpret the negation particle ""ما"" as a simple ""not"" applied to the wrong verb, confuse the verb ""torith"" (to bequeath) with its opposite ""to inherit"", or treat the exception particle "" illa"" as a restrictive ""only"" in the wrong place. These mistakes can lead to literal readings that flip the subject‑object relationship, add unintended ",1.0,1.0,1.72,0.72,91.6
a,cot_en,Arabic,MID0508,امدح صاحبك مع الناس، ولومو الراس فالراس.,"Praise publicly, criticize privately.","Praise publicly, criticize privately.",False,"Compliment your buddy whenever you are surrounded by others, and criticize the head (as in a chief) when he is literally inside his own head (i.e., thinking to himself).","Praise publicly, criticize privately.","Speak good words about your companion when you are out in public, and find fault with the top of something (like a mountain) when it is situated at the summit.","Praise your friend while you are both standing among a group of people, and blame the leader’s thoughts when they are inside his own mind.",B,"Praise your friend while you are both standing among a group of people, and blame the leader’s thoughts when they are inside his own mind.","Speak good words about your companion when you are out in public, and find fault with the top of something (like a mountain) when it is situated at the summit.","Compliment your buddy whenever you are surrounded by others, and criticize the head (as in a chief) when he is literally inside his own head (i.e., thinking to himself).","<reasoning>Readers might take the Arabic wording at face value, ignoring its idiomatic sense. They could think the proverb gives concrete actions about where to praise or blame, such as praising a friend while physically among a crowd, blaming a leader’s thoughts, or faulting something that is literally “in the head” (like a hat or a mountain peak). These literal readings miss the figurative advic",1.0,1.0,7.0,0.8,94.0
a,cot_en,Arabic,MID0509,بصلة الحبيب عند المحب خروف,A cheerful look makes a dish a feast,A cheerful look makes a dish a feast,False,A lover sees his beloved's onion as a sheep,"If you put an onion next to the person you love, it turns into a sheep",A cheerful look makes a dish a feast,The beloved's onion becomes a sheep when viewed by the lover,C,A lover sees his beloved's onion as a sheep,"If you put an onion next to the person you love, it turns into a sheep",The beloved's onion becomes a sheep when viewed by the lover,"<reasoning>A reader unfamiliar with the idiomatic meaning might take each word at face value, imagining a literal scenario where an onion belonging to a beloved person transforms into a sheep in the eyes of a lover, or that the act of placing an onion near someone you love somehow changes it into a sheep, or that the proverb is describing a culinary rule about substituting onions with sheep in a d",1.0,1.0,1.5,0.76,92.8
a,cot_en,Arabic,MID0510,تحلف لي أصدقك أشوف افعالك استعجب,Better to see something once than to hear about it a thousand times.,Better to see something once than to hear about it a thousand times.,False,"If you swear to me, I will believe you; I will watch your deeds and be amazed.",Better to see something once than to hear about it a thousand times.,"I take an oath for you, I confirm you, I observe your behavior, I wonder.","I swear to you, I trust you, I see your actions, I am astonished.",B,"I swear to you, I trust you, I see your actions, I am astonished.","If you swear to me, I will believe you; I will watch your deeds and be amazed.","I take an oath for you, I confirm you, I observe your behavior, I wonder.","<reasoning>A reader unfamiliar with the idiomatic structure might treat each Arabic word as a separate literal statement, ignoring the conditional and emphatic nuances. They could misread the verb forms, treat the pronouns as objects, and interpret the final verb as a simple statement of surprise rather than an exclamation about the value of direct observation. This leads to plausible but incorrec",1.0,1.0,1.18,0.85,95.5
a,cot_en,Arabic,MID0511,جاور السعيد تسعد.,Happiness is contagious.,Happiness is contagious.,False,Happiness is contagious.,"If you make a happy person sit down, you will become happy.","If you become a neighbor of a fortunate person named Sa’eed, you will receive his fortune.","If you sit beside a happy person, you will cause that person to be happy.",A,"If you make a happy person sit down, you will become happy.","If you become a neighbor of a fortunate person named Sa’eed, you will receive his fortune.","If you sit beside a happy person, you will cause that person to be happy.","<reasoning>The Arabic phrase جاور السعيد تسعد can be parsed literally in several ways that diverge from its idiomatic meaning “Happiness is contagious.” A reader might misinterpret the verb جاور as “to cause someone to sit” or “to make a neighbor,” treat السعيد as a proper name (Sa’eed) rather than an adjective meaning “happy/fortunate,” and read تسعد as “you will make (someone) happy” instead of ",1.0,1.0,4.78,0.67,90.1
a,cot_en,Arabic,MID0512,جيت نعاونو فقبر باه هرب لي بالفاس.,Bite the hand that feeds him.,Bite the hand that feeds him.,False,"He came to support him, then they both went to the grave and escaped with the brass.",Bite the hand that feeds him.,"He came to assist him, then buried him and ran away with the brass.","He came to help him in the grave, then fled with the brass.",B,"He came to help him in the grave, then fled with the brass.","He came to assist him, then buried him and ran away with the brass.","He came to support him, then they both went to the grave and escaped with the brass.","<reasoning>Readers unfamiliar with the idiomatic meaning might take each word at face value, interpreting the proverb as a narrative about someone going to a grave to help, then fleeing with some object (brass/metal). This leads to literal readings that describe a sequence of actions—arriving to assist, being in a grave, and escaping with something—rather than the figurative sense of betraying a b",1.0,1.0,2.44,0.59,87.7
a,cot_en,Arabic,MID0513,خدم باطل ولا تبقى عاطل.,Half a loaf is better than none.,Half a loaf is better than none.,False,Give invalid service and refrain from remaining jobless,Half a loaf is better than none.,Serve falsely and do not stay unemployed,Perform useless service and avoid being idle,B,Serve falsely and do not stay unemployed,Perform useless service and avoid being idle,Give invalid service and refrain from remaining jobless,"[""Serve falsely and do not stay unemployed"",""Perform useless service and avoid being idle"",""Give invalid service and refrain from remaining jobless""]",1.0,1.0,1.05,0.9,97.0
a,cot_en,Arabic,MID0514,خيرها في غيرها.,The best is yet to come.,The best is yet to come.,False,The goodness resides elsewhere,The best of her is in another place,Her good is inside her other,The best is yet to come.,D,Her good is inside her other,The best of her is in another place,The goodness resides elsewhere,"<reasoning>
A reader might take the Arabic words at face value without idiomatic sense: ""خير"" (good/best), ""في"" (in/inside), ""غيرها"" (her other/another). They could interpret the phrase as describing a location of goodness rather than a temporal promise, leading to literal readings like ""her goodness is inside her other,"" ""the best part of her is in another place,"" or ""the goodness resides elsewhe",1.0,0.6666666666666666,1.0,0.91,87.3
a,cot_en,Arabic,MID0515,ذيل الكلب ما ينعدل.,A leopard can't change its spots.,A leopard can't change its spots.,False,A dog's tail cannot be groomed or combed.,A dog's tail is incapable of wagging.,A leopard can't change its spots.,"A dog's tail will never grow straight, no matter how much it is stretched.",C,A dog's tail cannot be groomed or combed.,A dog's tail is incapable of wagging.,"A dog's tail will never grow straight, no matter how much it is stretched.","[""A dog's tail cannot be groomed or combed."", ""A dog's tail is incapable of wagging."", ""A dog's tail will never grow straight, no matter how much it is stretched.""]",1.0,1.0,1.61,0.79,93.7
a,cot_en,Arabic,MID0516,شْحَال مَا طَالْ اللِّيلْ كَيْطْلَعْ النّهار.,The darkest hour is just before the dawn.,The darkest hour is just before the dawn.,False,The darkest hour is just before the dawn.,"The night is a container that, when full, releases the day.","If you measure the night, you can predict when the day will rise.",The amount of time the night lasts determines how quickly the day will appear.,A,The amount of time the night lasts determines how quickly the day will appear.,"If you measure the night, you can predict when the day will rise.","The night is a container that, when full, releases the day.","<reasoning>A reader might take the Arabic words at face value, ignoring the idiomatic meaning, and think the sentence is making a direct, causal claim about the night's length controlling the day's arrival, or that measuring the night predicts sunrise, or that the night is a container that releases the day when full.</reasoning>
[""The amount of time the night lasts determines how quickly the day w",1.0,1.0,1.58,0.88,96.4
a,cot_en,Arabic,MID0517,ضرب الحديد ما حدو سخون.,Strike while the iron is hot,Strike while the iron is hot,False,Striking iron makes it hot,Do not strike iron while it is hot,Strike iron only when it is cold,Strike while the iron is hot,D,Strike iron only when it is cold,Striking iron makes it hot,Do not strike iron while it is hot,"<reasoning>Readers might misinterpret the negation ""ما"" as applying to the condition of the iron's temperature, leading them to think the proverb advises striking iron when it is not hot, or they might confuse cause and effect, believing the action of striking changes the temperature rather than taking advantage of it. Others might read the phrase as a prohibition against striking hot iron, invert",1.0,1.0,1.11,0.71,91.3
a,cot_en,Arabic,MID0518,طاح الفاس بالرأس.,The die is cast.,The die is cast.,False,The dice were thrown at the head.,The axe fell on the head.,The rotten fruit fell on the head.,The die is cast.,D,The axe fell on the head.,The rotten fruit fell on the head.,The dice were thrown at the head.,"<reasoning>Readers unfamiliar with the idiomatic meaning might take the words literally, misinterpreting ""الفاس"" as either ""الفأس"" (axe) or ""الفساد"" (rot/spoilage), and ""رأس"" as a literal head. This yields plausible but incorrect literal readings such as an axe striking someone's head, spoiled food falling onto a head, or dice being thrown at a head instead of the idiomatic sense of a decision bei",1.0,1.0,1.67,0.67,90.1
a,cot_en,Arabic,MID0519,عند رخصو تخلي نصو.,You get what you pay for.,You get what you pay for.,False,Cheap items ought to be split in half and discarded,"If a price is low, you must abandon the item halfway through its use","When something is cheap, you should only take half of it",You get what you pay for.,D,"When something is cheap, you should only take half of it","If a price is low, you must abandon the item halfway through its use",Cheap items ought to be split in half and discarded,"<reasoning>Readers might take the Arabic words at face value: “عند” (when), “رخسو” (cheap/low price), “تخلي” (leave/abandon), and “نصو” (half). Interpreting the phrase literally could lead them to think it gives advice about what to do with inexpensive items—specifically, that one should only take or keep half of something when it is cheap, or that cheap things should be left halfway through use o",1.0,1.0,1.94,0.95,98.5
a,cot_en,Arabic,MID0520,غبر يا ثور على قرنك.,Cutting off one's nose to spite one's face.,Cutting off one's nose to spite one's face.,False,Cutting off one's nose to spite one's face.,Order the bull to go away while standing on its horn.,Tell the bull to dust its horn.,Advise the bull to sweep dust off its horn.,A,Tell the bull to dust its horn.,Order the bull to go away while standing on its horn.,Advise the bull to sweep dust off its horn.,"<reasoning>Readers unfamiliar with the idiomatic meaning might take each word at face value: ""غبر"" as an imperative to remove dust or to go away, ""يا ثور"" as addressing a bull, and ""على قرنك"" as referring to the bull's horn. This leads to literal readings about instructing a bull to perform actions involving its horn and dust, rather than understanding the metaphorical sense of self‑destructive sp",1.0,1.0,1.12,0.56,86.8
a,cot_en,Arabic,MID0521,غشيم ومتعافي.,A bull in a china shop.,A bull in a china shop.,False,A bull in a china shop.,A stupid and recovered person,A foolish and healed individual,An ignorant and healthy being,A,A foolish and healed individual,A stupid and recovered person,An ignorant and healthy being,"[""A foolish and healed individual"",""A stupid and recovered person"",""An ignorant and healthy being""]",1.0,1.0,0.83,0.84,95.2
a,cot_en,Arabic,MID0522,فود عوجان.,He who goes out in search of wool often comes home shorn.,He who goes out in search of wool often comes home shorn.,False,He who goes out in search of wool often comes home shorn.,Someone literally goes out to find wool and returns with a shorn sheep,A person who searches for wool ends up being physically sheared like a sheep,Someone who ventures out to gather wool comes back having lost his own hair,A,Someone literally goes out to find wool and returns with a shorn sheep,A person who searches for wool ends up being physically sheared like a sheep,Someone who ventures out to gather wool comes back having lost his own hair,"<reasoning>A reader might take the proverb’s mention of wool and being shorn at face value, imagining a literal scenario involving sheep, shearing, or personal hair loss, rather than recognizing the metaphorical warning about futile pursuits.</reasoning>
[""Someone literally goes out to find wool and returns with a shorn sheep"",""A person who searches for wool ends up being physically sheared like a",1.0,1.0,1.14,0.87,96.1
a,cot_en,Arabic,MID0523,قرصه في ناره وعينه على جاره.,The grass is always greener on the other side,The grass is always greener on the other side,False,He placed a disc in his own fire and stared at his neighbor.,He put a piece of bread in his oven while watching his neighbor's house.,The grass is always greener on the other side,He kept a coin in his personal stove and kept his eye on his neighbor's garden.,C,He placed a disc in his own fire and stared at his neighbor.,He put a piece of bread in his oven while watching his neighbor's house.,He kept a coin in his personal stove and kept his eye on his neighbor's garden.,"<reasoning>A reader might take each word of the Arabic phrase at face value, interpreting ""قرصه"" as a literal disc or piece of something, ""ناره"" as a literal fire, and ""عينة على جاره"" as literally watching the neighbor, leading to concrete but incorrect images of cooking or guarding objects while staring at the neighbor's property.</reasoning>
[""He placed a disc in his own fire and stared at his n",1.0,1.0,1.59,0.77,93.1
a,cot_en,Arabic,MID0524,قطرة قطرة تيحمل الواد.,A journey of a thousand miles begins with a single step.,A journey of a thousand miles begins with a single step.,False,A journey of a thousand miles begins with a single step.,The valley carries drop drop,Two drops carry the valley,Drop drop carries the valley,A,Drop drop carries the valley,The valley carries drop drop,Two drops carry the valley,"<reasoning>Taking the Arabic words at face value without considering the idiomatic meaning, a reader might interpret each term literally: ""قطرة"" as ""drop"", the repetition as emphasizing quantity or sequence, ""تيحمل"" as ""carries"" or ""is carrying"", and ""الواد"" as ""the valley"" or ""the riverbed"". This could lead to literal readings such as the drops themselves carrying the valley, the valley carrying ",1.0,1.0,0.45,0.48,84.4
a,cot_en,Arabic,MID0525,قلبت جلايلها فوق راسها.,She dug her own grave.,She dug her own grave.,False,She turned her oversized dress or garment so it lay over her head.,She flipped a large basket or container above her head.,She swung her breasts (her “big things”) up over her head.,She dug her own grave.,D,She flipped a large basket or container above her head.,She turned her oversized dress or garment so it lay over her head.,She swung her breasts (her “big things”) up over her head.,"<reasoning>The Arabic phrase قلبت جلايلها فوق راسها can be parsed literally as “she turned her big/things over her head.” A reader unfamiliar with the idiomatic meaning might imagine a physical action involving large objects, clothing, or body parts being flipped above the head, leading to several plausible but incorrect literal readings.</reason>
[""She flipped a large basket or container above he",1.0,1.0,2.27,0.79,93.7
a,cot_en,Arabic,MID0526,قليل مداوم ولاكثير ومقطوع.,Consistency is the key to success.,Consistency is the key to success.,False,"Few persistent things, not many, and broken off","Little ongoing, not much, and cut off",Consistency is the key to success.,"A small amount that is continuous, not a large amount that is severed",C,"A small amount that is continuous, not a large amount that is severed","Few persistent things, not many, and broken off","Little ongoing, not much, and cut off","<reasoning>
A reader unfamiliar with the idiomatic sense might take each word at its most basic lexical meaning, ignoring the grammatical connections and the proverb's intended contrast between steady small effort and sporadic large effort. This could lead to readings that treat the phrase as a description of objects or states (e.g., a small continuous thing, not a large thing that is cut), or as ",1.0,1.0,1.56,0.87,96.1
a,cot_en,Arabic,MID0527,كلٍ يرى الناس بعين طبعه.,You see the world as you are.,You see the world as you are.,False,"Everyone looks at others using an eye that belongs to their character, implying that the eye itself is a manifestation of one's personality.","People's vision is literally filtered by their innate characteristics, meaning they can only see what matches their own inherent traits.","Each person has a literal eye made of their nature, so they see the world through a physical eye shaped by their temperament.",You see the world as you are.,D,"Each person has a literal eye made of their nature, so they see the world through a physical eye shaped by their temperament.","People's vision is literally filtered by their innate characteristics, meaning they can only see what matches their own inherent traits.","Everyone looks at others using an eye that belongs to their character, implying that the eye itself is a manifestation of one's personality.","<reasoning>A reader might take the phrase ""عين طبعه"" literally as referring to a physical eye that belongs to someone's nature, imagining that each person possesses a special eye shaped by their temperament, or that vision is literally filtered by one's inherent traits, leading to interpretations about eye color, physical lenses, or innate visual abilities rather than the figurative idea that perc",1.0,1.0,3.14,0.9,97.0
a,cot_en,Arabic,MID0528,لا تشري حتى تقلب ولا تصاحب حتى تجرب., Look before you leap., Look before you leap.,False,"Avoid buying anything unless you first turn it upside down, and avoid forming friendships unless you first experiment with the person.", Look before you leap.,"Never purchase anything before you flip it, and never make a friend before you have tried them.","Do not buy an item until you have physically turned it over, and do not befriend someone until you have tested them out.",B,"Do not buy an item until you have physically turned it over, and do not befriend someone until you have tested them out.","Never purchase anything before you flip it, and never make a friend before you have tried them.","Avoid buying anything unless you first turn it upside down, and avoid forming friendships unless you first experiment with the person.","<reasoning>
A reader unfamiliar with the idiomatic sense might treat each verb literally: ""تشري"" as a commercial transaction (buy/sell), ""حتى تقلب"" as a physical action of turning or flipping an object, ""حتى تصاحب"" as merely accompanying someone, and ""حتى تجرب"" as testing or trying something in a literal, hands‑on way. This leads to interpretations that focus on concrete actions like flipping good",1.0,1.0,5.08,0.9,97.0
a,cot_en,Arabic,MID0529,لا ينقل أخبارك إلا من داخل دارك., Beware of Greeks bearing gifts., Beware of Greeks bearing gifts.,False, Beware of Greeks bearing gifts.,Only people who are inside your house are allowed to deliver your mail.,You can only hear news if you are inside your own home.,Your belongings can only be moved when you are inside your house.,A,Your belongings can only be moved when you are inside your house.,You can only hear news if you are inside your own home.,Only people who are inside your house are allowed to deliver your mail.,"[""Your belongings can only be moved when you are inside your house."", ""You can only hear news if you are inside your own home."", ""Only people who are inside your house are allowed to deliver your mail.""]",1.0,1.0,2.47,0.73,91.9
a,cot_en,Arabic,MID0530,لاشفت خطاها كبار فعرف انها رباضة.,All talk and no action.,All talk and no action.,False,"He failed to observe the big steps taken by the elders, thus he learned that she was in a state of being prostrate.",All talk and no action.,"He did not see the major strides made by the seniors, and therefore understood that she was crouched on the ground.","He didn't notice the large footprints of the adults, so he concluded she was lying down.",B,"He didn't notice the large footprints of the adults, so he concluded she was lying down.","He failed to observe the big steps taken by the elders, thus he learned that she was in a state of being prostrate.","He did not see the major strides made by the seniors, and therefore understood that she was crouched on the ground.","<reasoning>The proverb's literal words can be misread as describing a visual observation about footsteps and posture, ignoring its idiomatic meaning about talk versus action. A reader might take each word at face value: ""لاشفت"" (did not see), ""خطاها"" (her steps/footprints), ""كبار"" (big/elders), ""فعرف"" (then he knew), ""انها"" (that she), ""رباضة"" (lying down/prostrate). This leads to interpretations ",1.0,1.0,4.0,0.84,95.2
a,cot_en,Arabic,MID0531,لبس قدك ايواتيك.,Stay in your lane.,Stay in your lane.,False,Stay in your lane.,"Put on your stature, it will arrive at you","Dress your size, it will give you","Wear your confusion, it will come to you",A,"Wear your confusion, it will come to you","Put on your stature, it will arrive at you","Dress your size, it will give you","<reasoning>A reader unfamiliar with the idiomatic meaning might take each word at face value: “لبس” as the act of wearing or causing confusion, “قدك” as one’s measure or stature, and “ايواتيك” as something that will come or be given to the listener. This could lead to literal‑sounding interpretations that confuse the metaphorical advice with concrete actions like wearing confusion, putting on one’",1.0,1.0,2.0,0.67,90.1
a,cot_en,Arabic,MID0532,لكرش غرارة ورباطها عقل.,"Use your head, not your heart.","Use your head, not your heart.",False,The gut's illusion is bound by wisdom,"Use your head, not your heart.",The stomach's deceit is tied by intellect,The belly's trickery is fastened with a rope of reason,B,The stomach's deceit is tied by intellect,The belly's trickery is fastened with a rope of reason,The gut's illusion is bound by wisdom,"<reasoning>Readers unfamiliar with the idiomatic use might treat each word literally: ""كرش"" as belly/stomach, ""غرارة"" as deception or trick, ""رباطها"" as its tie or bond, and ""عقل"" as mind or intellect. This leads them to imagine a concrete scenario where the stomach's deceit is somehow physically tied or bound by the mind, producing literal‑sounding but incorrect readings.</reasoning>
[""The stomac",1.0,1.0,1.33,0.82,94.6
a,cot_en,Arabic,MID0533,للي غلب يعف.,Strength lies in forgiveness.,Strength lies in forgiveness.,False,"When you are defeated, you must forgive.",To overcome means to pardon.,Strength lies in forgiveness.,"For the one who wins, forgiveness follows.",C,"For the one who wins, forgiveness follows.","When you are defeated, you must forgive.",To overcome means to pardon.,"<reasoning>A reader might take the words literally without idiomatic meaning: ""لي"" could be read as ""for me"" or ""for the one who"", ""غلب"" as ""victory"" or ""defeat"", and ""عف"" as ""to forgive"" or ""to pardon"". Combining these yields interpretations that focus on who forgives whom after a win or loss, missing the idiomatic sense that strength resides in forgiveness.</reasoning>
[""For the one who wins, fo",1.0,1.0,1.58,1.0,100.0
a,cot_en,Arabic,MID0534,للي فاتك بليلة فاتك بحيلة.,Listen to your elders' advice.,Listen to your elders' advice.,False,Losing something at night means you will lose it again because of a sly plan.,"If you miss something during the night, you will also miss a clever trick or scheme.","Nighttime losses are caused by deceptive tactics, so you should avoid being out after dark.",Listen to your elders' advice.,D,"If you miss something during the night, you will also miss a clever trick or scheme.",Losing something at night means you will lose it again because of a sly plan.,"Nighttime losses are caused by deceptive tactics, so you should avoid being out after dark.","<reasoning>
A reader unfamiliar with the idiomatic meaning might take the words at face value, interpreting the proverb as a statement about nocturnal events and trickery. They could think it warns that missing something at night leads to being tricked, or that nighttime losses are due to clever schemes, or that the phrase describes a cause‑effect relationship between night‑time mishaps and decept",1.0,1.0,3.07,0.92,97.6
a,cot_en,Arabic,MID0535,"لمعايرة فلوجه صابون, وفظهر طاعون.","A candle for God, a stump for the devil.","A candle for God, a stump for the devil.",False,Washing one's face with soap while deliberately exposing one's back to plague as a prescribed act.,"A candle for God, a stump for the devil.",Calibrating a facial soap applicator and simultaneously testing one's back for plague infection.,Using soap to measure the length of one's face and then using plague to measure the length of one's back.,B,Using soap to measure the length of one's face and then using plague to measure the length of one's back.,Washing one's face with soap while deliberately exposing one's back to plague as a prescribed act.,Calibrating a facial soap applicator and simultaneously testing one's back for plague infection.,"<reasoning>A reader unfamiliar with the idiomatic meaning might take each word at face value, assuming the proverb gives concrete instructions about using soap and plague on body parts. They could think it advises measuring or cleaning the face with soap while dealing with the back in relation to plague, or that it describes a literal ritual involving soap and disease.</reason>
[""Using soap to mea",1.0,1.0,1.81,0.79,93.7
a,cot_en,Arabic,MID0536,ما عنده إلا الخرطي.,He is a phony.,He is a phony.,False,He only has a pen,He only has a cart,He is a phony.,He only has a rope,C,He only has a cart,He only has a pen,He only has a rope,"[""He only has a cart"",""He only has a pen"",""He only has a rope""]",1.0,1.0,1.25,0.33,79.9
a,cot_en,Arabic,MID0537,ما كل مرة تسلم الجرة.,You cannot tempt providence and always triumph. / Don't push your luck.,You cannot tempt providence and always triumph. / Don't push your luck.,False,You cannot tempt providence and always triumph. / Don't push your luck.,You must always keep the jar safe.,Not every time the jar is saved.,Every time the jar is saved.,A,Not every time the jar is saved.,Every time the jar is saved.,You must always keep the jar safe.,"<reasoning>A reader might misplace the negation, thinking it applies to the whole sentence rather than just ""كل مرة"", or interpret ""تسلم"" as a command to keep the jar safe rather than describing its outcome. They could also read ""الجرّة"" as a metaphor for any object and take the phrase literally about jars.</reasoning>
[""Not every time the jar is saved."", ""Every time the jar is saved."", ""You must ",1.0,1.0,0.56,0.6,88.0
a,cot_en,Arabic,MID0538,ما يسوى قشر بصلة.,A real dog.,A real dog.,False,It is not worth the core of an onion.,It is not worth a real dog.,A real dog.,It equals the peel of an onion.,C,It is not worth a real dog.,It equals the peel of an onion.,It is not worth the core of an onion.,"[""It is not worth a real dog."", ""It equals the peel of an onion."", ""It is not worth the core of an onion.""]",1.0,1.0,2.56,0.71,91.3
a,cot_en,Arabic,MID0539,مع من شفتك شبهتك.,Show me your friends and I'll tell you who you are.,Show me your friends and I'll tell you who you are.,False,"By observing who a person is with, you can tell what they really look like.",Your appearance is shaped by whoever you are seen with.,"If you stand beside someone, you will start to look like them.",Show me your friends and I'll tell you who you are.,D,"If you stand beside someone, you will start to look like them.",Your appearance is shaped by whoever you are seen with.,"By observing who a person is with, you can tell what they really look like.","[""If you stand beside someone, you will start to look like them."", ""Your appearance is shaped by whoever you are seen with."", ""By observing who a person is with, you can tell what they really look like.""]",1.0,1.0,1.12,0.91,97.3
a,cot_en,Arabic,MID0540,نفسه في رأس خشمه.,He flies off the handle,He flies off the handle,False,He places a small figurine representing himself on the end of his nose,He thinks the tip of his nose is where his personal identity resides,"He repeatedly lifts his nose upward, as if trying to elevate his self to the highest point of his face",He flies off the handle,D,He thinks the tip of his nose is where his personal identity resides,He places a small figurine representing himself on the end of his nose,"He repeatedly lifts his nose upward, as if trying to elevate his self to the highest point of his face","<reasoning>A reader who interprets the phrase word‑for‑word might picture a physical connection between a person's “self” (nafs) and the tip of his nose (ra’s khashm), imagining scenarios where the self is literally located on, attached to, or being moved by the nose rather than understanding the idiomatic sense of quick temper.</reasoning>[""He thinks the tip of his nose is where his personal iden",1.0,1.0,3.07,0.78,93.4
a,cot_en,Arabic,MID0541, أكيل شارب في زعمة الله ,Makes a fuss over nothing.,Makes a fuss over nothing.,False,A person who eats and drinks within God's realm,Makes a fuss over nothing.,Someone who consumes food and drink while in God's dominion,An eater and drinker under God's authority,B,An eater and drinker under God's authority,Someone who consumes food and drink while in God's dominion,A person who eats and drinks within God's realm,"<reasoning>
The phrase consists of three parts: ""أكيل"" (eater/consumer), ""شارب"" (drinker), and ""في زعمة الله"" (in God's authority/dominion). A reader might take each word at face value without idiomatic understanding, leading to literal but incorrect readings such as describing a person who eats and drinks under God's rule, or interpreting it as a statement about consumption within divine jurisdic",1.0,1.0,1.73,0.85,95.5
a,cot_en,Arabic,MID0542, إذا كدر الطباخين فَسَّدَ الحم ,Too many cooks spoil the broth.,Too many cooks spoil the broth.,False,Too many cooks spoil the broth.,"If the cooks create a disturbance, they ruin the meat.","When the cooks are upset, they cause the meat to go bad.","If the cooks make the water muddy, they will spoil the meat.",A,"If the cooks make the water muddy, they will spoil the meat.","When the cooks are upset, they cause the meat to go bad.","If the cooks create a disturbance, they ruin the meat.","[""If the cooks make the water muddy, they will spoil the meat."", ""When the cooks are upset, they cause the meat to go bad."", ""If the cooks create a disturbance, they ruin the meat.""]",1.0,1.0,1.89,0.77,93.1
a,cot_en,Arabic,MID0543,أَحْس المَطارِح البَيْتْ ,Out of the frying pan and into the fire.,Out of the frying pan and into the fire.,False,A person literally jumped out of a frying pan and into a fire,Out of the frying pan and into the fire.,Someone escaped a hot skillet only to land in a burning stove,A chef moved food from a frying pan directly onto an open flame,B,A person literally jumped out of a frying pan and into a fire,Someone escaped a hot skillet only to land in a burning stove,A chef moved food from a frying pan directly onto an open flame,"[""A person literally jumped out of a frying pan and into a fire"", ""Someone escaped a hot skillet only to land in a burning stove"", ""A chef moved food from a frying pan directly onto an open flame""]",1.0,1.0,1.41,0.92,97.6
a,cot_en,Arabic,MID0544,أنا واخي على ابن عمي، وأنا وابن عمي على الغريب.,Blood is thicker than water.,Blood is thicker than water.,False,"I and my brother are responsible for my cousin's actions, and I and my cousin are responsible for a stranger's actions.","I and my brother owe money to my cousin, and I and my cousin owe money to a stranger.","I and my brother are physically standing on my cousin, and I and my cousin are physically standing on a stranger.",Blood is thicker than water.,D,"I and my brother are physically standing on my cousin, and I and my cousin are physically standing on a stranger.","I and my brother owe money to my cousin, and I and my cousin owe money to a stranger.","I and my brother are responsible for my cousin's actions, and I and my cousin are responsible for a stranger's actions.","The proverb uses the Arabic preposition ""على"" which can be read literally as ""on top of"" or ""against,"" leading a reader to imagine physical stacking, financial obligation, or guardianship rather than the intended metaphor of familial loyalty versus outsiders.

[""I and my brother are physically standing on my cousin, and I and my cousin are physically standing on a stranger."", ""I and my brother owe",1.0,1.0,4.07,0.58,87.4
a,cot_en,Arabic,MID0545,الحلاقين يتعلمون برؤوس الايتام.,A burnt child dreads the fire.,A burnt child dreads the fire.,False,Barbers study the thoughts of orphans by examining their heads.,Barbers improve their skills by listening to the whispers from orphan heads.,A burnt child dreads the fire.,Barbers learn by watching the heads of orphans as they sit still.,C,Barbers learn by watching the heads of orphans as they sit still.,Barbers study the thoughts of orphans by examining their heads.,Barbers improve their skills by listening to the whispers from orphan heads.,"[""Barbers learn by watching the heads of orphans as they sit still."", ""Barbers study the thoughts of orphans by examining their heads."", ""Barbers improve their skills by listening to the whispers from orphan heads.""]",1.0,1.0,1.89,0.76,92.8
a,cot_en,Arabic,MID0546,الصابر ظافر والمستعجل عاثر.,Haste makes waste.,Haste makes waste.,False,"The one who carries a rock wins, and the one who rushes gets hurt.","The patient person has a trunk (like an elephant), while the hasty person walks with a limp.","The enduring individual receives a trophy, and the hurried individual trips over a stone.",Haste makes waste.,D,"The one who carries a rock wins, and the one who rushes gets hurt.","The patient person has a trunk (like an elephant), while the hasty person walks with a limp.","The enduring individual receives a trophy, and the hurried individual trips over a stone.","[""The one who carries a rock wins, and the one who rushes gets hurt."", ""The patient person has a trunk (like an elephant), while the hasty person walks with a limp."", ""The enduring individual receives a trophy, and the hurried individual trips over a stone.""]",1.0,1.0,5.0,0.89,96.7
a,cot_en,Arabic,MID0547,العال في ثمنه,You get what you pay for.,You get what you pay for.,False,The exalted person is within its price.,Knowledge is contained in its price.,The flag is included in its price.,You get what you pay for.,D,Knowledge is contained in its price.,The flag is included in its price.,The exalted person is within its price.,"[""Knowledge is contained in its price."", ""The flag is included in its price."", ""The exalted person is within its price.""]",1.0,1.0,1.11,0.62,88.6
a,cot_en,Arabic,MID0548,العرق دساس,The apple does not fall far from the tree.,The apple does not fall far from the tree.,False,The apple does not fall far from the tree.,Race is a spy,Sweat is a spy,Vein is a spy,A,Sweat is a spy,Race is a spy,Vein is a spy,"<reasoning>
A literal reader might ignore the idiomatic meaning and translate each word directly. “العرق” can be read as “sweat,” “race” (ethnicity), or “vein” (blood vessel), while “دساس” means “spy” or “secret agent.” Combining these yields several plausible but incorrect literal readings such as sweat being a spy, race being a spy, or a vein being a spy.
</reasoning>
[""Sweat is a spy"",""Race is ",1.0,0.0,0.44,0.4,52.0
a,cot_en,Arabic,MID0549,بتقول للقمر غيبي وأنا مكانش.,A rose among thorns.,A rose among thorns.,False,A rose among thorns.,You are telling the moon that you are absent and confirming you are not present.,"You are informing the moon that your absence is known, and you insist you are not present.",You are asking the moon to hide you (make you absent) while stating you are not there.,A,You are telling the moon that you are absent and confirming you are not present.,You are asking the moon to hide you (make you absent) while stating you are not there.,"You are informing the moon that your absence is known, and you insist you are not present.","<reasoning>The Arabic sentence can be broken down literally as: “بتقول” (you say), “لل قمر” (to the moon), “غيبي” (my absence or my hidden state), “وأنا مكانش” (and I am not [there]). A reader unfamiliar with the idiomatic meaning might take each word at face value and imagine a scenario where someone is directly communicating with the moon about their own absence, leading to several plausible but",1.0,1.0,4.08,0.68,90.4
a,cot_en,Arabic,MID0550,بيت النجار بلا باب,The shoemaker's wife is ill shod ,The shoemaker's wife is ill shod ,False,The shoemaker's wife is ill shod ,The carpenter's house literally lacks a door,The carpenter's wife is actually a door,The carpenter builds houses that have no doors,A,The carpenter's house literally lacks a door,The carpenter's wife is actually a door,The carpenter builds houses that have no doors,"<reasoning>A reader might take each word of the Arabic phrase at face value and assume the statement is describing a literal situation rather than a metaphor. They could think the carpenter's actual house is missing a door, that the carpenter's wife is being equated to a door, or that the carpenter's work involves constructing doorless buildings.</reasoning>
[""The carpenter's house literally lacks",1.0,1.0,1.22,0.82,94.6
a,cot_en,Arabic,MID0551,تزين بالخلاخل، والبلا من داخل.,Beauty is only skin deep.,Beauty is only skin deep.,False,Wearing ankle bracelets causes internal illness or distress.,A person who looks beautiful because of ankle bracelets actually has inner turmoil that is the real source of problems.,Beauty is only skin deep.,The beauty of ankle bracelets hides a sickness that comes from inside the body.,C,Wearing ankle bracelets causes internal illness or distress.,The beauty of ankle bracelets hides a sickness that comes from inside the body.,A person who looks beautiful because of ankle bracelets actually has inner turmoil that is the real source of problems.,"<reasoning>A reader might take the Arabic phrasing at face value and think the proverb is talking about literal ankle bracelets (خلاخل) and some internal affliction (البلا من داخل). They could misinterpret it as a warning about wearing jewelry causing inner trouble, or as a statement that outward adornment hides an internal problem, or that the source of trouble is inside the person despite their ",1.0,1.0,2.8,0.86,95.8
a,cot_en,Arabic,MID0552,جمل يعصر وجمل ياكل العصارة:,Climbing the ladder of success by stepping on others.,Climbing the ladder of success by stepping on others.,False,Climbing the ladder of success by stepping on others.,One camel is squeezing oranges to make juice while another camel drinks the fresh orange juice.,"A camel compresses sugarcane to extract syrup, and a second camel licks the sweet syrup off the ground.","A camel presses grapes to produce wine, and another camel laps up the spilled wine.",A,One camel is squeezing oranges to make juice while another camel drinks the fresh orange juice.,"A camel presses grapes to produce wine, and another camel laps up the spilled wine.","A camel compresses sugarcane to extract syrup, and a second camel licks the sweet syrup off the ground.","<reasoning>A reader unfamiliar with the figurative meaning might interpret the proverb as a literal description of two camels performing physical actions—one squeezing something to produce liquid and the other consuming that liquid—missing the metaphorical message about exploiting others to achieve success.</reasoning>
[""One camel is squeezing oranges to make juice while another camel drinks the f",1.0,1.0,1.81,0.84,95.2
a,cot_en,Arabic,MID0553,خزق وربك يرزق,Spend and god will send.,Spend and god will send.,False,Spend and your Lord will be satisfied,Spend and god will send.,Pierce and your Lord will provide,Be stingy and your Lord will provide,B,Pierce and your Lord will provide,Be stingy and your Lord will provide,Spend and your Lord will be satisfied,"<reasoning>The Arabic verb خزق (khazaq) primarily means “to spend” in the proverb, but a reader unfamiliar with the idiomatic use might look up its root meanings and find “to pierce, to stab, to sting” or, depending on vocalization, a sense of “to be miserly.” Likewise, the verb يرزق (yarzuq) is understood as “will provide/sustain,” but a literal‑minded reader could confuse it with similar‑soundin",1.0,1.0,1.33,0.46,83.8
a,cot_en,Arabic,MID0554,ذا جيت بلاد العوران صيرن عين ,"When in Rome, do as the Romans do.","When in Rome, do as the Romans do.",False,"If you go to the land of the blind, you will gain sight and become an eye.","Entering the land of the blind causes your eye to transform, making you the sole observer there.",Traveling to the country of the blind will turn you literally into an eyeball.,"When in Rome, do as the Romans do.",D,"If you go to the land of the blind, you will gain sight and become an eye.",Traveling to the country of the blind will turn you literally into an eyeball.,"Entering the land of the blind causes your eye to transform, making you the sole observer there.","<reasoning>
A reader unfamiliar with the idiomatic meaning might take each word at face value: ""ذا جيت"" as ""if you come"", ""بلاد العوران"" as ""the land of the blind (or the blind people's country)"", and ""صيرن عين"" as ""you become an eye"" or ""your eye turns"". From this they could infer literal scenarios such as gaining sight in a blind land, turning into an eyeball, or becoming an observer simply by e",1.0,1.0,2.0,0.77,93.1
a,cot_en,Arabic,MID0555,سارق ومبيبهرر,Bold as brass.,Bold as brass.,False,A thief and it sparkles,A thief and it shines,A thief and it glitters,Bold as brass.,D,A thief and it shines,A thief and it glitters,A thief and it sparkles,"[""A thief and it shines"", ""A thief and it glitters"", ""A thief and it sparkles""]",1.0,1.0,1.67,0.33,79.9
a,cot_en,Arabic,MID0556,صاحب الحاجة معنى بالطلب,"If you don't ask, you don't get.","If you don't ask, you don't get.",False,"If you don't ask, you don't get.",The person who possesses a need is literally the request itself.,"Owning a need means you are actively making a request, as if the need is a tangible object you carry.",Having a need means you are constantly making a verbal request.,A,The person who possesses a need is literally the request itself.,Having a need means you are constantly making a verbal request.,"Owning a need means you are actively making a request, as if the need is a tangible object you carry.","<reasoning>Readers unfamiliar with the idiomatic sense might translate each word literally, ignoring that the phrase is a fixed proverb. They could see “صاحب” as “owner,” “الحاجة” as “the need,” “معنى” as “meaning,” and “بالطلب” as “by the request,” leading them to think the sentence describes a relationship between ownership, need, meaning, and request in a concrete, rather than figurative, way.<",1.0,1.0,2.0,0.8,94.0
a,cot_en,Arabic,MID0557,عز القبيلي بلاده ولو تجرع وباها,East or west home is the best.,East or west home is the best.,False,The pride of the countrymen persists despite tasting the disease of their own land.,"Even if you sip the bitterness of the homeland, its prestige endures.",East or west home is the best.,The tribe's honor remains even if one drinks its poison.,C,The tribe's honor remains even if one drinks its poison.,"Even if you sip the bitterness of the homeland, its prestige endures.",The pride of the countrymen persists despite tasting the disease of their own land.,"[""The tribe's honor remains even if one drinks its poison."", ""Even if you sip the bitterness of the homeland, its prestige endures."", ""The pride of the countrymen persists despite tasting the disease of their own land.""]",1.0,1.0,1.71,0.87,96.1
a,cot_en,Arabic,MID0558,عيش رجب ترى عجب / أطلب عمر تنظر عجب,"Who lives, sees much.","Who lives, sees much.",False,Eat bread in Rajab and you will witness awe; request a long life and you will gaze at awe,If you live during the month of Rajab you will see a wonder called 'Ajab',"Who lives, sees much.",Seek the person named Umar and you will look at wonder,C,If you live during the month of Rajab you will see a wonder called 'Ajab',Seek the person named Umar and you will look at wonder,Eat bread in Rajab and you will witness awe; request a long life and you will gaze at awe,"<reasoning>When taking the Arabic proverb word‑for‑word without considering its idiomatic meaning, a reader might mistake the nouns for concrete entities (like a month name or a person's name) and the verbs for literal actions such as eating bread or seeking a person, leading to interpretations that are linguistically possible but miss the figurative sense of ""who lives, sees much.""</reasoning>[""I",1.0,1.0,3.75,0.83,94.9
a,cot_en,Arabic,MID0559,فرس بني مخاشي يعرف طريق حوره,The locals know best.,The locals know best.,False,The horse of the Bani Mukhashi tribe knows the way to its watering hole.,The locals know best.,The sons of the builders know the path to their grazing area.,The brown horse named Mukhashi knows the route to its stable.,B,The brown horse named Mukhashi knows the route to its stable.,The sons of the builders know the path to their grazing area.,The horse of the Bani Mukhashi tribe knows the way to its watering hole.,"<reasoning>A reader might take each word at face value, ignoring idiomatic usage, and assume the proverb describes a literal horse, tribe, or path. They could confuse similar‑sounding roots (e.g., interpreting ""بني"" as ""built"" instead of ""sons of,"" or ""مخاشي"" as a proper name rather than a descriptor of grazers), leading to plausible but incorrect literal readings.</reasoning>
[""The brown horse na",1.0,1.0,3.08,0.79,93.7
a,cot_en,Arabic,MID0560,قارب الخوف تأمن, Face your fears., Face your fears.,False,"If you fear a boat, you will be safe", Face your fears.,A boat made of fear will keep you safe,Being on a boat ensures that fear is safe,B,A boat made of fear will keep you safe,"If you fear a boat, you will be safe",Being on a boat ensures that fear is safe,"<reasoning>The Arabic phrase ""قارب الخوف تأمن"" can be read word‑for‑word as ""boat fear you will be safe."" A reader unfamiliar with the idiomatic meaning might assume each word retains its basic sense, leading to literal‑sounding but incorrect interpretations such as the boat itself being made of fear, or fear causing safety when associated with a boat, or that fearing a boat guarantees safety.</re",1.0,1.0,3.0,0.69,90.7
a,cot_en,Arabic,MID0561,قربعة في تنك,His mouth is writing checks his body can't cash.,His mouth is writing checks his body can't cash.,False,A square inside a tank,His mouth is writing checks his body can't cash.,A quadrilateral stuck in a throat,A cube placed in a container,B,A square inside a tank,A quadrilateral stuck in a throat,A cube placed in a container,"[""A square inside a tank"", ""A quadrilateral stuck in a throat"", ""A cube placed in a container""]",1.0,1.0,0.63,0.83,94.9
a,cot_en,Arabic,MID0562,ما حد يعطي المغروم نضف,Don’t give a fool a tool.,Don’t give a fool a tool.,False,Don’t give a fool a half.,Don’t give a tool to a half.,Don’t give a half to an enchanted person.,Don’t give a fool a tool.,D,Don’t give a fool a half.,Don’t give a tool to a half.,Don’t give a half to an enchanted person.,"<reasoning>A reader might misinterpret the Arabic words literally: taking ""المغروم"" as ""fool"" or ""tool"" and ""نضف"" as ""half"" or ""tool"", leading to literal readings that swap or misassign these meanings, such as thinking the proverb warns against giving a fool only half of something, giving a tool to a half, or giving half to an enchanted person.</reasoning>
[""Don’t give a fool a half."", ""Don’t give",1.0,1.0,1.17,0.58,87.4
a,cot_en,Arabic,MID0563,ما يخمج الماء إلاّ خس البقر.,Don't burn your bridges behind you.,Don't burn your bridges behind you.,False,Only cow's lettuce can make water boil,Cow's lettuce is the only thing that can heat water,Don't burn your bridges behind you.,Water will not boil unless cow's lettuce is present,C,Only cow's lettuce can make water boil,Water will not boil unless cow's lettuce is present,Cow's lettuce is the only thing that can heat water,"[""Only cow's lettuce can make water boil"",""Water will not boil unless cow's lettuce is present"",""Cow's lettuce is the only thing that can heat water""]",1.0,1.0,1.44,0.66,89.8
a,cot_en,Arabic,MID0564,من أكل بالثنتين اختنق,You can't have your cake and eat it too.,You can't have your cake and eat it too.,False,You can't have your cake and eat it too.,If you eat using two utensils at once you will choke,If you attempt to consume two foods simultaneously you will choke,If you try to eat with two hands you will choke,A,If you try to eat with two hands you will choke,If you attempt to consume two foods simultaneously you will choke,If you eat using two utensils at once you will choke,"[""If you try to eat with two hands you will choke"",""If you attempt to consume two foods simultaneously you will choke"",""If you eat using two utensils at once you will choke""]",1.0,1.0,1.22,0.6,88.0
a,cot_en,Arabic,MID0565,من تحزم بك صبح مخلوس,you are an empty suit.,you are an empty suit.,False,Someone who ties you with a morning thief,you are an empty suit.,One who wraps you in early light is ruined,A person who belts you at dawn is corrupt,B,Someone who ties you with a morning thief,A person who belts you at dawn is corrupt,One who wraps you in early light is ruined,"[""Someone who ties you with a morning thief"",""A person who belts you at dawn is corrupt"",""One who wraps you in early light is ruined""]",1.0,1.0,1.73,0.82,94.6
a,cot_en,Arabic,MID0566,من طلب الجن ركضوه,Speak of the devil and he will appear.,Speak of the devil and he will appear.,False,Whoever seeks the jinn will be chased by them.,Seeking the jinn causes them to pursue the seeker.,Speak of the devil and he will appear.,"If you look for jinn, they will run after you.",C,Whoever seeks the jinn will be chased by them.,"If you look for jinn, they will run after you.",Seeking the jinn causes them to pursue the seeker.,"<reasoning>
A reader unfamiliar with the idiomatic meaning might translate each word literally: ""من طلب"" = ""whoever seeks"", ""الجن"" = ""the jinn"" (or spirits), and ""ركضوه"" = ""they ran him"" or ""they chased him"". From this literal breakdown, one could incorrectly infer that the sentence describes a scenario where seeking supernatural beings results in them physically pursuing or chasing the seeker, ra",1.0,1.0,1.17,0.94,98.2
a,cot_en,Arabic,MID0567,من قارب الحداد يصبر على الشرار,"If you lie down with dogs, you’ll get up with fleas.","If you lie down with dogs, you’ll get up with fleas.",False,Being near a blacksmith means you will have to put up with the noise of hammering.,Approaching a blacksmith guarantees that you will get burned by the sparks.,"If you stand close to a blacksmith, you must endure the flying sparks.","If you lie down with dogs, you’ll get up with fleas.",D,"If you stand close to a blacksmith, you must endure the flying sparks.",Being near a blacksmith means you will have to put up with the noise of hammering.,Approaching a blacksmith guarantees that you will get burned by the sparks.,"[""If you stand close to a blacksmith, you must endure the flying sparks."", ""Being near a blacksmith means you will have to put up with the noise of hammering."", ""Approaching a blacksmith guarantees that you will get burned by the sparks.""]",1.0,1.0,1.24,0.81,94.3
a,cot_en,Arabic,MID0568,نصح ياثور وها هي على قرنك,The shortest distance between two points is a straight line.,The shortest distance between two points is a straight line.,False,Give advice to the bull; the advice is on its horn.,The bull's horn holds the advice.,"Advice, O bull, and it is on your horn.",The shortest distance between two points is a straight line.,D,"Advice, O bull, and it is on your horn.",Give advice to the bull; the advice is on its horn.,The bull's horn holds the advice.,"<reasoning>A reader unfamiliar with the idiomatic meaning might take each Arabic word at face value, interpreting ""نصح"" as ""advice,"" ""يا ثور"" as ""O bull,"" and ""وها هي على قرنك"" as ""and it is on your horn."" This leads to literal readings that imagine advice being directed at a bull and somehow located on its horn, rather than recognizing the phrase as a metaphor about directness.</reason>
[""Advice,",1.0,1.0,0.87,0.91,97.3
a,cot_en,Arabic,MID0569,نهاية المحنش للحنش:,Greed is the root of all evil.,Greed is the root of all evil.,False,The goal of the angry is the calm.,The purpose of the wealthy is the needy.,The end of the hungry is the satisfied.,Greed is the root of all evil.,D,The end of the hungry is the satisfied.,The goal of the angry is the calm.,The purpose of the wealthy is the needy.,"[""The end of the hungry is the satisfied."", ""The goal of the angry is the calm."", ""The purpose of the wealthy is the needy.""]",1.0,1.0,1.14,0.67,90.1
a,cot_en,Arabic,MID0570,يدي في فمه واصبعه في عيني.,Biting the hand that feeds him.,Biting the hand that feeds him.,False,A child is sucking their thumb (hand in mouth) while using the other hand's finger to poke someone's eye.,Biting the hand that feeds him.,A person is biting their own hand while poking their own eye with a finger.,Someone has inserted their hand into another person's mouth while that other person's finger is stuck in the first person's eye.,B,A person is biting their own hand while poking their own eye with a finger.,Someone has inserted their hand into another person's mouth while that other person's finger is stuck in the first person's eye.,A child is sucking their thumb (hand in mouth) while using the other hand's finger to poke someone's eye.,"<reasoning>Readers unfamiliar with the idiomatic meaning might interpret the phrase literally as describing a physical situation where a hand is inside a mouth and a finger is inside an eye, leading to various imagined scenarios such as self‑biting, mutual mouth‑finger insertion, or a child sucking a thumb while poking an eye.</reasoning>
[""A person is biting their own hand while poking their own ",1.0,1.0,3.06,0.81,94.3
a,cot_en,Arabic,MID0571, البيض اللى وقع على بيض فقشه.,The rotten apple injures its neighbour.,The rotten apple injures its neighbour.,False,The rotten apple injures its neighbour.,"When an egg falls onto another egg, it causes the second egg to hatch prematurely.","An egg that lands on another egg transfers its rottenness, turning the neighboring egg bad through direct contact.","If an egg drops on top of another egg, the impact makes the lower egg crack and spill its contents.",A,"When an egg falls onto another egg, it causes the second egg to hatch prematurely.","If an egg drops on top of another egg, the impact makes the lower egg crack and spill its contents.","An egg that lands on another egg transfers its rottenness, turning the neighboring egg bad through direct contact.","<reasoning>A reader might take the Arabic phrase literally, focusing on the physical actions of eggs rather than the metaphorical meaning about influence. They could imagine scenarios where one egg's fall causes another egg to hatch, break, or become spoiled in a direct, mechanical way, ignoring the proverb's intent about negative influence spreading.</reason>
[""When an egg falls onto another egg,",1.0,1.0,2.94,0.82,94.6
a,cot_en,Arabic,MID0572, اللى فات الفوت ما ينفع الصوت.,"Grasp all, lose all.","Grasp all, lose all.",False,"The one who missed the opportunity, his voice brings no benefit","Whoever missed the foot, the sound does not help","Grasp all, lose all.","He who let the fart go, shouting is useless",C,"Whoever missed the foot, the sound does not help","He who let the fart go, shouting is useless","The one who missed the opportunity, his voice brings no benefit","<reasoning>A reader unfamiliar with the idiomatic meaning might treat each word literally, confuse similar‑sounding terms, or misinterpret colloquial forms, leading to readings that sound plausible but are not the intended sense.</reasoning>[""Whoever missed the foot, the sound does not help"",""He who let the fart go, shouting is useless"",""The one who missed the opportunity, his voice brings no bene",1.0,1.0,2.42,0.9,97.0
a,cot_en,Arabic,MID0573,أبو اعليم,Spill the beans,Spill the beans,False,Dad of the learned,Owner of a bean,Spill the beans,Father of knowledge,C,Father of knowledge,Owner of a bean,Dad of the learned,"<reasoning>A reader unfamiliar with the idiom might treat each word literally: ""أبو"" (abu) means ""father"" or ""owner of"", and ""اعليم"" could be mistaken for a noun like ""knowledge"" (from علم) or even ""bean"" (if confused with similar-sounding words). This leads to literal guesses such as ""father of knowledge"", ""owner of a bean"", or ""dad of the learned"".</reasoning>
[""Father of knowledge"",""Owner of a ",1.0,0.0,1.22,0.84,65.2
a,cot_en,Arabic,MID0574,أبو وجهين.,Talking out of both sides of one's mouth.,Talking out of both sides of one's mouth.,False,A statue depicting two faces,Talking out of both sides of one's mouth.,A person who owns two masks,A father of two sons,B,A father of two sons,A person who owns two masks,A statue depicting two faces,"[""A father of two sons"",""A person who owns two masks"",""A statue depicting two faces""]",1.0,1.0,0.67,0.77,93.1
a,cot_en,Arabic,MID0575,أمن ولا اتخون,"Trust, but verify.","Trust, but verify.",False,To feel assured and not to act dishonestly,To have peace and not to commit treason,To be safe and not to betray,"Trust, but verify.",D,To be safe and not to betray,To have peace and not to commit treason,To feel assured and not to act dishonestly,"[""To be safe and not to betray"", ""To have peace and not to commit treason"", ""To feel assured and not to act dishonestly""]",1.0,1.0,2.56,0.71,91.3
a,cot_en,Arabic,MID0576,إذا زاد الشيء عن حده انقلب ضده,Too much of a good thing is a bad thing.,Too much of a good thing is a bad thing.,False,"If you keep adding more to an object until it passes its limit, the object will physically flip over","When a thing exceeds its allowed amount, it turns and works against whoever increased it",Going beyond the prescribed quantity causes the item to reverse its orientation completely,Too much of a good thing is a bad thing.,D,"If you keep adding more to an object until it passes its limit, the object will physically flip over","When a thing exceeds its allowed amount, it turns and works against whoever increased it",Going beyond the prescribed quantity causes the item to reverse its orientation completely,"<reasoning>When reading the Arabic proverb literally, a learner might focus on each word's basic meaning without considering the idiomatic sense, leading to interpretations such as: the phrase describes a physical object that, when overfilled, literally flips over; or it suggests that adding more of something causes it to actively oppose the person who added it; or it implies that exceeding a set ",1.0,1.0,1.57,0.93,97.9
a,cot_en,Arabic,MID0577,الباب اللي ايجيك منه الريح سده واستريح,If you are always dwelling in trouble change the address.,If you are always dwelling in trouble change the address.,False,"If a draft comes in via a door, seal the door with weather stripping and then relax.","When wind enters through a gate, block the gate with a board and then take a rest.","If a breeze blows through a doorway, you should shut that doorway and then lie down to sleep.",If you are always dwelling in trouble change the address.,D,"If a breeze blows through a doorway, you should shut that doorway and then lie down to sleep.","When wind enters through a gate, block the gate with a board and then take a rest.","If a draft comes in via a door, seal the door with weather stripping and then relax.","[""If a breeze blows through a doorway, you should shut that doorway and then lie down to sleep."", ""When wind enters through a gate, block the gate with a board and then take a rest."", ""If a draft comes in via a door, seal the door with weather stripping and then relax.""]",1.0,1.0,1.73,0.84,95.2
a,cot_en,Arabic,MID0578,التجدي ولا العمى,Half a loaf is better than no bread.,Half a loaf is better than no bread.,False,Effort without blindness,Striving and not blindness,Choose striving over blindness,Half a loaf is better than no bread.,D,Striving and not blindness,Effort without blindness,Choose striving over blindness,"[""Striving and not blindness"",""Effort without blindness"",""Choose striving over blindness""]",1.0,0.0,0.46,0.78,63.4
a,cot_en,Arabic,MID0579,التيس في ديرة هله نطوح.,Preaching to the choir.,Preaching to the choir.,False,The male goat in the village jumps its people.,The goat in the monastery butts its inhabitants.,The goat in the pen butts its family.,Preaching to the choir.,D,The goat in the pen butts its family.,The male goat in the village jumps its people.,The goat in the monastery butts its inhabitants.,"<reasoning>A reader unfamiliar with the idiom might translate each word literally, ignoring idiomatic meaning. For instance, they could take التيس as ""the goat"", ديرة as ""pen/fold"" or ""village"", هله as ""its family/people"", and نطوح as ""butts"" or ""jumps"". This yields sentences like ""The goat in the pen butts its family."" Another literal reading could treat التيس as ""the male goat"", ديرة as ""village",1.0,1.0,2.08,0.57,87.1
a,cot_en,Arabic,MID0580,الحب يظهر على بذره,Like father like son. ,Like father like son. ,False,Love is visible on a seed,Love appears on a seed,Like father like son. ,Love is shown on its seed,C,Love is shown on its seed,Love appears on a seed,Love is visible on a seed,"<reasoning>A literal reading would take each word at face value: الحب (love), يظهر (appears/is shown), على (on), بذره (its seed). Ignoring the idiomatic meaning, a reader might imagine that love is something that can be seen or displayed on a seed, leading to interpretations like love being shown on a seed, love appearing on a seed, or love being visible on a seed.</reasoning>
[""Love is shown on i",1.0,1.0,1.42,0.52,85.6
a,cot_en,Arabic,MID0581,اللي ما يخسر ما يربح," No pain, no gain."," No pain, no gain.",False," No pain, no gain.","If you never experience a loss (like losing a game), you will never win a prize.","If you never undergo suffering, you will never gain weight.","If you never feel physical pain, you will never increase your salary.",A,"If you never feel physical pain, you will never increase your salary.","If you never experience a loss (like losing a game), you will never win a prize.","If you never undergo suffering, you will never gain weight.","[""If you never feel physical pain, you will never increase your salary."", ""If you never experience a loss (like losing a game), you will never win a prize."", ""If you never undergo suffering, you will never gain weight.""]",1.0,1.0,3.17,0.75,92.5
a,cot_en,Arabic,MID0582,اللي ياكل على ضرسه يشبع نفسه, Every man for himself., Every man for himself.,False,"If you bite into something with your tooth, you will feel satisfied.",Someone who eats using only their teeth will become full., Every man for himself.,A person who chews food thoroughly satisfies their hunger.,C,Someone who eats using only their teeth will become full.,A person who chews food thoroughly satisfies their hunger.,"If you bite into something with your tooth, you will feel satisfied.","[""Someone who eats using only their teeth will become full."", ""A person who chews food thoroughly satisfies their hunger."", ""If you bite into something with your tooth, you will feel satisfied.""]",1.0,1.0,2.58,0.94,98.2
a,cot_en,Arabic,MID0583,برمة الشرك ما تفور,Too many cooks spoil the broth.,Too many cooks spoil the broth.,False,"When people share a pot (partnership), the liquid inside fails to produce any froth or bubbles.","The phrase literally means that a pot labeled 'shirk' (partnership) cannot be boiled, implying that shared ownership prevents the pot from heating up.",Too many cooks spoil the broth.,A pot designated for partnership never reaches boiling temperature when used for cooking.,C,A pot designated for partnership never reaches boiling temperature when used for cooking.,"When people share a pot (partnership), the liquid inside fails to produce any froth or bubbles.","The phrase literally means that a pot labeled 'shirk' (partnership) cannot be boiled, implying that shared ownership prevents the pot from heating up.","<reasoning>Readers might take the words ""برمة"" (pot), ""الشرك"" (partnership/sharing), and ""ما تفور"" (does not boil/froth) at face value, imagining a literal cooking scenario where a pot meant for shared use never reaches a boil, or that the act of partnership somehow prevents boiling or frothing, ignoring the idiomatic meaning about too many cooks spoiling the broth.</reasoning>
[""A pot designated ",1.0,1.0,2.89,0.91,97.3
a,cot_en,Arabic,MID0584,بغى يكحلها وعماها,gild the lily.,gild the lily.,False,Someone tried to apply kohl eyeliner to a woman's eyes and accidentally blinded her.,gild the lily.,"A person attempted to gild a lily by painting it gold, but the process destroyed the flower.","A beautician wanted to darken a client's eyebrows with kohl, but the procedure caused the client to lose vision.",B,Someone tried to apply kohl eyeliner to a woman's eyes and accidentally blinded her.,"A person attempted to gild a lily by painting it gold, but the process destroyed the flower.","A beautician wanted to darken a client's eyebrows with kohl, but the procedure caused the client to lose vision.","<reasoning>A reader unfamiliar with the idiomatic meaning might take the words at face value, imagining a scenario where someone deliberately applies kohl (eyeliner) to a person or object and unintentionally causes blindness or damage, or they might substitute similar-sounding actions (like gilding a flower) that fit the literal verbs but miss the proverbial sense of over‑embellishment.</reasoning",1.0,1.0,5.56,0.9,97.0
a,cot_en,Arabic,MID0585,تيش في ريش,Words with no actions.,Words with no actions.,False,one feather inside another feather,Words with no actions.,tea placed among feathers,a scrap of cloth stuck in plumage,B,tea placed among feathers,a scrap of cloth stuck in plumage,one feather inside another feather,"<reasoning>
A reader unfamiliar with the idiomatic meaning might treat each word as a concrete object: ""تيش"" could be heard as ""tea"" or a type of fabric, and ""ريش"" clearly means ""feather"" or ""plumage"". Thus they could imagine scenarios where tea is placed among feathers, a piece of cloth is stuck in plumage, or two feathers are nested together, all of which are literal but incorrect readings of th",1.0,0.6666666666666666,1.33,1.0,90.0
a,cot_en,Arabic,MID0586,حد تعرفه ولا احد ا تخبط فيه,Better the devil you know,Better the devil you know,False,Better the devil you know,A known boundary that nobody hits,A familiar edge where no one stumbles,A recognized limit that no one strikes,A,A known boundary that nobody hits,A familiar edge where no one stumbles,A recognized limit that no one strikes,"<reasoning>The Arabic phrase consists of ""حد"" (limit/boundary), ""تعرفه"" (you know it), ""ولا أحد"" (and no one), and ""يخبط فيه"" (hits/strikes in it). A reader unfamiliar with the idiomatic meaning might take each word literally, imagining a physical boundary that is known and that nobody physically contacts or collides with. This leads to plausible but incorrect literal readings such as a known limi",1.0,1.0,1.33,0.82,94.6
a,cot_en,Arabic,MID0587,حلة الثوب رقعته منه وفيه, Cut from the same cloth., Cut from the same cloth.,False,"The patch’s fabric is the same material used for the garment’s lining, so it is both sourced from and placed inside the garment.",The patch must be cut from the same garment itself to repair it.,"The patch is sewn on the inside of the garment, i.e., hidden beneath the outer layer.", Cut from the same cloth.,D,The patch must be cut from the same garment itself to repair it.,"The patch is sewn on the inside of the garment, i.e., hidden beneath the outer layer.","The patch’s fabric is the same material used for the garment’s lining, so it is both sourced from and placed inside the garment.","<reasoning>
The Arabic phrase can be read word‑for‑word as “the garment’s patch is from it and in it.” A reader unfamiliar with the idiomatic meaning might focus on the concrete nouns “patch,” “garment,” and the prepositions “from” and “in,” imagining scenarios where the patch is literally taken from the same garment and placed somewhere inside it, or where the patch’s material and location are bo",1.0,1.0,3.47,0.9,97.0
a,cot_en,Arabic,MID0588,خل القرعة ترعى,keep your nose out of other people's business.,keep your nose out of other people's business.,False,Do not stop the gourd from feeding itself,Let the squash roam freely without interference,keep your nose out of other people's business.,Leave the pumpkin to graze on its own,C,Leave the pumpkin to graze on its own,Do not stop the gourd from feeding itself,Let the squash roam freely without interference,"<reasoning>A reader unfamiliar with the idiomatic meaning might treat each Arabic word as a separate literal entity: ""خل"" as ""let/leave"", ""القرعة"" as a specific object like a pumpkin or gourd, and ""ترعى"" as the action of grazing or feeding. This could lead to interpretations where the sentence is read as a command to allow some plant or object to graze freely, or to refrain from interfering with i",1.0,1.0,0.96,0.93,97.9
a,cot_en,Arabic,MID0589,خله على عماه,keep him in the dark,keep him in the dark,False,keep him in the dark,Leave him on his uncle,Leave him upon his sight,Leave him on his blindness,A,Leave him on his uncle,Leave him on his blindness,Leave him upon his sight,"<reasoning>A reader unfamiliar with the idiomatic meaning might treat each word literally: “خله” as “leave him/let him”, “على” as “on/upon”, and “عماه” as either “his uncle” (عمه) or “his blindness” (عمى). This could lead to interpretations like leaving someone on his uncle, on his blindness, or on his eye/sight, none of which convey the intended figurative sense of keeping someone uninformed.</re",1.0,1.0,1.0,0.49,84.7
a,cot_en,Arabic,MID0590,ذيل الكلب ما يعتدل,An ape’s an ape a varlet’s a varlet; though they be clad in silk or scarlet.,An ape’s an ape a varlet’s a varlet; though they be clad in silk or scarlet.,False,A dog's tail can never be made straight no matter how hard you try.,An ape’s an ape a varlet’s a varlet; though they be clad in silk or scarlet.,"If you attempt to straighten a dog's tail, it will always revert to its natural curl.",A dog's tail is unsuitable for measuring straightness because it never remains straight.,B,A dog's tail can never be made straight no matter how hard you try.,"If you attempt to straighten a dog's tail, it will always revert to its natural curl.",A dog's tail is unsuitable for measuring straightness because it never remains straight.,"<reasoning>Readers unfamiliar with the idiomatic meaning might interpret the phrase literally, focusing on the physical properties of a dog's tail. They could think the saying is about the impossibility of physically straightening a dog's tail, about the tail's natural curvature being unchangeable, or about using a dog's tail as a unreliable measuring tool because it never stays straight.</reasoni",1.0,1.0,0.9,0.86,95.8
a,cot_en,Arabic,MID0591,رمية من غير رامي,A flash in a pan.,A flash in a pan.,False,A stone that suddenly appears floating in mid‑air without being tossed,A projectile that moves through the air without anyone having thrown it,A flash in a pan.,A flash of light that appears spontaneously with no source,C,A projectile that moves through the air without anyone having thrown it,A flash of light that appears spontaneously with no source,A stone that suddenly appears floating in mid‑air without being tossed,"<reasoning>When taking the Arabic proverb literally, a reader might imagine a physical object or event that occurs without an apparent cause or agent, interpreting ""رمية من غير رامي"" as something that is thrown or appears without anyone throwing it. This can lead to various concrete, yet incorrect, visualizations such as self‑propelled projectiles, spontaneous flashes, or objects materializing out",1.0,1.0,2.2,0.86,95.8
a,cot_en,Arabic,MID0592,على الكراك,A narrow margin ,A narrow margin ,False,on the hook,A narrow margin ,on the crack,on the crane,B,on the crack,on the crane,on the hook,"[""on the crack"",""on the crane"",""on the hook""]",1.0,0.0,1.0,0.5,55.0
a,cot_en,Arabic,MID0593,كنك تنفخ في قربة مبطوطة,flog a dead horse ,flog a dead horse ,False,flog a dead horse ,You are trying to inflate a punctured balloon,You are blowing air into a leaky sack hoping to keep it full,You are attempting to fill a cracked water container with air,A,You are trying to inflate a punctured balloon,You are attempting to fill a cracked water container with air,You are blowing air into a leaky sack hoping to keep it full,"<reasoning>A reader might misinterpret the metaphorical phrase as a literal description of some futile physical action involving a container with a hole, such as trying to inflate something that cannot hold air, attempting to fill a leaking vessel, or blowing into a broken object expecting it to stay full.</reasoning>[""You are trying to inflate a punctured balloon"",""You are attempting to fill a cr",1.0,1.0,2.67,0.74,92.2
a,cot_en,Arabic,MID0594,أبيض جناح اسود مراح,"All is not gold that glitters All. 
Fine feathers do not make fine birds","All is not gold that glitters All. 
Fine feathers do not make fine birds",False,A white wing is found in a black meadow,The phrase means a white‑winged creature lives in a dark pasture,"All is not gold that glitters All. 
Fine feathers do not make fine birds",It suggests that a white wing can only exist over a black field,C,A white wing is found in a black meadow,The phrase means a white‑winged creature lives in a dark pasture,It suggests that a white wing can only exist over a black field,"<reasoning>A reader unfamiliar with the idiomatic meaning might take each word at face value, interpreting the phrase as a description of a white wing associated with something black, such as a meadow or pasture, leading to literal but incorrect readings about the colors of wings and landscapes.</reasoning>
[""A white wing is found in a black meadow"",""The phrase means a white‑winged creature lives ",1.0,1.0,0.79,0.86,95.8
a,cot_en,Arabic,MID0595,أن جادت عليك بخيط العنكبوت تنقاد وان حرنت تقطع سلسل الحداد,you win some you lose some.,you win some you lose some.,False,"When a spider offers its silk, you should obey; when you are hot (حرنت), you should break the blacksmith's chain.",you win some you lose some.,"If a spider gives you a thread, you must follow it; if you become angry, you must cut a blacksmith's chain.",Receiving a spider's silk will lead you; becoming heated will cause you to sever the smith's link.,B,"If a spider gives you a thread, you must follow it; if you become angry, you must cut a blacksmith's chain.","When a spider offers its silk, you should obey; when you are hot (حرنت), you should break the blacksmith's chain.",Receiving a spider's silk will lead you; becoming heated will cause you to sever the smith's link.,"[""If a spider gives you a thread, you must follow it; if you become angry, you must cut a blacksmith's chain."", ""When a spider offers its silk, you should obey; when you are hot (حرنت), you should break the blacksmith's chain."", ""Receiving a spider's silk will lead you; becoming heated will cause you to sever the smith's link.""]",1.0,1.0,3.22,0.88,96.4
a,cot_en,Arabic,MID0596,إن ضاق بيك الأمر، اشرب زجاجة خمر,Let them drink and forget their poverty and remember their misery no more.,Let them drink and forget their poverty and remember their misery no more.,False,Let them drink and forget their poverty and remember their misery no more.,"If you are being stingy with the matter, drink a bottle of wine","If the situation is tight for you, drink a bottle of vinegar","When the matter narrows you, you should swallow the wine bottle whole",A,"If you are being stingy with the matter, drink a bottle of wine","If the situation is tight for you, drink a bottle of vinegar","When the matter narrows you, you should swallow the wine bottle whole","<reasoning>A reader might misinterpret the Arabic words literally: confusing ضاق (became tight) with being stingy, mistaking خمر (wine) for خل (vinegar), or thinking اشرب زجاجة means to consume the bottle itself rather than its contents. These errors lead to plausible‑sounding but incorrect literal readings.</reasoning>
[""If you are being stingy with the matter, drink a bottle of wine"",""If the sit",1.0,1.0,0.95,0.78,93.4
a,cot_en,Arabic,MID0597,إن غلبك سدها، وسع قدها,"In for a penny, in for a pound.","In for a penny, in for a pound.",False,"When a flood overpowers you, shut the barrier and widen its opening.","In for a penny, in for a pound.","If you are beaten by a dam, close it and make its height bigger.","If a competitor overtakes you, block the road and expand its lane.",B,"If you are beaten by a dam, close it and make its height bigger.","When a flood overpowers you, shut the barrier and widen its opening.","If a competitor overtakes you, block the road and expand its lane.","[""If you are beaten by a dam, close it and make its height bigger."", ""When a flood overpowers you, shut the barrier and widen its opening."", ""If a competitor overtakes you, block the road and expand its lane.""]",1.0,1.0,1.58,0.81,94.3
a,cot_en,Arabic,MID0598,اب سن يضحك على اب سنين,People in glass houses should not throw stones.,People in glass houses should not throw stones.,False,A child mocks another child's years,People in glass houses should not throw stones.,A baby giggles at a toddler's years,A young boy laughs at an older boy's age,B,A young boy laughs at an older boy's age,A child mocks another child's years,A baby giggles at a toddler's years,"<reasoning>A reader unfamiliar with the idiomatic meaning might take each word at face value, interpreting ""ابن"" as a literal son or child, ""سنة"" as a year or age, and the verb ""يضحك على"" as laughing at or mocking. This could lead to readings about children laughing at each other's ages, a youngster mocking an older child's years, or a baby giggling at a toddler's age, all of which miss the metaph",1.0,1.0,0.92,0.86,95.8
a,cot_en,Arabic,MID0599,ابن العبدة منه الخير جبدة، ومنه الشر يبدا.,"You cannot gather grapes from thorns, nor figs from thistles","You cannot gather grapes from thorns, nor figs from thistles",False,"From the slave's child, goodness appears as a tangible mass, while evil originates as a concrete beginning.","The phrase is taken to mean that one can actually harvest grapes from thorn plants and figs from thistle plants, as a literal agricultural fact.","The son of a slave literally produces a solid lump of good things, and evil literally starts from him.","You cannot gather grapes from thorns, nor figs from thistles",D,"The son of a slave literally produces a solid lump of good things, and evil literally starts from him.","From the slave's child, goodness appears as a tangible mass, while evil originates as a concrete beginning.","The phrase is taken to mean that one can actually harvest grapes from thorn plants and figs from thistle plants, as a literal agricultural fact.","<reasoning>The proverb uses metaphor: ""ابن العبدة"" (son of the slave) stands for a person of low origin, ""الخير جبدة"" (goodness is a lump) means good results are unlikely, and ""الشر يبدا"" (evil begins) means bad outcomes arise. A reader might take each phrase literally, ignoring the figurative meaning, and interpret the saying as a statement about a slave's offspring producing literal lumps of goo",1.0,1.0,2.03,0.88,96.4
a,cot_en,Arabic,MID0600,اسمع كلام الكبير و لو كان ,"Older than you by a day, wiser than you by a year","Older than you by a day, wiser than you by a year",False,"Older than you by a day, wiser than you by a year",Listen to the speech of a physically large person even if it is...,Older than you by a day means you are only one day younger than them.,Wiser than you by a year means they have exactly one more year of wisdom.,A,Listen to the speech of a physically large person even if it is...,Older than you by a day means you are only one day younger than them.,Wiser than you by a year means they have exactly one more year of wisdom.,"[""Listen to the speech of a physically large person even if it is..."", ""Older than you by a day means you are only one day younger than them."", ""Wiser than you by a year means they have exactly one more year of wisdom.""]",1.0,1.0,1.19,0.86,95.8
a,cot_en,Arabic,MID0601,اضان الحامل طرشه,Turn a blind eye.,Turn a blind eye.,False,The pregnant woman splashes water,The carrier throws a splash,Turn a blind eye.,The pregnant's splash is added,C,The pregnant woman splashes water,The carrier throws a splash,The pregnant's splash is added,"[""The pregnant woman splashes water"", ""The carrier throws a splash"", ""The pregnant's splash is added""]",1.0,1.0,1.25,0.84,95.2
a,cot_en,Arabic,MID0602,اقولو تيس تقولوا يحلبوه, Don't confuse me with facts!, Don't confuse me with facts!,False,"Say to the goat, you say, milk it", Don't confuse me with facts!,Instruct the goat to speak about milking it,Tell the goat to say that it is being milked,B,Tell the goat to say that it is being milked,Instruct the goat to speak about milking it,"Say to the goat, you say, milk it","<reasoning>
A reader unfamiliar with the idiomatic meaning might treat each Arabic word as a direct lexical item and assume the sentence is a literal command involving a goat and milking. They could interpret ""اقولو"" as an imperative to speak, ""تيس"" as the noun ""goat"", and the repeated ""تقولوا""/""يحلبوه"" as further instructions about speaking or milking, leading to nonsensical but plausible literal",1.0,1.0,1.73,0.73,91.9
a,cot_en,Arabic,MID0603,الأمو عريانة، ما يكسي خالته,Charity begins at home,Charity begins at home,False,The mother is naked and refuses to give her aunt any clothing,Charity begins at home,"The naked mother does not clothe her aunt, implying she ignores family needs","Because the mother is naked, she does not provide a shirt for her aunt",B,The mother is naked and refuses to give her aunt any clothing,"Because the mother is naked, she does not provide a shirt for her aunt","The naked mother does not clothe her aunt, implying she ignores family needs","[""The mother is naked and refuses to give her aunt any clothing"",""Because the mother is naked, she does not provide a shirt for her aunt"",""The naked mother does not clothe her aunt, implying she ignores family needs""]",1.0,1.0,3.25,0.76,92.8
a,cot_en,Arabic,MID0604,التسوي بـ ايدك يغلب اجاويدك ,"you made your bed, now you have to lie in it.","you made your bed, now you have to lie in it.",False,"you made your bed, now you have to lie in it.",Building with your hand surpasses your friends.,You make something with your hand and it defeats your enemies.,Doing work with your hand overcomes your belongings.,A,You make something with your hand and it defeats your enemies.,Doing work with your hand overcomes your belongings.,Building with your hand surpasses your friends.,"<reasoning>Readers might take each word at face value, interpreting the phrase as a description of a physical action (making/doing with the hand) that directly causes some outcome (defeating, overcoming, surpassing) against a concrete object (enemies, belongings, friends) rather than recognizing the idiomatic meaning about accepting the consequences of one's own actions.</reasoning>
[""You make som",1.0,1.0,0.79,0.75,92.5
a,cot_en,Arabic,MID0605,التسوي كريت تلقى في جلدها.,What goes around comes around.,What goes around comes around.,False,The sewing finds a ball in its skin.,What goes around comes around.,The act of stitching discovers a sphere within its leather.,The sewing receives a ball in its hide.,B,The sewing finds a ball in its skin.,The sewing receives a ball in its hide.,The act of stitching discovers a sphere within its leather.,"<reasoning>
A reader unfamiliar with the idiomatic meaning might treat each word of the Arabic phrase as a literal noun or verb, ignoring metaphorical sense. For example, they could interpret ""التسوي"" as ""the sewing"" or ""the act of stitching,"" ""كريت"" as ""a ball"" or ""a small round object,"" and ""تلقى في جلدها"" as ""finds/receives in its skin/hide."" This leads to literal readings that describe a sewin",1.0,1.0,1.73,0.67,90.1
a,cot_en,Arabic,MID0606,التعيس تكته بتعتر ليه,Remove an old tree and it will wither to death.,Remove an old tree and it will wither to death.,False,"When you take away an old tree, the miserable person's luck disappears","If you pull out an ancient tree, the miserable person's shadow fades",The miserable person's coat is snatched away by a stubborn donkey,Remove an old tree and it will wither to death.,D,The miserable person's coat is snatched away by a stubborn donkey,"When you take away an old tree, the miserable person's luck disappears","If you pull out an ancient tree, the miserable person's shadow fades","<reasoning>Readers might try to translate each word directly without considering idiomatic meaning, leading to absurd literal readings such as focusing on ""the miserable one,"" ""his coat,"" ""a donkey,"" or ""for him"" as concrete actions rather than the metaphor about removing an old tree.</reasoning>
[""The miserable person's coat is snatched away by a stubborn donkey"",""When you take away an old tree, ",1.0,1.0,1.17,0.77,93.1
a,cot_en,Arabic,MID0607,التور أن وقع كترت سكاكينوا.,"When the tree is fallen, every one runs to it with his axe.","When the tree is fallen, every one runs to it with his axe.",False,"When the tor tree falls, it causes knives to multiply and appear out of nowhere.","When the tree is fallen, every one runs to it with his axe.","When the tor tree falls, it attracts many knives that gather around it like metal to a magnet.","When the tor tree falls, it transforms into a bunch of knives that people then collect.",B,"When the tor tree falls, it causes knives to multiply and appear out of nowhere.","When the tor tree falls, it attracts many knives that gather around it like metal to a magnet.","When the tor tree falls, it transforms into a bunch of knives that people then collect.","<reasoning>Readers might take the proverb's wording at face value, interpreting the causal relationship between a fallen tree and knives as a literal, physical phenomenon rather than a metaphor for opportunistic behavior. They could imagine the tree's fall directly causing knives to appear, multiply, or be attracted to it, ignoring the figurative meaning about people rushing to exploit a situation",1.0,1.0,1.26,0.65,89.5
a,cot_en,Arabic,MID0608,الجاياك ما بتختاك.,What is meant to be will always find its way.,What is meant to be will always find its way.,False,The coming to you is not chosen by you.,What arrives at you does not get lost.,The thing that comes to you does not cut you.,What is meant to be will always find its way.,D,The thing that comes to you does not cut you.,The coming to you is not chosen by you.,What arrives at you does not get lost.,"<reasoning>A reader unfamiliar with the idiomatic meaning might parse each word literally, treating the dialectal verb forms as standard Arabic and assuming concrete actions like cutting, choosing, or losing. This leads to plausible but incorrect literal readings that miss the figurative sense of fate or destiny.</reasoning>
[""The thing that comes to you does not cut you."", ""The coming to you is n",1.0,1.0,0.9,0.77,93.1
a,cot_en,Arabic,MID0609,الحسنه في المنعول شي الشره في القندول.,For every good deed comes evil. ,For every good deed comes evil. ,False,For every good deed comes evil. ,"The good object resides in the prohibited object, and the evil object resides in the candlestick object.","The goodness is in the forbidden thing, and the evil is in the candlestick.",A good deed appears in a prohibited place while an evil deed appears in a candlestick.,A,"The goodness is in the forbidden thing, and the evil is in the candlestick.",A good deed appears in a prohibited place while an evil deed appears in a candlestick.,"The good object resides in the prohibited object, and the evil object resides in the candlestick object.","<reasoning>
A reader unfamiliar with the idiomatic meaning might treat each word as a literal noun or adjective and try to construct a concrete scenario. For example, they could think ""الحسنه"" refers to a specific good object or person, ""المنعول"" to something prohibited or a place of prohibition, ""الشره"" to a literal evil entity or substance, and ""القندول"" to a candlestick or container. This leads",1.0,1.0,2.61,0.78,93.4
a,cot_en,Arabic,MID0610,الخلاء ولا الرفيق الفسل,Better to be alone than in a bad company. ,Better to be alone than in a bad company. ,False,It’s preferable to be in a vacuum than to travel with a sluggish friend.,One should choose an empty stomach over sharing a meal with a companion who is slow or weak.,Better to be alone than in a bad company. ,Better to have an empty room than to live with a lazy roommate.,C,Better to have an empty room than to live with a lazy roommate.,It’s preferable to be in a vacuum than to travel with a sluggish friend.,One should choose an empty stomach over sharing a meal with a companion who is slow or weak.,"<reasoning>Readers might take each Arabic word at face value without idiomatic context: ""الخلا"" as physical emptiness or vacuum, ""ولا"" as a simple negation, ""الرفيق"" as a literal companion or friend, and ""الفسل"" as a literal trait like laziness, slowness, or weakness. From these literal senses they could infer meanings such as preferring an empty space over a lazy friend, choosing a vacuum rather ",1.0,1.0,1.67,0.86,95.8
a,cot_en,Arabic,MID0611,الطشاش في بلد العمي شوف ,"In the land of the blind, the one-eyed man is king.","In the land of the blind, the one-eyed man is king.",False,"In the land of the blind, the one-eyed man is king.",The one-eyed person is a doctor who treats the blind,"A rash appears in the land of the uncles, look","In the land of the blind, the one-eyed person is a tour guide",A,"A rash appears in the land of the uncles, look",The one-eyed person is a doctor who treats the blind,"In the land of the blind, the one-eyed person is a tour guide","<reasoning>Readers might misinterpret the Arabic words due to ambiguous roots or homophones, leading to literal but incorrect readings such as thinking ""الطشاش"" refers to a rash or a skin condition, ""العمي"" as uncles rather than blind people, and ""شوف"" as a noun like ""shoe"" or a command to ""look"" being taken as a name, etc.</reasoning>[""A rash appears in the land of the uncles, look"",""The one-eyed",1.0,1.0,1.0,0.74,92.2
a,cot_en,Arabic,MID0612,القرد الكبير ما بيتعلم الرقيص,You cannot teach an old dog new trick.,You cannot teach an old dog new trick.,False,A big-sized monkey is physically unable to learn to dance due to its size,A large monkey refuses to learn how to dance,You cannot teach an old dog new trick.,An old monkey cannot be taught any new skill because of its age,C,A large monkey refuses to learn how to dance,An old monkey cannot be taught any new skill because of its age,A big-sized monkey is physically unable to learn to dance due to its size,"<reasoning>When encountering the Arabic proverb, a reader might take the words at face value, imagining a scenario involving an actual monkey, its size or age, and a specific activity like dancing, leading to literal but incorrect interpretations.</reasoning>
[""A large monkey refuses to learn how to dance"",""An old monkey cannot be taught any new skill because of its age"",""A big-sized monkey is phy",1.0,1.0,1.5,0.84,95.2
a,cot_en,Arabic,MID0613,القرماضه ولا الرقاده, A living dog is better than a dead lion., A living dog is better than a dead lion.,False, A living dog is better than a dead lion.,The brick is better than the rest.,The pottery is better than the sleeping.,The tile is better than the nap.,A,The pottery is better than the sleeping.,The tile is better than the nap.,The brick is better than the rest.,"[""The pottery is better than the sleeping."", ""The tile is better than the nap."", ""The brick is better than the rest.""]",1.0,1.0,0.78,0.5,85.0
a,cot_en,Arabic,MID0614,القُفه ام اضنين بشيلوها نفرين.,It takes two to tango.,It takes two to tango.,False,The pot belongs to two foolish people who are carrying it together.,A jug is being held by two idiots while two persons assist them.,Two fools and two people are jointly lifting a pot.,It takes two to tango.,D,The pot belongs to two foolish people who are carrying it together.,Two fools and two people are jointly lifting a pot.,A jug is being held by two idiots while two persons assist them.,"<reasoning>Readers unfamiliar with the idiomatic meaning might take each word at face value, interpreting the proverb as a description of a physical situation involving a pot, fools, and people carrying something, rather than recognizing it as a metaphor for mutual responsibility in an action.</reasoning>
[""The pot belongs to two foolish people who are carrying it together."", ""Two fools and two pe",1.0,1.0,2.33,0.89,96.7
a,cot_en,Arabic,MID0615,الكلب ينبح والجمل يفوت.,Progress cannot be stopped by the criticisms of scoundrels.,Progress cannot be stopped by the criticisms of scoundrels.,False,Progress cannot be stopped by the criticisms of scoundrels.,The dog barks and the camel is late for its destination.,The dog barks and the camel loses something valuable.,The dog barks at the camel while the camel stands still.,A,The dog barks at the camel while the camel stands still.,The dog barks and the camel is late for its destination.,The dog barks and the camel loses something valuable.,"<reasoning>A reader unfamiliar with the idiomatic meaning might take each word at face value and misunderstand the verbs or nouns, leading to literal but incorrect readings such as thinking the camel is performing an action other than passing, or that the dog’s barking is directed at the camel, or that the camel is experiencing some state like lateness or missing something.</reason>
[""The dog bark",1.0,1.0,1.15,0.67,90.1
a,cot_en,Arabic,MID0616,الما بتاكلو ما بيخنقك,If the shoe fits wear it.,If the shoe fits wear it.,False,"If you don't swallow the bone, it won't choke you.",If the shoe fits wear it.,"If you don't eat the food, it won't choke you.","If you avoid eating meat, you won't get choked.",B,"If you don't eat the food, it won't choke you.","If you avoid eating meat, you won't get choked.","If you don't swallow the bone, it won't choke you.","[""If you don't eat the food, it won't choke you."", ""If you avoid eating meat, you won't get choked."", ""If you don't swallow the bone, it won't choke you.""]",1.0,1.0,1.61,0.64,89.2
a,cot_en,Arabic,MID0617,الما بتلحقه جدعه,"If you can't beat them, join them.","If you can't beat them, join them.",False,"If you can't catch the water, follow its grandfather","If you can't reach the thing, go after its ancestor","If you can't hit the mark, pursue its forefather","If you can't beat them, join them.",D,"If you can't catch the water, follow its grandfather","If you can't reach the thing, go after its ancestor","If you can't hit the mark, pursue its forefather","<reasoning>Readers might break down the phrase word‑by‑word and assign each term its most basic dictionary meaning: “الما” could be taken as “the water” (ما = water, الـ = the), “بتلحقه” as “you follow it” (تلحقه = follows/attains it), and “جدعه” as “its grandfather” (جدّ = grandfather, ـه = his). Combining these literal senses yields interpretations that sound plausible but miss the idiomatic sen",1.0,1.0,1.33,0.63,88.9
a,cot_en,Arabic,MID0618,الما يخدم ضراعه لمن النهار يحمر، يخدموه الرجال لمن يعمى.,Heaven helps those who help themselves,Heaven helps those who help themselves,False,Heaven does not help the udder when the day reddens; men help it for those who cannot see.,"If the udder is not helped by the day turning red, then men will help it for the blind.",Heaven helps those who help themselves,"The cow's udder is not served by the day when it turns red, but men serve it for the blind.",C,"The cow's udder is not served by the day when it turns red, but men serve it for the blind.",Heaven does not help the udder when the day reddens; men help it for those who cannot see.,"If the udder is not helped by the day turning red, then men will help it for the blind.","<reasoning>A reader unfamiliar with the figurative meaning might treat each noun as a concrete object: ""ضراعه"" as an animal's udder, ""النهار يحمر"" as the day literally turning red, ""الرجال"" as men, and ""لمن يعمى"" as for the blind. They could then imagine a scenario where the udder is not served by a reddening day, but men step in to serve it for those who cannot see, missing the metaphorical sense",1.0,1.0,3.17,0.63,88.9
a,cot_en,Arabic,MID0619,ايد لي ايد تجده بعيييد,Unique is strength.,Unique is strength.,False,Your hand is far from my hand,One hand discovers a distant hand,My hand finds another hand far away,Unique is strength.,D,My hand finds another hand far away,One hand discovers a distant hand,Your hand is far from my hand,"<reasoning>A reader unfamiliar with the idiomatic meaning might treat each word literally: “يد” (hand) as a body part, “لي” (to/me) as possession, “تجده” (you find it) as an act of finding, and “بعيييد” (far) as physical distance. This could lead to interpretations that the phrase describes a scenario where one’s hand is searching for or encountering another hand that is far away, or that it comme",1.0,1.0,2.22,0.82,94.6
a,cot_en,Arabic,MID0620,بجاه الملوك نلوك.,Living in the shadow of others.,Living in the shadow of others.,False,By the dignity of kings we eat,Through the authority of kings we chew,With the glory of kings we lick,Living in the shadow of others.,D,By the dignity of kings we eat,Through the authority of kings we chew,With the glory of kings we lick,"<reasoning>A reader unfamiliar with the idiomatic meaning might translate each word literally: “ب” as “by” or “with”, “جاه” as “dignity, authority, or glory”, “الملوك” as “the kings”, and “نلوك” as a verb related to eating, licking, or chewing (since the root ل-ك can evoke actions like licking or chewing). This leads to plausible but incorrect literal readings that treat the phrase as a descriptio",1.0,1.0,1.17,0.6,88.0
a,cot_en,Arabic,MID0621,بحرا ما فيهو تمساح يقدل فيه الورل,"When the cat's away, the mice will play.","When the cat's away, the mice will play.",False,"When the cat's away, the mice will play.","If the sea has no crocodile, it can lead a flower to move within it.",A sea lacking a crocodile is capable of directing the movement of a flower.,A sea without a crocodile guides a flower inside it.,A,A sea without a crocodile guides a flower inside it.,"If the sea has no crocodile, it can lead a flower to move within it.",A sea lacking a crocodile is capable of directing the movement of a flower.,"<reasoning>A reader might take each word of the Arabic phrase at face value, interpreting ""بحرًا"" as a literal sea, ""ما فيهو"" as the absence of something, ""تمساح"" as a crocodile, ""يقدل"" as guiding or leading, and ""الورل"" as a flower or similar object. This leads to literal readings that treat the proverb as a description of a sea's effect on a flower when a crocodile is missing.</reasoning>
[""A se",1.0,1.0,1.62,0.82,94.6
a,cot_en,Arabic,MID0622,بليلة المباشر ولا ضبيحة (طبيخة) المكاشر,"
Better is a dinner of herbs where love is, than a stalled ox and hatred therewith.","
Better is a dinner of herbs where love is, than a stalled ox and hatred therewith.",False,A dinner made solely of herbs is nutritionally superior to a meal containing a stalled ox.,"A stalled ox is a metaphor for a broken-down cart, so the proverb advises choosing herb soup over repairing a broken cart.","
Better is a dinner of herbs where love is, than a stalled ox and hatred therewith.","The phrase means that love can be found only in a dinner of herbs, implying that love grows like herbs.",C,A dinner made solely of herbs is nutritionally superior to a meal containing a stalled ox.,"The phrase means that love can be found only in a dinner of herbs, implying that love grows like herbs.","A stalled ox is a metaphor for a broken-down cart, so the proverb advises choosing herb soup over repairing a broken cart.","[""A dinner made solely of herbs is nutritionally superior to a meal containing a stalled ox."", ""The phrase means that love can be found only in a dinner of herbs, implying that love grows like herbs."", ""A stalled ox is a metaphor for a broken-down cart, so the proverb advises choosing herb soup over repairing a broken cart.""]",1.0,1.0,1.21,0.91,97.3
a,cot_en,Arabic,MID0623,تاكل اكل السوسة.. والعافية مسدوسة,"Eat like a bird, but never gain a pound.","Eat like a bird, but never gain a pound.",False,Pecking at food like a bird and having your health sealed or locked shut,Eating insects like a bird and storing your health away,"Eat like a bird, but never gain a pound.",Consuming bird‑seed while your well‑being becomes hidden or buried,C,Eating insects like a bird and storing your health away,Consuming bird‑seed while your well‑being becomes hidden or buried,Pecking at food like a bird and having your health sealed or locked shut,"<reasoning>A reader unfamiliar with the idiomatic meaning might take each word at face value: ""اكل"" = eat, ""السوسة"" could be interpreted as a type of insect or worm, leading to the idea of eating bugs; ""العافية"" = health/well-being; ""مسدوسة"" could be read as ""stored"", ""hidden"", or ""sealed"". Combining these literal senses yields several plausible but incorrect interpretations, such as believing the",1.0,1.0,1.22,0.84,95.2
a,cot_en,Arabic,MID0624,جبل الكُحل هدنوا المراويد ,Constant dropping wears away a stone,Constant dropping wears away a stone,False,Constant dropping wears away a stone,Applying kohl to a mountain stopped the nomads from roaming.,A hill of cosmetic powder pacified the rebellious tribes.,A mountain made of kohl soothed the wandering travelers.,A,A mountain made of kohl soothed the wandering travelers.,Applying kohl to a mountain stopped the nomads from roaming.,A hill of cosmetic powder pacified the rebellious tribes.,"<reasoning>When encountering the Arabic phrase ""جبل الكُحل هدنوا المراويد"", a reader unfamiliar with the idiomatic meaning might treat each word literally: ""جبل"" as a physical mountain, ""الكُحل"" as the cosmetic kohl (eyeliner), ""هدنوا"" as an action of calming or making peace, and ""المراويد"" as wanderers or nomads. This could lead to imagining a scenario where a mountain made of or covered in kohl ",1.0,1.0,1.56,0.81,94.3
a,cot_en,Arabic,MID0625,جزا المعروف أربعة كفوف.,Evil in return for good deed.,Evil in return for good deed.,False,Evil in return for good deed.,A known person receives four handfuls as payment for a good deed.,"The share of the famous is four palms, meaning four strikes of the hand.",Four people will clap their hands in response to a kindness done.,A,A known person receives four handfuls as payment for a good deed.,Four people will clap their hands in response to a kindness done.,"The share of the famous is four palms, meaning four strikes of the hand.","<reasoning>
A reader unfamiliar with the idiomatic meaning might parse the phrase word‑by‑word and assume each term retains its basic sense: ""جزاء"" as a share or part, ""المعروف"" as a known person or thing, ""أربعة"" as the number four, and ""كفوف"" as palms or handfuls. This could lead to literal‑sounding but incorrect readings such as interpreting the proverb as describing a physical quantity (four h",1.0,1.0,2.11,0.94,98.2
a,cot_en,Arabic,MID0626,ذاد الحِبان ليهو مكان أو ذاد الحِبان له مكان,The company makes the feast.,The company makes the feast.,False,The presence of friends causes a physical space to be set up for eating.,A business firm that literally produces banquet meals.,The company makes the feast.,Having more companions guarantees that a venue will be available for a party.,C,A business firm that literally produces banquet meals.,Having more companions guarantees that a venue will be available for a party.,The presence of friends causes a physical space to be set up for eating.,"[""A business firm that literally produces banquet meals."", ""Having more companions guarantees that a venue will be available for a party."", ""The presence of friends causes a physical space to be set up for eating.""]",1.0,1.0,2.33,0.9,97.0
a,cot_en,Arabic,MID0627,شجر الدوم برمي ضلوا بعيد.,March to a different drummer.,March to a different drummer.,False,The dom drum launches its strings far off.,A person named Shajr al-Dum throws his own ribs far into the distance.,The dom tree hurls its ribs far away.,March to a different drummer.,D,The dom tree hurls its ribs far away.,A person named Shajr al-Dum throws his own ribs far into the distance.,The dom drum launches its strings far off.,"[""The dom tree hurls its ribs far away."", ""A person named Shajr al-Dum throws his own ribs far into the distance."", ""The dom drum launches its strings far off.""]",1.0,1.0,1.93,0.8,94.0
a,cot_en,Arabic,MID0628,ضربني وبكي وسبقني اشتكي ,Wrong and strong.,Wrong and strong.,False,"He hit me and I cried, then he complained before me.","He struck me, I wept, and I preceded him in complaining.",Wrong and strong.,"He beat me, he cried, and he got ahead of me in complaining.",C,"He hit me and I cried, then he complained before me.","He struck me, I wept, and I preceded him in complaining.","He beat me, he cried, and he got ahead of me in complaining.","[""He hit me and I cried, then he complained before me."", ""He struck me, I wept, and I preceded him in complaining."", ""He beat me, he cried, and he got ahead of me in complaining.""]",1.0,1.0,3.89,0.76,92.8
a,cot_en,Arabic,MID0629,لالوب بلدنا ولا تمر الناس ,Better the devil you know.,Better the devil you know.,False,Better the devil you know.,Our country has no wolves and the people never pass by dates.,There are no wolves in our homeland and the populace does not travel.,Our land lacks wolves and the people do not cross over dates.,A,Our country has no wolves and the people never pass by dates.,There are no wolves in our homeland and the populace does not travel.,Our land lacks wolves and the people do not cross over dates.,"<reasoning>A reader unfamiliar with the idiomatic meaning might translate each word directly, ignoring metaphor and cultural context. They could interpret ""لالوب"" as ""no wolf,"" ""بلدنا"" as ""our country,"" and ""تمر الناس"" as ""dates pass the people"" or ""people pass,"" leading to odd literal statements about wildlife, geography, and fruit movement that bear no relation to the intended advice about prefe",1.0,1.0,2.47,0.72,91.6
a,cot_en,Arabic,MID0630,لحقتهن أمات طه,Searching for a needle in a haystack.,Searching for a needle in a haystack.,False,He chased the women and Amat died,"He pursued them, Amat Tah was killed",Searching for a needle in a haystack.,"He caught them, Amat Tah perished",C,He chased the women and Amat died,"He caught them, Amat Tah perished","He pursued them, Amat Tah was killed","[""He chased the women and Amat died"",""He caught them, Amat Tah perished"",""He pursued them, Amat Tah was killed""]",1.0,1.0,0.95,0.74,92.2
a,cot_en,Arabic,MID0631,مد رجليك قدر لحافك,Cut your coat according to your cloth.,Cut your coat according to your cloth.,False,Cut your coat according to your cloth.,You should measure the length of your legs using your blanket as a ruler.,"Stretch your legs until they reach the edge of your blanket, then stop.",Your blanket must be exactly as long as your legs when you stretch them out.,A,You should measure the length of your legs using your blanket as a ruler.,Your blanket must be exactly as long as your legs when you stretch them out.,"Stretch your legs until they reach the edge of your blanket, then stop.","The proverb is often understood figuratively as living within one's means, but a reader might take the literal wording to mean something about physically measuring or aligning legs with a blanket, leading to interpretations that focus on size, measurement, or physical fit rather than financial restraint.

[""You should measure the length of your legs using your blanket as a ruler."", ""Your blanket m",1.0,1.0,2.0,0.81,94.3
a,cot_en,Arabic,MID0632,مسيك دربين ضهيب وركيب سرجين وقيع,A Jack of all trades is master of none. ,A Jack of all trades is master of none. ,False,A Jack of all trades is master of none. ,He walks two narrow roads and rides two saddles then falls into a pit.,"He goes along two tight paths, mounts two horses, and ends up in a ditch.","He traverses two slender ways, sits on two chairs, and falls into a hollow.",A,He walks two narrow roads and rides two saddles then falls into a pit.,"He goes along two tight paths, mounts two horses, and ends up in a ditch.","He traverses two slender ways, sits on two chairs, and falls into a hollow.","<reasoning>A reader unfamiliar with the idiomatic meaning might take each Arabic word at face value, interpreting مسيك as “he walks/goes”, دربين as “two roads”, ضهيب as “narrow/tight”, وركيب as “and he rides/mounts”, سرجين as “two saddles/horses/chairs”, and وقيع as “and a pit/ditch/hollow”. This leads to literal‑sounding translations that describe someone traveling on two narrow paths while ridin",1.0,1.0,1.59,0.78,93.4
a,cot_en,Arabic,MID0633,مصيروا الضفر ما بطلع من اللحم ,Blood is thicker than water.,Blood is thicker than water.,False,A braid does not grow or emerge from flesh,The twists of a braid cannot be pulled out of meat,Blood is thicker than water.,Meat does not produce braids,C,The twists of a braid cannot be pulled out of meat,A braid does not grow or emerge from flesh,Meat does not produce braids,"<reasoning>The phrase literally mentions ""twists of the braid"" (مصيروا الضفر), ""does not come out"" (ما بطلع), and ""from the meat"" (من اللحم). A reader unfamiliar with the idiomatic meaning might interpret it as a concrete statement about braids and flesh, imagining that braids cannot be pulled out of meat, that braids do not originate from meat, or that meat does not produce braids.</reasoning>
[""",1.0,1.0,1.67,0.88,96.4
a,cot_en,Arabic,MID0634,ملكين (مكين) فوق كركر، كان دا غاب، داك حضر,The sun never sets upon the British Empire,The sun never sets upon the British Empire,False,"Two strong ones sit atop a cracker; one had gone away, the other stayed.","Two mighty beings are sitting on a cricket, one was absent and the other was present.","Two rulers are perched on a small insect, one disappeared while the other showed up.",The sun never sets upon the British Empire,D,"Two mighty beings are sitting on a cricket, one was absent and the other was present.","Two strong ones sit atop a cracker; one had gone away, the other stayed.","Two rulers are perched on a small insect, one disappeared while the other showed up.","[""Two mighty beings are sitting on a cricket, one was absent and the other was present."", ""Two strong ones sit atop a cracker; one had gone away, the other stayed."", ""Two rulers are perched on a small insect, one disappeared while the other showed up.""]",1.0,1.0,1.88,0.76,92.8
a,cot_en,Arabic,MID0635,من بره هلا هلا ومن جوه يفتح الله,A fair face may hide a foul heart.,A fair face may hide a foul heart.,False,A fair face may hide a foul heart.,"The phrase describes a literal scene where Barah's exterior is covered in a sweet 'halahala' substance, while God opens his interior like a box.","Someone named Barah says 'hello hello' twice, and then God opens a door for him.","It tells of a person Barah who greets with 'halahala' and whose inner self is literally unlocked by God, as if God turns a key in his chest.",A,"Someone named Barah says 'hello hello' twice, and then God opens a door for him.","The phrase describes a literal scene where Barah's exterior is covered in a sweet 'halahala' substance, while God opens his interior like a box.","It tells of a person Barah who greets with 'halahala' and whose inner self is literally unlocked by God, as if God turns a key in his chest.","<reasoning>
A reader unfamiliar with the idiomatic use might take each word at face value: interpreting ""بره"" as a proper noun or place, ""هلا هلا"" as a repeated greeting or sound, and ""يفتح الله"" as God literally opening something like a door or a box. This could lead to literal readings such as a story about a person named Barah greeting someone twice, or about God physically opening a container ",1.0,1.0,2.79,0.89,96.7
a,cot_en,Arabic,MID0636,منشان عين تكرم ألف عين.,"Love me, love my dog.","Love me, love my dog.",False,An eye is worth the respect of a thousand eyes.,Honoring one eye requires honoring a thousand eyes.,"To benefit an eye, you must give a thousand eyes.","Love me, love my dog.",D,Honoring one eye requires honoring a thousand eyes.,An eye is worth the respect of a thousand eyes.,"To benefit an eye, you must give a thousand eyes.","<reasoning>
A reader unfamiliar with the idiomatic meaning might translate each word literally, focusing on the nouns ""eye"" (عين) and the number ""a thousand"" (ألف). They could interpret the phrase as a statement about physical eyes, suggesting that honoring one eye requires honoring many eyes, or that an eye's value is measured by a thousand eyes, or that one must literally provide a thousand eyes",1.0,1.0,1.87,0.74,92.2
a,cot_en,Arabic,MID0637,وذاد الطين بله ,Add fuel to the flames.,Add fuel to the flames.,False,And he mixed the mud with it,Add fuel to the flames.,And he added the mud with it,And he increased the clay with it,B,And he added the mud with it,And he increased the clay with it,And he mixed the mud with it,"<reasoning>The phrase breaks down into the conjunction ""و"" (and), the verb ""ذاد"" (past form of ""زاد,"" meaning to add or increase), the noun ""الطين"" (the mud or clay), and the suffix ""به"" (with it). A reader who takes each word literally without knowing the idiomatic meaning might interpret the sentence as a straightforward description of adding or mixing mud with something, leading to several plau",1.0,1.0,1.4,0.38,81.4
a,cot_en,Arabic,MID0638,وطني ولا ملو بطني.,There is no place like home,There is no place like home,False,My homeland is not my belly,There is no place like home,I prefer my nation over my food,My country does not fill my stomach,B,My country does not fill my stomach,My homeland is not my belly,I prefer my nation over my food,"[""My country does not fill my stomach"",""My homeland is not my belly"",""I prefer my nation over my food""]",1.0,1.0,1.11,0.86,95.8
a,cot_en,Arabic,MID0639,يجي الخريف.. واللواري بتقيف,Every dog has its day.,Every dog has its day.,False,"When autumn arrives, the wagons stop moving.",Autumn brings the halt of the carts.,"In the autumn season, the lorries come to a standstill.",Every dog has its day.,D,"When autumn arrives, the wagons stop moving.",Autumn brings the halt of the carts.,"In the autumn season, the lorries come to a standstill.","<reasoning>Readers unfamiliar with the idiomatic meaning might take each word at face value: “الخريف” as the season autumn, “اللواري” as wagons or carts, and “بتقيف” as stopping or ceasing. This leads to literal‑sounding readings that imagine autumn causing wagons to halt, rather than understanding the proverb’s meaning about everyone getting their turn or opportunity.</reasoning>
[""When autumn ar",1.0,1.0,1.6,0.84,95.2
a,cot_en,Arabic,MID0640,أبركها ساعة,Glad it is over! I shall send you a sympathy card.,Glad it is over! I shall send you a sympathy card.,False,I blessed her watch.,I gave her a blessing for an hour.,Glad it is over! I shall send you a sympathy card.,I blessed the hour (made it holy).,C,I blessed her watch.,I gave her a blessing for an hour.,I blessed the hour (made it holy).,"<reasoning>Without knowing the idiomatic meaning, a reader might parse the words literally: ""أبركها"" as ""I blessed her/him/it"" (verb baraka with a pronoun) and ""ساعة"" as either ""hour"" or ""watch/clock"". Combining them could lead to interpretations like blessing a timepiece, giving a blessing for a duration, or sanctifying the hour itself.</reasoning>
[""I blessed her watch."", ""I gave her a blessing ",1.0,0.6666666666666666,0.58,0.84,85.2
a,cot_en,Arabic,MID0641,أكل و راحه ونومه في البراحه,filling tummy and spending money,filling tummy and spending money,False,"Food, rest, and his sleep are situated outside.","He ate, rested, and slept in the open field.",filling tummy and spending money,"Eating, taking a break, and napping outdoors.",C,"He ate, rested, and slept in the open field.","Food, rest, and his sleep are situated outside.","Eating, taking a break, and napping outdoors.","<reasoning>A reader encountering the phrase might translate each word directly without considering idiomatic usage, interpreting the verbs and nouns as describing concrete actions and a location, leading to literal readings about eating, resting, sleeping, and being outdoors.</reasoning>
[""He ate, rested, and slept in the open field."", ""Food, rest, and his sleep are situated outside."", ""Eating, ta",1.0,1.0,1.6,0.93,97.9
a,cot_en,Arabic,MID0642,إنفخ يا شريم قال ماكو برطم.,Born to suffer. / You can not escape bad luck,Born to suffer. / You can not escape bad luck,False,"Blow, O shrimp! He said there is no برطم.","Blow, O cut one! He said there is no برطم.","Blow, O Shuraym! He said there is no برطم.",Born to suffer. / You can not escape bad luck,D,"Blow, O shrimp! He said there is no برطم.","Blow, O Shuraym! He said there is no برطم.","Blow, O cut one! He said there is no برطم.","<reasoning>When taking the proverb word‑for‑word without idiomatic sense, a reader might interpret “إنفخ” as the imperative “blow!” or “inflate!”, “يا شريم” as addressing either a shrimp (شريم) or a person named Shuraym, and “قال ماكو برطم” as a literal statement “he said there is no برطم”, treating the unfamiliar term برطم as an object (e.g., a kind of nut or a hit). This yields several plausible",1.0,1.0,0.93,0.25,77.5
a,cot_en,Arabic,MID0643,الباب اللي يجيك منه الريح سده واستريح.,If you are always dwelling in trouble change the address.,If you are always dwelling in trouble change the address.,False,Seal the chapter where the breeze enters and then relax.,Close the door where the wind blows and then build a dam to stop it.,If you are always dwelling in trouble change the address.,Shut the gate through which a spirit enters and then take a break.,C,Close the door where the wind blows and then build a dam to stop it.,Shut the gate through which a spirit enters and then take a break.,Seal the chapter where the breeze enters and then relax.,"<reasoning>
The Arabic proverb contains words with multiple meanings that could lead a reader astray if taken too literally. ""باب"" can mean door, gate, or even a chapter/section. ""ريح"" can refer to wind, breath, or a spirit/ghost. The verb "" سده"" (from سد) can mean to close, to block, or to build a dam. ""استريح"" can mean to rest, relax, or take a break. A reader might mix these senses, interpretin",1.0,1.0,1.27,0.79,93.7
a,cot_en,Arabic,MID0644,الباب يوسع جمل,Good riddance.,Good riddance.,False,Good riddance.,The door widens a camel,The door makes a camel broader,The door expands a camel,A,The door widens a camel,The door expands a camel,The door makes a camel broader,"[""The door widens a camel"",""The door expands a camel"",""The door makes a camel broader""]",1.0,1.0,2.67,0.4,82.0
a,cot_en,Arabic,MID0645,الروس نامت والعصاعص قامت,A fooling master makes a standing servant.,A fooling master makes a standing servant.,False,The Russians slept and the sticks stood up.,The heads slept and the branches woke up.,The dew slept and the gossip rose.,A fooling master makes a standing servant.,D,The Russians slept and the sticks stood up.,The dew slept and the gossip rose.,The heads slept and the branches woke up.,"<reasoning>A reader unfamiliar with the idiom might treat each word literally: ""الروس"" as ""the Russians"", ""نامت"" as ""slept"", ""العصاعص"" as ""the sticks"" (plural of عصا), ""قامت"" as ""stood up"". This yields a literal but nonsensical reading. Other plausible misreadings could involve interpreting ""الروس"" as ""the dew"" (confusing with ""الرّوس"" misread as ""الرّوص""), ""العصاعص"" as ""the gossip"" (from the root",1.0,1.0,1.1,0.67,90.1
a,cot_en,Arabic,MID0646,الشيفه شيفه والمعاني ضعيفه,still waters run deep.,still waters run deep.,False,A calm pond has a deep current beneath its surface.,"When water is still, it causes the ground to sink deeply.",Still water physically flows deep underground.,still waters run deep.,D,Still water physically flows deep underground.,A calm pond has a deep current beneath its surface.,"When water is still, it causes the ground to sink deeply.","[""Still water physically flows deep underground."", ""A calm pond has a deep current beneath its surface."", ""When water is still, it causes the ground to sink deeply.""]",1.0,1.0,2.25,0.96,98.8
a,cot_en,Arabic,MID0647,الغيم يحوم والرب رحوم,Every cloud has a silver lining.,Every cloud has a silver lining.,False,Every cloud has a silver lining.,The cloud itself is a merciful being that hovers,The cloud literally orbits the merciful Lord,The hovering cloud causes God to show mercy,A,The cloud literally orbits the merciful Lord,The cloud itself is a merciful being that hovers,The hovering cloud causes God to show mercy,"<reasoning>When readers take each word of the Arabic phrase at face value without recognizing its idiomatic meaning, they might imagine a physical scene where the cloud performs an action (hovering/orbiting) and attribute qualities (mercy) either to the cloud or to God in a literal, cause‑effect way. This leads to interpretations that treat the metaphor as a literal description of celestial mechan",1.0,1.0,1.33,0.82,94.6
a,cot_en,Arabic,MID0648,القلوب شواهد,The heart knows what the heart wants.,The heart knows what the heart wants.,False,Hearts are shelters,The heart knows what the heart wants.,Hearts are shows,Hearts are shadows,B,Hearts are shadows,Hearts are shows,Hearts are shelters,"<reasoning>When encountering the Arabic phrase القلوب شواهد, a reader might mistakenly interpret the noun شواهد (shāhid) as similar-sounding words like shadows, shows, or shelters, leading to literal but incorrect readings.</reasoning>[""Hearts are shadows"",""Hearts are shows"",""Hearts are shelters""]",1.0,0.0,0.43,0.5,55.0
a,cot_en,Arabic,MID0649,اللي ما يطول العنب حامضٍ عنه يقول.,They would find a fault with a fat goose.,They would find a fault with a fat goose.,False,Someone who cannot physically touch a grapevine declares the grapes are sour because they are out of reach.,They would find a fault with a fat goose.,A person who fails to pick a grape decides to criticize the grape's quality as a way to justify their failure.,"An individual who cannot reach a high-hanging fruit insists the fruit must be unpleasant to eat, using taste as an excuse for their inability.",B,Someone who cannot physically touch a grapevine declares the grapes are sour because they are out of reach.,A person who fails to pick a grape decides to criticize the grape's quality as a way to justify their failure.,"An individual who cannot reach a high-hanging fruit insists the fruit must be unpleasant to eat, using taste as an excuse for their inability.","<reasoning>
The Arabic proverb literally describes someone who cannot reach the grapes and then claims they are sour. A reader unfamiliar with the idiom might misinterpret the words literally, thinking the statement is about physically trying to grab grapes, about the taste of grapes, or about blaming something else for one's own shortcomings. Plausible but incorrect literal readings could involve",1.0,1.0,2.33,0.87,96.1
a,cot_en,Arabic,MID0650,انطر يا حمار على ما يجيك الربيع.,You have to wait donkey's years.,You have to wait donkey's years.,False,Tell the donkey to look at the spring that is coming to it.,Advise the donkey to remain stationary while sitting on the spring that arrives.,You have to wait donkey's years.,Instruct the donkey to wait for the spring season to arrive and then jump onto it.,C,Tell the donkey to look at the spring that is coming to it.,Instruct the donkey to wait for the spring season to arrive and then jump onto it.,Advise the donkey to remain stationary while sitting on the spring that arrives.,"<reasoning>A reader unfamiliar with the idiomatic meaning might take each word at face value, imagining a literal conversation with a donkey about the season of spring. They could think the speaker is instructing the donkey to observe, wait for, or physically interact with spring in a concrete way, ignoring the figurative sense of ""donkey's years"" meaning a long wait.</reasoning>[""Tell the donkey ",1.0,1.0,2.33,0.76,92.8
a,cot_en,Arabic,MID0651,بغى يكحلها عماها,gild the lily.,gild the lily.,False,A person desires to put eyeliner on a statue's eye to make it look more beautiful.,gild the lily.,"He wishes to adorn a camel's eye with kohl, thinking it needs decoration.",Someone wants to apply kohl to a blind person's eye.,B,Someone wants to apply kohl to a blind person's eye.,A person desires to put eyeliner on a statue's eye to make it look more beautiful.,"He wishes to adorn a camel's eye with kohl, thinking it needs decoration.","<reasoning>A reader unfamiliar with the idiomatic meaning might break down the phrase word‑by‑word: بغى (bagha) “wants/desires”, يكحلها (yakḥuluhā) “applies kohl to her”, عماها (3umāhā) “her blindness/her eye”. Taking each component literally could lead to interpretations about putting eyeliner on someone who cannot see, or adorning an eye that is already blind, or treating a non‑literal “eye” (li",1.0,1.0,4.33,0.88,96.4
a,cot_en,Arabic,MID0652,بغيناه عون صار فرعون,A wolf in sheep's clothing.,A wolf in sheep's clothing.,False,A wolf in sheep's clothing.,"Bghinah, a person named Awn, transformed into the Pharaoh Far'oun",The act of helping Awn caused Bghinah to become a Pharaoh,"When Bghinah sought aid (awn), the result was the creation of a pharaoh statue",A,"Bghinah, a person named Awn, transformed into the Pharaoh Far'oun",The act of helping Awn caused Bghinah to become a Pharaoh,"When Bghinah sought aid (awn), the result was the creation of a pharaoh statue","[""Bghinah, a person named Awn, transformed into the Pharaoh Far'oun"",""The act of helping Awn caused Bghinah to become a Pharaoh"",""When Bghinah sought aid (awn), the result was the creation of a pharaoh statue""]",1.0,1.0,2.33,0.81,94.3
a,cot_en,Arabic,MID0653,بوطبيع ما يجور عن طبعه,Old habits die hard.,Old habits die hard.,False,"In the desert, it does not wander from its usual path.",Old habits die hard.,"By habit, it does not deviate from its nature.","In nature, it never strays from its habit.",B,"In nature, it never strays from its habit.","By habit, it does not deviate from its nature.","In the desert, it does not wander from its usual path.","<reasoning>The Arabic proverb “بوطبيع ما يجور عن طبعه” can be broken down word‑for‑word as “in nature, it does not deviate from its nature.” A reader unfamiliar with the idiomatic meaning might take each lexical item at face value, leading to literal‑sounding interpretations that confuse the concepts of “nature,” “habit,” “path,” or “desert,” and produce statements that are either tautological or ",1.0,1.0,2.33,0.73,91.9
a,cot_en,Arabic,MID0654,جاك الموت يا تارك الصلاه,Your sins have caught up with you.,Your sins have caught up with you.,False,"Jack, personified as Death, warns the prayer‑abandoner",The death of Jack is announced to one who neglects prayer,Jack the Death confronts those who abandon prayer,Your sins have caught up with you.,D,Jack the Death confronts those who abandon prayer,The death of Jack is announced to one who neglects prayer,"Jack, personified as Death, warns the prayer‑abandoner","[""Jack the Death confronts those who abandon prayer"",""The death of Jack is announced to one who neglects prayer"",""Jack, personified as Death, warns the prayer‑abandoner""]",1.0,1.0,1.24,0.84,95.2
a,cot_en,Arabic,MID0655,حاط دوبَه دُوبي, he picks on me, he picks on me,False,He surrounds his tail with me, he picks on me,He guards his bear against me,He puts his tail on me,B,He puts his tail on me,He guards his bear against me,He surrounds his tail with me,"<reasoning>A reader unfamiliar with the idiomatic sense might translate each word literally, interpreting ""حاط"" as ""puts"" or ""guards"", ""دوبَه"" as ""his tail"" or ""his bear"", and ""دُوبي"" as ""tail"" or ""bear"", leading to odd literal meanings.</reasoning>[""He puts his tail on me"",""He guards his bear against me"",""He surrounds his tail with me""]",1.0,1.0,1.5,0.61,88.3
a,cot_en,Arabic,MID0656,حلات الثوب رقعته منه وفيه,Cut from the same cloth.,Cut from the same cloth.,False,The garment's tears are repaired using material from the same garment and the mending stays inside the piece.,Cut from the same cloth.,The cloth's cuts are taken from its own fabric and stay within the material.,The garment's patches are sewn from the same piece of cloth and remain inside the garment.,B,The garment's patches are sewn from the same piece of cloth and remain inside the garment.,The cloth's cuts are taken from its own fabric and stay within the material.,The garment's tears are repaired using material from the same garment and the mending stays inside the piece.,"<reasoning>
A reader might take the Arabic words literally, thinking the proverb talks about actual pieces of fabric, patches, or sewing, interpreting it as a statement about garment repair or construction rather than its figurative meaning about similarity. Three plausible but incorrect literal readings could be: the patches of a garment are made from the same cloth and remain inside it; the garm",1.0,1.0,3.2,0.78,93.4
a,cot_en,Arabic,MID0657,خبز خبزتيه يا الرفله إكليه.," You made your bed, now lie in it."," You made your bed, now lie in it.",False," You made your bed, now lie in it.","You made bread, O the one who raises, eat it.","You baked bread, O lifter, eat it.","You baked bread, O baker, eat it.",A,"You baked bread, O lifter, eat it.","You made bread, O the one who raises, eat it.","You baked bread, O baker, eat it.","<reasoning>A reader might take each word at face value: ""خبز"" as bread, ""خبزتيه"" as you baked it, ""يا الرفله"" as O the one who lifts/raises, and ""إكليه"" as eat it, leading to literal readings about baking bread and eating it, perhaps addressing a baker or a lifter.</reasoning>[""You baked bread, O lifter, eat it."", ""You made bread, O the one who raises, eat it."", ""You baked bread, O baker, eat it.""",1.0,1.0,1.0,0.47,84.1
a,cot_en,Arabic,MID0658,راحت السكرة وجات الفكرة,The idea came after the drunkness passed.,The idea came after the drunkness passed.,False,The sugar went and the idea came.,The intoxication departed and the thought showed up.,The idea came after the drunkness passed.,The sweetness left and the notion arrived.,C,The sugar went and the idea came.,The sweetness left and the notion arrived.,The intoxication departed and the thought showed up.,"<reasoning>A reader unfamiliar with the idiomatic meaning might treat each word literally, interpreting ""سكرة"" as sugar or sweetness rather than intoxication, and ""فكرة"" as a concrete object that can physically arrive. This leads to literal‑sounding readings where the sentence describes a physical departure of sugar/sweetness and an arrival of an idea or thought as if they were movable items.</rea",1.0,1.0,1.05,0.81,94.3
a,cot_en,Arabic,MID0659,ردت حليمه لعادتها القديمه,Old habits die hard,Old habits die hard,False,Old habits die hard,Halima gave away her old habit,Halima returned her old habit to someone else,Someone returned Halima's old habit to her,A,Halima returned her old habit to someone else,Someone returned Halima's old habit to her,Halima gave away her old habit,"[""Halima returned her old habit to someone else"", ""Someone returned Halima's old habit to her"", ""Halima gave away her old habit""]",1.0,1.0,1.75,0.54,86.2
a,cot_en,Arabic,MID0660,سو خير وقطه بحر.,Do good and cast it into the sea.,Do good and cast it into the sea.,False,Do good and cast it into the sea.,Perform good deeds and then literally throw those deeds into the sea.,Do good actions and then pour seawater over them.,Carry out good deeds and then immerse them in seawater.,A,Perform good deeds and then literally throw those deeds into the sea.,Do good actions and then pour seawater over them.,Carry out good deeds and then immerse them in seawater.,"[""Perform good deeds and then literally throw those deeds into the sea."", ""Do good actions and then pour seawater over them."", ""Carry out good deeds and then immerse them in seawater.""]",1.0,1.0,1.29,0.8,94.0
a,cot_en,Arabic,MID0661,سيل ما يبلك ما يهمك,"Not my circus, not my monkeys.","Not my circus, not my monkeys.",False,"If a flood does not reach you, you have no worries.","A flood does not wet you, so it does not matter to you.","Not my circus, not my monkeys.","Since the flood never touches you, you can ignore it.",C,"A flood does not wet you, so it does not matter to you.","If a flood does not reach you, you have no worries.","Since the flood never touches you, you can ignore it.","<reasoning>
A reader might take each word of the Arabic proverb at face value: ""سيل"" (flood/seal), ""ما"" (not), ""يبلك"" (wets you), ""ما"" (not), ""همk"" (concerns you). From this they could infer that the saying is about a flood that does not wet the speaker, thus it is irrelevant, or that because the flood does not reach them they have no worries, or that since the flood never touches them they can ig",1.0,1.0,1.89,0.81,94.3
a,cot_en,Arabic,MID0662,طرار ويتشرط,Beggars can't be choosers.,Beggars can't be choosers.,False,Beggars can't be choosers.,A sweeper who stipulates terms,Tarar (a person) sets conditions,A dragged object that imposes a condition,A,Tarar (a person) sets conditions,A sweeper who stipulates terms,A dragged object that imposes a condition,"<reasoning>
A reader unfamiliar with the idiom might parse the Arabic words literally, treating each term as a separate concrete concept rather than recognizing the figurative meaning. For example, they could see ""طرار"" as a proper name or a noun meaning ""one who sweeps/drags,"" and ""ويتشترط"" as the verb ""and he stipulates/sets a condition."" This could lead to interpretations such as a person named",1.0,1.0,1.42,0.97,99.1
a,cot_en,Arabic,MID0663,طق واطمر,Strike while the iron is hot.,Strike while the iron is hot.,False,Strike while the iron is hot.,Hit and conceal,Pound and hide,Strike and bury,A,Strike and bury,Hit and conceal,Pound and hide,"<reasoning>A reader unfamiliar with the idiomatic meaning might take each word at face value: ""طق"" as a physical strike or beat, ""و"" as the conjunction ""and"", and ""اطمر"" as to bury or conceal. From this they could infer actions like striking then burying something, or pounding then hiding it, leading to several plausible but incorrect literal readings.</reason>
[""Strike and bury"", ""Hit and conceal",1.0,0.0,0.5,0.8,64.0
a,cot_en,Arabic,MID0664,عباس فوق دباس,Like a madhouse,Like a madhouse,False,Like a madhouse,A person named Abbas is physically above a drum (dabbas),Abbas is positioned above a bass fish,Abbas is literally standing on top of a stick,A,Abbas is literally standing on top of a stick,A person named Abbas is physically above a drum (dabbas),Abbas is positioned above a bass fish,"[""Abbas is literally standing on top of a stick"", ""A person named Abbas is physically above a drum (dabbas)"", ""Abbas is positioned above a bass fish""]",1.0,1.0,2.89,0.75,92.5
a,cot_en,Arabic,MID0665,كثر الدق يفك اللحام.,Constant dripping wears away the stone,Constant dripping wears away the stone,False,Constant dripping wears away the stone,Frequent knocking on a door will make its hinges come undone.,Many hammer strikes will loosen a welded joint.,Constant tapping will cause a glued seam to come apart.,A,Many hammer strikes will loosen a welded joint.,Constant tapping will cause a glued seam to come apart.,Frequent knocking on a door will make its hinges come undone.,"<reasoning>When readers encounter the Arabic proverb ""كثـر الدق يفك اللحام"" they might focus on the individual words and ignore its metaphorical meaning. ""دق"" can be understood as ""to strike, knock, or tap,"" and ""لحام"" can be taken literally as ""welding, soldering, or a joint."" This leads to literal readings that imagine physical actions causing a material connection to loosen or break, rather tha",1.0,1.0,1.61,0.86,95.8
a,cot_en,Arabic,MID0666,كل يرى الناس بعين طبعه,"People see the world not as it is, but as they are.","People see the world not as it is, but as they are.",False,The saying means that a person's nature determines which other people they are able to see at all.,"People see the world not as it is, but as they are.",People see others only through the literal color of their own eyes.,Each individual perceives others by wearing glasses that match their personality traits.,B,People see others only through the literal color of their own eyes.,Each individual perceives others by wearing glasses that match their personality traits.,The saying means that a person's nature determines which other people they are able to see at all.,"<reasoning>The proverb literally says every person sees people with the eye of his/her nature. A reader might mistakenly take this to mean a physical or mechanical seeing process tied to one's eyesight, personality as a literal lens, or that one's nature determines who can be seen at all, rather than the figurative meaning about perception shaped by character.</reasoning>
[""People see others only ",1.0,1.0,1.17,0.92,97.6
a,cot_en,Arabic,MID0667,كلوا كده وسبوا يده,Biting the hand that feeds you.,Biting the hand that feeds you.,False,They must eat like that and then leave a hand (as in a body part) somewhere,People ought to eat like that and then leave someone's hand behind,They should eat food in that manner and then abandon a hand,Biting the hand that feeds you.,D,They should eat food in that manner and then abandon a hand,People ought to eat like that and then leave someone's hand behind,They must eat like that and then leave a hand (as in a body part) somewhere,"[""They should eat food in that manner and then abandon a hand"", ""People ought to eat like that and then leave someone's hand behind"", ""They must eat like that and then leave a hand (as in a body part) somewhere""]",1.0,1.0,2.22,0.66,89.8
a,cot_en,Arabic,MID0668,لا تدخل عصك بشى مايخصك.,Don't poke your nose into others' affairs.,Don't poke your nose into others' affairs.,False,Don't poke your nose into others' affairs.,Don't thrust your staff into things that are yours.,Don't poke your cane into matters that concern you.,Don't insert your walking stick into your own belongings.,A,Don't insert your walking stick into your own belongings.,Don't poke your cane into matters that concern you.,Don't thrust your staff into things that are yours.,"<reasoning>The phrase contains words that can be taken very literally: ""عصك"" (your stick/cane), ""بشى"" (into something), and ""مايخصك"" (that belongs to you). A reader unfamiliar with the idiomatic meaning might interpret each word at face value, leading to literal‑sounding warnings about physically inserting a stick or cane into one’s own possessions or affairs, rather than the figurative advice abo",1.0,1.0,1.29,0.76,92.8
a,cot_en,Arabic,MID0669,لا تودع الفار شحمه,Don't let the fox guard the henhouse.,Don't let the fox guard the henhouse.,False,Don't let the fox guard the henhouse.,Do not store the fox's fat,Do not give fat to a fox,Do not let a fox keep its own fat,A,Do not store the fox's fat,Do not let a fox keep its own fat,Do not give fat to a fox,"<reasoning>A reader might take each word at face value without considering the idiomatic meaning. ""لا تودع"" could be read as ""do not deposit"" or ""do not entrust,"" ""الفار"" as ""the fox,"" and ""شحمه"" as ""its fat."" From this literal parsing, they might infer various concrete actions involving a fox and its fat, none of which capture the intended warning about entrusting a cunning person with responsibi",1.0,1.0,1.05,0.67,90.1
a,cot_en,Arabic,MID0670,لي فات الفوت ما ينفع الصوت.,"Grasp all, lose all.","Grasp all, lose all.",False,"What I missed, the fate does not help the sound.","For me, the missed opportunity, the foot does not aid the voice.","For me, the foot passed, and it does not benefit the voice.","Grasp all, lose all.",D,"For me, the foot passed, and it does not benefit the voice.","What I missed, the fate does not help the sound.","For me, the missed opportunity, the foot does not aid the voice.","<reasoning>
A reader unfamiliar with the idiomatic meaning might try to translate each word literally, ignoring grammar and idiomatic usage. They could mistake ""لي"" as a possessive ""for me"", ""فات"" as the verb ""passed"" or ""missed"", ""الفوت"" as a noun like ""the foot"" or ""the fate"", and ""ما ينفع الصوت"" as a clause about what does not benefit the voice or sound. This leads to odd, literal‑sounding sent",1.0,1.0,2.83,0.71,91.3
a,cot_en,Arabic,MID0671,مايعرف رأسه من كرياسه,Can't tell his head from his tail.,Can't tell his head from his tail.,False,He believes a snake's head and tail look identical,Can't tell his head from his tail.,He confuses the heads and tails sides of a coin,He thinks his own tail is his head,B,He thinks his own tail is his head,He confuses the heads and tails sides of a coin,He believes a snake's head and tail look identical,"<reasoning>A reader might interpret the saying literally, imagining a person who cannot distinguish his own head from his tail, perhaps thinking of a lizard that regrows its tail, a coin where heads and tails are sides, or a snake whose ends look alike.</reasoning>[""He thinks his own tail is his head"",""He confuses the heads and tails sides of a coin"",""He believes a snake's head and tail look ident",1.0,1.0,1.29,0.84,95.2
a,cot_en,Arabic,MID0672,مد رجولك على قد لحافك.,Live within your means.,Live within your means.,False,Use the blanket as a measuring tool to determine the length of your leg,Adjust the blanket’s size so that it exactly covers your leg,Live within your means.,Stretch your leg out onto the blanket to see if it fits,C,Stretch your leg out onto the blanket to see if it fits,Use the blanket as a measuring tool to determine the length of your leg,Adjust the blanket’s size so that it exactly covers your leg,"<reasoning>
A reader unfamiliar with the idiomatic meaning might take the phrase literally, imagining a physical action involving a leg and a blanket. Possible literal misunderstandings include: thinking the speaker is advising to physically stretch one's leg onto a blanket, to measure the length of a leg using a blanket as a ruler, or to adjust the size of a blanket to fit one's leg. Each of thes",1.0,1.0,3.08,0.8,94.0
a,cot_en,Arabic,MID0673,من طلع من داره قل مقداره.,"East or west, home is best ","East or west, home is best ",False,Anyone who goes out from his dwelling sees his quantity reduced.,"East or west, home is best ",He who exits his home experiences a decrease in his stature.,"Whoever leaves his house, his amount diminishes.",B,"Whoever leaves his house, his amount diminishes.",Anyone who goes out from his dwelling sees his quantity reduced.,He who exits his home experiences a decrease in his stature.,"<reasoning>A reader unfamiliar with the idiomatic meaning might translate each word directly, interpreting the proverb as a statement about a physical or quantifiable decrease when someone leaves their house, rather than about the superiority of home. This could lead to literal readings that focus on a reduction in “measure,” “amount,” or “stature” associated with exiting the dwelling.</reasoning>",1.0,1.0,1.61,0.92,97.6
a,cot_en,Arabic,MID0674,نام مظلوم ولا تنام ظالم.,"Better suffer ill, than do ill.","Better suffer ill, than do ill.",False,Rest while concealed; do not rest while exposed.,"Better suffer ill, than do ill.","Sleep in the shadows, and stay awake in the light.","Name the darkness, and do not name the oppressor.",B,"Name the darkness, and do not name the oppressor.","Sleep in the shadows, and stay awake in the light.",Rest while concealed; do not rest while exposed.,"<reasoning>
Readers might misinterpret the verb ""نام"" as meaning ""to name"" instead of ""to sleep,"" or take the nouns ""مظلوم"" and ""ظالم"" in senses other than ""oppressed"" and ""oppressor"" (e.g., darkness/shade vs. light/manifest, or hidden vs. visible). They could also confuse the imperative form with a statement about being named, or read the negation as applying to the first clause. These alternativ",1.0,1.0,1.5,0.89,96.7
a,cot_en,Arabic,MID0675,نوم الظالم عباده.,Let sleeping dogs lie.,Let sleeping dogs lie.,False,Let sleeping dogs lie.,"When the tyrant rests, his slaves are obliged to stay awake.",The unjust person sleeps because his servants allow it.,The oppressor's sleep belongs to his slaves.,A,The oppressor's sleep belongs to his slaves.,The unjust person sleeps because his servants allow it.,"When the tyrant rests, his slaves are obliged to stay awake.","[""The oppressor's sleep belongs to his slaves."", ""The unjust person sleeps because his servants allow it."", ""When the tyrant rests, his slaves are obliged to stay awake.""]",1.0,1.0,2.25,0.85,95.5
a,cot_en,Arabic,MID0676, إذا فات الفرصة لا ينفع الندم, It's no use crying over spilt milk., It's no use crying over spilt milk.,False,"If you let a glass of milk spill, crying over it won't refill the glass.","If you miss a train, feeling sorry won't make the train come back.","If you fail to take a chance to eat a snack, regretting it won't bring the snack back.", It's no use crying over spilt milk.,D,"If you miss a train, feeling sorry won't make the train come back.","If you let a glass of milk spill, crying over it won't refill the glass.","If you fail to take a chance to eat a snack, regretting it won't bring the snack back.","<reasoning>A reader might take the Arabic words at face value, interpreting ""الفرصة"" (the opportunity) as a concrete thing like a train or a glass of milk, and ""الندم"" (regret) as literal crying or sorrow, leading to nonsensical literal meanings that miss the idiomatic sense about futility of regret after a missed chance.</reason>
[""If you miss a train, feeling sorry won't make the train come back",1.0,1.0,2.19,0.76,92.8
a,cot_en,Arabic,MID0677, برمة الشرك لا تثور,Two cooks spoil the cook,Two cooks spoil the cook,False,A shared cooking vessel never produces foam or bubbles.,A partnership pot never gets hot enough to boil.,The pot used for joint cooking remains cold and inactive.,Two cooks spoil the cook,D,A partnership pot never gets hot enough to boil.,A shared cooking vessel never produces foam or bubbles.,The pot used for joint cooking remains cold and inactive.,"[""A partnership pot never gets hot enough to boil."", ""A shared cooking vessel never produces foam or bubbles."", ""The pot used for joint cooking remains cold and inactive.""]",1.0,1.0,1.87,0.92,97.6
a,cot_en,Arabic,MID0678, خدم فشمس وكل فظله.,Hard work pays off.,Hard work pays off.,False,"A servant, the sun, and all shadows together",The servant of the sun owns every bit of shade,Hard work pays off.,A servant labors in the sunshine and enjoys all its shade,C,A servant labors in the sunshine and enjoys all its shade,The servant of the sun owns every bit of shade,"A servant, the sun, and all shadows together","[""A servant labors in the sunshine and enjoys all its shade"",""The servant of the sun owns every bit of shade"",""A servant, the sun, and all shadows together""]",1.0,1.0,2.42,0.83,94.9
a,cot_en,Arabic,MID0679, دافع النقم باللقم, Giving is receiving., Giving is receiving.,False,Repel misfortune by throwing food at it, Giving is receiving.,Defend against anger by biting someone,Avoid trouble by eating a bite,B,Repel misfortune by throwing food at it,Defend against anger by biting someone,Avoid trouble by eating a bite,"<reasoning>The phrase consists of the verb دافع (to repel/defend against), the noun النقم (the misfortunes, afflictions, or grudges), and the prepositional phrase باللقم (with the morsels/bites). A reader unfamiliar with the idiomatic sense might take each word at face value and imagine a concrete action involving food or biting to counteract some negative state, leading to various literal but inc",1.0,1.0,2.11,0.91,97.3
a,cot_en,Arabic,MID0680,أنا أقول جمل وانته تقول جبل.,Like talking to a brick wall.,Like talking to a brick wall.,False,"I am talking about camels and you are talking about building a mountain, implying we are discussing construction projects involving animals and earth.","I am calling you a camel and you are calling me a mountain, i.e., we are insulting each other with animal and geological names.","I am uttering sentences while you are uttering mountains, meaning we are talking about completely different things.",Like talking to a brick wall.,D,"I am uttering sentences while you are uttering mountains, meaning we are talking about completely different things.","I am calling you a camel and you are calling me a mountain, i.e., we are insulting each other with animal and geological names.","I am talking about camels and you are talking about building a mountain, implying we are discussing construction projects involving animals and earth.","<reasoning>Readers unfamiliar with the idiom might take the words at face value but misassign meanings: they could confuse جمل (camel) with جملة (sentence), treat the exchange as mutual name‑calling, or imagine the speakers are discussing unrelated topics like camels versus mountain‑building projects.</reasoning>
[""I am uttering sentences while you are uttering mountains, meaning we are talking ab",1.0,1.0,3.56,0.77,93.1
a,cot_en,Arabic,MID0681,إذا فات الفوت ما ينفع الصوت, It's no use crying over spilt milk., It's no use crying over spilt milk.,False,"If you lose your foot, shouting won't help you find it.","If you miss the sound, crying won't make it return.","If you forget to turn off the tap, making noise won't stop the water.", It's no use crying over spilt milk.,D,"If you lose your foot, shouting won't help you find it.","If you miss the sound, crying won't make it return.","If you forget to turn off the tap, making noise won't stop the water.","<reasoning>A reader might misinterpret the Arabic words literally: taking ""الفوت"" as ""the foot"" or ""the missing"", ""الصوت"" as ""the sound"" or ""the voice"", and the conditional ""إذا فات"" as a condition about something being missed or lost, leading to odd literal meanings such as missing a body part, losing one's voice, or a missed opportunity being a physical object.</reasoning>
[""If you lose your foo",1.0,1.0,1.67,0.82,94.6
a,cot_en,Arabic,MID0682,اتجمعها الغزالة وتاكلها السبالة,To take the credit for someone else's work.,To take the credit for someone else's work.,False,To take the credit for someone else's work.,The gazelle accumulates honey and the hyenas steal it.,The gazelle gathers fruit and the hyenas eat the fruit.,The gazelle collects sticks and the hyenas use them to build nests.,A,The gazelle gathers fruit and the hyenas eat the fruit.,The gazelle collects sticks and the hyenas use them to build nests.,The gazelle accumulates honey and the hyenas steal it.,"[""The gazelle gathers fruit and the hyenas eat the fruit."", ""The gazelle collects sticks and the hyenas use them to build nests."", ""The gazelle accumulates honey and the hyenas steal it.""]",1.0,1.0,1.29,0.71,91.3
a,cot_en,Arabic,MID0683,احابي حمد من اجل عيون محمد,"Love me, love my dog.","Love me, love my dog.",False,I love Hamid in order to get Muhammad's eyes.,I love Hamid and also love Muhammad's eyes.,"Love me, love my dog.",I love Hamid because I like Muhammad's eyes.,C,I love Hamid because I like Muhammad's eyes.,I love Hamid in order to get Muhammad's eyes.,I love Hamid and also love Muhammad's eyes.,"<reasoning>The Arabic sentence can be read word‑for‑word as expressing a cause‑effect relationship between loving Hamid and Muhammad's eyes, leading a reader to think the speaker's affection for Hamid is motivated by or connected to Muhammad's eyes rather than understanding the idiomatic meaning ""love me, love my dog.""</reasoning>
[""I love Hamid because I like Muhammad's eyes."", ""I love Hamid in o",1.0,1.0,1.67,0.51,85.3
a,cot_en,Arabic,MID0684,اذا ما طاعك الدهر طيعه حتى تكون ربيعه,Adapt or perish.,Adapt or perish.,False,Adapt or perish.,"If the era obeys you, you must obey it until you become the spring season","If time listens to you, you should listen to time until you become a literal water spring","If the age follows your commands, you must follow the age until you become a spring of livelihood",A,"If the era obeys you, you must obey it until you become the spring season","If time listens to you, you should listen to time until you become a literal water spring","If the age follows your commands, you must follow the age until you become a spring of livelihood","<reasoning>Readers might take the metaphorical words literally: interpreting ""الدهر"" (the age/time) as a person who can obey, ""طاعة"" as literal obedience, and ""ربيعه"" as a concrete spring—either the season, a water source, or a source of sustenance—leading to various non‑figurative readings.</reasoning>
[""If the era obeys you, you must obey it until you become the spring season"",""If time listens t",1.0,1.0,5.56,0.71,91.3
a,cot_en,Arabic,MID0685,اركب الهزيله حتى تلحق السمينه, Slow and steady wins the race., Slow and steady wins the race.,False,Riding a skinny person (like a child) will help you catch up to a fat person (like an adult) in a race., Slow and steady wins the race.,"You must physically ride a thin horse until you catch up to a fat horse, implying you should keep riding a skinny animal to eventually reach a heavier one.","If you ride a skinny bicycle long enough, you will eventually become as strong as someone riding a fat bicycle.",B,"You must physically ride a thin horse until you catch up to a fat horse, implying you should keep riding a skinny animal to eventually reach a heavier one.","If you ride a skinny bicycle long enough, you will eventually become as strong as someone riding a fat bicycle.",Riding a skinny person (like a child) will help you catch up to a fat person (like an adult) in a race.,"[""You must physically ride a thin horse until you catch up to a fat horse, implying you should keep riding a skinny animal to eventually reach a heavier one."", ""If you ride a skinny bicycle long enough, you will eventually become as strong as someone riding a fat bicycle."", ""Riding a skinny person (like a child) will help you catch up to a fat person (like an adult) in a race.""]",1.0,1.0,3.94,0.77,93.1
a,cot_en,Arabic,MID0686,الأعور على العميان باشا,"in the land of the blind, the one-eyed man is king","in the land of the blind, the one-eyed man is king",False,"In a community where everyone lacks sight, the individual possessing a single eye is automatically given the rank of Pasha because his partial vision qualifies him to lead.","The proverb means that if you are one‑eyed and surrounded by blind people, you will literally receive the honorary title of Pasha, regardless of any other skills or achievements.",A person who has only one eye will be appointed as a Pasha (governor) whenever they find themselves living among completely blind individuals.,"in the land of the blind, the one-eyed man is king",D,A person who has only one eye will be appointed as a Pasha (governor) whenever they find themselves living among completely blind individuals.,"In a community where everyone lacks sight, the individual possessing a single eye is automatically given the rank of Pasha because his partial vision qualifies him to lead.","The proverb means that if you are one‑eyed and surrounded by blind people, you will literally receive the honorary title of Pasha, regardless of any other skills or achievements.","<reasoning>Readers unfamiliar with the figurative nature of the proverb might interpret it as a direct statement about physical eyesight and the Ottoman title Pasha, imagining scenarios where a person's limited vision actually grants them authority over those who are completely blind. They could think the saying describes a literal promotion rule, a medical appointment, or a social hierarchy based",1.0,1.0,2.42,0.95,98.5
a,cot_en,Arabic,MID0687,الاسم شايع والبطن جايع,A good name is better than riches,A good name is better than riches,False,"A popular reputation spreads like food, but you remain hungry because notoriety doesn’t satisfy basic needs.",A good name is better than riches,"The name is widely known while the person’s stomach is empty, implying fame does not feed you.",If your name is common (shāyi‘) you will inevitably experience hunger (jaī‘) because commonness brings no sustenance.,B,"The name is widely known while the person’s stomach is empty, implying fame does not feed you.","A popular reputation spreads like food, but you remain hungry because notoriety doesn’t satisfy basic needs.",If your name is common (shāyi‘) you will inevitably experience hunger (jaī‘) because commonness brings no sustenance.,"<reasoning>
A reader unfamiliar with the idiomatic meaning might treat each word at face value, interpreting the phrase as a straightforward statement about a name's popularity and a person's hunger. They could imagine scenarios where fame leads to hunger, where a widely known name is associated with food scarcity, or where the act of spreading a name somehow causes one's stomach to be empty. Thes",1.0,1.0,2.38,0.96,98.8
a,cot_en,Arabic,MID0688,البجمة اروح من الغلفة,Better something than nothing.,Better something than nothing.,False,Better something than nothing.,The gum escapes from the wrapper.,I go from the wrapper.,The gum is better than the wrapper.,A,The gum is better than the wrapper.,I go from the wrapper.,The gum escapes from the wrapper.,"<reasoning>When encountering the Arabic phrase ""البجمة اروح من الغلفة"", a reader unfamiliar with its idiomatic meaning might treat each word literally: ""البجمة"" could be understood as ""the gum"" (as in chewing gum), ""اروح"" as ""I go"" or ""it goes"", and ""من الغلفة"" as ""from the wrapper"". This leads to several plausible but incorrect literal readings, such as interpreting the phrase as a comparison bet",1.0,1.0,1.5,0.66,89.8
a,cot_en,Arabic,MID0689,البيت يُدْخَل من بابه ,"Do it right, or don't do it at all.","Do it right, or don't do it at all.",False,"Do it right, or don't do it at all.",The only permissible way to gain access to any interior space is by using a door; alternative methods like climbing or breaking walls are forbidden.,You must only enter a house through its front door and never through windows or other openings.,"When constructing a building, you should install the door before any other part of the structure.",A,You must only enter a house through its front door and never through windows or other openings.,"When constructing a building, you should install the door before any other part of the structure.",The only permissible way to gain access to any interior space is by using a door; alternative methods like climbing or breaking walls are forbidden.,"<reasoning>A reader might interpret the Arabic phrase literally, focusing on the physical act of entering a house through a door and ignoring its metaphorical meaning about doing things correctly or not at all. This could lead to assumptions about architectural rules, construction order, or strict access methods that are not the intended lesson.</reasoning>
[""You must only enter a house through it",1.0,1.0,2.15,0.9,97.0
a,cot_en,Arabic,MID0690,الخساره مع بعض الناس عيد,One man's meat is another man's poison.,One man's meat is another man's poison.,False,Defeat among certain people is a feast,One man's meat is another man's poison.,Loss with some people is a holiday,Misfortune with some folks is a celebration,B,Loss with some people is a holiday,Defeat among certain people is a feast,Misfortune with some folks is a celebration,"[""Loss with some people is a holiday"",""Defeat among certain people is a feast"",""Misfortune with some folks is a celebration""]",1.0,1.0,1.0,0.72,91.6
a,cot_en,Arabic,MID0691,الشيفة شيفة والمعاني ضعيفة.,still waters run deep.,still waters run deep.,False,The lip is a lip and the significance is feeble.,The spoon is a spoon and the ideas are insubstantial.,still waters run deep.,The chef is a chef and the meanings are weak.,C,The chef is a chef and the meanings are weak.,The lip is a lip and the significance is feeble.,The spoon is a spoon and the ideas are insubstantial.,"<reasoning>A reader unfamiliar with the idiomatic sense might treat each word as a literal noun or adjective, ignoring metaphorical meaning. They could interpret ""الشيفة"" as ""the chef"" (or ""the lip""/""the spoon"" due to similar‑looking roots), read the repetition as a tautology, and take ""المعاني ضعيفة"" to mean that thoughts, significance, or ideas are weak or feeble, leading to a plain‑spoken, nons",1.0,1.0,2.5,0.61,88.3
a,cot_en,Arabic,MID0692,العرق دساس ضارب إلى الأساس.,Blood will tell.,Blood will tell.,False,Perspiration covertly attacks the underlying structure,Blood will tell.,Sweat secretly infiltrates the foundation,Blood acts as a spy that strikes the base,B,Sweat secretly infiltrates the foundation,Blood acts as a spy that strikes the base,Perspiration covertly attacks the underlying structure,"[""Sweat secretly infiltrates the foundation"",""Blood acts as a spy that strikes the base"",""Perspiration covertly attacks the underlying structure""]",1.0,1.0,2.22,0.92,97.6
a,cot_en,Arabic,MID0693,اللي يبغي السح ما يقول أح,Nothing worth having comes easy.,Nothing worth having comes easy.,False,Nothing worth having comes easy.,Anyone who wants soup does not say 'ah',He who desires the spell does not utter 'ah',Whoever wants the magic does not say 'ah',A,Anyone who wants soup does not say 'ah',He who desires the spell does not utter 'ah',Whoever wants the magic does not say 'ah',"<reasoning>A reader unfamiliar with Arabic might take each word at face value, misidentifying colloquial or dialectal terms. They could confuse ""السح"" with similar-sounding words like ""الشوربة"" (soup), ""السحر"" (magic/spell), or a proper name, and interpret ""ما يقول أح"" literally as ""does not say 'ah'"". This leads to literal‑sounding but incorrect readings such as ""Anyone who wants soup does not sa",1.0,1.0,1.67,0.64,89.2
a,cot_en,Arabic,MID0694,اما جلس وهجع واما اضرب ووجع,Do it right or don’t do it at all.,Do it right or don’t do it at all.,False,Do it right or don’t do it at all.,"Either one remains seated and slumbers, or one hits and causes anguish","Either one sits and naps, or one strikes and hurts","Either one takes a seat and dozes, or one delivers a blow and feels sore",A,"Either one sits and naps, or one strikes and hurts","Either one remains seated and slumbers, or one hits and causes anguish","Either one takes a seat and dozes, or one delivers a blow and feels sore","<reasoning>
A reader unfamiliar with the idiomatic sense might take each word at face value, interpreting the two alternatives as concrete actions: the first option describing someone sitting and dozing, the second option describing someone striking and causing pain. This leads to literal readings that focus on the physical acts of sitting/sleeping versus hitting/hurting, missing the figurative me",1.0,1.0,1.37,0.75,92.5
a,cot_en,Arabic,MID0695,انا اقول جمل وانت تقول جبل,Like talking to a brick wall.,Like talking to a brick wall.,False,"One person is talking about a camel while the other is talking about a mountain, meaning they discuss two unrelated topics.","The speaker says the word 'camel' and the listener says the word 'mountain', indicating a simple word mismatch.",Like talking to a brick wall.,"The speaker is describing or interacting with a camel, whereas the listener is describing or interacting with a mountain, showing they are engaged in completely different activities.",C,"The speaker says the word 'camel' and the listener says the word 'mountain', indicating a simple word mismatch.","One person is talking about a camel while the other is talking about a mountain, meaning they discuss two unrelated topics.","The speaker is describing or interacting with a camel, whereas the listener is describing or interacting with a mountain, showing they are engaged in completely different activities.","<reasoning>A reader unfamiliar with the idiomatic meaning might interpret the sentence literally, focusing on the words ""camel"" (جمل) and ""mountain"" (جبل) as objects being spoken about. They could think the proverb describes a situation where one person says the word ""camel"" while another says the word ""mountain,"" implying a mismatch in vocabulary. Alternatively, they might suppose it refers to tw",1.0,1.0,3.67,0.88,96.4
a,cot_en,Arabic,MID0696,انتظر يا حمار لين ما يرجع الربيع.,When pigs fly.,When pigs fly.,False,Waiting for the donkey until spring returns,When pigs fly.,Waiting for the donkey to see spring again,Waiting for the donkey until the spring comes back,B,Waiting for the donkey until spring returns,Waiting for the donkey until the spring comes back,Waiting for the donkey to see spring again,"[""Waiting for the donkey until spring returns"",""Waiting for the donkey until the spring comes back"",""Waiting for the donkey to see spring again""]",1.0,1.0,2.67,0.46,83.8
a,cot_en,Arabic,MID0697,بو ياكل حلواها يصبر على بلواها,"No pain, no gain.","No pain, no gain.",False,"No pain, no gain.",a person who likes sugary snacks can endure bitter medicine,whoever enjoys sweet foods will also tolerate bitter foods,one who likes sweet fruit will also eat bitter fruit,A,whoever enjoys sweet foods will also tolerate bitter foods,a person who likes sugary snacks can endure bitter medicine,one who likes sweet fruit will also eat bitter fruit,"<reasoning>
A reader might take the proverb’s wording too literally and assume it is giving direct advice about food preferences or tolerance, such as believing that enjoying sweet things automatically makes one able to endure bitter things, or that the statement is about a specific cause‑effect relationship between eating sweets and handling bitterness in other contexts (like medicine, work, or e",1.0,1.0,2.42,0.82,94.6
a,cot_en,Arabic,MID0698,تيتي تيتي كما رحتي جيتي.,Came empty-handed.,Came empty-handed.,False,It is an instruction to utter the sound 'ti ti' while walking away and then again when returning.,"Titi Titi, a person named Titi, went away and then returned.",The phrase describes a bird called Titi that flies off and comes back to its nest.,Came empty-handed.,D,"Titi Titi, a person named Titi, went away and then returned.",The phrase describes a bird called Titi that flies off and comes back to its nest.,It is an instruction to utter the sound 'ti ti' while walking away and then again when returning.,"<reasoning>A reader unfamiliar with the idiomatic meaning might take the phrase word‑for‑word, assuming “تيتي” is a proper name or an onomatopoetic sound, and interpret the rest as a literal description of someone going and coming back, or as a repetitive action instruction.</reason>
[""Titi Titi, a person named Titi, went away and then returned."", ""The phrase describes a bird called Titi that flie",1.0,1.0,7.5,0.88,96.4
a,cot_en,Arabic,MID0699,سير بعيد وتعال سالم,Better safe than sorry.,Better safe than sorry.,False,"To be safe, you must first undertake a lengthy journey",Travel a long distance and then return in good health,Better safe than sorry.,"If you go far away, you will come back unharmed",C,Travel a long distance and then return in good health,"If you go far away, you will come back unharmed","To be safe, you must first undertake a lengthy journey","<reasoning>A reader unfamiliar with the idiomatic use of the Arabic proverb might take each word at face value, interpreting the phrase as a literal instruction about travel or physical movement rather than advice about caution. They could think it encourages going on a long journey and returning unharmed, or that safety is achieved only after traveling far, or that the act of traveling far guaran",1.0,1.0,2.5,0.96,98.8
a,cot_en,Arabic,MID0700,واللي فات مات,Let bygones be bygones,Let bygones be bygones,False,Let bygones be bygones,And the saint's fate is dead.,And the liar's fat is dead.,And the one who went is a mat.,A,And the liar's fat is dead.,And the one who went is a mat.,And the saint's fate is dead.,"[""And the liar's fat is dead."", ""And the one who went is a mat."", ""And the saint's fate is dead.""]",1.0,1.0,1.67,0.65,89.5
a,cot_en,Arabic,MID0701,يوم ما عرفت تلعب قالت الملعب ضيق,A bad workman blames his tools.,A bad workman blames his tools.,False,The playground announced its narrow dimensions when you were unaware of how to play.,"Because you didn't know the game, the field complained that it was too tight for you to play in.","On the day you didn't know how to play, the field literally said it was narrow.",A bad workman blames his tools.,D,"On the day you didn't know how to play, the field literally said it was narrow.",The playground announced its narrow dimensions when you were unaware of how to play.,"Because you didn't know the game, the field complained that it was too tight for you to play in.","<reasoning>
The proverb can be broken down word‑by‑word: ""يوم"" (day), ""ما عرفت"" (did not know), ""تلعب"" (to play), ""قالت الملعب"" (the field said), ""ضيق"" (narrow). A reader unfamiliar with the idiomatic meaning might take each clause at face value and imagine scenarios where the field literally comments on its size, or where the speaker's lack of skill is linked to the field's dimensions in a litera",1.0,1.0,2.72,0.8,94.0
a,cot_en,Arabic,MID0702,أحييني اليوم واقتلني غدوه.,You only live once.,You only live once.,False,Ask to be granted life today and to be killed in the morning,Request to be given life now and to kill oneself tomorrow,You only live once.,Ask to be kept alive today and then killed tomorrow as a favor,C,Ask to be kept alive today and then killed tomorrow as a favor,Request to be given life now and to kill oneself tomorrow,Ask to be granted life today and to be killed in the morning,"<reasoning>A reader might take the Arabic phrase at face value and think it describes a bargain, a medical request, or a threat, interpreting the speaker as asking for life today in exchange for death tomorrow, or misreading the time reference as a specific part of the day.</reasoning>
[""Ask to be kept alive today and then killed tomorrow as a favor"",""Request to be given life now and to kill onese",1.0,1.0,3.08,0.74,92.2
a,cot_en,Arabic,MID0703,أضرب القطوسة، تتربى العروسة.,kill the chicken to scare the monkey.,kill the chicken to scare the monkey.,False,Beating a chicken leads to the bride being nurtured or cared for.,kill the chicken to scare the monkey.,"If you hit a chicken, the bride will be educated or trained.",Striking a chicken will cause a bride to be lifted physically.,B,Striking a chicken will cause a bride to be lifted physically.,"If you hit a chicken, the bride will be educated or trained.",Beating a chicken leads to the bride being nurtured or cared for.,"[""Striking a chicken will cause a bride to be lifted physically."", ""If you hit a chicken, the bride will be educated or trained."", ""Beating a chicken leads to the bride being nurtured or cared for.""]",1.0,1.0,1.67,0.79,93.7
a,cot_en,Arabic,MID0704,إذا كان الكلام من فضّة، السّكات من ذهب.,"Speech is silver, silence is golden","Speech is silver, silence is golden",False,"Speaking produces a sound like silver (e.g., a bell) while silence produces a sound like gold (e.g., a chime)","Speech is silver, silence is golden","If you speak you receive silver coins, if you stay silent you receive gold coins",Speech is literally made of silver metal and silence is literally made of gold metal,B,Speech is literally made of silver metal and silence is literally made of gold metal,"If you speak you receive silver coins, if you stay silent you receive gold coins","Speaking produces a sound like silver (e.g., a bell) while silence produces a sound like gold (e.g., a chime)","<reasoning>When hearing the Arabic proverb, a reader might take the metaphors literally, interpreting the words ""silver"" and ""gold"" as actual materials that speech and silence consist of, or as rewards/punishments tied to speaking or staying quiet, leading to several mistaken literal readings.</reasoning>[""Speech is literally made of silver metal and silence is literally made of gold metal"",""If yo",1.0,1.0,2.72,0.88,96.4
a,cot_en,Arabic,MID0705,إطعم الفم تستحى العين.,A bribe works miracles.,A bribe works miracles.,False,Feed the mouth and the eyes will blush,"If you give food to someone's mouth, they will look away in shame",Feeding a person's mouth makes their eyes tear up from embarrassment,A bribe works miracles.,D,Feed the mouth and the eyes will blush,"If you give food to someone's mouth, they will look away in shame",Feeding a person's mouth makes their eyes tear up from embarrassment,"<reasoning>
A reader might take the proverb at face value, imagining that physically feeding someone's mouth directly influences the eyes' behavior—such as causing the eyes to blush, look away, or tear up—rather than understanding the figurative meaning about bribes.
</reason>
[""Feed the mouth and the eyes will blush"",""If you give food to someone's mouth, they will look away in shame"",""Feeding a p",1.0,1.0,2.67,0.94,98.2
a,cot_en,Arabic,MID0706,إلي تحسبو موسى يطلع فرعون,A wolf in sheep's clothing.,A wolf in sheep's clothing.,False,A wolf in sheep's clothing.,The idea that Moses will be raised in Pharaoh's palace and thus become a Pharaoh himself.,Someone who mistakenly believes that Moses will turn into Pharaoh.,A person who thinks Moses will emerge from the water as a royal Egyptian ruler.,A,Someone who mistakenly believes that Moses will turn into Pharaoh.,A person who thinks Moses will emerge from the water as a royal Egyptian ruler.,The idea that Moses will be raised in Pharaoh's palace and thus become a Pharaoh himself.,"<reasoning>When encountering the Arabic proverb literally, a reader might focus on the names Moses and Pharaoh and interpret the sentence as a statement about identity confusion or transformation, ignoring its metaphorical meaning about deceit. They could imagine scenarios where someone expects Moses to assume the role of Pharaoh, or where Moses is thought to emerge as a ruler, leading to several ",1.0,1.0,2.73,0.86,95.8
a,cot_en,Arabic,MID0707,ابعد ع الشر/البلا وغنيلو.,Dont wake a sleeping lion.,Dont wake a sleeping lion.,False,Keep away from evil or affliction and then sing it.,"Remove yourself from harm and adversity, and then sing.","Stay distant from the bad and the trouble, then make it sing.",Dont wake a sleeping lion.,D,Keep away from evil or affliction and then sing it.,"Stay distant from the bad and the trouble, then make it sing.","Remove yourself from harm and adversity, and then sing.","<reasoning>A reader might take each word at face value: “ابعد” as “keep away,” “ع” as a preposition like “on” or “about,” “الشر” as “evil,” the slash as “or,” “البلا” as “the affliction/trouble,” “و” as “and,” and “غنيلو” as “sing it” or “make it sing.” This leads to a literal‑sounding instruction about distancing oneself from evil or trouble and then singing.</reason>
[""Keep away from evil or aff",1.0,1.0,2.07,0.79,93.7
a,cot_en,Arabic,MID0708,اضرب الحديد وهو سخون,Strike while the iron is hot,Strike while the iron is hot,False,Strike while the iron is hot,Take an iron supplement while it's hot,Strike a golf ball with a hot iron club,Hit a hot piece of iron with a hammer,A,Hit a hot piece of iron with a hammer,Strike a golf ball with a hot iron club,Take an iron supplement while it's hot,"The proverb’s figurative sense is about seizing a timely opportunity, but a reader might mistakenly treat each word literally and imagine odd scenarios: they could think it tells someone to physically hit a heated piece of metal, to use a hot golf‑iron club to strike a ball, or to consume a hot iron supplement. These readings are literal but miss the idiomatic meaning.

[""Hit a hot piece of iron w",1.0,1.0,1.39,0.79,93.7
a,cot_en,Arabic,MID0709,الثالثة ثابتة.,Third time is the charm.,Third time is the charm.,False,The second item is fixed.,The third occurrence is unchanging.,Third time is the charm.,Third time refers to a fixed point on a clock.,C,The second item is fixed.,The third occurrence is unchanging.,Third time refers to a fixed point on a clock.,"[""The second item is fixed."", ""The third occurrence is unchanging."", ""Third time refers to a fixed point on a clock.""]",1.0,1.0,1.33,0.89,96.7
a,cot_en,Arabic,MID0710,الجنازة حامية والميت كلب.,Much bran and little meal.,Much bran and little meal.,False,The deceased was a dog and his funeral is a barbecue or hot dog feast.,Much bran and little meal.,The funeral is occurring in a hot oven and the corpse is a dog.,"The phrase describes a dog’s funeral that is literally a hot, spicy event.",B,The funeral is occurring in a hot oven and the corpse is a dog.,The deceased was a dog and his funeral is a barbecue or hot dog feast.,"The phrase describes a dog’s funeral that is literally a hot, spicy event.","<reasoning>Readers unfamiliar with the idiomatic meaning might take the words at face value: “الجنازة حامية” could be read as the funeral being physically hot (like a hot oven or spicy), and “الميت كلب” as the deceased literally being a dog. From these literal readings they might imagine scenarios such as a dog’s funeral taking place in a heated setting, a barbecue for a dead dog, or a funeral ser",1.0,1.0,2.8,0.76,92.8
a,cot_en,Arabic,MID0711,الحنضلة ما تولي تفاحة والخرشي ما تبان فيه ملاحة ,You can't make a silk purse out of a sow's ear.,You can't make a silk purse out of a sow's ear.,False,"You cannot obtain milk from a bitter gourd, and thistles do not yield sweet honey.",You can't make a silk purse out of a sow's ear.,"You cannot make apple jam from bitter melon, and thistles cannot be used as a tasty garnish in food.","You cannot grow apples from a colocynth plant, and thistles never produce beautiful flowers.",B,"You cannot grow apples from a colocynth plant, and thistles never produce beautiful flowers.","You cannot make apple jam from bitter melon, and thistles cannot be used as a tasty garnish in food.","You cannot obtain milk from a bitter gourd, and thistles do not yield sweet honey.","<reasoning>Readers unfamiliar with the metaphorical meaning might treat each noun and verb as a literal statement about plants or agriculture, assuming the proverb talks about what certain plants can or cannot produce, or about their aesthetic qualities, leading to incorrect literal interpretations such as gardening limits, cooking impossibilities, or animal‑product expectations.</reasoning>
[""You",1.0,1.0,1.45,0.75,92.5
a,cot_en,Arabic,MID0712,اللي خاف نجى.,Better safe than sorry.,Better safe than sorry.,False,Better safe than sorry.,Fearful people escape danger,The one who was afraid lived,He who feared survived,A,The one who was afraid lived,He who feared survived,Fearful people escape danger,"[""The one who was afraid lived"",""He who feared survived"",""Fearful people escape danger""]",1.0,0.3333333333333333,1.17,0.96,78.8
a,cot_en,Arabic,MID0713,اللي في القلب في القلب.,Deep in the heart.,Deep in the heart.,False,Deep in the heart.,The person who is in the heart (chest) is also in the heart (chest).,Whatever resides within the heart (as a physical object) stays within the heart.,The thing that is inside the heart organ is also inside the heart organ.,A,The thing that is inside the heart organ is also inside the heart organ.,The person who is in the heart (chest) is also in the heart (chest).,Whatever resides within the heart (as a physical object) stays within the heart.,"<reasoning>Readers unfamiliar with the idiomatic meaning might take the phrase literally, interpreting it as a statement about something physically located inside the anatomical heart, or misunderstanding the pronouns as referring to a person or object that resides within the chest. These literal readings miss the figurative sense that inner feelings remain hidden or that what is felt deeply stays",1.0,1.0,3.42,0.83,94.9
a,cot_en,Arabic,MID0714,اللي ما تعرفش تشطح اتقول الأرض عوجة.,A bad workman always blames his tools.,A bad workman always blames his tools.,False,Someone who can't swim insists the ground is physically curved.,An unskilled swimmer accuses the planet of being warped.,A bad workman always blames his tools.,A person lacking swimming skills claims the earth's surface is uneven.,C,Someone who can't swim insists the ground is physically curved.,A person lacking swimming skills claims the earth's surface is uneven.,An unskilled swimmer accuses the planet of being warped.,"[""Someone who can't swim insists the ground is physically curved."", ""A person lacking swimming skills claims the earth's surface is uneven."", ""An unskilled swimmer accuses the planet of being warped.""]",1.0,1.0,1.43,0.93,97.9
a,cot_en,Arabic,MID0715,اللي ما تفرقو المنية تفرقو الثنية. , All good things must come to an end., All good things must come to an end.,False,He who does not part with the end will part with the jaw.,Whoever avoids dividing the termination will instead divide the second., All good things must come to an end.,Anyone who does not separate death will separate the chin.,C,Anyone who does not separate death will separate the chin.,He who does not part with the end will part with the jaw.,Whoever avoids dividing the termination will instead divide the second.,"<reasoning>A reader unfamiliar with the idiomatic meaning might treat each word literally, assuming ""المنية"" refers to death or an end and ""الثنية"" to a chin or a second thing, leading to literal‑sounding statements about separating or joining these concepts rather than recognizing the proverb’s message about the inevitable end of good times.</reason>
[""Anyone who does not separate death will sepa",1.0,1.0,1.38,0.8,94.0
a,cot_en,Arabic,MID0716,اللي ما يدري يقول سبول.,One half of the world doesn’t know how the other half lives.,One half of the world doesn’t know how the other half lives.,False,An uninformed individual repeats the sound 'spool' as their statement.,A person who lacks knowledge says the term 'spool' when speaking.,Someone who is ignorant utters the word 'spool'.,One half of the world doesn’t know how the other half lives.,D,Someone who is ignorant utters the word 'spool'.,A person who lacks knowledge says the term 'spool' when speaking.,An uninformed individual repeats the sound 'spool' as their statement.,"[""Someone who is ignorant utters the word 'spool'."", ""A person who lacks knowledge says the term 'spool' when speaking."", ""An uninformed individual repeats the sound 'spool' as their statement.""]",1.0,1.0,0.81,0.91,97.3
a,cot_en,Arabic,MID0717,اللي يتبع الحمام الجالي يروّح للمغاغر ,You are the company you keep.,You are the company you keep.,False,"If you follow a pigeon, you'll end up in a cave.",Chasing a dove leads you to wander into a cavern.,You are the company you keep.,Following an arriving bird will take you to a grotto.,C,"If you follow a pigeon, you'll end up in a cave.",Chasing a dove leads you to wander into a cavern.,Following an arriving bird will take you to a grotto.,"[""If you follow a pigeon, you'll end up in a cave."", ""Chasing a dove leads you to wander into a cavern."", ""Following an arriving bird will take you to a grotto.""]",1.0,1.0,1.72,0.86,95.8
a,cot_en,Arabic,MID0718,اللي يحب الللو يسهر الليل بكله ,He deserves not the sweet that will not taste the sour.,He deserves not the sweet that will not taste the sour.,False,He deserves not the sweet that will not taste the sour.,A person who enjoys the night must spend every hour of it awake.,"If you are fond of the night, you will never sleep during it.",Someone who loves the night will stay awake all night long.,A,Someone who loves the night will stay awake all night long.,A person who enjoys the night must spend every hour of it awake.,"If you are fond of the night, you will never sleep during it.","[""Someone who loves the night will stay awake all night long."", ""A person who enjoys the night must spend every hour of it awake."", ""If you are fond of the night, you will never sleep during it.""]",1.0,1.0,1.12,0.89,96.7
a,cot_en,Arabic,MID0719,اللي يخالط المسعدين يسعد.,Happiness is contagious.,Happiness is contagious.,False,Someone who associates with happy people becomes a happy mixer (like a blender).,Blending happy people produces happiness.,"If you mix happy people together, you get a happy mixture.",Happiness is contagious.,D,"If you mix happy people together, you get a happy mixture.",Someone who associates with happy people becomes a happy mixer (like a blender).,Blending happy people produces happiness.,"[""If you mix happy people together, you get a happy mixture."", ""Someone who associates with happy people becomes a happy mixer (like a blender)."", ""Blending happy people produces happiness.""]",1.0,1.0,3.22,0.84,95.2
a,cot_en,Arabic,MID0720,اللي يعمل الخير ما يْشاورْش ,Good deeds speak for themselves.,Good deeds speak for themselves.,False,Whoever does good never sees.,Good deeds speak for themselves.,Whoever does good never works.,Whoever does good never speaks.,B,Whoever does good never speaks.,Whoever does good never works.,Whoever does good never sees.,"[""Whoever does good never speaks."", ""Whoever does good never works."", ""Whoever does good never sees.""]",1.0,1.0,1.0,0.33,79.9
a,cot_en,Arabic,MID0721,المكتوب على الجبين لازم تراه العين.,What's meant to be will be.,What's meant to be will be.,False,wrong 3,wrong 1,wrong 2,What's meant to be will be.,D,wrong 1,wrong 2,wrong 3,"We need to output a JSON list of 3 plausible but wrong literal interpretations of the Arabic proverb: المكتوب على الجبين لازم تراه العين. Literally: ""What is written on the forehead, the eye must see it."" The proverb meaning: What's meant to be will be, destiny.

We need to produce reasoning first in English about what wrong literal readings a reader might jump to, then output ONLY a JSON list of ",1.0,0.0,0.33,0.67,60.1
a,cot_en,Arabic,MID0722,ايد واحدة ماتصفقش,It takes two to tango.,It takes two to tango.,False,One hand cannot snap its fingers,A lone hand cannot shake another hand,A single hand cannot hold a glass,It takes two to tango.,D,A single hand cannot hold a glass,One hand cannot snap its fingers,A lone hand cannot shake another hand,"<reasoning>Readers might take the phrase “One hand does not clap” literally and assume it refers to any solo action that a single hand cannot perform, misinterpreting the idiom as a statement about physical limitations rather than the need for cooperation.</reasoning>
[""A single hand cannot hold a glass"",""One hand cannot snap its fingers"",""A lone hand cannot shake another hand""]",1.0,1.0,1.33,0.76,92.8
a,cot_en,Arabic,MID0723,باب النجار محطم.,The shoemaker's wife is ill shod.,The shoemaker's wife is ill shod.,False,The carpenter is locked out because his door cannot be opened.,The shoemaker's wife is ill shod.,The carpenter's livelihood is broken.,The carpenter is breaking doors.,B,The carpenter is breaking doors.,The carpenter's livelihood is broken.,The carpenter is locked out because his door cannot be opened.,"<reasoning>Readers might mistakenly treat the adjective ""محطم"" as an active verb, or interpret ""باب"" metaphorically as the carpenter's work or access, leading to literal‑sounding but incorrect readings.</reasoning>[""The carpenter is breaking doors."",""The carpenter's livelihood is broken."",""The carpenter is locked out because his door cannot be opened.""]",1.0,1.0,1.17,0.79,93.7
a,cot_en,Arabic,MID0724,بات ليلة حذا الجران صبح يقرقر ,"Who keeps company with the wolves, will learn to howl.","Who keeps company with the wolves, will learn to howl.",False,Someone who spends the night wearing shoes next to a grain pile will chirp like a bird at dawn.,Someone who stays up all night guarding a barn will start to crow like a rooster in the morning.,A person who camps overnight beside a crane will begin to sing at sunrise.,"Who keeps company with the wolves, will learn to howl.",D,Someone who spends the night wearing shoes next to a grain pile will chirp like a bird at dawn.,A person who camps overnight beside a crane will begin to sing at sunrise.,Someone who stays up all night guarding a barn will start to crow like a rooster in the morning.,"[""Someone who spends the night wearing shoes next to a grain pile will chirp like a bird at dawn."",""A person who camps overnight beside a crane will begin to sing at sunrise."",""Someone who stays up all night guarding a barn will start to crow like a rooster in the morning.""]",1.0,1.0,1.73,0.79,93.7
a,cot_en,Arabic,MID0725,بعد ما شاب هزوه (ادّاوه) للكتاب ,You can't teach an old dog new tricks.,You can't teach an old dog new tricks.,False,"After the young man shakes (something), he gives the book","After they shook the young man, he gave the book","After the young man was shaken, he handed over the book",You can't teach an old dog new tricks.,D,"After they shook the young man, he gave the book","After the young man was shaken, he handed over the book","After the young man shakes (something), he gives the book","<reasoning>A reader unfamiliar with the idiomatic meaning might take each word at face value: بعد ما (after when), شاب (young man), هزوه (they shook him/he was shaken), ادّاوه (he gave it), للكتاب (for/to the book). This yields literal‑sounding readings that describe a young man being shaken and then giving or handing a book, which are not the intended figurative sense.</reasoning>
[""After they sh",1.0,1.0,1.29,0.6,88.0
a,cot_en,Arabic,MID0726,بين البايع والشاري يفتح الله.,Take it or leave it.,Take it or leave it.,False,God opens a market stall situated literally between the seller and the buyer,God opens a door that stands between the seller and the buyer,Take it or leave it.,God opens a scroll or book placed physically between the seller and the buyer,C,God opens a door that stands between the seller and the buyer,God opens a market stall situated literally between the seller and the buyer,God opens a scroll or book placed physically between the seller and the buyer,"<reasoning>A reader might take each word of the Arabic proverb at face value, ignoring its idiomatic meaning. They could interpret “بين” as a physical location, “البايع” and “الشاري” as specific people, and “يفتح الله” as God performing a literal act of opening something (a door, a gate, a book, etc.) that lies between those two parties. This leads to literal‑sounding readings that are not the int",1.0,1.0,2.6,0.5,85.0
a,cot_en,Arabic,MID0727,تعطيهم عينيك يطمعوا في حواجبك.,"Give them an inch, and they'll take a mile.","Give them an inch, and they'll take a mile.",False,"Give them an inch, and they'll take a mile.",Giving someone your eyes makes them want your eyebrows,If you let someone use your eyes they will covet your eyebrows,Offering your eyes leads others to desire your eyebrows,A,Giving someone your eyes makes them want your eyebrows,If you let someone use your eyes they will covet your eyebrows,Offering your eyes leads others to desire your eyebrows,"[""Giving someone your eyes makes them want your eyebrows"",""If you let someone use your eyes they will covet your eyebrows"",""Offering your eyes leads others to desire your eyebrows""]",1.0,1.0,1.11,0.77,93.1
a,cot_en,Arabic,MID0728,تمشي أيام الحرويدة وتجي أيام النجيح نوادروحصيدة وتناجر مليانة بالعيش ,After the rain comes the rainbow.,After the rain comes the rainbow.,False,"Al-Haruwida's days stroll, Al-Najih's days arrive, we reap a harvest and our trade is filled with living.","The days of Al-Haruwida walk, and the days of Al-Najih come; we harvest and trade a basket full of livelihood.",After the rain comes the rainbow.,"The walk of Al-Haruwida's days brings the days of Al-Najih, after which we gather a harvest and fill our trade with sustenance.",C,"The days of Al-Haruwida walk, and the days of Al-Najih come; we harvest and trade a basket full of livelihood.","The walk of Al-Haruwida's days brings the days of Al-Najih, after which we gather a harvest and fill our trade with sustenance.","Al-Haruwida's days stroll, Al-Najih's days arrive, we reap a harvest and our trade is filled with living.","<reasoning>A reader who takes the Arabic at face value might focus on the literal meanings of each lexical item: “تمشي” (walks), “أيام” (days), proper‑sounding names like “الحرويدة” and “النجيح”, verbs like “نوادروحصيدة” (we harvest) and “تناجر” (we trade), and the phrase “مليانة بالعيش” (full of livelihood). From this they could infer that the sentence describes a sequence of events involving cer",1.0,1.0,3.28,0.7,91.0
a,cot_en,Arabic,MID0729,جاب الصيد من وذنه.,He hits the nail on the head.,He hits the nail on the head.,False,He hits the nail on the head.,He pulled the hunted animal out by its tail,He literally grabbed a fish by its tail,He took the game meat from the animal's tail,A,He literally grabbed a fish by its tail,He pulled the hunted animal out by its tail,He took the game meat from the animal's tail,"<reasoning>The Arabic phrase literally translates to “He brought the hunt from its tail.” A reader unfamiliar with the idiomatic meaning might picture a physical act involving an animal’s tail, such as grabbing or pulling something by the tail, rather than understanding it as “hitting the nail on the head.”</reasoning>
[""He literally grabbed a fish by its tail"",""He pulled the hunted animal out by ",1.0,1.0,1.24,0.78,93.4
a,cot_en,Arabic,MID0730,جابها لروحو.,Make a rod for one’s own back.,Make a rod for one’s own back.,False,Make a rod for one’s own back.,He brought it for his own self,He brought it for his spirit,He brought it for his soul,A,He brought it for his soul,He brought it for his spirit,He brought it for his own self,"<reasoning>The Arabic phrase consists of the verb ""جابه"" meaning ""he brought it"" and the prepositional phrase ""لروحو"" meaning ""for his soul/spirit/self."" A reader unfamiliar with the idiomatic meaning might take the words at face value, interpreting the sentence as a straightforward statement about someone bringing something for their own inner essence, rather than recognizing the figurative sense",1.0,1.0,0.9,0.35,80.5
a,cot_en,Arabic,MID0731,جاك الموت يا تارك الصلاة.,Your sins have caught up with you ,Your sins have caught up with you ,False,Jack died because he stopped praying.,"Hey Jack, death is waiting for you because you abandoned prayer.",Your sins have caught up with you ,Death found Jack after he left his prayer behind.,C,Jack died because he stopped praying.,Death found Jack after he left his prayer behind.,"Hey Jack, death is waiting for you because you abandoned prayer.","<reasoning>Readers unfamiliar with the idiomatic use of ""جاك"" as a colloquial verb meaning ""caught"" might treat it as a proper name (Jack) and read the phrase literally as a statement about a person named Jack encountering death due to neglecting prayer. This leads to literal interpretations that focus on the name Jack, the concept of death, and the act of abandoning prayer, ignoring the figurativ",1.0,1.0,1.24,0.91,97.3
a,cot_en,Arabic,MID0732,حمل الجماعة ريش ,Many hands make light work.,Many hands make light work.,False,Everyone in the crowd was holding a feather,The group carried a load of feathers,The collective lifted a single feather,Many hands make light work.,D,The group carried a load of feathers,Everyone in the crowd was holding a feather,The collective lifted a single feather,"[""The group carried a load of feathers"",""Everyone in the crowd was holding a feather"",""The collective lifted a single feather""]",1.0,1.0,1.4,0.8,94.0
a,cot_en,Arabic,MID0733,دوام الحال مالمحال.,Nothing stays the same.,Nothing stays the same.,False,Nothing stays the same.,The state of continuity is not the state,The permanence of the situation is the situation,The continuity of the non-state is the state,A,The state of continuity is not the state,The continuity of the non-state is the state,The permanence of the situation is the situation,"[""The state of continuity is not the state"", ""The continuity of the non-state is the state"", ""The permanence of the situation is the situation""]",1.0,1.0,2.0,0.51,85.3
a,cot_en,Arabic,MID0734,ذيل الكلب حطوه 100 سنة في قصبة طلع أعوج ,A leopard doesn't change its spots.,A leopard doesn't change its spots.,False,A leopard doesn't change its spots.,Leaving a dog's tail in a wooden cane for 100 years turns it into a crooked walking stick.,The dog's tail placed in a bamboo stick for 100 years emerges as a fishing hook.,"If you put a dog's tail inside a metal pipe for a century, it twists into a screw.",A,The dog's tail placed in a bamboo stick for 100 years emerges as a fishing hook.,"If you put a dog's tail inside a metal pipe for a century, it twists into a screw.",Leaving a dog's tail in a wooden cane for 100 years turns it into a crooked walking stick.,"<reasoning>A reader unfamiliar with the idiomatic meaning might focus on the concrete images: a dog's tail, a tube or stick (قصبة), a long time period (100 years), and the result being bent or crooked. They could imagine the tail being physically altered by being placed inside various objects for a century, leading to literal but incorrect ideas such as the tail becoming a fishing hook, a screw, o",1.0,1.0,2.89,0.77,93.1
a,cot_en,Arabic,MID0735,ريتوشي عيشة في سوق الوزر ,Looking for a needle in a haystack.,Looking for a needle in a haystack.,False,Looking for a needle in a haystack.,Looking for a living person in the bazaar of the vizier,Trying to find a livelihood in the government's marketplace,Searching for life in the minister's market,A,Searching for life in the minister's market,Looking for a living person in the bazaar of the vizier,Trying to find a livelihood in the government's marketplace,"<reasoning>A reader unfamiliar with the idiomatic meaning might parse the Arabic words literally: “ريتوشي” could be understood as “to search for” or “to look for”, “عيشة” as “life” or “livelihood”, and “سوق الوزر” as “the market of the minister/vizier”. Taking each component at face value yields literal‑sounding scenarios that are unrelated to the actual figurative sense of searching for something",1.0,1.0,1.29,0.82,94.6
a,cot_en,Arabic,MID0736,ريين خير من راي ,Two heads are better than one.,Two heads are better than one.,False,Two rains are better than one rain.,Two heads are better than one.,Two goats are better than one goat.,Two eyes are better than one eye.,B,Two rains are better than one rain.,Two goats are better than one goat.,Two eyes are better than one eye.,"[""Two rains are better than one rain."", ""Two goats are better than one goat."", ""Two eyes are better than one eye.""]",1.0,1.0,1.17,0.44,83.2
a,cot_en,Arabic,MID0737,سَبِّقْ الخِير تَلْقى الخِير ,Hope for the best.,Hope for the best.,False,You must physically run ahead of something good in order to encounter it.,Hope for the best.,You need to outrun or beat goodness itself in a race to find it.,"You have to be first in line or precede goodness by acting before it arrives, like jumping the queue.",B,You must physically run ahead of something good in order to encounter it.,You need to outrun or beat goodness itself in a race to find it.,"You have to be first in line or precede goodness by acting before it arrives, like jumping the queue.","<reasoning>The Arabic imperative سَبِّقْ literally means ""get ahead of"" or ""outrun"". The word الخِير means ""the good"". The verb تَلْقى means ""you will find/meet"". A literal, word‑for‑word rendering could be read as ""Get ahead of good, you will meet good"". A reader unfamiliar with the idiomatic sense might take this to suggest a physical or temporal race involving goodness itself, leading to severa",1.0,1.0,3.83,0.84,95.2
a,cot_en,Arabic,MID0738,سكّر تلقى ما تحل ,Look before you leap.,Look before you leap.,False,Look before you leap.,Sugar you will get what you solve,Sugar you will receive what you dissolve,Sugar you will find what you untie,A,Sugar you will find what you untie,Sugar you will receive what you dissolve,Sugar you will get what you solve,"<reasoning>A reader unfamiliar with the idiomatic meaning might treat each Arabic word as a separate literal term, ignoring grammar and context, and construct odd sentences based on dictionary definitions of ""سكر"" (sugar), ""تلقى"" (you will find/receive), and ""ما تحل"" (what you untie/what you dissolve). This yields plausible‑sounding but nonsensical literal readings.</reasoning>
[""Sugar you will fi",1.0,1.0,1.75,0.5,85.0
a,cot_en,Arabic,MID0739,ضرب عصفورين بحجرة وحدة.,Kill two birds with one stone.,Kill two birds with one stone.,False,to weigh two birds using a single stone weight,to strike two birds with a single precious stone,to score two birdies with a single golf stroke,Kill two birds with one stone.,D,to weigh two birds using a single stone weight,to score two birdies with a single golf stroke,to strike two birds with a single precious stone,"<reasoning>A reader unfamiliar with the idiom might misinterpret the individual words literally: they could think “stone” refers to a weight unit, “bird” to a golf term, or “stone” to a gemstone, leading to incorrect literal meanings that still involve the actions of hitting or using a stone with two birds.</reasoning>
[""to weigh two birds using a single stone weight"",""to score two birdies with a ",1.0,1.0,1.5,0.61,88.3
a,cot_en,Arabic,MID0740,ضربني وبكى سبقني وشكى ,Wrong and strong.,Wrong and strong.,False,"He struck me and wept, then he got ahead of me and filed a complaint.","He attacked me and cried, then he surpassed me and lodged a grievance.",Wrong and strong.,"He hit me while crying, then he ran ahead of me and complained.",C,"He hit me while crying, then he ran ahead of me and complained.","He struck me and wept, then he got ahead of me and filed a complaint.","He attacked me and cried, then he surpassed me and lodged a grievance.","[""He hit me while crying, then he ran ahead of me and complained."", ""He struck me and wept, then he got ahead of me and filed a complaint."", ""He attacked me and cried, then he surpassed me and lodged a grievance.""]",1.0,1.0,4.56,0.71,91.3
a,cot_en,Arabic,MID0741,كسكسلو يرجع لأصلو ,Remove an old tree and it will wither to death.,Remove an old tree and it will wither to death.,False,"If you remove an old tree, it will return to the place where it originally grew.","If you pull out an old tree, it will grow back to its former size.","If you take away an old tree, it will revert back to being a seed.",Remove an old tree and it will wither to death.,D,"If you remove an old tree, it will return to the place where it originally grew.","If you take away an old tree, it will revert back to being a seed.","If you pull out an old tree, it will grow back to its former size.","<reasoning>
The Arabic phrase كسكسلو يرجع لأصلو can be parsed literally as ""the lazy one returns to his origin"" or, if taken at face value with the given translation, as describing what happens when an old tree is removed. A reader unfamiliar with the idiomatic meaning might focus on the individual words—""old tree,"" ""remove,"" ""return,"" ""origin""—and construct literal scenarios that sound plausible ",1.0,1.0,1.53,0.61,88.3
a,cot_en,Arabic,MID0742,كل توخيرة فيها خير.,Every cloud has a silver lining.,Every cloud has a silver lining.,False,Every cloud has a silver lining.,Every cloud is good.,Every cloud's interior is good.,Every cloud contains goodness.,A,Every cloud is good.,Every cloud contains goodness.,Every cloud's interior is good.,"<reasoning>Readers might interpret the Arabic words literally without idiomatic nuance: ""توخيرة"" taken as a literal cloud (weather phenomenon) and ""خير"" as the abstract notion of ""good"" or ""goodness."" This leads to mistaken literal readings such as asserting that every cloud inherently possesses goodness, that clouds contain goodness, or that the interior of a cloud is good, ignoring the metaphori",1.0,0.3333333333333333,0.72,0.68,70.4
a,cot_en,Arabic,MID0743,كل زير يلقى غطاه., Birds of a feather flock together., Birds of a feather flock together.,False, Birds of a feather flock together.,Every jar finds its blanket.,Every lid finds its roof.,Every pot finds its hat.,A,Every pot finds its hat.,Every jar finds its blanket.,Every lid finds its roof.,"A reader might take the words literally but confuse the meanings of ""غطاه"" (lid) with similar-sounding or related objects like a hat, blanket, or roof, leading to incorrect literal readings such as the pot finding a hat instead of a lid, the jar finding a blanket, or the lid finding a roof.

[""Every pot finds its hat."", ""Every jar finds its blanket."", ""Every lid finds its roof.""]",1.0,1.0,0.83,0.57,87.1
a,cot_en,Arabic,MID0744,كل من كان عالي وطى كل من كان سارح بالشياه هطى,Pride goes before a fall.,Pride goes before a fall.,False,Pride goes before a fall.,Anyone who is tall and short while wandering with sheep will fall,Anyone who grazes sheep will inevitably fall,Anyone who is both lofty and humble will fall,A,Anyone who is both lofty and humble will fall,Anyone who grazes sheep will inevitably fall,Anyone who is tall and short while wandering with sheep will fall,"<reasoning>A reader unfamiliar with the idiomatic meaning might treat each word in the proverb as a literal description: “عالي” (high/lofty), “وطى” (low/humble), “سارح بالشياه” (grazing/wandering with sheep), and “هطى” (falling or dropping). They could then interpret the saying as a statement about people who are both high and low, or who herd sheep, inevitably experiencing a fall, missing the fig",1.0,1.0,1.87,0.64,89.2
a,cot_en,Arabic,MID0745,كلام الليل مدهون بالزبدة تطلع عليه الشمس يذوب,"Promises are like pie crusts, made to be broken.","Promises are like pie crusts, made to be broken.",False,"Promises are like pie crusts, made to be broken.","A third mistaken interpretation could be that it is a scientific observation about butter's melting point when exposed to sunlight, applied to spoken language.","Someone might think it means that words spoken at night are literally coated in butter, which then melts when the sun rises.","Another literal reading could be that the proverb describes a buttered pastry left out in the morning sun, causing it to melt.",A,"Someone might think it means that words spoken at night are literally coated in butter, which then melts when the sun rises.","Another literal reading could be that the proverb describes a buttered pastry left out in the morning sun, causing it to melt.","A third mistaken interpretation could be that it is a scientific observation about butter's melting point when exposed to sunlight, applied to spoken language.","<reasoning>Readers might take the metaphor at face value, imagining that the proverb describes a physical process involving butter, spoken words, and sunlight, rather than a comment on the fragility of promises.</reasoning>
[""Someone might think it means that words spoken at night are literally coated in butter, which then melts when the sun rises."", ""Another literal reading could be that the prov",1.0,1.0,2.52,0.88,96.4
a,cot_en,Arabic,MID0746,ما يْحِس الجَمرة كان الِّي يعْفَسْ عليها ,You don’t know what someone is going through until you walk a mile in their shoes.,You don’t know what someone is going through until you walk a mile in their shoes.,False,A person does not notice a hot stone until they have stepped on it themselves.,You don’t know what someone is going through until you walk a mile in their shoes.,You will not understand the pain of a wound unless you are the one who caused it.,One cannot feel the warmth of a burning coal unless they are the one who lit it.,B,One cannot feel the warmth of a burning coal unless they are the one who lit it.,A person does not notice a hot stone until they have stepped on it themselves.,You will not understand the pain of a wound unless you are the one who caused it.,"[""One cannot feel the warmth of a burning coal unless they are the one who lit it."", ""A person does not notice a hot stone until they have stepped on it themselves."", ""You will not understand the pain of a wound unless you are the one who caused it.""]",1.0,1.0,1.02,0.83,94.9
a,cot_en,Arabic,MID0747,ما يمدش ايديه لراسو. , Couch potato., Couch potato.,False,He never stretches his arm to touch his own head, Couch potato.,"He keeps his hands lowered, never reaching up to his scalp",He refuses to lift his hand toward his head,B,He never stretches his arm to touch his own head,He refuses to lift his hand toward his head,"He keeps his hands lowered, never reaching up to his scalp","[""He never stretches his arm to touch his own head"", ""He refuses to lift his hand toward his head"", ""He keeps his hands lowered, never reaching up to his scalp""]",1.0,1.0,5.0,0.74,92.2
a,cot_en,Arabic,MID0748,هرب من قطرة جا تحت الميزاب,"Out of the frying pan into the fire.
","Out of the frying pan into the fire.
",False,"A person trying to escape from a leaky gutter where a drop of water is falling, thinking they must avoid the gutter altogether.","A child fleeing from a puddle formed by a drop of water under a gutter, believing the puddle is dangerous or dirty.",Someone literally running away from a single raindrop that landed under a roof gutter to avoid getting wet.,"Out of the frying pan into the fire.
",D,Someone literally running away from a single raindrop that landed under a roof gutter to avoid getting wet.,"A person trying to escape from a leaky gutter where a drop of water is falling, thinking they must avoid the gutter altogether.","A child fleeing from a puddle formed by a drop of water under a gutter, believing the puddle is dangerous or dirty.","<reasoning>A reader unfamiliar with the idiomatic meaning might take the Arabic sentence at face value, imagining a scenario where someone is physically fleeing from a water droplet that has fallen beneath a gutter. This could lead to interpretations about avoiding rain, escaping a leak, or dodging a small hazard like a drip, all of which miss the figurative sense of moving from a bad situation to",1.0,1.0,2.62,0.84,95.2
a,cot_en,Arabic,MID0749,هو يقولّو ثور والاخر يقولو نحلبوه., Like talking to a brick wall., Like talking to a brick wall.,False, Like talking to a brick wall.,"The phrase literally describes a dialogue where someone calls out 'bull!' and another responds that they are milking it, implying a nonsensical attempt to milk a bull.","It could be read as a literal exchange about a bull being present and another person claiming they are milking it, highlighting a confusion about animal capabilities.","One person insists they see a bull while the other insists they are milking it, suggesting a bizarre farmyard misunderstanding.",A,"One person insists they see a bull while the other insists they are milking it, suggesting a bizarre farmyard misunderstanding.","The phrase literally describes a dialogue where someone calls out 'bull!' and another responds that they are milking it, implying a nonsensical attempt to milk a bull.","It could be read as a literal exchange about a bull being present and another person claiming they are milking it, highlighting a confusion about animal capabilities.","[""One person insists they see a bull while the other insists they are milking it, suggesting a bizarre farmyard misunderstanding."", ""The phrase literally describes a dialogue where someone calls out 'bull!' and another responds that they are milking it, implying a nonsensical attempt to milk a bull."", ""It could be read as a literal exchange about a bull being present and another person claiming th",1.0,1.0,4.11,0.82,94.6
a,cot_en,Arabic,MID0750,ولد البط عوام , Like father like son. , Like father like son. ,False,The duck's son is a wave.,The duckling is a crowd.,The offspring of the duck is the public., Like father like son. ,D,The duckling is a crowd.,The duck's son is a wave.,The offspring of the duck is the public.,"<reasoning>A reader might misinterpret the word ""عوام"" (which literally means ""one who swims"" or ""swimmer"") as something else that sounds similar or relates to water or crowds, leading to literal but incorrect readings. For example, they could confuse ""عوام"" with ""الوموج"" (waves) or with the meaning ""crowd/public"". This yields plausible‑sounding but wrong literal translations of the proverb.</reas",1.0,1.0,1.58,0.73,91.9
a,cot_en,Arabic,MID0751,يا حافر حفرة السوء تحفر لقياسك ,He who digs a pit for others falls in himself.,He who digs a pit for others falls in himself.,False,The person who digs a pit meant for evil will end up measuring the pit's dimensions themselves.,"If you dig a trap for others, you will be the one who has to gauge how deep the hole is.",He who digs a pit for others falls in himself.,Whoever excavates a hole for malicious intent will have to use a measuring tool to determine its size.,C,The person who digs a pit meant for evil will end up measuring the pit's dimensions themselves.,Whoever excavates a hole for malicious intent will have to use a measuring tool to determine its size.,"If you dig a trap for others, you will be the one who has to gauge how deep the hole is.","[""The person who digs a pit meant for evil will end up measuring the pit's dimensions themselves."", ""Whoever excavates a hole for malicious intent will have to use a measuring tool to determine its size."", ""If you dig a trap for others, you will be the one who has to gauge how deep the hole is.""]",1.0,1.0,1.87,0.84,95.2
a,cot_en,Arabic,MID0752,يعمل من الحبة قبة ,He makes a mountain out of a molehill,He makes a mountain out of a molehill,False,He builds a dome out of a single grain of wheat,He constructs a tiny dome-shaped hat from a pea,He makes a mountain out of a molehill,He fashions a cup or bowl from a bean,C,He builds a dome out of a single grain of wheat,He fashions a cup or bowl from a bean,He constructs a tiny dome-shaped hat from a pea,"<reasoning>The phrase consists of ""يعمل"" (he makes/does), ""من"" (from), ""الحبة"" (the grain/seed/bean), ""قبة"" (a dome/vault/cup). A reader might take each word at face value and imagine concrete objects: perhaps thinking the subject is literally building a dome-shaped structure out of a single grain, or fashioning a cup from a bean, or constructing a small dome-like hat from a pea, etc. These readin",1.0,1.0,1.21,0.83,94.9
a,cot_en,Arabic,MID0753,أبو طبيع ما ييوز من طبعه ,Old habits die hard.,Old habits die hard.,False,Father Nature does not get stamped by his nature,The man nicknamed Abu Tabi3 never changes his residence,Abu Tabi3 does not weigh anything from his nature,Old habits die hard.,D,Abu Tabi3 does not weigh anything from his nature,Father Nature does not get stamped by his nature,The man nicknamed Abu Tabi3 never changes his residence,"[""Abu Tabi3 does not weigh anything from his nature"",""Father Nature does not get stamped by his nature"",""The man nicknamed Abu Tabi3 never changes his residence""]",1.0,1.0,2.25,0.81,94.3
a,cot_en,Arabic,MID0754,إما طلعه ولا طبعه ,Double or quits! ,Double or quits! ,False,Either it comes out or it is printed,Double or quits! ,Either it rises or it is typed,Either it appears or it is stamped,B,Either it comes out or it is printed,Either it appears or it is stamped,Either it rises or it is typed,"<reasoning>When encountering the Arabic phrase ""إما طلعه ولا طبعه"", a non‑native reader might take each word at face value and think the proverb is talking about physical actions like coming out, appearing, being printed, or stamped, ignoring the idiomatic sense of gambling double‑or‑nothing. This leads to literal but incorrect readings such as interpreting it as a choice between emergence and imp",1.0,1.0,2.44,0.54,86.2
a,cot_en,Arabic,MID0755,إنفخ يا شريم قال ماكو برطم ,Born to suffer./ You can not escape bad luck,Born to suffer./ You can not escape bad luck,False,Someone inflating a tire for Shreem who says there is no brake (brtm) on it,Someone blowing air into a fish tank for Shreem who says there is no 'brtm' (a specific fish species) inside,A person blowing up a balloon for Shreem who claims there is no 'brtm' (a type of balloon knot) present,Born to suffer./ You can not escape bad luck,D,Someone inflating a tire for Shreem who says there is no brake (brtm) on it,A person blowing up a balloon for Shreem who claims there is no 'brtm' (a type of balloon knot) present,Someone blowing air into a fish tank for Shreem who says there is no 'brtm' (a specific fish species) inside,"<reasoning>Readers unfamiliar with the idiomatic meaning might treat each word literally: “إنفخ” as the act of inflating or blowing something, “يا شريم” as a direct address to a person named Shreem, and “قال ماكو برطم” as a statement that some object or concept called “brtm” does not exist. This leads to odd, concrete scenarios where someone is blowing up an object for Shreem who insists that a ce",1.0,1.0,2.04,0.67,90.1
a,cot_en,Arabic,MID0756,ابريجه مايطفى حريجه , Every man for himself., Every man for himself.,False,My fire does not light his fire,My stove does not turn off his stove, Every man for himself.,My luggage does not fit his luggage,C,My luggage does not fit his luggage,My fire does not light his fire,My stove does not turn off his stove,"<reasoning>The phrase consists of three parts: “ابريجه” (abrīja) which could be read as “my fire/stove/luggage”, “مايطفى” (mā yuṭfī) meaning “does not extinguish/does not put out/does not fit”, and “حريجه” (ḥarīja) meaning “his fire/stove/luggage”. A reader unfamiliar with the idiomatic meaning might take the words literally and suppose the sentence talks about physical objects like fire, stoves, ",1.0,1.0,1.83,0.54,86.2
a,cot_en,Arabic,MID0757,اذا أنت أمير وأنا أمير فمن يسوق الحمير , Too many chiefs and not enough Indians., Too many chiefs and not enough Indians.,False,"If both claim to be princes, there is nobody left to drive the donkeys, highlighting a shortage of servants.","When both act as leaders, the job of guiding the animals is neglected, causing confusion about responsibility.", Too many chiefs and not enough Indians.,"Two princes argue over who should lead the donkeys, implying a dispute over menial labor.",C,"Two princes argue over who should lead the donkeys, implying a dispute over menial labor.","If both claim to be princes, there is nobody left to drive the donkeys, highlighting a shortage of servants.","When both act as leaders, the job of guiding the animals is neglected, causing confusion about responsibility.","<reasoning>Readers unfamiliar with the idiomatic meaning might interpret the proverb as a literal conversation about two individuals claiming princely status and questioning who would perform the lowly task of herding donkeys, focusing on the surface imagery of royalty and animal labor rather than the metaphor about too many leaders and not enough workers.</reasoning>
[""Two princes argue over who ",1.0,1.0,2.43,0.91,97.3
a,cot_en,Arabic,MID0758,اصبر ياحمار لين يطلع لك اقرون ,You have to wait donkey's years.,You have to wait donkey's years.,False,You have to wait donkey's years.,Be patient until a donkey sprouts antlers.,Wait for a donkey to grow horns.,Endure until a donkey develops horns.,A,Wait for a donkey to grow horns.,Be patient until a donkey sprouts antlers.,Endure until a donkey develops horns.,"[""Wait for a donkey to grow horns."", ""Be patient until a donkey sprouts antlers."", ""Endure until a donkey develops horns.""]",1.0,1.0,1.11,0.74,92.2
a,cot_en,Arabic,MID0759,اصرف ما في الجيب يأتيك ما في الغيب ,Tomorrow will take care of itself ,Tomorrow will take care of itself ,False,Emptying your pocket will cause hidden objects to appear before you.,"If you spend all the money in your pocket, unseen things will come to you.",Spending what’s in your pocket summons the unknown future to arrive.,Tomorrow will take care of itself ,D,"If you spend all the money in your pocket, unseen things will come to you.",Emptying your pocket will cause hidden objects to appear before you.,Spending what’s in your pocket summons the unknown future to arrive.,"[""If you spend all the money in your pocket, unseen things will come to you."", ""Emptying your pocket will cause hidden objects to appear before you."", ""Spending what’s in your pocket summons the unknown future to arrive.""]",1.0,1.0,2.06,0.83,94.9
a,cot_en,Arabic,MID0760,اطعم الفم تخجل العين ,A bribe works miracles,A bribe works miracles,False,A bribe works miracles,"If you feed someone's mouth, their eyes will turn red","When you give food to someone's mouth, their eyes will look away",Feeding a person's mouth makes their eyes feel embarrassed,A,"If you feed someone's mouth, their eyes will turn red",Feeding a person's mouth makes their eyes feel embarrassed,"When you give food to someone's mouth, their eyes will look away","[""If you feed someone's mouth, their eyes will turn red"",""Feeding a person's mouth makes their eyes feel embarrassed"",""When you give food to someone's mouth, their eyes will look away""]",1.0,1.0,2.58,0.8,94.0
a,cot_en,Arabic,MID0761,اللي سبق لبق.,"first come, first serve.
","first come, first serve.
",False,"first come, first serve.
",The person who precedes others gets to keep hold of something.,He who arrives first stays in the same place forever.,The one who goes ahead is left behind.,A,The one who goes ahead is left behind.,He who arrives first stays in the same place forever.,The person who precedes others gets to keep hold of something.,"[""The one who goes ahead is left behind."", ""He who arrives first stays in the same place forever."", ""The person who precedes others gets to keep hold of something.""]",1.0,1.0,2.42,0.88,96.4
a,cot_en,Arabic,MID0762,اللي في الجدر يطلعه الملاس,Let's see what the future holds.,Let's see what the future holds.,False,Let's see what the future holds.,The thing inside the wall will be brought out by the plasterer,What's hidden in the walls will be shown by the mason,The person trapped in the wall will be exposed by the one who smears plaster,A,The thing inside the wall will be brought out by the plasterer,What's hidden in the walls will be shown by the mason,The person trapped in the wall will be exposed by the one who smears plaster,"<reasoning>A reader unfamiliar with the idiomatic meaning might try to translate each word literally, imagining a physical scene involving walls, something inside them, and a person who works with plaster or mortar. This could lead to interpretations where the proverb is taken as a statement about hidden objects being revealed by a craftsman, or about a person trapped in a wall being exposed by so",1.0,1.0,2.11,0.73,91.9
a,cot_en,Arabic,MID0763,انطر يا حمار لما يجيك الربيع,You have to wait for the donkey's years.,You have to wait for the donkey's years.,False,Wait for a donkey to experience spring,"Wait until a donkey has lived through many springs (i.e., its years)",You have to wait for the donkey's years.,Wait for a donkey to arrive when spring comes,C,Wait for a donkey to experience spring,"Wait until a donkey has lived through many springs (i.e., its years)",Wait for a donkey to arrive when spring comes,"<reasoning>When encountering the phrase, a reader might parse each word literally without idiomatic sense: ""انطر"" as ""wait"", ""يا حمار"" as addressing a donkey, and ""لما يجيك الربيع"" as ""when spring arrives to you"". This can lead to interpretations where the action is directed toward an actual donkey, or where the timing is tied to a donkey's age or experience of spring, rather than the figurative a",1.0,1.0,1.17,0.68,90.4
a,cot_en,Arabic,MID0764,بغاها طرب صارت نشب ,Gild the lily.,Gild the lily.,False,He desired a drum and it became a claw,Gild the lily.,She longed for joy and it sprouted into a thorn,She wanted baggage and the music turned into a nest,B,She wanted baggage and the music turned into a nest,He desired a drum and it became a claw,She longed for joy and it sprouted into a thorn,"<reasoning>
A reader unfamiliar with Arabic might try to map each word to an English look‑alike or misinterpret the script, leading to literal‑sounding but incorrect meanings. For instance, they could read “بغاها” as “baggage,” “طرب” as a type of bird or drum, “صارت” as “part” or “start,” and “نشب” as “nest” or “net,” then combine these guesses into sentences that sound plausible but diverge from ",1.0,1.0,3.22,0.81,94.3
a,cot_en,Arabic,MID0765,بغى يكحلها عماها ,Gild the lily./ Add fuel to fire.,Gild the lily./ Add fuel to fire.,False,He attempted to beautify someone who cannot see by applying kohl.,He wanted to put eyeliner on a blind woman’s eyes.,Gild the lily./ Add fuel to fire.,He tried to adorn a blind person’s face with makeup.,C,He wanted to put eyeliner on a blind woman’s eyes.,He attempted to beautify someone who cannot see by applying kohl.,He tried to adorn a blind person’s face with makeup.,"<reasoning>The Arabic phrase بغى يكحلها عنها can be read word‑for-word as “he wanted to apply kohl to her blindness,” leading a reader to imagine literal actions involving eyeliner or makeup on someone who cannot see. Misinterpreting the metaphorical sense of unnecessary adornment, one might think the proverb describes a futile cosmetic act rather than a warning against over‑embellishment.</reason",1.0,1.0,1.48,0.85,95.5
a,cot_en,Arabic,MID0766,بغيناه عون صار فرعون ,A wolf in sheep's clothing.,A wolf in sheep's clothing.,False,A wolf in sheep's clothing.,Our wish for aid resulted in becoming a Pharaoh.,We wanted help and it turned into a Pharaoh.,"We sought assistance, and that assistance became a tyrant ruler.",A,We wanted help and it turned into a Pharaoh.,Our wish for aid resulted in becoming a Pharaoh.,"We sought assistance, and that assistance became a tyrant ruler.","<reasoning>A reader unfamiliar with the idiomatic meaning might treat each word literally: بغيناه as ""we wanted him"" or ""we wished for him"", عون as ""help/aid"", صار as ""became"", and فرعون as ""Pharaoh"". From this they could infer sentences where a desired helper transforms into a ruler, or where seeking assistance leads to tyrannical outcomes, missing the metaphorical sense of deceitful appearance.<",1.0,1.0,1.87,0.88,96.4
a,cot_en,Arabic,MID0767,تجيك التهايم وإنت نايم,Look what the cat dragged in.,Look what the cat dragged in.,False,The winds arrive while you are asleep,Look what the cat dragged in.,The night brings gifts while you slumber,The dreams come to you while you sleep,B,The winds arrive while you are asleep,The dreams come to you while you sleep,The night brings gifts while you slumber,"[""The winds arrive while you are asleep"", ""The dreams come to you while you sleep"", ""The night brings gifts while you slumber""]",1.0,1.0,1.22,0.73,91.9
a,cot_en,Arabic,MID0768,ذنب الجلب ما ينعدل,A leopard cannot change its spots. ,A leopard cannot change its spots. ,False,The tail of the imported item cannot be straightened.,A leopard cannot change its spots. ,The tail of the shipment does not change its shape.,The tail of the brought goods remains unaltered.,B,The tail of the imported item cannot be straightened.,The tail of the shipment does not change its shape.,The tail of the brought goods remains unaltered.,"[""The tail of the imported item cannot be straightened."", ""The tail of the shipment does not change its shape."", ""The tail of the brought goods remains unaltered.""]",1.0,1.0,1.5,0.77,93.1
a,cot_en,Arabic,MID0769,عتيج الصوف ولا جديد البريسم,Lost is the person who forgets his past.,Lost is the person who forgets his past.,False,"The proverb advises that old wool is superior to new clover, recommending traditional materials over modern substitutes.","It means that if you lose your old wool (sheep's fleece), you should not replace it with fresh clover (new pasture) because the two are unrelated resources.","It warns that neglecting to shear old wool will prevent the growth of new clover, implying a failure to maintain proper agricultural cycles.",Lost is the person who forgets his past.,D,"The proverb advises that old wool is superior to new clover, recommending traditional materials over modern substitutes.","It means that if you lose your old wool (sheep's fleece), you should not replace it with fresh clover (new pasture) because the two are unrelated resources.","It warns that neglecting to shear old wool will prevent the growth of new clover, implying a failure to maintain proper agricultural cycles.","<reasoning>A reader unfamiliar with the idiomatic meaning might take the words at face value, interpreting the proverb as a statement about wool and clover—two concrete agricultural products—rather than a metaphor about memory and identity. They could think it offers advice on material choice, livestock management, or farming practices, missing the deeper lesson about forgetting one's past.</reaso",1.0,1.0,2.79,0.85,95.5
a,cot_en,Arabic,MID0770,كثر الدق يفك اللحام ,Constant dripping wears away the stone.,Constant dripping wears away the stone.,False,Constant pounding breaks the solder.,Repeated tapping loosens the glue.,Constant dripping wears away the stone.,Frequent knocking spoils the meat.,C,Frequent knocking spoils the meat.,Repeated tapping loosens the glue.,Constant pounding breaks the solder.,"[""Frequent knocking spoils the meat."", ""Repeated tapping loosens the glue."", ""Constant pounding breaks the solder.""]",1.0,1.0,0.83,0.89,96.7
a,cot_en,Arabic,MID0771,كلن يرى الناس بعين طبعه ,We judge others by our own standards.,We judge others by our own standards.,False,Everyone sees people with the eye of his habit,We judge others by our own standards.,Everyone sees people with the eye of his spring,Everyone sees people with the eye of his stamp,B,Everyone sees people with the eye of his stamp,Everyone sees people with the eye of his spring,Everyone sees people with the eye of his habit,"<reasoning>The literal words are: كلن (everyone), يرى (sees), الناس (people), بعين (with the eye), طبعه (his nature/disposition). A reader unfamiliar with the idiomatic meaning of طبعه might mistakenly treat it as related to words like ""stamp"", ""spring"", or ""habit"" (since طبع can mean to stamp, to imprint, or a natural tendency, and عين can also mean spring). This leads to literal‑sounding but inc",1.0,1.0,1.29,0.2,76.0
a,cot_en,Arabic,MID0772,ما يعرف كوعه من بوعه:,He does not know a B from a bull’s foot.,He does not know a B from a bull’s foot.,False,He does not know his wrist from his ankle,He does not know his elbow from his belly button,He does not know a B from a bull’s foot.,He does not know his knee from his hoof,C,He does not know his elbow from his belly button,He does not know his knee from his hoof,He does not know his wrist from his ankle,"[""He does not know his elbow from his belly button"", ""He does not know his knee from his hoof"", ""He does not know his wrist from his ankle""]",1.0,1.0,0.93,0.44,83.2
a,cot_en,Arabic,MID0773,محمول و يترفس,Beggars can't be choosers.,Beggars can't be choosers.,False,A burden that is carried also becomes spoiled.,A load that is carried also deteriorates over time.,Something being carried also gets kicked or damaged.,Beggars can't be choosers.,D,A burden that is carried also becomes spoiled.,Something being carried also gets kicked or damaged.,A load that is carried also deteriorates over time.,"[""A burden that is carried also becomes spoiled."", ""Something being carried also gets kicked or damaged."", ""A load that is carried also deteriorates over time.""]",1.0,1.0,2.08,0.77,93.1
a,cot_en,Arabic,MID0774,من طمع طبع,Grasp all lose all.,Grasp all lose all.,False,"Whoever is greedy, prints",Grasp all lose all.,"Whoever has greed, his nature",From greed comes nature,B,"Whoever is greedy, prints","Whoever has greed, his nature",From greed comes nature,"<reasoning>A reader unfamiliar with the idiomatic sense might treat each word literally: من as ""whoever/whomever"", طمع as ""greed"" or ""desire"" (or even mistakenly as ""stamp""/""print""), and طبع as ""nature"" or ""to print"". Combining these yields plausible‑sounding but nonsensical literal readings that miss the proverb's figurative meaning about overreaching.</reasoning>
[""Whoever is greedy, prints"",""Wh",1.0,0.3333333333333333,1.08,0.92,77.6
a,cot_en,Arabic,MID0775, البطن ما تجيب اعدوا., Blood is thicker than water., Blood is thicker than water.,False,The gut does not produce foes., Blood is thicker than water.,The stomach does not give birth to adversaries.,The belly does not create enemies.,B,The belly does not create enemies.,The stomach does not give birth to adversaries.,The gut does not produce foes.,"[""The belly does not create enemies."", ""The stomach does not give birth to adversaries."", ""The gut does not produce foes.""]",1.0,1.0,1.33,0.71,91.3
a,cot_en,Arabic,MID0776, إلى تحساب موسى طلع فرعون.,A wolf in sheep's clothing.,A wolf in sheep's clothing.,False,A person named Moses goes to see Pharaoh,Moses expects something but Pharaoh shows up,A wolf in sheep's clothing.,"When you think of Moses, Pharaoh appears",C,"When you think of Moses, Pharaoh appears",A person named Moses goes to see Pharaoh,Moses expects something but Pharaoh shows up,"<reasoning>A reader unfamiliar with the idiom might take the Arabic words at face value, focusing on the proper names Moses and Pharaoh and interpreting the sentence as a literal statement about those figures rather than recognizing the figurative meaning about deception. This could lead to readings that treat the phrase as describing a literal encounter, expectation, or sequence involving Moses a",1.0,1.0,1.47,0.9,97.0
a,cot_en,Arabic,MID0777, على قيس فراشك مد رجليك.,Don’t live beyond your means.,Don’t live beyond your means.,False,You need to use your legs to measure the length of Qais's mattress.,Don’t live beyond your means.,You must physically stretch your legs on a mattress owned by a person named Qais.,You should lie down and extend your legs while sitting on Qais's mattress.,B,You must physically stretch your legs on a mattress owned by a person named Qais.,You should lie down and extend your legs while sitting on Qais's mattress.,You need to use your legs to measure the length of Qais's mattress.,"<reasoning>Readers unfamiliar with the idiomatic meaning might take the Arabic phrase literally, interpreting each word at face value: the name ""Qais"" as a person, ""فراشك"" as your mattress, and ""مد رجليك"" as stretching or extending your legs. This could lead to misunderstandings such as thinking the proverb gives a physical instruction about how to position one's legs on someone else's mattress, o",1.0,1.0,2.73,0.82,94.6
a,cot_en,Arabic,MID0778,احسبني كيف خوك، وعاملني كيف عدوك.,Business is business.,Business is business.,False,"Think of me as your sibling's loaf of bread, and then treat me as you would treat your adversary.","Consider me like your brother's bread, and then deal with me as if I were your opponent.","Count me as your brother's portion, and then act toward me as you would toward a rival.",Business is business.,D,"Think of me as your sibling's loaf of bread, and then treat me as you would treat your adversary.","Consider me like your brother's bread, and then deal with me as if I were your opponent.","Count me as your brother's portion, and then act toward me as you would toward a rival.","[""Think of me as your sibling's loaf of bread, and then treat me as you would treat your adversary."", ""Consider me like your brother's bread, and then deal with me as if I were your opponent."", ""Count me as your brother's portion, and then act toward me as you would toward a rival.""]",1.0,1.0,5.89,0.71,91.3
a,cot_en,Arabic,MID0779,اذكر القط، يجبك ينط,Speak of the devil.,Speak of the devil.,False,"When you mention a cat, you must physically jump.","If you say the word 'cat', a cat will jump onto you.",Speaking about cats causes you to jump.,Speak of the devil.,D,"If you say the word 'cat', a cat will jump onto you.",Speaking about cats causes you to jump.,"When you mention a cat, you must physically jump.","[""If you say the word 'cat', a cat will jump onto you."", ""Speaking about cats causes you to jump."", ""When you mention a cat, you must physically jump.""]",1.0,1.0,2.33,0.89,96.7
a,cot_en,Arabic,MID0780,ارحم من زار وخفّف,A constant guest is never welcome.,A constant guest is never welcome.,False,Be compassionate toward the guest who arrived and made things lighter,Show mercy to the visitor who lightens (the load),A constant guest is never welcome.,Have pity on the one who came and then diminished (something),C,Show mercy to the visitor who lightens (the load),Have pity on the one who came and then diminished (something),Be compassionate toward the guest who arrived and made things lighter,"<reasoning>When encountering the Arabic phrase ارحم من زار وخفّف, a reader unfamiliar with the idiomatic meaning might parse each word literally and combine them in ways that ignore the proverb's figurative sense. Possible missteps include treating ""ارحم"" as a command to show mercy, interpreting ""من زار"" as a reference to a visitor, and reading ""وخفّف"" as an action of lightening or reducing someth",1.0,1.0,1.72,0.87,96.1
a,cot_en,Arabic,MID0781,استعجل، تبطى,Slow and steady wins the race.,Slow and steady wins the race.,False,Hurrying causes you to become slow,"If you hurry, you will end up moving slowly",The advice is to first hurry and then be slow,Slow and steady wins the race.,D,"If you hurry, you will end up moving slowly",The advice is to first hurry and then be slow,Hurrying causes you to become slow,"[""If you hurry, you will end up moving slowly"",""The advice is to first hurry and then be slow"",""Hurrying causes you to become slow""]",1.0,1.0,1.39,0.93,97.9
a,cot_en,Arabic,MID0782,اطعم البطن، تستحي العين.,A bribe works miracles.,A bribe works miracles.,False,"If you eat a lot, your eyes will feel shy or embarrassed",Feeding an animal's stomach makes its eye look away or close,A bribe works miracles.,"When you fill your belly with food, your eyes will water up as if crying",C,"If you eat a lot, your eyes will feel shy or embarrassed",Feeding an animal's stomach makes its eye look away or close,"When you fill your belly with food, your eyes will water up as if crying","<reasoning>A reader unfamiliar with the idiomatic sense might take each word at face value: ""اطعم البطن"" as a command to feed or fill the stomach (i.e., eat), and ""تستحي العين"" as the eye becoming shy, ashamed, or embarrassed. From this literal reading they could imagine various physical or whimsical consequences of eating, such as feeling bashful after a meal, an animal's eye reacting to its stom",1.0,1.0,3.17,0.91,97.3
a,cot_en,Arabic,MID0783,اعط للبرمة تعطيك,You only reap what you sow.,You only reap what you sow.,False,Provide for the well and the well will reward you with water.,Give to the pot and the pot will give you something back.,"If you pour into the barrel, the barrel will fill you in return.",You only reap what you sow.,D,Give to the pot and the pot will give you something back.,"If you pour into the barrel, the barrel will fill you in return.",Provide for the well and the well will reward you with water.,"<reasoning>A reader unfamiliar with the idiomatic meaning might treat each word literally, assuming the proverb is about a physical object called ""البرمة"" (often a pot, barrel, or container) that reciprocates whatever is given to it. They could imagine scenarios where giving something to a container results in the container returning something tangible, like food, drink, or material goods, missing",1.0,1.0,2.06,0.8,94.0
a,cot_en,Arabic,MID0784,اقلب البرمة على فمها، تطلع البنت لامها,Like daughter like mother.,Like daughter like mother.,False,"If you place a pot on its rim, the reflection inside will show a daughter’s face matching her mother’s.",Turning a vessel over its mouth magically makes a female child inherit her mother’s traits.,Flipping a cooking pot upside‑down will cause a girl to look exactly like her mother.,Like daughter like mother.,D,Flipping a cooking pot upside‑down will cause a girl to look exactly like her mother.,"If you place a pot on its rim, the reflection inside will show a daughter’s face matching her mother’s.",Turning a vessel over its mouth magically makes a female child inherit her mother’s traits.,"<reasoning>Readers might take the metaphorical phrase about a pot and a daughter at face value, imagining that the act of physically turning a pot influences a girl's appearance or behavior. They could think the proverb gives a literal instruction about cooking utensils causing familial resemblance, or that flipping a pot reveals a hidden image of a mother-daughter pair, or that the pot's orientat",1.0,1.0,4.08,0.89,96.7
a,cot_en,Arabic,MID0785,الباب اللى إِيجيك منه الريح، سده واستريح ,If you are always dwelling in trouble change the address.,If you are always dwelling in trouble change the address.,False,If you are always dwelling in trouble change the address.,"If a smell is entering through a door, shut the door and then you will be able to rest.","If wind is blowing through a doorway, you should build a dam to stop it and then you can relax.","If a person’s breath is coming out of a door, you should close the door and then you can rest.",A,"If a person’s breath is coming out of a door, you should close the door and then you can rest.","If wind is blowing through a doorway, you should build a dam to stop it and then you can relax.","If a smell is entering through a door, shut the door and then you will be able to rest.","<reasoning>Readers might take the proverb at face value, interpreting each word in its most concrete sense and missing the metaphorical advice about eliminating sources of trouble. They could confuse ""ريح"" (wind) with other meanings like breath or scent, treat "" سده"" as building a dam rather than closing a door, or assume the action leads to a specific type of rest such as sleeping, rather than th",1.0,1.0,1.97,0.68,90.4
a,cot_en,Arabic,MID0786,الزَمّار يموت و صُبْعه يرِفّ,Old habits die hard.,Old habits die hard.,False,The complainer dies but his finger keeps twitching.,The singer dies but his voice continues to flutter like a flag.,The flute player dies but his reed keeps vibrating in the wind.,Old habits die hard.,D,The flute player dies but his reed keeps vibrating in the wind.,The complainer dies but his finger keeps twitching.,The singer dies but his voice continues to flutter like a flag.,"<reasoning>
A reader unfamiliar with the idiomatic meaning might treat each word literally, picturing a specific object or action described by the terms. For example, they could imagine a musician (the zamār) actually dying while his instrument's reed continues to move, or they might interpret “ṣubʿ” as a body part like a finger and “yariff” as a physical fluttering motion, leading to concrete but",1.0,1.0,2.67,0.73,91.9
a,cot_en,Arabic,MID0787,العب مع الغشيم، يغشّمك,Don't wrestle with pigs; you'll get dirty and the pigs enjoy it.,Don't wrestle with pigs; you'll get dirty and the pigs enjoy it.,False,"If you play with a pig, you will get dirty and the pig will enjoy being dirty.",Playing with a stupid person will make you stupid.,Don't wrestle with pigs; you'll get dirty and the pigs enjoy it.,"If you work with a clever person, they will deceive you.",C,"If you work with a clever person, they will deceive you.",Playing with a stupid person will make you stupid.,"If you play with a pig, you will get dirty and the pig will enjoy being dirty.","<reasoning>Readers might misinterpret the verb ""العب"" as ""work"" instead of ""play"", misunderstand ""الغشيم"" as ""clever"" rather than ""fool"", or think the consequence is about becoming dirty or stupid rather than being tricked. These literal but incorrect readings lead to plausible‑sounding yet wrong interpretations.</reasoning>
[""If you work with a clever person, they will deceive you."", ""Playing wit",1.0,1.0,1.03,0.77,93.1
a,cot_en,Arabic,MID0788,الغالي سعره فيه,You get what you pay for.,You get what you pay for.,False,The price of an expensive item is literally hidden inside the item itself.,You get what you pay for.,"Expensive objects possess their price as an internal characteristic, as if the price is embedded within them.","To determine the cost of something costly, you must look inside it to find its price.",B,The price of an expensive item is literally hidden inside the item itself.,"To determine the cost of something costly, you must look inside it to find its price.","Expensive objects possess their price as an internal characteristic, as if the price is embedded within them.","<reasoning>Readers might take the Arabic words literally, interpreting ""الغالي"" as ""the expensive thing"" and ""سعره فيه"" as ""its price is in it,"" leading them to imagine that the price is physically located inside the object rather than understanding the figurative meaning about value and cost.</reasoning>
[""The price of an expensive item is literally hidden inside the item itself."", ""To determine ",1.0,1.0,2.56,0.87,96.1
a,cot_en,Arabic,MID0789,القص مرة والقياس ديمة ,"Measure twice, cut once.","Measure twice, cut once.",False,"One cut, perpetual measuring.",Make a single cut and then measure continuously.,"Measure twice, cut once.","Cut once, measure always.",C,"Cut once, measure always.",Make a single cut and then measure continuously.,"One cut, perpetual measuring.","[""Cut once, measure always."", ""Make a single cut and then measure continuously."", ""One cut, perpetual measuring.""]",1.0,0.3333333333333333,1.33,0.93,77.9
a,cot_en,Arabic,MID0790,الكثرة تغلب الشجاعة,There is safety in numbers.,There is safety in numbers.,False,Plenty of supplies overwhelms a courageous plan,An abundance of water defeats a brave soldier's sword,A large number of people overcomes a brave heart,There is safety in numbers.,D,An abundance of water defeats a brave soldier's sword,A large number of people overcomes a brave heart,Plenty of supplies overwhelms a courageous plan,"[""An abundance of water defeats a brave soldier's sword"",""A large number of people overcomes a brave heart"",""Plenty of supplies overwhelms a courageous plan""]",1.0,1.0,1.67,0.83,94.9
a,cot_en,Arabic,MID0791,اللى يُرقد يُرقد عليه زمانه,The early bird catches the worm.,The early bird catches the worm.,False,The early bird catches the worm.,"He who sleeps finds that his time sleeps over him, preventing him from moving","When you rest, time becomes a burden that rests upon your shoulders","If you lie down, your time will lie on top of you like a blanket",A,"If you lie down, your time will lie on top of you like a blanket","When you rest, time becomes a burden that rests upon your shoulders","He who sleeps finds that his time sleeps over him, preventing him from moving","<reasoning>A reader might take the Arabic words at face value without idiomatic sense, interpreting the verb ""يُـرقد"" as a physical action of lying down or sleeping, and the noun ""زمانه"" (""his time"") as a tangible thing that can physically rest on a person. This leads to literal‑sounding readings that imagine time as an object placed atop or upon someone who is resting, rather than understanding t",1.0,1.0,2.28,0.89,96.7
a,cot_en,Arabic,MID0792,اللي ايده في النار، موش كيف اللي ايده ف المية,Easier said than done.,Easier said than done.,False,"It advises that when testing temperature, you cannot rely on how something feels in water to judge how it will feel in fire, because the sensations are opposites.","It suggests that a person with a burned hand is fundamentally different from someone with a wet hand, implying that past trauma changes a person's nature forever.","It means you should never put your hand in fire because it will burn you, whereas putting your hand in water is safe, so the two actions are not comparable.",Easier said than done.,D,"It means you should never put your hand in fire because it will burn you, whereas putting your hand in water is safe, so the two actions are not comparable.","It suggests that a person with a burned hand is fundamentally different from someone with a wet hand, implying that past trauma changes a person's nature forever.","It advises that when testing temperature, you cannot rely on how something feels in water to judge how it will feel in fire, because the sensations are opposites.","<reasoning>A reader unfamiliar with the idiomatic meaning might take the phrase at face value, imagining it gives concrete advice about placing hands in fire versus water, perhaps thinking it warns about burns versus wetness, compares two physical states, or suggests a safety rule about avoiding certain elements. These literal readings miss the metaphorical point about the difference between speak",1.0,1.0,7.08,0.9,97.0
a,cot_en,Arabic,MID0793,اللي فات مات,Let bygones be bygones.,Let bygones be bygones.,False,The thing that passed is a dead body,What has gone is a deceased person,Let bygones be bygones.,The past is a corpse,C,The thing that passed is a dead body,What has gone is a deceased person,The past is a corpse,"[""The thing that passed is a dead body"",""What has gone is a deceased person"",""The past is a corpse""]",1.0,1.0,1.67,0.78,93.4
a,cot_en,Arabic,MID0794,اللي في القلب، في القلب ياكنيسية,A wolf in sheep's clothing.,A wolf in sheep's clothing.,False,A church situated inside a heart,A sheep's costume kept within a heart,A wolf located inside a human heart,A wolf in sheep's clothing.,D,A wolf located inside a human heart,A sheep's costume kept within a heart,A church situated inside a heart,"<reasoning>
A reader who does not know the idiomatic meaning might take each word at face value: ""اللي"" as ""the wolf"" (misreading ""الذئب""), ""في القلب"" as ""located in the heart"", and ""ياكنيسية"" as either a proper name or the word for ""church"". This could lead to literal interpretations such as a wolf residing inside a heart, a sheep's garment being kept inside a heart, or a church being situated wi",1.0,1.0,1.33,0.73,91.9
a,cot_en,Arabic,MID0795,اللي مايقدر على الحمار يقدر على البردعة,He that cannot beat the ass beats the saddle,He that cannot beat the ass beats the saddle,False,He who cannot catch the bird can catch the cloak,He that cannot beat the ass beats the saddle,He who cannot tolerate wine can tolerate the cold,He who cannot lift the barrel can lift the saddle,B,He who cannot tolerate wine can tolerate the cold,He who cannot catch the bird can catch the cloak,He who cannot lift the barrel can lift the saddle,"<reasoning>
A reader unfamiliar with Arabic might misinterpret the nouns based on similar-sounding words or unrelated meanings. For example, they could confuse ""الحمار"" (the donkey) with ""الخمر"" (wine) or ""الحُمّار"" (a type of bird), and ""البردعة"" (the saddle) with ""البرد"" (the cold) or ""البردة"" (a cloak). These mix‑ups lead to literal‑sounding but incorrect readings that still follow the sentence",1.0,1.0,1.07,0.55,86.5
a,cot_en,Arabic,MID0796,الميّة تكذِِّب الغطاس,The proof's in the pudding.,The proof's in the pudding.,False,The proof's in the pudding.,Water tells falsehoods to the person who dives.,Water is deceitful toward divers.,The diver is lying about the water.,A,Water tells falsehoods to the person who dives.,The diver is lying about the water.,Water is deceitful toward divers.,"[""Water tells falsehoods to the person who dives."", ""The diver is lying about the water."", ""Water is deceitful toward divers.""]",1.0,1.0,1.33,0.91,97.3
a,cot_en,Arabic,MID0797,املا البطن تستحي العين,A bribe works miracles.,A bribe works miracles.,False,"When you eat until full, your eyes feel embarrassed.",A bribe works miracles.,Stuffing your belly makes your eyes avert gaze.,"If you fill your stomach, your eyes become shy.",B,"If you fill your stomach, your eyes become shy.",Stuffing your belly makes your eyes avert gaze.,"When you eat until full, your eyes feel embarrassed.","[""If you fill your stomach, your eyes become shy."", ""Stuffing your belly makes your eyes avert gaze."", ""When you eat until full, your eyes feel embarrassed.""]",1.0,1.0,2.17,0.83,94.9
a,cot_en,Arabic,MID0798,خلط روحك مع النخالة يبربشك الدجاج,"Lie down with dogs, wake up with fleas.","Lie down with dogs, wake up with fleas.",False,"When you combine your inner essence with bran, chickens will follow you everywhere and nip at your ankles.","If you blend your soul with wheat bran, chickens will start pecking at your hair.",Mixing your spirit with bran causes chickens to lay eggs in your pockets.,"Lie down with dogs, wake up with fleas.",D,"If you blend your soul with wheat bran, chickens will start pecking at your hair.",Mixing your spirit with bran causes chickens to lay eggs in your pockets.,"When you combine your inner essence with bran, chickens will follow you everywhere and nip at your ankles.","<reasoning>
A reader might take each word at face value without recognizing the metaphorical sense: ""خلط روحك"" (mixing your spirit) could be seen as a physical act of blending something immaterial with a substance; ""النخالة"" (bran) is a literal food ingredient; ""يرببشك الدجاج"" (the chickens annoy/bother you) could be interpreted as chickens literally pecking, scratching, or causing some physical n",1.0,1.0,1.92,0.82,94.6
a,cot_en,Arabic,MID0799,ماعين تعلا على حاجبها,No one can go above their status in life.,No one can go above their status in life.,False,You cannot lift your eyebrow above your eye.,A person cannot see past their own eyebrow.,No one can go above their status in life.,An eye cannot be positioned higher than its eyebrow.,C,An eye cannot be positioned higher than its eyebrow.,A person cannot see past their own eyebrow.,You cannot lift your eyebrow above your eye.,"<reasoning>A reader unfamiliar with the idiomatic use might take the words at face value, focusing on the body parts mentioned—eye (عين) and eyebrow (حاجب)—and imagine a physical limitation involving their relative positions or movements, leading to literal but incorrect interpretations about what an eye can or cannot do relative to its eyebrow.</reasoning>
[""An eye cannot be positioned higher tha",1.0,1.0,0.93,0.91,97.3
a,cot_en,Arabic,MID0800,نقول له ثور، يقول احلبه,Like talking to a brick wall.,Like talking to a brick wall.,False,Like talking to a brick wall.,"When you call someone a bull, they reply by asking you to milk a cow.","Literally, it means that if you address someone as a bull, they will insist that you milk a bull.","The saying depicts a person insulting another as a bull, and the insulted person demanding that the speaker milk a goat.",A,"When you call someone a bull, they reply by asking you to milk a cow.","The saying depicts a person insulting another as a bull, and the insulted person demanding that the speaker milk a goat.","Literally, it means that if you address someone as a bull, they will insist that you milk a bull.","[""When you call someone a bull, they reply by asking you to milk a cow."", ""The saying depicts a person insulting another as a bull, and the insulted person demanding that the speaker milk a goat."", ""Literally, it means that if you address someone as a bull, they will insist that you milk a bull.""]",1.0,1.0,3.06,0.81,94.3
a,cot_en,Arabic,MID0801,ولد الحنش ثعبان,Blood will tell.,Blood will tell.,False,The snake's child is a worm,Blood will tell.,The snake's baby is a bird,The snake's offspring is a lizard,B,The snake's offspring is a lizard,The snake's child is a worm,The snake's baby is a bird,"[""The snake's offspring is a lizard"",""The snake's child is a worm"",""The snake's baby is a bird""]",1.0,1.0,2.0,0.5,85.0
a,cot_en,Arabic,MID0802,يأكل الغلة، ويسب الملة,Biting the hand that feeds you.,Biting the hand that feeds you.,False,He eats the harvest and then curses the weather.,He consumes the grain and then blames the earth for his misfortune.,He feeds on the crops and then insults the farmers.,Biting the hand that feeds you.,D,He eats the harvest and then curses the weather.,He consumes the grain and then blames the earth for his misfortune.,He feeds on the crops and then insults the farmers.,"<reasoning>
A reader unfamiliar with the idiomatic meaning might take each word at face value, imagining a scenario where someone literally eats agricultural produce and then verbally attacks something related to farming or community—such as the weather, the soil, or the farmers—without recognizing the metaphorical sense of ""biting the hand that feeds you.""
</reasoning>
[""He eats the harvest and t",1.0,1.0,1.72,0.73,91.9
a,cot_en,Arabic,MID0803,يقتل القتيل ويمشى في جنازته,A wolf in sheep's clothing,A wolf in sheep's clothing,False,The slayer participates in the burial rites of the person they have just killed.,Someone literally kills a dead person and then walks in that person's funeral procession.,A wolf in sheep's clothing,"A murderer attends the funeral of the victim they killed, walking among the mourners.",C,Someone literally kills a dead person and then walks in that person's funeral procession.,"A murderer attends the funeral of the victim they killed, walking among the mourners.",The slayer participates in the burial rites of the person they have just killed.,"[""Someone literally kills a dead person and then walks in that person's funeral procession."", ""A murderer attends the funeral of the victim they killed, walking among the mourners."", ""The slayer participates in the burial rites of the person they have just killed.""]",1.0,1.0,2.8,0.9,97.0
